timestamp,flight_id,aircraft_tail_num,flight_phase,altitude_ft,indicated_airspeed_knots,heading_deg,pitch_deg,roll_deg,pfd_voltage_v,mfd_voltage_v,display_alert_flag
2026-09-22 12:00:00,AA-2026,N942DB,TAKEOFF_CLIMB,232.5,141.0,270.1,5.0,-0.46,28.05,28.13,0
2026-09-22 12:00:04,AA-2026,N942DB,TAKEOFF_CLIMB,276.5,142.0,270.2,5.0,-0.2,28.38,28.07,0
2026-09-22 12:00:08,AA-2026,N942DB,TAKEOFF_CLIMB,316.1,142.5,270.1,5.0,0.1,27.72,27.98,0
2026-09-22 12:00:12,AA-2026,N942DB,TAKEOFF_CLIMB,353.1,143.4,270.1,5.0,0.22,28.0,27.99,0
2026-09-22 12:00:16,AA-2026,N942DB,TAKEOFF_CLIMB,381.2,144.2,270.2,5.0,0.17,28.1,28.17,0
2026-09-22 12:00:20,AA-2026,N942DB,TAKEOFF_CLIMB,409.4,145.1,270.3,5.0,-0.61,28.02,28.1,0
2026-09-22 12:00:24,AA-2026,N942DB,TAKEOFF_CLIMB,435.5,146.2,270.5,5.0,-0.14,27.98,28.09,0
2026-09-22 12:00:28,AA-2026,N942DB,TAKEOFF_CLIMB,477.8,147.3,270.3,5.0,-0.29,27.81,28.06,0
2026-09-22 12:00:32,AA-2026,N942DB,TAKEOFF_CLIMB,514.9,148.4,270.3,5.0,-0.09,28.03,28.07,0
2026-09-22 12:00:36,AA-2026,N942DB,TAKEOFF_CLIMB,554.0,149.6,270.2,5.0,-0.03,27.89,28.2,0
2026-09-22 12:00:40,AA-2026,N942DB,TAKEOFF_CLIMB,579.4,150.9,270.2,5.0,0.32,27.67,28.07,0
2026-09-22 12:00:44,AA-2026,N942DB,TAKEOFF_CLIMB,623.8,152.2,270.1,5.0,0.09,28.18,27.97,0
2026-09-22 12:00:48,AA-2026,N942DB,TAKEOFF_CLIMB,665.5,153.6,270.0,5.0,0.43,28.14,28.17,0
2026-09-22 12:00:52,AA-2026,N942DB,TAKEOFF_CLIMB,694.7,154.1,270.0,5.0,-0.21,28.01,28.08,0
2026-09-22 12:00:56,AA-2026,N942DB,TAKEOFF_CLIMB,723.4,154.8,270.0,5.0,-0.43,28.03,28.1,0
2026-09-22 12:01:00,AA-2026,N942DB,TAKEOFF_CLIMB,752.0,155.3,269.9,5.0,0.44,28.16,28.26,0
2026-09-22 12:01:04,AA-2026,N942DB,TAKEOFF_CLIMB,783.1,156.5,270.0,5.0,0.13,28.03,28.1,0
2026-09-22 12:01:08,AA-2026,N942DB,TAKEOFF_CLIMB,818.6,157.9,270.0,5.0,-0.22,28.14,28.13,0
2026-09-22 12:01:12,AA-2026,N942DB,TAKEOFF_CLIMB,852.3,158.6,269.8,5.0,0.13,27.96,27.98,0
2026-09-22 12:01:16,AA-2026,N942DB,TAKEOFF_CLIMB,883.1,160.1,269.9,5.0,0.25,28.2,28.08,0
2026-09-22 12:01:20,AA-2026,N942DB,TAKEOFF_CLIMB,920.3,160.6,269.8,5.0,0.04,28.05,28.16,0
2026-09-22 12:01:24,AA-2026,N942DB,TAKEOFF_CLIMB,948.1,162.0,269.8,5.0,-0.22,28.03,27.94,0
2026-09-22 12:01:28,AA-2026,N942DB,TAKEOFF_CLIMB,979.0,162.9,269.9,5.0,-0.13,27.81,28.12,0
2026-09-22 12:01:32,AA-2026,N942DB,TAKEOFF_CLIMB,1011.3,163.5,269.8,5.0,0.09,28.04,28.11,0
2026-09-22 12:01:36,AA-2026,N942DB,TAKEOFF_CLIMB,1045.4,164.5,269.7,5.0,0.06,27.88,28.1,0
2026-09-22 12:01:40,AA-2026,N942DB,TAKEOFF_CLIMB,1086.1,165.2,269.6,5.0,0.36,27.9,28.2,0
2026-09-22 12:01:44,AA-2026,N942DB,TAKEOFF_CLIMB,1115.1,166.0,269.8,5.0,-0.08,27.88,28.13,0
2026-09-22 12:01:48,AA-2026,N942DB,TAKEOFF_CLIMB,1150.4,166.8,269.8,5.0,-0.29,27.84,28.25,0
2026-09-22 12:01:52,AA-2026,N942DB,TAKEOFF_CLIMB,1187.2,168.1,269.9,5.0,0.77,28.32,28.0,0
2026-09-22 12:01:56,AA-2026,N942DB,TAKEOFF_CLIMB,1213.2,169.2,270.0,5.0,0.05,28.2,28.11,0
2026-09-22 12:02:00,AA-2026,N942DB,TAKEOFF_CLIMB,1250.3,170.0,269.8,5.0,0.25,28.29,28.11,0
2026-09-22 12:02:04,AA-2026,N942DB,TAKEOFF_CLIMB,1278.7,171.1,269.8,5.0,0.16,27.82,27.99,0
2026-09-22 12:02:08,AA-2026,N942DB,TAKEOFF_CLIMB,1305.0,172.3,269.9,5.0,0.06,28.01,28.2,0
2026-09-22 12:02:12,AA-2026,N942DB,TAKEOFF_CLIMB,1349.0,173.1,269.7,5.0,-0.07,27.81,28.33,0
2026-09-22 12:02:16,AA-2026,N942DB,TAKEOFF_CLIMB,1393.3,174.0,269.7,5.0,-0.84,27.9,28.1,0
2026-09-22 12:02:20,AA-2026,N942DB,TAKEOFF_CLIMB,1434.5,174.6,269.6,5.0,-0.32,27.86,28.15,0
2026-09-22 12:02:24,AA-2026,N942DB,TAKEOFF_CLIMB,1465.6,175.3,269.5,5.0,0.1,28.19,28.11,0
2026-09-22 12:02:28,AA-2026,N942DB,TAKEOFF_CLIMB,1492.5,176.5,269.7,5.0,-0.82,27.94,28.03,0
2026-09-22 12:02:32,AA-2026,N942DB,TAKEOFF_CLIMB,1531.2,177.2,269.6,5.0,0.02,28.16,27.92,0
2026-09-22 12:02:36,AA-2026,N942DB,TAKEOFF_CLIMB,1565.0,178.2,269.6,5.0,0.2,28.09,28.03,0
2026-09-22 12:02:40,AA-2026,N942DB,TAKEOFF_CLIMB,1592.5,179.4,269.4,5.0,0.25,28.35,27.96,0
2026-09-22 12:02:44,AA-2026,N942DB,TAKEOFF_CLIMB,1627.4,180.0,269.6,5.0,0.18,27.78,28.27,0
2026-09-22 12:02:48,AA-2026,N942DB,TAKEOFF_CLIMB,1653.0,181.1,269.5,5.0,0.29,28.19,28.09,0
2026-09-22 12:02:52,AA-2026,N942DB,TAKEOFF_CLIMB,1696.2,181.8,269.4,5.0,0.48,28.17,28.07,0
2026-09-22 12:02:56,AA-2026,N942DB,TAKEOFF_CLIMB,1726.4,183.3,269.5,5.0,0.33,27.85,28.19,0
2026-09-22 12:03:00,AA-2026,N942DB,TAKEOFF_CLIMB,1764.7,184.3,269.6,5.0,0.06,28.15,27.99,0
2026-09-22 12:03:04,AA-2026,N942DB,TAKEOFF_CLIMB,1795.9,185.6,269.6,5.0,-0.04,28.05,28.02,0
2026-09-22 12:03:08,AA-2026,N942DB,TAKEOFF_CLIMB,1831.3,186.6,269.5,5.0,0.03,27.97,28.11,0
2026-09-22 12:03:12,AA-2026,N942DB,TAKEOFF_CLIMB,1867.2,187.2,269.5,5.0,-0.08,27.88,28.2,0
2026-09-22 12:03:16,AA-2026,N942DB,TAKEOFF_CLIMB,1895.9,188.3,269.4,5.0,0.34,27.89,28.15,0
2026-09-22 12:03:20,AA-2026,N942DB,TAKEOFF_CLIMB,1940.3,189.8,269.3,5.0,0.17,28.31,28.12,0
2026-09-22 12:03:24,AA-2026,N942DB,TAKEOFF_CLIMB,1980.8,190.9,269.3,5.0,-0.11,28.0,28.11,0
2026-09-22 12:03:28,AA-2026,N942DB,TAKEOFF_CLIMB,2024.6,192.2,269.2,5.0,0.4,28.12,28.14,0
2026-09-22 12:03:32,AA-2026,N942DB,TAKEOFF_CLIMB,2067.5,193.6,269.1,5.0,-0.09,27.88,28.12,0
2026-09-22 12:03:36,AA-2026,N942DB,TAKEOFF_CLIMB,2104.5,194.3,269.1,5.0,-0.28,27.88,28.0,0
2026-09-22 12:03:40,AA-2026,N942DB,TAKEOFF_CLIMB,2147.9,195.0,269.3,5.0,-0.0,28.16,28.1,0
2026-09-22 12:03:44,AA-2026,N942DB,TAKEOFF_CLIMB,2174.7,196.1,269.4,5.0,-0.25,27.8,27.99,0
2026-09-22 12:03:48,AA-2026,N942DB,TAKEOFF_CLIMB,2203.6,197.0,269.2,5.0,0.28,27.94,28.11,0
2026-09-22 12:03:52,AA-2026,N942DB,TAKEOFF_CLIMB,2229.5,198.4,269.0,5.0,-0.25,28.01,28.05,0
2026-09-22 12:03:56,AA-2026,N942DB,TAKEOFF_CLIMB,2261.0,199.8,269.2,5.0,-0.03,28.02,28.35,0
2026-09-22 12:04:00,AA-2026,N942DB,TAKEOFF_CLIMB,2293.8,200.6,269.1,5.0,0.28,27.97,28.1,0
2026-09-22 12:04:04,AA-2026,N942DB,TAKEOFF_CLIMB,2324.2,201.4,269.0,5.0,-0.21,28.06,27.96,0
2026-09-22 12:04:08,AA-2026,N942DB,TAKEOFF_CLIMB,2365.8,202.6,269.0,5.0,0.12,28.1,28.09,0
2026-09-22 12:04:12,AA-2026,N942DB,TAKEOFF_CLIMB,2397.9,203.4,269.1,5.0,-0.29,28.11,28.15,0
2026-09-22 12:04:16,AA-2026,N942DB,TAKEOFF_CLIMB,2428.5,204.7,269.1,5.0,0.07,27.85,28.27,0
2026-09-22 12:04:20,AA-2026,N942DB,TAKEOFF_CLIMB,2464.4,205.7,269.0,5.0,0.17,27.96,28.04,0
2026-09-22 12:04:24,AA-2026,N942DB,TAKEOFF_CLIMB,2492.2,206.8,268.8,5.0,-0.01,28.18,27.94,0
2026-09-22 12:04:28,AA-2026,N942DB,TAKEOFF_CLIMB,2533.2,207.4,269.0,5.0,0.01,28.13,28.18,0
2026-09-22 12:04:32,AA-2026,N942DB,TAKEOFF_CLIMB,2559.7,208.6,268.9,5.0,0.13,27.79,27.96,0
2026-09-22 12:04:36,AA-2026,N942DB,TAKEOFF_CLIMB,2604.5,209.5,269.0,5.0,-0.08,28.05,28.06,0
2026-09-22 12:04:40,AA-2026,N942DB,TAKEOFF_CLIMB,2644.9,210.6,269.1,5.0,0.27,27.7,28.07,0
2026-09-22 12:04:44,AA-2026,N942DB,TAKEOFF_CLIMB,2673.9,211.3,269.1,5.0,0.41,28.01,28.09,0
2026-09-22 12:04:48,AA-2026,N942DB,TAKEOFF_CLIMB,2699.0,212.5,269.0,5.0,-0.28,28.28,28.17,0
2026-09-22 12:04:52,AA-2026,N942DB,TAKEOFF_CLIMB,2740.3,213.9,268.9,5.0,0.53,27.86,28.03,0
2026-09-22 12:04:56,AA-2026,N942DB,TAKEOFF_CLIMB,2779.5,214.6,269.0,5.0,-0.09,27.87,28.07,0
2026-09-22 12:05:00,AA-2026,N942DB,TAKEOFF_CLIMB,2819.0,215.2,269.1,5.0,0.6,28.11,28.1,0
2026-09-22 12:05:04,AA-2026,N942DB,TAKEOFF_CLIMB,2859.5,215.7,269.3,5.0,-0.09,27.77,28.11,0
2026-09-22 12:05:08,AA-2026,N942DB,TAKEOFF_CLIMB,2885.9,216.8,269.2,5.0,0.21,27.91,28.11,0
2026-09-22 12:05:12,AA-2026,N942DB,TAKEOFF_CLIMB,2918.1,217.9,269.0,5.0,0.21,28.09,28.14,0
2026-09-22 12:05:16,AA-2026,N942DB,TAKEOFF_CLIMB,2945.4,219.0,269.2,5.0,-0.12,27.9,28.18,0
2026-09-22 12:05:20,AA-2026,N942DB,TAKEOFF_CLIMB,2987.7,219.7,269.3,5.0,0.02,27.96,28.14,0
2026-09-22 12:05:24,AA-2026,N942DB,TAKEOFF_CLIMB,3025.2,220.6,269.4,5.0,0.43,28.11,28.15,0
2026-09-22 12:05:28,AA-2026,N942DB,TAKEOFF_CLIMB,3056.8,221.7,269.3,5.0,-0.1,28.06,27.94,0
2026-09-22 12:05:32,AA-2026,N942DB,TAKEOFF_CLIMB,3083.0,222.7,269.4,5.0,-0.13,28.04,28.11,0
2026-09-22 12:05:36,AA-2026,N942DB,TAKEOFF_CLIMB,3114.3,224.2,269.4,5.0,-0.35,27.95,28.15,0
2026-09-22 12:05:40,AA-2026,N942DB,TAKEOFF_CLIMB,3145.8,224.8,269.5,5.0,0.47,28.06,28.17,0
2026-09-22 12:05:44,AA-2026,N942DB,TAKEOFF_CLIMB,3185.4,226.0,269.5,5.0,-0.14,27.98,28.03,0
2026-09-22 12:05:48,AA-2026,N942DB,TAKEOFF_CLIMB,3223.1,226.9,269.3,5.0,0.36,28.07,28.03,0
2026-09-22 12:05:52,AA-2026,N942DB,TAKEOFF_CLIMB,3265.9,227.9,269.3,5.0,-0.18,27.93,28.04,0
2026-09-22 12:05:56,AA-2026,N942DB,TAKEOFF_CLIMB,3300.3,229.1,269.2,5.0,0.35,27.97,28.15,0
2026-09-22 12:06:00,AA-2026,N942DB,TAKEOFF_CLIMB,3327.7,230.3,269.2,5.0,0.24,27.85,28.2,0
2026-09-22 12:06:04,AA-2026,N942DB,TAKEOFF_CLIMB,3367.0,231.8,269.4,5.0,-0.07,27.99,28.06,0
2026-09-22 12:06:08,AA-2026,N942DB,TAKEOFF_CLIMB,3407.2,232.4,269.3,5.0,-0.22,27.88,28.19,0
2026-09-22 12:06:12,AA-2026,N942DB,TAKEOFF_CLIMB,3443.4,233.0,269.5,5.0,-0.2,27.83,28.11,0
2026-09-22 12:06:16,AA-2026,N942DB,TAKEOFF_CLIMB,3483.8,234.2,269.3,5.0,-0.2,28.04,28.09,0
2026-09-22 12:06:20,AA-2026,N942DB,TAKEOFF_CLIMB,3518.7,235.3,269.4,5.0,0.32,28.03,28.08,0
2026-09-22 12:06:24,AA-2026,N942DB,TAKEOFF_CLIMB,3554.1,236.1,269.6,5.0,0.05,28.12,28.17,0
2026-09-22 12:06:28,AA-2026,N942DB,TAKEOFF_CLIMB,3587.7,236.6,269.4,5.0,-0.33,27.94,28.13,0
2026-09-22 12:06:32,AA-2026,N942DB,TAKEOFF_CLIMB,3613.2,237.2,269.3,5.0,-0.08,28.06,28.33,0
2026-09-22 12:06:36,AA-2026,N942DB,TAKEOFF_CLIMB,3640.4,238.6,269.2,5.0,-0.04,28.08,28.01,0
2026-09-22 12:06:40,AA-2026,N942DB,TAKEOFF_CLIMB,3666.0,239.3,269.1,5.0,-0.64,28.07,28.15,0
2026-09-22 12:06:44,AA-2026,N942DB,TAKEOFF_CLIMB,3703.7,240.1,269.2,5.0,-0.06,27.88,28.05,0
2026-09-22 12:06:48,AA-2026,N942DB,TAKEOFF_CLIMB,3735.0,240.9,269.3,5.0,0.22,28.02,28.01,0
2026-09-22 12:06:52,AA-2026,N942DB,TAKEOFF_CLIMB,3770.2,241.7,269.3,5.0,-0.04,28.05,28.1,0
2026-09-22 12:06:56,AA-2026,N942DB,TAKEOFF_CLIMB,3813.3,242.3,269.2,5.0,0.08,28.0,28.11,0
2026-09-22 12:07:00,AA-2026,N942DB,TAKEOFF_CLIMB,3843.3,243.3,269.2,5.0,0.15,27.69,28.39,0
2026-09-22 12:07:04,AA-2026,N942DB,TAKEOFF_CLIMB,3876.5,243.9,269.3,5.0,-0.1,28.02,28.08,0
2026-09-22 12:07:08,AA-2026,N942DB,TAKEOFF_CLIMB,3916.6,245.2,269.1,5.0,0.22,28.33,27.99,0
2026-09-22 12:07:12,AA-2026,N942DB,TAKEOFF_CLIMB,3946.2,245.9,269.1,5.0,0.44,27.95,28.13,0
2026-09-22 12:07:16,AA-2026,N942DB,TAKEOFF_CLIMB,3972.7,247.0,269.2,5.0,-0.46,27.89,27.89,0
2026-09-22 12:07:20,AA-2026,N942DB,TAKEOFF_CLIMB,4003.5,248.3,269.2,5.0,-0.1,28.06,28.09,0
2026-09-22 12:07:24,AA-2026,N942DB,TAKEOFF_CLIMB,4031.8,249.5,269.1,5.0,0.7,28.05,28.1,0
2026-09-22 12:07:28,AA-2026,N942DB,TAKEOFF_CLIMB,4075.4,250.0,269.2,5.0,0.05,28.18,28.18,0
2026-09-22 12:07:32,AA-2026,N942DB,TAKEOFF_CLIMB,4116.5,250.0,269.0,5.0,-0.01,27.81,28.2,0
2026-09-22 12:07:36,AA-2026,N942DB,TAKEOFF_CLIMB,4154.2,250.0,268.9,5.0,-0.08,28.11,28.05,0
2026-09-22 12:07:40,AA-2026,N942DB,TAKEOFF_CLIMB,4196.6,250.0,269.1,5.0,0.38,28.09,28.08,0
2026-09-22 12:07:44,AA-2026,N942DB,TAKEOFF_CLIMB,4237.7,250.0,269.2,5.0,-0.28,27.98,28.02,0
2026-09-22 12:07:48,AA-2026,N942DB,TAKEOFF_CLIMB,4266.4,250.0,269.0,5.0,0.28,28.05,27.99,0
2026-09-22 12:07:52,AA-2026,N942DB,TAKEOFF_CLIMB,4309.3,250.0,268.9,5.0,-0.08,28.15,28.13,0
2026-09-22 12:07:56,AA-2026,N942DB,TAKEOFF_CLIMB,4345.1,250.0,268.7,5.0,-0.22,28.13,27.97,0
2026-09-22 12:08:00,AA-2026,N942DB,TAKEOFF_CLIMB,4386.2,250.0,268.7,5.0,-0.07,27.83,28.06,0
2026-09-22 12:08:04,AA-2026,N942DB,TAKEOFF_CLIMB,4429.1,250.0,268.6,5.0,-0.01,28.12,28.0,0
2026-09-22 12:08:08,AA-2026,N942DB,TAKEOFF_CLIMB,4460.5,250.0,268.4,5.0,-0.15,27.99,28.15,0
2026-09-22 12:08:12,AA-2026,N942DB,TAKEOFF_CLIMB,4487.7,250.0,268.4,5.0,0.33,28.01,28.28,0
2026-09-22 12:08:16,AA-2026,N942DB,TAKEOFF_CLIMB,4517.3,250.0,268.5,5.0,-0.22,28.01,27.97,0
2026-09-22 12:08:20,AA-2026,N942DB,TAKEOFF_CLIMB,4550.8,250.0,268.5,5.0,0.04,27.98,27.91,0
2026-09-22 12:08:24,AA-2026,N942DB,TAKEOFF_CLIMB,4592.2,250.0,268.6,5.0,0.16,28.18,28.09,0
2026-09-22 12:08:28,AA-2026,N942DB,TAKEOFF_CLIMB,4634.4,250.0,268.4,5.0,0.04,27.99,28.1,0
2026-09-22 12:08:32,AA-2026,N942DB,TAKEOFF_CLIMB,4659.5,250.0,268.6,5.0,0.23,27.83,28.12,0
2026-09-22 12:08:36,AA-2026,N942DB,TAKEOFF_CLIMB,4694.7,250.0,268.7,5.0,-0.13,27.94,28.06,0
2026-09-22 12:08:40,AA-2026,N942DB,TAKEOFF_CLIMB,4728.1,250.0,268.8,5.0,0.19,28.03,28.08,0
2026-09-22 12:08:44,AA-2026,N942DB,TAKEOFF_CLIMB,4757.5,250.0,269.0,5.0,0.2,28.18,28.14,0
2026-09-22 12:08:48,AA-2026,N942DB,TAKEOFF_CLIMB,4784.9,250.0,269.1,5.0,0.29,28.09,28.2,0
2026-09-22 12:08:52,AA-2026,N942DB,TAKEOFF_CLIMB,4816.7,250.0,269.2,5.0,-0.57,27.87,27.9,0
2026-09-22 12:08:56,AA-2026,N942DB,TAKEOFF_CLIMB,4860.5,250.0,269.0,5.0,0.15,28.37,28.06,0
2026-09-22 12:09:00,AA-2026,N942DB,TAKEOFF_CLIMB,4892.0,250.0,269.1,5.0,0.27,28.04,28.12,0
2026-09-22 12:09:04,AA-2026,N942DB,TAKEOFF_CLIMB,4927.4,250.0,269.2,5.0,-0.12,28.19,28.01,0
2026-09-22 12:09:08,AA-2026,N942DB,TAKEOFF_CLIMB,4966.4,250.0,269.3,5.0,-0.16,27.98,28.27,0
2026-09-22 12:09:12,AA-2026,N942DB,TAKEOFF_CLIMB,4998.7,250.0,269.3,5.0,-0.21,28.08,28.04,0
2026-09-22 12:09:16,AA-2026,N942DB,TAKEOFF_CLIMB,5043.1,250.0,269.1,5.0,-0.31,28.13,28.1,0
2026-09-22 12:09:20,AA-2026,N942DB,TAKEOFF_CLIMB,5087.4,250.0,269.1,5.0,0.2,28.18,28.16,0
2026-09-22 12:09:24,AA-2026,N942DB,TAKEOFF_CLIMB,5117.4,250.0,269.2,5.0,0.68,28.16,28.04,0
2026-09-22 12:09:28,AA-2026,N942DB,TAKEOFF_CLIMB,5152.4,250.0,269.3,5.0,-0.17,28.13,27.92,0
2026-09-22 12:09:32,AA-2026,N942DB,TAKEOFF_CLIMB,5183.4,250.0,269.3,5.0,-0.14,27.95,28.06,0
2026-09-22 12:09:36,AA-2026,N942DB,TAKEOFF_CLIMB,5214.1,250.0,269.2,5.0,0.0,27.91,28.2,0
2026-09-22 12:09:40,AA-2026,N942DB,TAKEOFF_CLIMB,5239.8,250.0,269.1,5.0,-0.48,28.05,28.07,0
2026-09-22 12:09:44,AA-2026,N942DB,TAKEOFF_CLIMB,5277.0,250.0,269.3,5.0,-0.21,28.14,28.02,0
2026-09-22 12:09:48,AA-2026,N942DB,TAKEOFF_CLIMB,5312.1,250.0,269.4,5.0,-0.02,27.97,28.19,0
2026-09-22 12:09:52,AA-2026,N942DB,TAKEOFF_CLIMB,5338.1,250.0,269.5,5.0,-0.27,28.16,28.07,0
2026-09-22 12:09:56,AA-2026,N942DB,TAKEOFF_CLIMB,5368.7,250.0,269.5,5.0,0.36,28.22,28.05,0
2026-09-22 12:10:00,AA-2026,N942DB,TAKEOFF_CLIMB,5411.8,250.0,269.5,5.0,-0.39,27.86,28.11,0
2026-09-22 12:10:04,AA-2026,N942DB,TAKEOFF_CLIMB,5441.6,250.0,269.4,5.0,0.27,27.87,28.18,0
2026-09-22 12:10:08,AA-2026,N942DB,TAKEOFF_CLIMB,5469.5,250.0,269.5,5.0,0.44,27.98,28.34,0
2026-09-22 12:10:12,AA-2026,N942DB,TAKEOFF_CLIMB,5504.3,250.0,269.5,5.0,0.11,28.05,28.18,0
2026-09-22 12:10:16,AA-2026,N942DB,TAKEOFF_CLIMB,5549.0,250.0,269.4,5.0,-0.04,27.92,28.22,0
2026-09-22 12:10:20,AA-2026,N942DB,TAKEOFF_CLIMB,5578.9,250.0,269.5,5.0,0.07,28.2,28.05,0
2026-09-22 12:10:24,AA-2026,N942DB,TAKEOFF_CLIMB,5617.3,250.0,269.7,5.0,-0.13,28.06,28.0,0
2026-09-22 12:10:28,AA-2026,N942DB,TAKEOFF_CLIMB,5657.5,250.0,269.5,5.0,-0.61,28.01,28.11,0
2026-09-22 12:10:32,AA-2026,N942DB,TAKEOFF_CLIMB,5687.3,250.0,269.6,5.0,-0.29,27.78,28.11,0
2026-09-22 12:10:36,AA-2026,N942DB,TAKEOFF_CLIMB,5726.9,250.0,269.5,5.0,-0.0,27.8,27.99,0
2026-09-22 12:10:40,AA-2026,N942DB,TAKEOFF_CLIMB,5759.2,250.0,269.5,5.0,-0.28,28.04,28.08,0
2026-09-22 12:10:44,AA-2026,N942DB,TAKEOFF_CLIMB,5796.9,250.0,269.3,5.0,-0.12,27.68,28.14,0
2026-09-22 12:10:48,AA-2026,N942DB,TAKEOFF_CLIMB,5834.5,250.0,269.2,5.0,0.14,28.15,28.14,0
2026-09-22 12:10:52,AA-2026,N942DB,TAKEOFF_CLIMB,5870.2,250.0,269.2,5.0,0.04,27.98,28.15,0
2026-09-22 12:10:56,AA-2026,N942DB,TAKEOFF_CLIMB,5897.0,250.0,269.1,5.0,0.32,28.49,28.13,0
2026-09-22 12:11:00,AA-2026,N942DB,TAKEOFF_CLIMB,5938.8,250.0,269.1,5.0,0.09,28.35,28.05,0
2026-09-22 12:11:04,AA-2026,N942DB,TAKEOFF_CLIMB,5970.2,250.0,269.2,5.0,0.11,27.97,28.05,0
2026-09-22 12:11:08,AA-2026,N942DB,TAKEOFF_CLIMB,5998.9,250.0,269.1,5.0,-0.21,27.98,27.98,0
2026-09-22 12:11:12,AA-2026,N942DB,TAKEOFF_CLIMB,6024.7,250.0,269.2,5.0,-0.4,28.15,28.28,0
2026-09-22 12:11:16,AA-2026,N942DB,TAKEOFF_CLIMB,6061.5,250.0,269.1,5.0,-0.12,28.26,28.1,0
2026-09-22 12:11:20,AA-2026,N942DB,TAKEOFF_CLIMB,6100.1,250.0,269.2,5.0,-0.22,27.75,28.08,0
2026-09-22 12:11:24,AA-2026,N942DB,TAKEOFF_CLIMB,6125.4,250.0,269.1,5.0,-0.05,27.73,28.01,0
2026-09-22 12:11:28,AA-2026,N942DB,TAKEOFF_CLIMB,6160.7,250.0,269.0,5.0,-0.32,27.91,28.39,0
2026-09-22 12:11:32,AA-2026,N942DB,TAKEOFF_CLIMB,6190.2,250.0,268.8,5.0,0.25,28.09,27.99,0
2026-09-22 12:11:36,AA-2026,N942DB,TAKEOFF_CLIMB,6228.1,250.0,268.7,5.0,-0.22,28.07,28.06,0
2026-09-22 12:11:40,AA-2026,N942DB,TAKEOFF_CLIMB,6256.6,250.0,268.5,5.0,-0.11,28.16,28.14,0
2026-09-22 12:11:44,AA-2026,N942DB,TAKEOFF_CLIMB,6295.4,250.0,268.6,5.0,-0.01,27.82,28.16,0
2026-09-22 12:11:48,AA-2026,N942DB,TAKEOFF_CLIMB,6328.1,250.0,268.8,5.0,0.34,27.65,28.2,0
2026-09-22 12:11:52,AA-2026,N942DB,TAKEOFF_CLIMB,6371.9,250.0,268.9,5.0,0.53,28.13,28.28,0
2026-09-22 12:11:56,AA-2026,N942DB,TAKEOFF_CLIMB,6399.6,250.0,269.0,5.0,0.55,27.88,28.15,0
2026-09-22 12:12:00,AA-2026,N942DB,TAKEOFF_CLIMB,6431.4,250.0,268.8,5.0,-0.38,27.7,27.99,0
2026-09-22 12:12:04,AA-2026,N942DB,TAKEOFF_CLIMB,6458.7,250.0,268.7,5.0,-0.11,28.02,28.07,0
2026-09-22 12:12:08,AA-2026,N942DB,TAKEOFF_CLIMB,6502.2,250.0,268.6,5.0,-0.17,28.12,28.13,0
2026-09-22 12:12:12,AA-2026,N942DB,TAKEOFF_CLIMB,6544.7,250.0,268.5,5.0,0.11,27.98,28.31,0
2026-09-22 12:12:16,AA-2026,N942DB,TAKEOFF_CLIMB,6574.9,250.0,268.6,5.0,0.09,27.93,27.96,0
2026-09-22 12:12:20,AA-2026,N942DB,TAKEOFF_CLIMB,6613.1,250.0,268.6,5.0,-0.17,27.98,28.22,0
2026-09-22 12:12:24,AA-2026,N942DB,TAKEOFF_CLIMB,6654.4,250.0,268.5,5.0,-0.2,27.94,28.12,1
2026-09-22 12:12:28,AA-2026,N942DB,TAKEOFF_CLIMB,6690.6,250.0,268.5,5.0,-0.3,27.8,28.18,0
2026-09-22 12:12:32,AA-2026,N942DB,TAKEOFF_CLIMB,6726.1,250.0,268.6,5.0,-0.8,27.89,28.09,0
2026-09-22 12:12:36,AA-2026,N942DB,TAKEOFF_CLIMB,6756.0,250.0,268.7,5.0,-0.39,28.08,28.02,0
2026-09-22 12:12:40,AA-2026,N942DB,TAKEOFF_CLIMB,6782.8,250.0,268.6,5.0,0.26,28.05,28.18,0
2026-09-22 12:12:44,AA-2026,N942DB,TAKEOFF_CLIMB,6825.8,250.0,268.8,5.0,0.44,28.03,28.17,0
2026-09-22 12:12:48,AA-2026,N942DB,TAKEOFF_CLIMB,6868.8,250.0,269.0,5.0,0.4,27.85,28.2,0
2026-09-22 12:12:52,AA-2026,N942DB,TAKEOFF_CLIMB,6906.5,250.0,268.9,5.0,0.27,27.97,28.1,0
2026-09-22 12:12:56,AA-2026,N942DB,TAKEOFF_CLIMB,6938.2,250.0,268.8,5.0,-0.3,27.67,28.04,0
2026-09-22 12:13:00,AA-2026,N942DB,TAKEOFF_CLIMB,6970.2,250.0,268.8,5.0,-0.35,28.03,27.94,0
2026-09-22 12:13:04,AA-2026,N942DB,TAKEOFF_CLIMB,7009.7,250.0,269.0,5.0,-0.54,28.21,28.18,0
2026-09-22 12:13:08,AA-2026,N942DB,TAKEOFF_CLIMB,7052.7,250.0,269.2,5.0,-0.17,27.78,28.14,0
2026-09-22 12:13:12,AA-2026,N942DB,TAKEOFF_CLIMB,7095.4,250.0,269.0,5.0,0.03,27.91,28.0,0
2026-09-22 12:13:16,AA-2026,N942DB,TAKEOFF_CLIMB,7136.0,250.0,269.0,5.0,-0.3,28.05,28.05,0
2026-09-22 12:13:20,AA-2026,N942DB,CRUISE,34000.0,250.0,269.0,0.39,0.13,28.19,28.05,0
2026-09-22 12:13:24,AA-2026,N942DB,CRUISE,34000.0,254.2,269.0,0.64,0.2,27.93,27.95,0
2026-09-22 12:13:28,AA-2026,N942DB,CRUISE,34000.0,258.4,268.9,0.66,-0.14,27.9,28.02,0
2026-09-22 12:13:32,AA-2026,N942DB,CRUISE,34008.0,262.6,269.0,0.83,-0.4,27.7,27.99,0
2026-09-22 12:13:36,AA-2026,N942DB,CRUISE,34010.1,266.8,269.1,0.07,0.41,28.02,28.06,0
2026-09-22 12:13:40,AA-2026,N942DB,CRUISE,34000.3,271.0,269.2,0.37,0.01,28.31,28.03,0
2026-09-22 12:13:44,AA-2026,N942DB,CRUISE,34000.0,275.2,269.4,0.76,0.58,28.04,27.94,0
2026-09-22 12:13:48,AA-2026,N942DB,CRUISE,34003.3,279.4,269.5,0.22,0.03,28.0,28.3,0
2026-09-22 12:13:52,AA-2026,N942DB,CRUISE,34000.0,283.6,269.4,0.66,0.05,28.05,28.23,0
2026-09-22 12:13:56,AA-2026,N942DB,CRUISE,34000.0,287.8,269.5,0.73,-0.29,28.0,28.02,0
2026-09-22 12:14:00,AA-2026,N942DB,CRUISE,34001.0,292.0,269.3,0.49,-0.13,27.88,28.13,0
2026-09-22 12:14:04,AA-2026,N942DB,CRUISE,34004.8,296.2,269.4,0.22,-0.47,28.12,28.14,0
2026-09-22 12:14:08,AA-2026,N942DB,CRUISE,34007.9,300.4,269.3,0.48,-0.4,28.03,28.22,0
2026-09-22 12:14:12,AA-2026,N942DB,CRUISE,34002.3,304.6,269.4,0.79,0.22,28.0,28.02,0
2026-09-22 12:14:16,AA-2026,N942DB,CRUISE,34006.6,308.8,269.3,0.81,-0.08,27.85,28.21,0
2026-09-22 12:14:20,AA-2026,N942DB,CRUISE,34001.3,313.0,269.1,0.54,-0.13,28.2,28.05,0
2026-09-22 12:14:24,AA-2026,N942DB,CRUISE,34000.0,317.2,269.0,0.3,-0.22,28.1,27.97,0
2026-09-22 12:14:28,AA-2026,N942DB,CRUISE,34004.9,321.4,268.8,0.85,-0.12,27.92,28.17,0
2026-09-22 12:14:32,AA-2026,N942DB,CRUISE,34007.9,325.6,268.9,0.66,0.34,28.15,28.23,0
2026-09-22 12:14:36,AA-2026,N942DB,CRUISE,34014.9,329.8,269.0,0.32,0.04,27.93,28.36,0
2026-09-22 12:14:40,AA-2026,N942DB,CRUISE,34018.1,334.0,269.0,0.57,-0.35,27.88,27.98,0
2026-09-22 12:14:44,AA-2026,N942DB,CRUISE,34019.4,338.2,268.8,0.56,0.31,27.89,28.17,0
2026-09-22 12:14:48,AA-2026,N942DB,CRUISE,34011.3,342.4,268.7,0.37,0.52,27.73,28.06,0
2026-09-22 12:14:52,AA-2026,N942DB,CRUISE,34008.7,346.6,268.5,0.57,0.15,28.07,28.18,0
2026-09-22 12:14:56,AA-2026,N942DB,CRUISE,34004.0,350.8,268.3,0.72,0.27,27.73,27.95,0
2026-09-22 12:15:00,AA-2026,N942DB,CRUISE,34000.0,355.0,268.5,0.44,0.37,27.82,27.97,0
2026-09-22 12:15:04,AA-2026,N942DB,CRUISE,34009.5,359.2,268.4,0.74,-0.5,27.69,28.02,0
2026-09-22 12:15:08,AA-2026,N942DB,CRUISE,34007.3,363.4,268.3,0.15,0.56,27.99,28.11,0
2026-09-22 12:15:12,AA-2026,N942DB,CRUISE,34015.2,367.6,268.2,0.94,0.33,27.98,28.04,0
2026-09-22 12:15:16,AA-2026,N942DB,CRUISE,34017.8,371.8,268.1,0.51,0.15,27.95,28.17,0
2026-09-22 12:15:20,AA-2026,N942DB,CRUISE,34023.7,376.0,268.1,0.71,-0.04,27.84,28.2,0
2026-09-22 12:15:24,AA-2026,N942DB,CRUISE,34023.7,380.2,268.1,0.54,-0.4,27.82,28.16,0
2026-09-22 12:15:28,AA-2026,N942DB,CRUISE,34025.3,384.4,268.0,0.34,-0.1,28.07,28.26,0
2026-09-22 12:15:32,AA-2026,N942DB,CRUISE,34025.1,388.6,267.8,0.49,0.13,27.92,28.14,0
2026-09-22 12:15:36,AA-2026,N942DB,CRUISE,34019.0,392.8,267.8,0.12,-0.33,28.05,27.98,0
2026-09-22 12:15:40,AA-2026,N942DB,CRUISE,34023.5,397.0,267.7,0.64,-0.02,27.87,28.24,0
2026-09-22 12:15:44,AA-2026,N942DB,CRUISE,34019.1,401.2,267.6,0.54,-0.36,28.03,28.04,0
2026-09-22 12:15:48,AA-2026,N942DB,CRUISE,34009.6,405.4,267.7,0.46,-0.12,28.2,28.19,0
2026-09-22 12:15:52,AA-2026,N942DB,CRUISE,34012.5,409.6,267.8,0.65,-0.41,28.09,28.26,0
2026-09-22 12:15:56,AA-2026,N942DB,CRUISE,34006.0,413.8,267.8,0.51,-0.44,27.94,28.15,0
2026-09-22 12:16:00,AA-2026,N942DB,CRUISE,34014.8,418.0,267.8,0.62,0.1,28.04,27.95,0
2026-09-22 12:16:04,AA-2026,N942DB,CRUISE,34023.9,422.2,267.8,0.69,-0.17,27.96,28.01,0
2026-09-22 12:16:08,AA-2026,N942DB,CRUISE,34032.2,426.4,267.8,0.39,-0.15,28.0,28.23,0
2026-09-22 12:16:12,AA-2026,N942DB,CRUISE,34029.6,430.6,267.8,0.33,-0.19,27.95,28.08,0
2026-09-22 12:16:16,AA-2026,N942DB,CRUISE,34019.9,434.8,267.9,0.16,0.82,27.98,28.11,0
2026-09-22 12:16:20,AA-2026,N942DB,CRUISE,34028.5,439.0,267.8,0.52,0.18,28.03,28.18,0
2026-09-22 12:16:24,AA-2026,N942DB,CRUISE,34027.1,443.2,267.8,0.59,0.21,27.85,28.17,0
2026-09-22 12:16:28,AA-2026,N942DB,CRUISE,34036.4,447.4,267.8,0.24,-0.23,27.85,28.13,0
2026-09-22 12:16:32,AA-2026,N942DB,CRUISE,34045.7,451.6,267.9,0.78,0.15,27.79,28.08,0
2026-09-22 12:16:36,AA-2026,N942DB,CRUISE,34052.7,455.8,268.0,0.34,-0.07,27.76,28.07,0
2026-09-22 12:16:40,AA-2026,N942DB,CRUISE,34048.6,455.8,268.0,0.08,-0.24,27.82,28.19,0
2026-09-22 12:16:44,AA-2026,N942DB,CRUISE,34046.3,455.6,267.8,0.8,0.58,28.02,28.16,0
2026-09-22 12:16:48,AA-2026,N942DB,CRUISE,34053.3,455.1,267.9,0.11,0.17,27.87,28.07,0
2026-09-22 12:16:52,AA-2026,N942DB,CRUISE,34049.7,454.8,267.7,0.69,0.16,28.08,28.21,0
2026-09-22 12:16:56,AA-2026,N942DB,CRUISE,34043.1,455.3,267.6,0.64,-0.29,28.01,28.09,0
2026-09-22 12:17:00,AA-2026,N942DB,CRUISE,34044.2,455.6,267.5,0.56,-0.38,27.7,28.01,0
2026-09-22 12:17:04,AA-2026,N942DB,CRUISE,34052.9,456.0,267.6,0.4,-0.02,28.1,28.02,0
2026-09-22 12:17:08,AA-2026,N942DB,CRUISE,34056.8,456.0,267.5,0.6,-0.17,28.12,28.0,0
2026-09-22 12:17:12,AA-2026,N942DB,CRUISE,34058.2,455.6,267.4,0.71,0.18,27.85,28.07,0
2026-09-22 12:17:16,AA-2026,N942DB,CRUISE,34050.2,455.7,267.6,0.3,0.2,28.06,28.22,0
2026-09-22 12:17:20,AA-2026,N942DB,CRUISE,34052.5,455.6,267.5,0.7,0.02,27.87,28.02,0
2026-09-22 12:17:24,AA-2026,N942DB,CRUISE,34062.3,456.0,267.5,0.69,0.25,28.01,28.12,0
2026-09-22 12:17:28,AA-2026,N942DB,CRUISE,34055.1,455.6,267.4,0.56,0.06,27.81,28.03,0
2026-09-22 12:17:32,AA-2026,N942DB,CRUISE,34055.5,455.6,267.2,0.39,-0.26,27.73,28.07,0
2026-09-22 12:17:36,AA-2026,N942DB,CRUISE,34063.0,455.2,267.4,0.69,-0.06,27.94,27.95,0
2026-09-22 12:17:40,AA-2026,N942DB,CRUISE,34067.8,455.0,267.2,0.6,0.04,27.98,28.08,0
2026-09-22 12:17:44,AA-2026,N942DB,CRUISE,34071.8,455.3,267.2,0.3,0.28,27.94,28.08,0
2026-09-22 12:17:48,AA-2026,N942DB,CRUISE,34075.8,455.3,267.2,0.43,0.07,27.82,28.15,0
2026-09-22 12:17:52,AA-2026,N942DB,CRUISE,34073.0,455.1,267.2,0.66,-0.17,27.94,28.12,0
2026-09-22 12:17:56,AA-2026,N942DB,CRUISE,34068.9,455.0,267.3,0.52,0.29,28.04,27.98,0
2026-09-22 12:18:00,AA-2026,N942DB,CRUISE,34075.1,455.0,267.2,0.72,0.11,27.99,28.21,0
2026-09-22 12:18:04,AA-2026,N942DB,CRUISE,34081.3,455.3,267.0,0.43,0.46,28.03,28.12,0
2026-09-22 12:18:08,AA-2026,N942DB,CRUISE,34088.6,455.7,267.1,0.3,0.03,27.9,28.12,0
2026-09-22 12:18:12,AA-2026,N942DB,CRUISE,34096.9,456.1,267.1,0.94,-0.31,28.18,28.1,0
2026-09-22 12:18:16,AA-2026,N942DB,CRUISE,34097.1,456.4,267.3,0.16,0.35,27.82,28.05,0
2026-09-22 12:18:20,AA-2026,N942DB,CRUISE,34097.1,456.2,267.4,0.4,-0.17,28.07,28.12,0
2026-09-22 12:18:24,AA-2026,N942DB,CRUISE,34103.1,456.4,267.5,0.56,0.09,28.18,28.15,0
2026-09-22 12:18:28,AA-2026,N942DB,CRUISE,34106.1,456.3,267.5,0.7,0.06,28.07,27.93,0
2026-09-22 12:18:32,AA-2026,N942DB,CRUISE,34110.1,456.1,267.5,0.63,0.01,27.97,28.05,0
2026-09-22 12:18:36,AA-2026,N942DB,CRUISE,34116.0,456.4,267.6,0.96,-0.05,27.92,28.07,0
2026-09-22 12:18:40,AA-2026,N942DB,CRUISE,34123.8,456.0,267.6,0.48,-0.5,28.16,28.13,0
2026-09-22 12:18:44,AA-2026,N942DB,CRUISE,34120.6,456.4,267.4,0.33,-0.3,27.79,28.22,0
2026-09-22 12:18:48,AA-2026,N942DB,CRUISE,34118.1,456.3,267.6,0.46,0.34,27.85,28.02,0
2026-09-22 12:18:52,AA-2026,N942DB,CRUISE,34110.0,456.5,267.7,0.44,0.13,27.94,28.05,0
2026-09-22 12:18:56,AA-2026,N942DB,CRUISE,34111.6,456.6,267.7,0.49,0.57,28.19,28.05,0
2026-09-22 12:19:00,AA-2026,N942DB,CRUISE,34102.3,457.0,267.5,0.3,-0.31,28.06,28.02,0
2026-09-22 12:19:04,AA-2026,N942DB,CRUISE,34101.6,457.2,267.5,0.66,-0.01,27.85,28.07,0
2026-09-22 12:19:08,AA-2026,N942DB,CRUISE,34102.4,457.3,267.6,0.57,0.35,27.95,28.18,0
2026-09-22 12:19:12,AA-2026,N942DB,CRUISE,34098.2,456.9,267.8,0.25,-0.17,27.91,27.99,0
2026-09-22 12:19:16,AA-2026,N942DB,CRUISE,34100.0,456.9,267.7,0.69,-0.15,27.89,28.14,0
2026-09-22 12:19:20,AA-2026,N942DB,CRUISE,34090.6,456.5,267.5,0.34,-0.09,28.15,27.93,0
2026-09-22 12:19:24,AA-2026,N942DB,CRUISE,34081.4,456.8,267.6,0.26,-0.13,27.79,28.04,0
2026-09-22 12:19:28,AA-2026,N942DB,CRUISE,34087.8,456.8,267.6,0.52,0.16,28.24,28.07,0
2026-09-22 12:19:32,AA-2026,N942DB,CRUISE,34085.0,457.0,267.6,0.15,-0.53,28.12,28.27,0
2026-09-22 12:19:36,AA-2026,N942DB,CRUISE,34077.5,456.5,267.8,0.62,0.49,28.16,28.07,0
2026-09-22 12:19:40,AA-2026,N942DB,CRUISE,34078.0,456.1,267.6,-0.07,-0.29,27.93,27.88,0
2026-09-22 12:19:44,AA-2026,N942DB,CRUISE,34083.4,456.3,267.7,0.29,-0.64,27.98,27.9,0
2026-09-22 12:19:48,AA-2026,N942DB,CRUISE,34077.7,455.9,267.5,0.82,-0.0,27.79,28.1,0
2026-09-22 12:19:52,AA-2026,N942DB,CRUISE,34080.2,455.4,267.5,0.36,-0.11,27.92,28.16,0
2026-09-22 12:19:56,AA-2026,N942DB,CRUISE,34071.9,455.0,267.6,0.4,-0.05,28.07,28.14,0
2026-09-22 12:20:00,AA-2026,N942DB,CRUISE,34062.9,455.4,267.6,0.75,0.09,28.19,28.12,0
2026-09-22 12:20:04,AA-2026,N942DB,CRUISE,34063.5,455.6,267.8,0.34,0.19,27.83,28.22,0
2026-09-22 12:20:08,AA-2026,N942DB,CRUISE,34064.3,455.5,267.8,0.65,0.51,27.95,28.05,0
2026-09-22 12:20:12,AA-2026,N942DB,CRUISE,34067.1,455.3,267.7,0.73,-0.21,27.98,28.19,0
2026-09-22 12:20:16,AA-2026,N942DB,CRUISE,34071.6,455.1,267.6,0.6,0.23,27.79,27.94,0
2026-09-22 12:20:20,AA-2026,N942DB,CRUISE,34081.1,455.4,267.5,0.21,0.21,28.09,28.01,0
2026-09-22 12:20:24,AA-2026,N942DB,CRUISE,34081.5,455.6,267.5,0.38,-0.79,27.89,27.92,0
2026-09-22 12:20:28,AA-2026,N942DB,CRUISE,34077.9,455.3,267.3,1.04,-0.25,27.97,28.07,0
2026-09-22 12:20:32,AA-2026,N942DB,CRUISE,34083.8,454.9,267.3,0.4,-0.39,27.93,28.1,0
2026-09-22 12:20:36,AA-2026,N942DB,CRUISE,34079.2,454.5,267.3,1.1,0.13,27.88,28.11,0
2026-09-22 12:20:40,AA-2026,N942DB,CRUISE,34078.0,454.7,267.3,0.84,0.1,28.0,28.11,0
2026-09-22 12:20:44,AA-2026,N942DB,CRUISE,34069.6,455.0,267.4,0.6,0.11,27.97,28.01,0
2026-09-22 12:20:48,AA-2026,N942DB,CRUISE,34060.1,454.7,267.5,0.56,-0.09,27.94,28.08,0
2026-09-22 12:20:52,AA-2026,N942DB,CRUISE,34069.4,454.3,267.3,0.41,-0.06,27.89,27.95,0
2026-09-22 12:20:56,AA-2026,N942DB,CRUISE,34076.1,453.8,267.2,0.48,-0.01,28.05,28.24,0
2026-09-22 12:21:00,AA-2026,N942DB,CRUISE,34080.0,454.3,267.2,0.36,-0.12,28.25,28.07,0
2026-09-22 12:21:04,AA-2026,N942DB,CRUISE,34078.2,454.1,267.2,0.49,0.23,28.02,28.05,0
2026-09-22 12:21:08,AA-2026,N942DB,CRUISE,34071.6,454.4,267.0,0.23,-0.32,28.15,28.26,0
2026-09-22 12:21:12,AA-2026,N942DB,CRUISE,34064.8,454.5,267.2,0.22,-0.23,27.79,27.98,0
2026-09-22 12:21:16,AA-2026,N942DB,CRUISE,34059.8,454.4,267.3,0.76,0.04,28.02,27.99,0
2026-09-22 12:21:20,AA-2026,N942DB,CRUISE,34060.8,454.1,267.3,0.18,-0.11,27.84,27.99,0
2026-09-22 12:21:24,AA-2026,N942DB,CRUISE,34065.0,453.7,267.1,0.68,-0.33,27.78,28.09,0
2026-09-22 12:21:28,AA-2026,N942DB,CRUISE,34068.2,453.8,267.2,0.12,0.16,27.89,28.14,0
2026-09-22 12:21:32,AA-2026,N942DB,CRUISE,34063.8,454.1,267.3,0.63,-0.17,28.18,28.17,0
2026-09-22 12:21:36,AA-2026,N942DB,CRUISE,34072.9,454.2,267.4,0.46,-0.25,28.14,28.36,0
2026-09-22 12:21:40,AA-2026,N942DB,CRUISE,34077.7,454.3,267.5,0.76,-0.05,28.04,27.88,0
2026-09-22 12:21:44,AA-2026,N942DB,CRUISE,34078.8,453.8,267.6,0.43,-0.27,27.77,28.16,0
2026-09-22 12:21:48,AA-2026,N942DB,CRUISE,34081.0,454.3,267.6,0.1,-0.01,27.97,28.04,0
2026-09-22 12:21:52,AA-2026,N942DB,CRUISE,34079.4,454.6,267.5,0.46,-0.11,28.05,28.04,0
2026-09-22 12:21:56,AA-2026,N942DB,CRUISE,34074.4,454.4,267.5,0.53,-0.15,28.03,28.04,0
2026-09-22 12:22:00,AA-2026,N942DB,CRUISE,34071.5,454.8,267.6,0.47,-0.15,27.72,28.01,0
2026-09-22 12:22:04,AA-2026,N942DB,CRUISE,34076.6,454.9,267.7,0.62,0.3,27.87,28.27,0
2026-09-22 12:22:08,AA-2026,N942DB,CRUISE,34066.9,455.0,267.5,0.39,0.11,27.99,28.18,0
2026-09-22 12:22:12,AA-2026,N942DB,CRUISE,34059.3,455.3,267.4,0.25,-0.51,28.08,28.1,0
2026-09-22 12:22:16,AA-2026,N942DB,CRUISE,34050.2,455.6,267.6,0.3,0.26,27.67,28.24,0
2026-09-22 12:22:20,AA-2026,N942DB,CRUISE,34041.0,455.7,267.7,0.4,0.15,27.98,27.95,0
2026-09-22 12:22:24,AA-2026,N942DB,CRUISE,34048.1,455.4,267.8,0.4,0.14,28.02,27.97,0
2026-09-22 12:22:28,AA-2026,N942DB,CRUISE,34052.2,455.2,267.9,0.98,0.27,28.13,27.88,0
2026-09-22 12:22:32,AA-2026,N942DB,CRUISE,34051.7,455.6,268.0,0.75,0.0,28.1,28.03,0
2026-09-22 12:22:36,AA-2026,N942DB,CRUISE,34043.6,455.4,268.0,0.64,0.19,28.09,28.12,0
2026-09-22 12:22:40,AA-2026,N942DB,CRUISE,34043.4,455.2,268.2,0.59,-0.14,27.88,28.11,0
2026-09-22 12:22:44,AA-2026,N942DB,CRUISE,34042.9,455.2,268.2,0.56,0.25,27.71,28.11,0
2026-09-22 12:22:48,AA-2026,N942DB,CRUISE,34036.4,455.1,268.3,0.56,0.07,27.94,27.96,0
2026-09-22 12:22:52,AA-2026,N942DB,CRUISE,34035.1,455.2,268.1,0.53,-0.41,28.15,28.18,0
2026-09-22 12:22:56,AA-2026,N942DB,CRUISE,34033.0,455.7,268.1,0.51,0.31,28.21,28.12,0
2026-09-22 12:23:00,AA-2026,N942DB,CRUISE,34035.3,455.4,268.2,0.08,-0.04,28.11,28.17,0
2026-09-22 12:23:04,AA-2026,N942DB,CRUISE,34038.0,455.0,268.1,0.43,-0.08,28.06,27.91,0
2026-09-22 12:23:08,AA-2026,N942DB,CRUISE,34029.0,454.7,268.0,0.45,-0.13,28.06,28.13,0
2026-09-22 12:23:12,AA-2026,N942DB,CRUISE,34026.4,455.1,267.9,0.35,-0.11,27.92,27.98,0
2026-09-22 12:23:16,AA-2026,N942DB,CRUISE,34029.0,455.3,267.8,0.39,0.07,27.98,28.06,0
2026-09-22 12:23:20,AA-2026,N942DB,CRUISE,34029.0,455.0,267.7,0.56,-0.3,28.25,28.15,0
2026-09-22 12:23:24,AA-2026,N942DB,CRUISE,34036.2,455.4,267.7,0.65,-0.47,27.86,28.11,0
2026-09-22 12:23:28,AA-2026,N942DB,CRUISE,34039.3,455.7,267.8,0.56,-0.32,28.24,28.01,0
2026-09-22 12:23:32,AA-2026,N942DB,CRUISE,34032.6,456.1,267.8,0.65,0.11,27.95,28.1,0
2026-09-22 12:23:36,AA-2026,N942DB,CRUISE,34024.0,456.5,267.7,0.65,-0.05,28.2,27.95,0
2026-09-22 12:23:40,AA-2026,N942DB,CRUISE,34026.8,456.2,267.6,0.44,0.33,27.79,28.22,0
2026-09-22 12:23:44,AA-2026,N942DB,CRUISE,34017.4,456.5,267.6,0.61,-0.02,28.09,28.08,0
2026-09-22 12:23:48,AA-2026,N942DB,CRUISE,34019.1,456.5,267.6,0.15,0.25,27.89,28.21,0
2026-09-22 12:23:52,AA-2026,N942DB,CRUISE,34027.9,456.8,267.7,0.42,-0.21,27.79,28.05,0
2026-09-22 12:23:56,AA-2026,N942DB,CRUISE,34029.4,457.0,267.8,0.4,-0.13,28.03,28.05,0
2026-09-22 12:24:00,AA-2026,N942DB,CRUISE,34027.2,457.3,267.9,0.81,0.0,28.15,28.02,0
2026-09-22 12:24:04,AA-2026,N942DB,CRUISE,34030.0,457.5,267.8,0.57,-0.04,27.87,28.19,0
2026-09-22 12:24:08,AA-2026,N942DB,CRUISE,34029.2,457.1,267.9,0.23,-0.07,27.78,28.03,0
2026-09-22 12:24:12,AA-2026,N942DB,CRUISE,34030.1,457.2,267.8,0.62,-0.26,27.99,28.16,0
2026-09-22 12:24:16,AA-2026,N942DB,CRUISE,34038.9,457.7,268.0,0.68,-0.48,27.99,28.06,0
2026-09-22 12:24:20,AA-2026,N942DB,CRUISE,34036.7,458.1,268.0,0.48,0.19,28.08,27.9,0
2026-09-22 12:24:24,AA-2026,N942DB,CRUISE,34045.9,457.6,267.9,0.64,0.16,28.14,28.04,0
2026-09-22 12:24:28,AA-2026,N942DB,CRUISE,34054.0,457.3,267.9,0.0,-0.18,27.99,27.98,0
2026-09-22 12:24:32,AA-2026,N942DB,CRUISE,34047.9,456.9,267.7,-0.04,0.11,28.28,28.1,0
2026-09-22 12:24:36,AA-2026,N942DB,CRUISE,34039.3,457.2,267.8,0.26,-0.05,28.03,27.98,0
2026-09-22 12:24:40,AA-2026,N942DB,CRUISE,34031.3,457.5,267.7,0.53,0.33,27.95,28.19,0
2026-09-22 12:24:44,AA-2026,N942DB,CRUISE,34021.7,457.2,267.7,0.81,-0.39,27.76,28.09,0
2026-09-22 12:24:48,AA-2026,N942DB,CRUISE,34013.6,457.2,267.6,0.27,-0.04,27.96,28.08,0
2026-09-22 12:24:52,AA-2026,N942DB,CRUISE,34017.2,457.5,267.7,0.33,-0.06,27.95,28.17,0
2026-09-22 12:24:56,AA-2026,N942DB,CRUISE,34008.6,457.8,267.8,0.52,0.05,28.14,28.2,0
2026-09-22 12:25:00,AA-2026,N942DB,CRUISE,34005.0,457.8,267.9,0.4,0.46,28.07,28.1,0
2026-09-22 12:25:04,AA-2026,N942DB,CRUISE,34011.9,457.9,268.0,0.39,-0.04,27.82,28.02,0
2026-09-22 12:25:08,AA-2026,N942DB,CRUISE,34002.4,457.9,267.9,0.42,0.22,28.03,27.92,0
2026-09-22 12:25:12,AA-2026,N942DB,CRUISE,34008.7,457.7,267.8,0.76,-0.04,28.1,28.03,0
2026-09-22 12:25:16,AA-2026,N942DB,CRUISE,34004.3,457.8,267.8,0.72,0.32,28.23,28.04,0
2026-09-22 12:25:20,AA-2026,N942DB,CRUISE,34000.0,458.0,267.8,0.5,0.23,28.13,28.11,0
2026-09-22 12:25:24,AA-2026,N942DB,CRUISE,34003.9,458.3,267.8,0.83,-0.1,28.11,28.07,0
2026-09-22 12:25:28,AA-2026,N942DB,CRUISE,34006.5,458.5,267.6,0.6,-0.12,28.01,28.17,0
2026-09-22 12:25:32,AA-2026,N942DB,CRUISE,34014.1,458.7,267.5,0.73,0.15,28.06,28.04,0
2026-09-22 12:25:36,AA-2026,N942DB,CRUISE,34018.8,458.4,267.3,0.33,-0.2,28.19,28.09,0
2026-09-22 12:25:40,AA-2026,N942DB,CRUISE,34024.8,458.4,267.4,0.37,0.06,27.8,28.22,0
2026-09-22 12:25:44,AA-2026,N942DB,CRUISE,34020.5,457.9,267.3,0.37,-0.11,27.95,28.13,0
2026-09-22 12:25:48,AA-2026,N942DB,CRUISE,34014.0,457.6,267.4,0.48,0.11,27.88,28.09,0
2026-09-22 12:25:52,AA-2026,N942DB,CRUISE,34019.0,457.8,267.2,0.51,-0.05,28.06,28.04,0
2026-09-22 12:25:56,AA-2026,N942DB,CRUISE,34025.2,458.3,267.2,0.56,-0.21,28.18,28.04,0
2026-09-22 12:26:00,AA-2026,N942DB,CRUISE,34035.0,457.9,267.2,0.89,0.33,27.91,28.01,0
2026-09-22 12:26:04,AA-2026,N942DB,CRUISE,34033.2,457.8,267.3,0.64,0.07,27.64,28.05,0
2026-09-22 12:26:08,AA-2026,N942DB,CRUISE,34030.7,458.1,267.5,0.4,-0.02,27.94,28.18,0
2026-09-22 12:26:12,AA-2026,N942DB,CRUISE,34036.2,457.8,267.4,0.5,0.13,28.14,28.08,0
2026-09-22 12:26:16,AA-2026,N942DB,CRUISE,34033.0,457.9,267.6,0.8,-0.5,28.08,27.97,0
2026-09-22 12:26:20,AA-2026,N942DB,CRUISE,34041.6,458.1,267.8,0.66,0.63,28.06,28.28,0
2026-09-22 12:26:24,AA-2026,N942DB,CRUISE,34048.8,458.2,267.9,0.8,0.01,27.96,28.13,0
2026-09-22 12:26:28,AA-2026,N942DB,CRUISE,34047.4,457.9,268.0,0.4,-0.59,27.81,27.96,0
2026-09-22 12:26:32,AA-2026,N942DB,CRUISE,34052.4,457.8,267.9,0.36,0.36,28.08,28.06,0
2026-09-22 12:26:36,AA-2026,N942DB,CRUISE,34057.5,458.1,268.0,0.36,-0.23,27.87,28.11,0
2026-09-22 12:26:40,AA-2026,N942DB,CRUISE,34049.6,458.1,267.8,0.42,0.31,28.33,28.27,0
2026-09-22 12:26:44,AA-2026,N942DB,CRUISE,34057.6,457.6,267.6,0.29,0.04,28.09,27.99,0
2026-09-22 12:26:48,AA-2026,N942DB,CRUISE,34057.7,457.9,267.8,0.56,-0.47,27.91,28.2,0
2026-09-22 12:26:52,AA-2026,N942DB,CRUISE,34064.2,457.4,267.8,0.56,0.08,27.91,28.24,0
2026-09-22 12:26:56,AA-2026,N942DB,CRUISE,34060.6,457.7,267.9,0.77,0.06,27.99,28.04,0
2026-09-22 12:27:00,AA-2026,N942DB,CRUISE,34068.6,457.4,268.0,0.15,0.35,27.96,28.07,0
2026-09-22 12:27:04,AA-2026,N942DB,CRUISE,34066.3,457.8,268.1,0.31,0.16,28.17,28.0,0
2026-09-22 12:27:08,AA-2026,N942DB,CRUISE,34056.6,457.7,268.3,0.66,-0.37,28.03,28.08,0
2026-09-22 12:27:12,AA-2026,N942DB,CRUISE,34064.7,457.5,268.2,0.54,0.3,27.89,28.1,0
2026-09-22 12:27:16,AA-2026,N942DB,CRUISE,34056.5,457.2,268.0,0.51,-0.12,28.28,28.17,0
2026-09-22 12:27:20,AA-2026,N942DB,CRUISE,34052.9,457.0,268.0,0.75,0.52,28.01,28.21,0
2026-09-22 12:27:24,AA-2026,N942DB,CRUISE,34061.9,457.4,267.9,0.3,-0.11,28.12,28.03,0
2026-09-22 12:27:28,AA-2026,N942DB,CRUISE,34070.9,457.9,267.7,0.35,-0.06,27.91,27.9,0
2026-09-22 12:27:32,AA-2026,N942DB,CRUISE,34072.4,457.7,267.6,0.33,-0.25,28.05,28.1,0
2026-09-22 12:27:36,AA-2026,N942DB,CRUISE,34075.0,457.7,267.7,0.1,-0.15,28.05,28.13,0
2026-09-22 12:27:40,AA-2026,N942DB,CRUISE,34074.0,457.9,267.8,0.53,-0.23,27.72,28.12,0
2026-09-22 12:27:44,AA-2026,N942DB,CRUISE,34069.8,458.3,267.7,0.4,0.35,28.3,28.07,0
2026-09-22 12:27:48,AA-2026,N942DB,CRUISE,34066.4,458.4,267.7,0.35,-0.4,28.19,28.11,0
2026-09-22 12:27:52,AA-2026,N942DB,CRUISE,34069.8,458.3,267.6,0.32,0.24,27.94,28.25,0
2026-09-22 12:27:56,AA-2026,N942DB,CRUISE,34074.9,458.2,267.4,0.5,0.25,27.83,28.14,0
2026-09-22 12:28:00,AA-2026,N942DB,CRUISE,34080.7,458.4,267.5,0.34,0.41,28.05,28.06,0
2026-09-22 12:28:04,AA-2026,N942DB,CRUISE,34086.5,457.9,267.6,0.54,0.01,28.01,28.05,0
2026-09-22 12:28:08,AA-2026,N942DB,CRUISE,34078.3,458.0,267.7,0.59,-0.31,28.05,28.08,0
2026-09-22 12:28:12,AA-2026,N942DB,CRUISE,34078.2,457.9,267.5,0.44,-0.05,28.03,28.26,0
2026-09-22 12:28:16,AA-2026,N942DB,CRUISE,34069.4,458.1,267.6,0.43,0.18,28.08,28.08,0
2026-09-22 12:28:20,AA-2026,N942DB,CRUISE,34070.4,457.7,267.7,0.54,0.03,28.22,28.1,0
2026-09-22 12:28:24,AA-2026,N942DB,CRUISE,34069.2,457.8,267.7,0.49,0.11,28.09,28.05,0
2026-09-22 12:28:28,AA-2026,N942DB,CRUISE,34077.0,457.8,267.8,0.77,0.41,27.84,28.21,0
2026-09-22 12:28:32,AA-2026,N942DB,CRUISE,34074.0,458.0,267.9,0.56,0.17,28.2,28.3,0
2026-09-22 12:28:36,AA-2026,N942DB,CRUISE,34066.3,457.5,268.0,0.72,0.06,28.25,28.15,0
2026-09-22 12:28:40,AA-2026,N942DB,CRUISE,34059.2,457.6,268.0,0.62,-0.55,28.47,28.11,0
2026-09-22 12:28:44,AA-2026,N942DB,CRUISE,34064.4,457.7,268.2,0.24,-0.24,27.83,28.1,0
2026-09-22 12:28:48,AA-2026,N942DB,CRUISE,34066.8,457.7,268.3,0.39,-0.12,28.04,27.86,0
2026-09-22 12:28:52,AA-2026,N942DB,CRUISE,34058.8,457.8,268.3,0.49,-0.59,27.69,28.17,0
2026-09-22 12:28:56,AA-2026,N942DB,CRUISE,34050.5,458.0,268.3,0.67,-0.33,28.08,28.11,0
2026-09-22 12:29:00,AA-2026,N942DB,CRUISE,34054.5,458.3,268.3,0.89,-0.08,27.92,28.14,0
2026-09-22 12:29:04,AA-2026,N942DB,CRUISE,34046.0,458.1,268.2,0.4,-0.03,28.29,28.03,0
2026-09-22 12:29:08,AA-2026,N942DB,CRUISE,34052.4,458.4,268.2,0.51,0.15,27.88,28.06,0
2026-09-22 12:29:12,AA-2026,N942DB,CRUISE,34056.5,458.4,268.4,0.66,-0.06,27.75,28.06,0
2026-09-22 12:29:16,AA-2026,N942DB,CRUISE,34048.1,458.0,268.6,0.49,0.07,27.93,28.2,0
2026-09-22 12:29:20,AA-2026,N942DB,CRUISE,34039.8,457.5,268.5,0.83,-0.13,27.7,28.06,0
2026-09-22 12:29:24,AA-2026,N942DB,CRUISE,34049.6,457.4,268.5,0.23,0.01,28.11,28.31,0
2026-09-22 12:29:28,AA-2026,N942DB,CRUISE,34047.1,457.7,268.4,0.64,0.14,27.69,28.14,0
2026-09-22 12:29:32,AA-2026,N942DB,CRUISE,34044.5,457.9,268.6,0.63,0.44,28.0,27.97,0
2026-09-22 12:29:36,AA-2026,N942DB,CRUISE,34050.7,458.1,268.8,0.73,-0.15,27.69,28.09,0
2026-09-22 12:29:40,AA-2026,N942DB,CRUISE,34059.7,458.2,268.9,0.51,0.04,27.95,28.03,0
2026-09-22 12:29:44,AA-2026,N942DB,CRUISE,34069.4,458.1,269.0,0.68,0.26,28.25,27.88,0
2026-09-22 12:29:48,AA-2026,N942DB,CRUISE,34074.5,457.8,269.1,0.45,-0.43,28.05,28.26,0
2026-09-22 12:29:52,AA-2026,N942DB,CRUISE,34072.0,457.6,269.1,0.34,0.6,27.87,28.17,0
2026-09-22 12:29:56,AA-2026,N942DB,CRUISE,34063.7,457.5,268.9,0.31,0.35,28.0,28.15,0
2026-09-22 12:30:00,AA-2026,N942DB,CRUISE,34069.2,457.1,268.9,0.21,-0.51,28.0,28.12,0
2026-09-22 12:30:04,AA-2026,N942DB,CRUISE,34070.4,456.8,269.0,0.41,0.11,28.07,27.96,0
2026-09-22 12:30:08,AA-2026,N942DB,CRUISE,34068.8,456.9,269.0,0.56,-0.17,27.79,28.05,0
2026-09-22 12:30:12,AA-2026,N942DB,CRUISE,34077.0,457.2,269.0,0.46,-0.12,28.09,28.18,0
2026-09-22 12:30:16,AA-2026,N942DB,CRUISE,34069.2,457.7,269.2,0.54,0.11,27.59,27.99,1
2026-09-22 12:30:20,AA-2026,N942DB,CRUISE,34069.0,458.1,269.0,0.75,0.32,27.91,27.85,0
2026-09-22 12:30:24,AA-2026,N942DB,CRUISE,34059.3,458.2,269.0,0.4,-0.14,27.93,28.08,0
2026-09-22 12:30:28,AA-2026,N942DB,CRUISE,34058.7,458.2,269.1,0.97,-0.14,28.09,28.09,0
2026-09-22 12:30:32,AA-2026,N942DB,CRUISE,34049.8,458.3,269.2,0.65,0.11,28.0,28.11,0
2026-09-22 12:30:36,AA-2026,N942DB,CRUISE,34042.2,458.6,269.3,0.46,0.17,27.79,28.17,0
2026-09-22 12:30:40,AA-2026,N942DB,CRUISE,34034.5,458.2,269.2,0.46,-0.3,27.85,28.16,0
2026-09-22 12:30:44,AA-2026,N942DB,CRUISE,34037.5,458.1,269.0,0.3,0.52,28.03,28.13,0
2026-09-22 12:30:48,AA-2026,N942DB,CRUISE,34042.4,458.4,269.1,0.49,-0.19,27.99,28.22,0
2026-09-22 12:30:52,AA-2026,N942DB,CRUISE,34044.1,458.3,269.1,0.07,0.29,27.91,27.95,0
2026-09-22 12:30:56,AA-2026,N942DB,CRUISE,34053.3,458.4,269.0,0.75,0.14,27.93,28.15,0
2026-09-22 12:31:00,AA-2026,N942DB,CRUISE,34050.8,458.5,269.1,-0.06,0.18,28.1,28.16,0
2026-09-22 12:31:04,AA-2026,N942DB,CRUISE,34046.5,458.2,269.1,0.51,-0.19,27.92,27.98,0
2026-09-22 12:31:08,AA-2026,N942DB,CRUISE,34053.9,458.0,269.1,0.27,-0.52,27.99,27.95,0
2026-09-22 12:31:12,AA-2026,N942DB,CRUISE,34048.4,457.9,269.3,0.36,-0.01,28.33,28.03,0
2026-09-22 12:31:16,AA-2026,N942DB,CRUISE,34057.6,457.4,269.1,0.39,-0.01,27.79,28.03,0
2026-09-22 12:31:20,AA-2026,N942DB,CRUISE,34047.9,456.9,268.9,0.89,-0.29,27.72,28.18,0
2026-09-22 12:31:24,AA-2026,N942DB,CRUISE,34057.3,457.2,269.0,0.28,0.28,28.12,28.04,0
2026-09-22 12:31:28,AA-2026,N942DB,CRUISE,34048.1,457.0,269.1,0.68,-0.02,27.9,28.01,0
2026-09-22 12:31:32,AA-2026,N942DB,CRUISE,34056.0,457.0,269.2,0.73,-0.24,27.95,28.04,0
2026-09-22 12:31:36,AA-2026,N942DB,CRUISE,34056.5,456.8,269.3,0.03,0.18,27.88,28.21,0
2026-09-22 12:31:40,AA-2026,N942DB,CRUISE,34066.4,457.3,269.4,0.38,0.18,27.96,28.1,0
2026-09-22 12:31:44,AA-2026,N942DB,CRUISE,34057.9,457.0,269.6,0.8,-0.21,28.24,28.08,0
2026-09-22 12:31:48,AA-2026,N942DB,CRUISE,34058.9,457.0,269.6,0.24,0.37,28.12,28.09,0
2026-09-22 12:31:52,AA-2026,N942DB,CRUISE,34068.3,457.3,269.6,0.74,0.67,28.13,28.23,0
2026-09-22 12:31:56,AA-2026,N942DB,CRUISE,34068.8,457.7,269.6,0.5,-0.33,27.79,28.03,0
2026-09-22 12:32:00,AA-2026,N942DB,CRUISE,34071.4,457.4,269.4,0.49,-0.06,27.83,28.23,0
2026-09-22 12:32:04,AA-2026,N942DB,CRUISE,34075.3,457.7,269.5,0.51,0.1,27.57,28.12,1
2026-09-22 12:32:08,AA-2026,N942DB,CRUISE,34074.4,457.6,269.4,0.57,0.68,27.88,28.08,0
2026-09-22 12:32:12,AA-2026,N942DB,CRUISE,34076.9,457.6,269.5,0.31,-0.22,28.14,28.35,0
2026-09-22 12:32:16,AA-2026,N942DB,CRUISE,34078.6,457.2,269.6,0.45,-0.28,28.08,27.99,0
2026-09-22 12:32:20,AA-2026,N942DB,CRUISE,34086.6,456.8,269.6,0.57,-0.28,27.97,28.06,0
2026-09-22 12:32:24,AA-2026,N942DB,CRUISE,34077.5,457.1,269.6,0.54,0.37,28.0,27.98,0
2026-09-22 12:32:28,AA-2026,N942DB,CRUISE,34073.2,457.1,269.4,0.57,-0.21,27.9,28.2,0
2026-09-22 12:32:32,AA-2026,N942DB,CRUISE,34082.2,457.0,269.2,0.36,-0.26,28.03,28.27,0
2026-09-22 12:32:36,AA-2026,N942DB,CRUISE,34090.0,457.2,269.2,0.63,0.07,28.11,28.27,0
2026-09-22 12:32:40,AA-2026,N942DB,CRUISE,34089.1,457.5,269.0,0.53,0.09,27.76,28.22,0
2026-09-22 12:32:44,AA-2026,N942DB,CRUISE,34091.5,457.1,269.0,0.18,0.32,28.04,28.08,0
2026-09-22 12:32:48,AA-2026,N942DB,CRUISE,34087.0,457.3,269.2,0.39,0.03,28.14,28.06,0
2026-09-22 12:32:52,AA-2026,N942DB,CRUISE,34080.8,456.9,269.3,0.32,0.07,27.94,27.93,0
2026-09-22 12:32:56,AA-2026,N942DB,CRUISE,34080.1,457.1,269.4,0.32,-0.03,28.11,28.3,0
2026-09-22 12:33:00,AA-2026,N942DB,CRUISE,34077.1,457.3,269.3,0.4,-0.39,28.42,28.15,0
2026-09-22 12:33:04,AA-2026,N942DB,CRUISE,34078.8,457.8,269.4,0.62,-0.06,27.98,28.05,0
2026-09-22 12:33:08,AA-2026,N942DB,CRUISE,34070.4,457.3,269.6,0.37,0.02,28.06,28.23,0
2026-09-22 12:33:12,AA-2026,N942DB,CRUISE,34079.9,456.9,269.5,0.55,-0.13,27.89,28.0,0
2026-09-22 12:33:16,AA-2026,N942DB,CRUISE,34089.6,456.7,269.6,0.51,-0.47,28.03,28.14,0
2026-09-22 12:33:20,AA-2026,N942DB,CRUISE,34093.5,456.4,269.5,0.34,-0.34,28.07,28.08,0
2026-09-22 12:33:24,AA-2026,N942DB,CRUISE,34094.3,456.2,270.8,0.43,4.99,28.03,28.16,0
2026-09-22 12:33:28,AA-2026,N942DB,CRUISE,34090.5,456.6,272.2,0.67,5.28,27.85,28.09,0
2026-09-22 12:33:32,AA-2026,N942DB,CRUISE,34096.7,456.3,273.2,0.53,5.5,28.03,27.95,0
2026-09-22 12:33:36,AA-2026,N942DB,CRUISE,34100.4,456.1,274.6,0.61,4.94,28.22,28.11,0
2026-09-22 12:33:40,AA-2026,N942DB,CRUISE,34093.7,456.4,275.8,0.75,4.78,28.07,28.2,0
2026-09-22 12:33:44,AA-2026,N942DB,CRUISE,34101.9,456.3,277.2,0.59,4.89,28.14,28.1,0
2026-09-22 12:33:48,AA-2026,N942DB,CRUISE,34108.4,456.6,278.4,0.12,4.69,27.96,28.18,0
2026-09-22 12:33:52,AA-2026,N942DB,CRUISE,34117.3,456.1,279.7,0.55,5.24,28.11,28.0,0
2026-09-22 12:33:56,AA-2026,N942DB,CRUISE,34121.9,456.1,280.8,0.38,5.64,28.04,28.1,0
2026-09-22 12:34:00,AA-2026,N942DB,CRUISE,34124.1,455.7,281.9,0.86,4.79,27.86,28.04,0
2026-09-22 12:34:04,AA-2026,N942DB,CRUISE,34122.5,455.2,282.9,0.58,4.64,28.05,28.17,0
2026-09-22 12:34:08,AA-2026,N942DB,CRUISE,34131.1,455.6,284.3,0.38,5.3,27.85,28.1,0
2026-09-22 12:34:12,AA-2026,N942DB,CRUISE,34138.5,455.3,285.6,0.61,5.1,27.91,28.17,0
2026-09-22 12:34:16,AA-2026,N942DB,CRUISE,34129.4,455.3,287.0,0.52,5.1,28.03,28.21,0
2026-09-22 12:34:20,AA-2026,N942DB,CRUISE,34119.9,455.2,288.4,0.16,5.48,28.04,28.17,0
2026-09-22 12:34:24,AA-2026,N942DB,CRUISE,34117.4,455.1,289.4,0.67,4.59,27.82,28.13,0
2026-09-22 12:34:28,AA-2026,N942DB,CRUISE,34123.6,455.5,290.5,0.42,4.58,28.16,28.0,0
2026-09-22 12:34:32,AA-2026,N942DB,CRUISE,34133.4,455.0,291.6,0.78,4.95,28.09,28.1,0
2026-09-22 12:34:36,AA-2026,N942DB,CRUISE,34126.4,455.2,292.7,0.48,5.02,27.89,28.05,0
2026-09-22 12:34:40,AA-2026,N942DB,CRUISE,34128.3,455.6,293.7,0.79,4.89,27.77,28.07,0
2026-09-22 12:34:44,AA-2026,N942DB,CRUISE,34125.9,455.7,294.9,0.58,5.74,27.98,28.06,0
2026-09-22 12:34:48,AA-2026,N942DB,CRUISE,34135.3,456.1,296.0,0.69,4.91,27.93,28.0,0
2026-09-22 12:34:52,AA-2026,N942DB,CRUISE,34142.1,455.7,297.1,0.4,4.83,28.02,27.9,0
2026-09-22 12:34:56,AA-2026,N942DB,CRUISE,34148.9,455.6,298.2,0.57,5.04,27.95,28.03,0
2026-09-22 12:35:00,AA-2026,N942DB,CRUISE,34148.3,455.3,299.2,0.15,5.29,27.7,28.12,0
2026-09-22 12:35:04,AA-2026,N942DB,CRUISE,34146.6,455.6,300.6,0.47,4.78,27.94,27.97,0
2026-09-22 12:35:08,AA-2026,N942DB,CRUISE,34142.0,456.1,301.9,0.2,4.96,27.95,28.1,0
2026-09-22 12:35:12,AA-2026,N942DB,CRUISE,34133.2,455.8,303.3,0.27,5.3,28.1,28.29,0
2026-09-22 12:35:16,AA-2026,N942DB,CRUISE,34140.5,456.0,304.5,0.32,5.32,27.9,28.2,0
2026-09-22 12:35:20,AA-2026,N942DB,CRUISE,34146.7,455.7,305.6,0.63,5.07,28.25,28.26,0
2026-09-22 12:35:24,AA-2026,N942DB,CRUISE,34156.7,455.7,306.9,0.47,5.73,27.71,28.14,0
2026-09-22 12:35:28,AA-2026,N942DB,CRUISE,34166.6,455.7,308.0,0.51,5.59,28.2,28.22,0
2026-09-22 12:35:32,AA-2026,N942DB,CRUISE,34167.8,456.2,309.1,0.47,4.58,27.97,28.03,0
2026-09-22 12:35:36,AA-2026,N942DB,CRUISE,34173.1,456.3,310.2,0.72,4.49,28.13,28.04,0
2026-09-22 12:35:40,AA-2026,N942DB,CRUISE,34182.0,456.1,311.3,0.5,5.24,28.01,27.83,0
2026-09-22 12:35:44,AA-2026,N942DB,CRUISE,34189.0,455.7,312.4,0.55,5.41,28.17,28.22,0
2026-09-22 12:35:48,AA-2026,N942DB,CRUISE,34184.0,455.4,313.5,0.39,4.93,27.94,28.25,0
2026-09-22 12:35:52,AA-2026,N942DB,CRUISE,34183.0,455.1,314.8,0.73,4.85,27.84,28.04,0
2026-09-22 12:35:56,AA-2026,N942DB,CRUISE,34175.6,454.9,315.8,0.74,4.75,28.21,28.07,0
2026-09-22 12:36:00,AA-2026,N942DB,CRUISE,34184.6,455.2,316.9,0.49,4.65,27.98,28.02,0
2026-09-22 12:36:04,AA-2026,N942DB,CRUISE,34186.8,455.3,318.2,0.38,5.34,28.03,28.14,0
2026-09-22 12:36:08,AA-2026,N942DB,CRUISE,34181.3,455.3,319.3,0.18,4.89,28.19,28.21,0
2026-09-22 12:36:12,AA-2026,N942DB,CRUISE,34184.8,454.9,320.4,0.33,5.09,27.85,27.93,0
2026-09-22 12:36:16,AA-2026,N942DB,CRUISE,34187.1,455.3,321.8,0.07,4.45,28.09,28.14,0
2026-09-22 12:36:20,AA-2026,N942DB,CRUISE,34184.3,455.5,322.8,0.32,5.3,27.91,28.07,0
2026-09-22 12:36:24,AA-2026,N942DB,CRUISE,34176.6,455.1,323.9,0.57,5.18,27.98,28.11,0
2026-09-22 12:36:28,AA-2026,N942DB,CRUISE,34180.0,455.3,325.1,0.49,4.6,28.01,28.15,0
2026-09-22 12:36:32,AA-2026,N942DB,CRUISE,34180.4,455.3,326.2,0.96,5.08,27.77,28.08,0
2026-09-22 12:36:36,AA-2026,N942DB,CRUISE,34185.9,454.9,327.4,0.43,5.0,27.88,28.09,0
2026-09-22 12:36:40,AA-2026,N942DB,CRUISE,34186.3,454.9,327.5,0.41,-0.14,28.2,28.08,0
2026-09-22 12:36:44,AA-2026,N942DB,CRUISE,34193.3,454.8,327.4,0.71,-0.87,28.13,28.2,0
2026-09-22 12:36:48,AA-2026,N942DB,CRUISE,34194.3,454.5,327.4,0.11,-0.2,27.99,28.14,0
2026-09-22 12:36:52,AA-2026,N942DB,CRUISE,34195.6,455.0,327.4,0.2,0.09,28.04,28.12,0
2026-09-22 12:36:56,AA-2026,N942DB,CRUISE,34203.1,455.3,327.3,0.63,-0.16,27.96,27.97,0
2026-09-22 12:37:00,AA-2026,N942DB,CRUISE,34201.2,455.5,327.3,0.46,-0.07,28.2,28.06,0
2026-09-22 12:37:04,AA-2026,N942DB,CRUISE,34193.8,455.4,327.2,0.47,0.45,27.97,28.19,0
2026-09-22 12:37:08,AA-2026,N942DB,CRUISE,34184.4,455.3,327.2,0.31,-0.02,28.03,28.1,0
2026-09-22 12:37:12,AA-2026,N942DB,CRUISE,34189.5,455.5,327.1,0.55,-0.63,28.17,28.17,0
2026-09-22 12:37:16,AA-2026,N942DB,CRUISE,34191.9,455.5,327.1,0.34,-0.06,27.88,28.28,0
2026-09-22 12:37:20,AA-2026,N942DB,CRUISE,34196.0,455.1,327.0,0.51,0.03,28.23,28.2,0
2026-09-22 12:37:24,AA-2026,N942DB,CRUISE,34190.3,455.1,327.1,0.27,-0.25,27.77,28.11,0
2026-09-22 12:37:28,AA-2026,N942DB,CRUISE,34183.0,455.4,326.9,0.46,0.22,28.24,28.05,0
2026-09-22 12:37:32,AA-2026,N942DB,CRUISE,34173.3,455.4,326.9,0.9,-0.44,27.94,27.84,0
2026-09-22 12:37:36,AA-2026,N942DB,CRUISE,34170.3,454.9,326.9,0.42,-0.04,27.96,28.08,0
2026-09-22 12:37:40,AA-2026,N942DB,CRUISE,34172.1,455.2,327.0,0.47,-0.44,27.72,28.07,0
2026-09-22 12:37:44,AA-2026,N942DB,CRUISE,34169.9,454.9,327.0,0.46,-0.09,27.93,28.14,0
2026-09-22 12:37:48,AA-2026,N942DB,CRUISE,34168.7,454.7,327.1,0.53,0.21,27.84,28.08,0
2026-09-22 12:37:52,AA-2026,N942DB,CRUISE,34176.8,454.3,327.2,0.59,-0.05,27.91,28.07,0
2026-09-22 12:37:56,AA-2026,N942DB,CRUISE,34173.7,454.2,327.3,0.55,-0.07,27.98,27.92,0
2026-09-22 12:38:00,AA-2026,N942DB,CRUISE,34174.0,454.4,327.2,0.56,0.01,28.14,28.01,0
2026-09-22 12:38:04,AA-2026,N942DB,CRUISE,34179.7,454.5,327.3,0.46,0.02,28.03,28.15,0
2026-09-22 12:38:08,AA-2026,N942DB,CRUISE,34177.6,454.2,327.4,0.52,0.21,28.05,28.27,0
2026-09-22 12:38:12,AA-2026,N942DB,CRUISE,34180.1,454.5,327.6,0.46,0.21,27.84,28.09,0
2026-09-22 12:38:16,AA-2026,N942DB,CRUISE,34187.3,454.9,327.8,0.14,0.43,27.87,28.13,0
2026-09-22 12:38:20,AA-2026,N942DB,CRUISE,34196.3,455.3,327.7,1.03,0.05,28.27,28.2,0
2026-09-22 12:38:24,AA-2026,N942DB,CRUISE,34189.2,455.0,327.6,0.65,-0.5,27.89,28.02,0
2026-09-22 12:38:28,AA-2026,N942DB,CRUISE,34197.8,455.0,327.6,0.3,0.26,28.25,28.14,0
2026-09-22 12:38:32,AA-2026,N942DB,CRUISE,34197.6,455.5,327.7,0.55,0.4,27.96,28.03,0
2026-09-22 12:38:36,AA-2026,N942DB,CRUISE,34192.8,455.7,327.7,0.23,0.74,28.0,28.19,0
2026-09-22 12:38:40,AA-2026,N942DB,CRUISE,34192.0,455.3,327.7,0.4,0.44,28.16,28.12,0
2026-09-22 12:38:44,AA-2026,N942DB,CRUISE,34201.6,454.8,327.8,0.2,-0.15,28.19,28.13,0
2026-09-22 12:38:48,AA-2026,N942DB,CRUISE,34201.4,454.8,327.7,0.49,0.06,27.98,28.02,0
2026-09-22 12:38:52,AA-2026,N942DB,CRUISE,34198.0,455.2,327.9,0.18,-0.08,27.94,28.17,0
2026-09-22 12:38:56,AA-2026,N942DB,CRUISE,34200.7,455.2,327.8,0.58,-0.12,27.99,28.31,0
2026-09-22 12:39:00,AA-2026,N942DB,CRUISE,34195.5,455.2,327.8,0.64,-0.03,28.05,28.0,0
2026-09-22 12:39:04,AA-2026,N942DB,CRUISE,34187.0,454.8,327.8,0.33,0.39,28.13,28.07,0
2026-09-22 12:39:08,AA-2026,N942DB,CRUISE,34179.6,455.0,327.9,0.53,-0.48,28.0,28.12,0
2026-09-22 12:39:12,AA-2026,N942DB,CRUISE,34172.1,455.3,327.7,0.32,-0.3,28.09,28.18,0
2026-09-22 12:39:16,AA-2026,N942DB,CRUISE,34165.2,455.2,327.6,0.6,0.37,28.25,28.04,0
2026-09-22 12:39:20,AA-2026,N942DB,CRUISE,34157.9,455.5,327.8,0.36,0.44,28.06,27.82,0
2026-09-22 12:39:24,AA-2026,N942DB,CRUISE,34160.8,455.9,327.6,0.66,-0.2,28.05,28.24,0
2026-09-22 12:39:28,AA-2026,N942DB,CRUISE,34154.4,455.6,327.7,0.14,0.5,27.77,28.18,0
2026-09-22 12:39:32,AA-2026,N942DB,CRUISE,34151.3,455.7,327.7,0.3,0.29,27.61,27.93,0
2026-09-22 12:39:36,AA-2026,N942DB,CRUISE,34159.2,455.5,327.7,0.28,-0.08,28.06,28.04,0
2026-09-22 12:39:40,AA-2026,N942DB,CRUISE,34158.7,455.7,327.8,0.54,-0.73,27.99,28.26,0
2026-09-22 12:39:44,AA-2026,N942DB,CRUISE,34162.1,455.8,327.6,0.61,-0.5,27.92,28.24,0
2026-09-22 12:39:48,AA-2026,N942DB,CRUISE,34155.5,456.0,327.7,0.56,-0.2,28.04,28.19,0
2026-09-22 12:39:52,AA-2026,N942DB,CRUISE,34149.4,456.3,327.6,0.4,0.23,27.99,28.08,0
2026-09-22 12:39:56,AA-2026,N942DB,CRUISE,34140.2,456.2,327.7,-0.06,0.23,28.17,28.11,0
2026-09-22 12:40:00,AA-2026,N942DB,CRUISE,34133.6,456.6,327.5,0.51,-0.14,28.01,28.09,0
2026-09-22 12:40:04,AA-2026,N942DB,CRUISE,34129.1,456.6,327.6,0.66,-0.07,27.89,28.21,0
2026-09-22 12:40:08,AA-2026,N942DB,CRUISE,34122.7,456.3,327.4,1.04,-0.01,28.15,28.01,0
2026-09-22 12:40:12,AA-2026,N942DB,CRUISE,34114.4,456.5,327.4,0.42,-0.07,27.97,28.02,0
2026-09-22 12:40:16,AA-2026,N942DB,CRUISE,34106.9,456.8,327.2,0.37,0.05,28.08,28.2,0
2026-09-22 12:40:20,AA-2026,N942DB,CRUISE,34106.1,456.6,327.1,0.56,-0.01,27.93,28.1,0
2026-09-22 12:40:24,AA-2026,N942DB,CRUISE,34100.2,456.9,327.2,0.45,-0.5,27.9,28.24,0
2026-09-22 12:40:28,AA-2026,N942DB,CRUISE,34097.5,457.3,327.2,0.76,-0.06,28.01,28.03,0
2026-09-22 12:40:32,AA-2026,N942DB,CRUISE,34097.6,457.1,327.3,0.34,-0.01,28.0,28.09,0
2026-09-22 12:40:36,AA-2026,N942DB,CRUISE,34101.4,457.6,327.5,0.45,0.3,28.07,28.01,0
2026-09-22 12:40:40,AA-2026,N942DB,CRUISE,34092.2,457.2,327.5,0.68,-0.25,27.96,28.1,0
2026-09-22 12:40:44,AA-2026,N942DB,CRUISE,34098.1,456.9,327.4,0.56,0.06,27.72,27.95,0
2026-09-22 12:40:48,AA-2026,N942DB,CRUISE,34100.7,456.6,327.4,0.73,0.17,27.94,28.05,0
2026-09-22 12:40:52,AA-2026,N942DB,CRUISE,34092.3,457.0,327.5,0.41,-0.04,28.12,27.96,0
2026-09-22 12:40:56,AA-2026,N942DB,CRUISE,34099.8,457.2,327.4,0.75,-0.53,27.96,28.17,0
2026-09-22 12:41:00,AA-2026,N942DB,CRUISE,34108.2,456.8,327.3,0.17,0.3,27.96,28.17,0
2026-09-22 12:41:04,AA-2026,N942DB,CRUISE,34099.4,456.8,327.3,0.18,0.22,28.15,27.93,0
2026-09-22 12:41:08,AA-2026,N942DB,CRUISE,34095.0,456.9,327.4,0.76,0.07,27.89,28.23,0
2026-09-22 12:41:12,AA-2026,N942DB,CRUISE,34101.1,456.5,327.5,0.5,0.01,27.77,28.35,0
2026-09-22 12:41:16,AA-2026,N942DB,CRUISE,34106.1,456.8,327.4,0.68,-0.53,27.98,28.1,0
2026-09-22 12:41:20,AA-2026,N942DB,CRUISE,34099.8,457.1,327.5,0.52,0.23,27.93,28.04,0
2026-09-22 12:41:24,AA-2026,N942DB,CRUISE,34093.9,457.1,327.4,0.5,0.45,27.86,28.38,0
2026-09-22 12:41:28,AA-2026,N942DB,CRUISE,34091.4,457.6,327.2,0.23,-0.33,27.97,27.97,0
2026-09-22 12:41:32,AA-2026,N942DB,CRUISE,34091.0,457.5,327.4,0.49,0.4,28.07,28.1,0
2026-09-22 12:41:36,AA-2026,N942DB,CRUISE,34093.4,458.0,327.3,0.77,0.34,28.0,28.12,0
2026-09-22 12:41:40,AA-2026,N942DB,CRUISE,34090.8,458.2,327.2,0.51,-0.34,28.05,28.23,0
2026-09-22 12:41:44,AA-2026,N942DB,CRUISE,34090.0,458.3,327.0,0.64,-0.12,28.27,28.14,0
2026-09-22 12:41:48,AA-2026,N942DB,CRUISE,34095.0,458.0,327.2,0.63,-0.42,27.95,28.05,0
2026-09-22 12:41:52,AA-2026,N942DB,CRUISE,34085.7,458.4,327.3,0.3,-0.02,28.04,28.0,0
2026-09-22 12:41:56,AA-2026,N942DB,CRUISE,34080.8,458.3,327.3,0.67,0.13,27.92,28.07,0
2026-09-22 12:42:00,AA-2026,N942DB,CRUISE,34085.0,458.0,327.4,0.44,-0.4,27.87,28.0,0
2026-09-22 12:42:04,AA-2026,N942DB,CRUISE,34092.9,457.5,327.3,0.45,0.12,27.91,28.1,0
2026-09-22 12:42:08,AA-2026,N942DB,CRUISE,34093.2,457.5,327.3,0.92,0.19,27.93,28.04,0
2026-09-22 12:42:12,AA-2026,N942DB,CRUISE,34093.8,457.6,327.2,0.62,0.2,28.05,27.95,0
2026-09-22 12:42:16,AA-2026,N942DB,CRUISE,34086.0,457.8,327.0,0.37,0.14,28.35,28.23,0
2026-09-22 12:42:20,AA-2026,N942DB,CRUISE,34084.9,458.2,327.0,0.51,-0.37,27.89,28.05,0
2026-09-22 12:42:24,AA-2026,N942DB,CRUISE,34085.6,457.7,327.2,0.51,-0.04,27.94,27.97,0
2026-09-22 12:42:28,AA-2026,N942DB,CRUISE,34080.4,458.0,327.0,0.84,0.11,27.99,28.08,0
2026-09-22 12:42:32,AA-2026,N942DB,CRUISE,34075.8,457.7,326.9,0.51,0.44,28.06,28.11,0
2026-09-22 12:42:36,AA-2026,N942DB,CRUISE,34073.3,458.0,326.8,0.94,0.0,28.04,27.93,0
2026-09-22 12:42:40,AA-2026,N942DB,CRUISE,34063.7,458.3,326.7,0.24,0.13,28.19,28.13,0
2026-09-22 12:42:44,AA-2026,N942DB,CRUISE,34060.2,458.4,326.9,0.49,-0.28,27.64,28.0,0
2026-09-22 12:42:48,AA-2026,N942DB,CRUISE,34054.4,458.6,326.9,0.35,-0.35,27.64,28.27,0
2026-09-22 12:42:52,AA-2026,N942DB,CRUISE,34051.0,458.4,326.9,0.4,-0.38,27.93,28.15,0
2026-09-22 12:42:56,AA-2026,N942DB,CRUISE,34043.4,458.4,327.0,0.41,-0.13,28.16,28.06,0
2026-09-22 12:43:00,AA-2026,N942DB,CRUISE,34051.2,458.7,326.8,0.36,0.62,27.77,28.03,0
2026-09-22 12:43:04,AA-2026,N942DB,CRUISE,34053.0,458.7,326.8,0.85,-0.12,27.55,28.09,1
2026-09-22 12:43:08,AA-2026,N942DB,CRUISE,34056.6,458.5,326.8,0.78,0.11,28.09,28.16,0
2026-09-22 12:43:12,AA-2026,N942DB,CRUISE,34062.4,458.5,326.8,0.58,0.17,28.04,28.1,0
2026-09-22 12:43:16,AA-2026,N942DB,CRUISE,34062.4,458.8,327.0,0.41,-0.33,27.84,28.08,0
2026-09-22 12:43:20,AA-2026,N942DB,CRUISE,34054.1,458.7,327.1,0.36,-0.13,27.85,28.11,0
2026-09-22 12:43:24,AA-2026,N942DB,CRUISE,34054.9,458.4,327.1,0.65,0.19,27.85,28.04,0
2026-09-22 12:43:28,AA-2026,N942DB,CRUISE,34056.6,458.6,327.2,0.56,0.13,28.02,28.07,0
2026-09-22 12:43:32,AA-2026,N942DB,CRUISE,34061.5,458.9,327.1,0.47,-0.6,27.91,27.89,0
2026-09-22 12:43:36,AA-2026,N942DB,CRUISE,34060.1,458.5,326.9,0.61,0.18,28.07,28.2,0
2026-09-22 12:43:40,AA-2026,N942DB,CRUISE,34052.7,458.2,326.8,0.68,-0.17,27.57,28.13,1
2026-09-22 12:43:44,AA-2026,N942DB,CRUISE,34048.4,457.9,326.7,0.47,-0.16,27.87,28.02,0
2026-09-22 12:43:48,AA-2026,N942DB,CRUISE,34045.6,457.7,326.7,0.34,0.12,27.83,28.29,0
2026-09-22 12:43:52,AA-2026,N942DB,CRUISE,34048.5,457.7,326.8,0.24,0.46,27.96,28.11,0
2026-09-22 12:43:56,AA-2026,N942DB,CRUISE,34050.0,457.9,326.9,0.55,-0.06,27.92,28.0,0
2026-09-22 12:44:00,AA-2026,N942DB,CRUISE,34047.1,458.1,326.9,0.93,0.35,28.12,28.19,0
2026-09-22 12:44:04,AA-2026,N942DB,CRUISE,34056.8,458.2,326.9,0.28,-0.43,27.72,28.14,0
2026-09-22 12:44:08,AA-2026,N942DB,CRUISE,34058.9,458.0,326.8,0.72,0.04,28.01,28.14,0
2026-09-22 12:44:12,AA-2026,N942DB,CRUISE,34053.7,458.4,326.6,0.36,-0.16,28.08,28.06,0
2026-09-22 12:44:16,AA-2026,N942DB,CRUISE,34045.7,458.4,326.6,0.41,0.08,28.28,28.15,0
2026-09-22 12:44:20,AA-2026,N942DB,CRUISE,34038.8,458.8,326.6,0.68,-0.09,27.93,28.07,0
2026-09-22 12:44:24,AA-2026,N942DB,CRUISE,34033.7,459.0,326.7,0.45,-0.4,28.05,28.16,0
2026-09-22 12:44:28,AA-2026,N942DB,CRUISE,34026.9,458.6,326.6,0.55,-0.27,27.73,27.91,0
2026-09-22 12:44:32,AA-2026,N942DB,CRUISE,34020.6,458.8,326.4,0.55,-0.49,27.64,28.06,0
2026-09-22 12:44:36,AA-2026,N942DB,CRUISE,34016.3,458.6,326.4,0.37,-0.39,28.13,28.27,0
2026-09-22 12:44:40,AA-2026,N942DB,CRUISE,34009.8,458.8,326.3,0.68,0.14,28.0,28.02,0
2026-09-22 12:44:44,AA-2026,N942DB,CRUISE,34017.7,458.4,326.1,0.49,-0.08,28.18,28.04,0
2026-09-22 12:44:48,AA-2026,N942DB,CRUISE,34009.3,458.0,326.2,0.22,0.07,27.79,28.06,0
2026-09-22 12:44:52,AA-2026,N942DB,CRUISE,34009.8,458.4,326.0,0.32,0.54,28.08,27.98,0
2026-09-22 12:44:56,AA-2026,N942DB,CRUISE,34008.0,458.1,326.1,-0.12,-0.09,28.28,27.88,0
2026-09-22 12:45:00,AA-2026,N942DB,CRUISE,34017.7,458.4,326.0,0.51,0.19,28.06,28.08,0
2026-09-22 12:45:04,AA-2026,N942DB,CRUISE,34009.9,458.2,325.8,0.76,0.01,28.04,28.11,0
2026-09-22 12:45:08,AA-2026,N942DB,CRUISE,34007.9,458.4,325.8,0.29,0.83,28.0,28.09,0
2026-09-22 12:45:12,AA-2026,N942DB,CRUISE,34017.3,458.6,325.9,0.62,-0.91,27.76,28.09,0
2026-09-22 12:45:16,AA-2026,N942DB,CRUISE,34024.6,458.6,325.9,0.59,-0.22,28.2,28.1,0
2026-09-22 12:45:20,AA-2026,N942DB,CRUISE,34030.9,458.4,326.0,0.35,0.2,27.91,28.2,0
2026-09-22 12:45:24,AA-2026,N942DB,CRUISE,34026.1,458.1,325.8,0.81,-0.23,28.08,28.08,0
2026-09-22 12:45:28,AA-2026,N942DB,CRUISE,34019.5,457.6,325.9,0.45,0.17,27.77,28.04,0
2026-09-22 12:45:32,AA-2026,N942DB,CRUISE,34022.9,457.4,325.8,0.9,-0.02,27.82,28.07,0
2026-09-22 12:45:36,AA-2026,N942DB,CRUISE,34031.5,457.6,325.9,0.17,0.26,28.22,28.16,0
2026-09-22 12:45:40,AA-2026,N942DB,CRUISE,34032.6,458.0,325.9,0.45,-0.34,27.95,28.24,0
2026-09-22 12:45:44,AA-2026,N942DB,CRUISE,34034.0,458.4,326.1,0.47,0.05,28.22,28.04,0
2026-09-22 12:45:48,AA-2026,N942DB,CRUISE,34029.6,458.7,326.0,0.49,0.14,27.99,28.11,0
2026-09-22 12:45:52,AA-2026,N942DB,CRUISE,34035.0,458.9,325.9,0.64,0.04,27.72,28.13,0
2026-09-22 12:45:56,AA-2026,N942DB,CRUISE,34028.8,459.1,325.7,1.18,0.04,28.13,28.0,0
2026-09-22 12:46:00,AA-2026,N942DB,CRUISE,34025.2,458.9,325.8,0.59,0.36,27.91,28.1,0
2026-09-22 12:46:04,AA-2026,N942DB,CRUISE,34023.7,459.3,325.8,0.5,-0.5,28.1,27.95,0
2026-09-22 12:46:08,AA-2026,N942DB,CRUISE,34023.9,459.5,325.9,0.28,0.04,28.0,27.92,0
2026-09-22 12:46:12,AA-2026,N942DB,CRUISE,34018.7,459.5,325.8,0.12,-0.36,27.77,28.14,0
2026-09-22 12:46:16,AA-2026,N942DB,CRUISE,34011.0,459.1,325.8,0.73,0.23,28.02,28.06,0
2026-09-22 12:46:20,AA-2026,N942DB,CRUISE,34013.2,459.1,325.6,0.39,-0.25,28.33,28.12,0
2026-09-22 12:46:24,AA-2026,N942DB,CRUISE,34009.0,459.0,325.8,1.02,-0.74,28.07,28.1,0
2026-09-22 12:46:28,AA-2026,N942DB,CRUISE,34010.6,459.4,325.8,0.67,0.23,27.99,28.0,0
2026-09-22 12:46:32,AA-2026,N942DB,CRUISE,34003.7,459.4,326.0,0.57,-0.08,28.16,28.1,0
2026-09-22 12:46:36,AA-2026,N942DB,CRUISE,34003.4,459.3,325.9,0.58,0.11,28.03,27.98,0
2026-09-22 12:46:40,AA-2026,N942DB,CRUISE,34004.0,459.8,325.9,0.58,0.43,28.03,28.24,0
2026-09-22 12:46:44,AA-2026,N942DB,CRUISE,34000.0,459.4,326.0,0.36,0.11,27.84,27.96,0
2026-09-22 12:46:48,AA-2026,N942DB,CRUISE,34000.0,459.3,325.9,0.15,0.05,28.04,28.08,0
2026-09-22 12:46:52,AA-2026,N942DB,CRUISE,34000.0,458.9,326.1,0.39,-0.01,28.16,28.0,0
2026-09-22 12:46:56,AA-2026,N942DB,CRUISE,34000.0,459.1,326.3,0.5,-0.34,27.87,28.16,0
2026-09-22 12:47:00,AA-2026,N942DB,CRUISE,34009.8,459.5,326.4,0.37,-0.06,28.21,28.07,0
2026-09-22 12:47:04,AA-2026,N942DB,CRUISE,34006.2,459.3,326.5,0.24,0.59,27.99,28.05,0
2026-09-22 12:47:08,AA-2026,N942DB,CRUISE,34012.4,459.7,326.4,0.35,-0.11,27.87,28.19,0
2026-09-22 12:47:12,AA-2026,N942DB,CRUISE,34007.5,459.5,326.3,0.71,-0.05,28.15,28.1,0
2026-09-22 12:47:16,AA-2026,N942DB,CRUISE,34011.2,459.9,326.5,0.65,0.38,27.96,28.15,0
2026-09-22 12:47:20,AA-2026,N942DB,CRUISE,34016.4,460.0,326.3,0.53,-0.46,28.11,28.0,0
2026-09-22 12:47:24,AA-2026,N942DB,CRUISE,34018.3,460.0,326.4,0.62,0.19,27.96,27.96,0
2026-09-22 12:47:28,AA-2026,N942DB,CRUISE,34017.7,459.5,326.5,0.27,-0.48,27.99,28.11,0
2026-09-22 12:47:32,AA-2026,N942DB,CRUISE,34016.0,460.0,326.5,0.34,0.12,28.07,28.07,0
2026-09-22 12:47:36,AA-2026,N942DB,CRUISE,34012.9,460.0,326.7,0.56,-0.01,28.04,28.16,0
2026-09-22 12:47:40,AA-2026,N942DB,CRUISE,34021.5,459.8,326.7,0.3,0.18,27.7,28.09,0
2026-09-22 12:47:44,AA-2026,N942DB,CRUISE,34028.1,460.0,326.6,0.52,-0.3,27.83,28.12,0
2026-09-22 12:47:48,AA-2026,N942DB,CRUISE,34037.4,459.8,326.4,0.25,-0.16,28.14,27.94,0
2026-09-22 12:47:52,AA-2026,N942DB,CRUISE,34029.9,460.0,326.4,0.17,0.2,27.98,28.29,0
2026-09-22 12:47:56,AA-2026,N942DB,CRUISE,34034.5,459.6,326.3,0.65,-0.15,27.92,28.08,0
2026-09-22 12:48:00,AA-2026,N942DB,CRUISE,34043.3,459.8,326.2,0.71,0.23,27.8,28.17,0
2026-09-22 12:48:04,AA-2026,N942DB,CRUISE,34036.9,459.9,326.4,0.37,0.06,27.84,28.02,0
2026-09-22 12:48:08,AA-2026,N942DB,CRUISE,34028.3,459.5,326.6,0.2,-0.13,27.7,28.13,0
2026-09-22 12:48:12,AA-2026,N942DB,CRUISE,34033.1,459.2,326.4,0.06,-0.09,27.98,27.97,0
2026-09-22 12:48:16,AA-2026,N942DB,CRUISE,34034.6,458.7,326.4,0.87,0.0,27.91,28.15,0
2026-09-22 12:48:20,AA-2026,N942DB,CRUISE,34041.4,458.7,326.6,0.52,-0.07,27.86,28.06,0
2026-09-22 12:48:24,AA-2026,N942DB,CRUISE,34034.2,458.5,326.4,0.38,0.22,27.99,28.1,0
2026-09-22 12:48:28,AA-2026,N942DB,CRUISE,34040.1,458.6,326.2,0.43,-0.11,28.05,28.17,0
2026-09-22 12:48:32,AA-2026,N942DB,CRUISE,34034.1,458.4,326.1,0.12,-0.17,28.31,27.98,0
2026-09-22 12:48:36,AA-2026,N942DB,CRUISE,34027.4,458.2,326.1,0.62,0.27,27.77,28.03,0
2026-09-22 12:48:40,AA-2026,N942DB,CRUISE,34020.7,458.4,326.0,0.9,-0.13,28.17,28.15,0
2026-09-22 12:48:44,AA-2026,N942DB,CRUISE,34027.0,458.0,326.2,0.34,-0.16,28.15,28.31,0
2026-09-22 12:48:48,AA-2026,N942DB,CRUISE,34030.3,458.4,326.1,0.98,-0.75,27.88,28.09,0
2026-09-22 12:48:52,AA-2026,N942DB,CRUISE,34030.8,458.7,326.1,0.48,-0.31,28.03,28.16,0
2026-09-22 12:48:56,AA-2026,N942DB,CRUISE,34027.9,458.9,326.0,0.83,-0.25,27.93,28.09,0
2026-09-22 12:49:00,AA-2026,N942DB,CRUISE,34035.5,459.0,326.0,0.56,-0.16,28.03,28.29,0
2026-09-22 12:49:04,AA-2026,N942DB,CRUISE,34033.3,459.4,326.1,0.56,-0.22,28.23,27.93,0
2026-09-22 12:49:08,AA-2026,N942DB,CRUISE,34039.7,459.1,326.2,0.87,0.29,28.09,28.11,0
2026-09-22 12:49:12,AA-2026,N942DB,CRUISE,34038.4,458.6,326.3,0.66,-0.23,28.08,27.94,0
2026-09-22 12:49:16,AA-2026,N942DB,CRUISE,34036.0,458.4,326.3,0.57,-0.21,27.94,27.85,0
2026-09-22 12:49:20,AA-2026,N942DB,CRUISE,34035.2,458.7,326.5,0.11,0.05,27.78,28.13,0
2026-09-22 12:49:24,AA-2026,N942DB,CRUISE,34031.3,458.2,326.6,0.2,-0.33,27.97,28.11,0
2026-09-22 12:49:28,AA-2026,N942DB,CRUISE,34036.2,458.3,326.7,0.59,0.47,28.18,28.07,0
2026-09-22 12:49:32,AA-2026,N942DB,CRUISE,34036.3,458.8,326.5,0.79,0.24,27.77,28.09,0
2026-09-22 12:49:36,AA-2026,N942DB,CRUISE,34030.9,459.1,326.3,0.53,-0.35,27.84,28.41,0
2026-09-22 12:49:40,AA-2026,N942DB,CRUISE,34038.9,459.2,326.2,0.38,0.3,28.02,28.07,0
2026-09-22 12:49:44,AA-2026,N942DB,CRUISE,34036.6,458.7,326.3,0.13,0.37,27.85,28.15,0
2026-09-22 12:49:48,AA-2026,N942DB,CRUISE,34037.5,459.1,326.3,0.34,-0.34,27.88,28.04,0
2026-09-22 12:49:52,AA-2026,N942DB,CRUISE,34045.6,459.2,326.2,0.53,-0.35,27.94,28.13,0
2026-09-22 12:49:56,AA-2026,N942DB,CRUISE,34048.1,458.8,326.4,0.33,-0.18,27.8,28.08,0
2026-09-22 12:50:00,AA-2026,N942DB,CRUISE,34040.4,458.4,326.5,0.31,-0.42,27.85,28.06,0
2026-09-22 12:50:04,AA-2026,N942DB,CRUISE,34049.2,458.8,326.7,0.49,-0.23,28.11,28.28,0
2026-09-22 12:50:08,AA-2026,N942DB,CRUISE,34051.8,458.9,326.6,0.79,-0.12,27.8,28.22,0
2026-09-22 12:50:12,AA-2026,N942DB,CRUISE,34048.5,459.3,326.7,0.64,0.15,27.76,28.11,0
2026-09-22 12:50:16,AA-2026,N942DB,CRUISE,34041.2,459.7,326.6,0.56,0.02,27.91,27.87,0
2026-09-22 12:50:20,AA-2026,N942DB,CRUISE,34047.1,459.7,326.5,0.54,-0.04,28.11,28.06,0
2026-09-22 12:50:24,AA-2026,N942DB,CRUISE,34049.5,459.7,326.4,0.61,-0.14,27.97,28.37,0
2026-09-22 12:50:28,AA-2026,N942DB,CRUISE,34050.2,459.7,326.3,0.48,-0.39,27.93,28.08,0
2026-09-22 12:50:32,AA-2026,N942DB,CRUISE,34058.1,459.5,326.3,0.42,0.18,28.01,28.21,0
2026-09-22 12:50:36,AA-2026,N942DB,CRUISE,34063.8,459.4,326.4,0.65,0.17,27.74,28.24,0
2026-09-22 12:50:40,AA-2026,N942DB,CRUISE,34056.9,459.7,326.2,0.45,-0.19,28.07,28.12,0
2026-09-22 12:50:44,AA-2026,N942DB,CRUISE,34053.1,459.8,326.3,0.26,-0.33,28.06,28.02,0
2026-09-22 12:50:48,AA-2026,N942DB,CRUISE,34048.1,460.0,326.4,0.79,0.47,27.94,27.86,0
2026-09-22 12:50:52,AA-2026,N942DB,CRUISE,34053.0,459.9,326.3,0.13,0.07,28.15,28.17,0
2026-09-22 12:50:56,AA-2026,N942DB,CRUISE,34043.6,460.0,326.3,0.8,0.12,27.83,28.02,0
2026-09-22 12:51:00,AA-2026,N942DB,CRUISE,34045.0,460.0,326.2,0.6,0.13,28.17,28.12,0
2026-09-22 12:51:04,AA-2026,N942DB,CRUISE,34050.3,460.0,326.2,0.31,-0.36,28.02,27.98,0
2026-09-22 12:51:08,AA-2026,N942DB,CRUISE,34057.8,460.0,326.2,0.5,0.45,27.95,28.07,0
2026-09-22 12:51:12,AA-2026,N942DB,CRUISE,34054.6,459.7,326.1,0.41,-0.12,28.0,28.1,0
2026-09-22 12:51:16,AA-2026,N942DB,CRUISE,34061.1,459.7,325.9,0.66,0.25,27.98,28.13,0
2026-09-22 12:51:20,AA-2026,N942DB,CRUISE,34053.3,459.4,325.9,0.66,0.44,28.18,27.99,0
2026-09-22 12:51:24,AA-2026,N942DB,CRUISE,34060.2,459.2,326.1,0.59,0.02,27.84,28.22,0
2026-09-22 12:51:28,AA-2026,N942DB,CRUISE,34052.8,459.2,326.0,0.65,-0.35,27.89,28.04,0
2026-09-22 12:51:32,AA-2026,N942DB,CRUISE,34050.7,459.4,326.1,0.48,-0.75,28.16,27.93,0
2026-09-22 12:51:36,AA-2026,N942DB,CRUISE,34056.7,459.8,326.2,0.85,-0.01,27.91,28.09,0
2026-09-22 12:51:40,AA-2026,N942DB,CRUISE,34049.7,459.9,326.4,0.74,0.08,28.14,28.1,0
2026-09-22 12:51:44,AA-2026,N942DB,CRUISE,34044.2,460.0,326.5,0.4,-0.17,28.25,28.12,0
2026-09-22 12:51:48,AA-2026,N942DB,CRUISE,34048.7,460.0,326.5,0.66,0.04,27.94,28.24,0
2026-09-22 12:51:52,AA-2026,N942DB,CRUISE,34053.1,460.0,326.6,0.64,0.13,28.1,28.08,0
2026-09-22 12:51:56,AA-2026,N942DB,CRUISE,34055.9,459.6,326.7,0.45,0.3,27.83,28.09,0
2026-09-22 12:52:00,AA-2026,N942DB,CRUISE,34059.8,459.3,326.7,0.43,-0.07,28.11,27.99,0
2026-09-22 12:52:04,AA-2026,N942DB,CRUISE,34060.6,459.2,326.6,0.74,-0.01,28.03,28.18,0
2026-09-22 12:52:08,AA-2026,N942DB,CRUISE,34055.7,459.2,326.4,0.5,-0.05,28.07,28.12,0
2026-09-22 12:52:12,AA-2026,N942DB,CRUISE,34052.6,458.7,326.6,0.55,0.01,27.9,28.06,0
2026-09-22 12:52:16,AA-2026,N942DB,CRUISE,34046.2,458.3,326.7,0.78,-0.15,27.75,27.91,0
2026-09-22 12:52:20,AA-2026,N942DB,CRUISE,34054.4,458.1,326.5,1.01,-0.16,28.08,28.24,0
2026-09-22 12:52:24,AA-2026,N942DB,CRUISE,34056.1,458.6,326.6,0.39,-0.14,27.69,27.98,0
2026-09-22 12:52:28,AA-2026,N942DB,CRUISE,34054.1,458.4,326.5,0.46,0.05,27.95,28.04,0
2026-09-22 12:52:32,AA-2026,N942DB,CRUISE,34053.3,458.4,326.4,0.51,-0.25,28.14,28.14,0
2026-09-22 12:52:36,AA-2026,N942DB,CRUISE,34062.3,458.1,326.6,0.52,-0.14,28.03,27.98,0
2026-09-22 12:52:40,AA-2026,N942DB,CRUISE,34055.3,458.2,326.5,0.58,0.54,28.29,27.95,0
2026-09-22 12:52:44,AA-2026,N942DB,CRUISE,34057.1,458.0,326.3,0.4,0.27,28.15,27.89,0
2026-09-22 12:52:48,AA-2026,N942DB,CRUISE,34057.2,457.7,326.3,0.25,-0.29,27.9,28.17,0
2026-09-22 12:52:52,AA-2026,N942DB,CRUISE,34059.4,457.7,326.4,0.85,0.26,28.0,28.05,0
2026-09-22 12:52:56,AA-2026,N942DB,CRUISE,34049.8,457.2,326.2,0.62,0.19,27.99,28.39,0
2026-09-22 12:53:00,AA-2026,N942DB,CRUISE,34057.2,456.7,326.3,0.42,-0.03,27.76,28.0,0
2026-09-22 12:53:04,AA-2026,N942DB,CRUISE,34065.8,456.5,326.3,0.59,-0.21,27.86,28.01,0
2026-09-22 12:53:08,AA-2026,N942DB,CRUISE,34067.2,456.0,326.2,0.87,-0.25,27.92,28.04,0
2026-09-22 12:53:12,AA-2026,N942DB,CRUISE,34071.1,455.6,326.0,0.34,0.07,27.69,28.12,0
2026-09-22 12:53:16,AA-2026,N942DB,CRUISE,34079.5,455.4,326.1,0.54,-0.25,28.01,28.05,0
2026-09-22 12:53:20,AA-2026,N942DB,CRUISE,34083.7,455.7,326.0,0.22,0.33,27.96,28.16,0
2026-09-22 12:53:24,AA-2026,N942DB,CRUISE,34076.7,455.8,326.1,0.48,0.41,27.75,28.0,0
2026-09-22 12:53:28,AA-2026,N942DB,CRUISE,34078.3,455.8,326.3,0.62,-0.01,28.06,27.96,0
2026-09-22 12:53:32,AA-2026,N942DB,CRUISE,34080.4,455.6,326.5,0.28,0.34,28.11,27.92,0
2026-09-22 12:53:36,AA-2026,N942DB,CRUISE,34078.9,456.0,326.4,0.46,-0.12,28.03,27.88,0
2026-09-22 12:53:40,AA-2026,N942DB,CRUISE,34083.6,455.9,326.6,0.66,-0.21,27.95,28.05,0
2026-09-22 12:53:44,AA-2026,N942DB,CRUISE,34092.3,455.5,326.5,0.62,0.33,28.09,28.07,0
2026-09-22 12:53:48,AA-2026,N942DB,CRUISE,34100.8,455.6,326.5,0.27,0.47,28.1,28.04,0
2026-09-22 12:53:52,AA-2026,N942DB,CRUISE,34099.8,455.3,326.3,0.57,0.59,28.05,28.22,0
2026-09-22 12:53:56,AA-2026,N942DB,CRUISE,34092.1,455.1,326.1,0.61,0.1,27.88,28.22,0
2026-09-22 12:54:00,AA-2026,N942DB,CRUISE,34101.8,455.1,326.2,0.52,0.26,28.04,28.07,0
2026-09-22 12:54:04,AA-2026,N942DB,CRUISE,34108.6,455.5,326.2,0.72,0.09,28.18,27.92,0
2026-09-22 12:54:08,AA-2026,N942DB,CRUISE,34101.1,455.5,326.1,0.38,0.42,27.91,28.04,0
2026-09-22 12:54:12,AA-2026,N942DB,CRUISE,34109.5,455.7,326.1,0.58,0.13,28.31,28.04,0
2026-09-22 12:54:16,AA-2026,N942DB,CRUISE,34116.9,456.2,326.0,0.27,0.24,27.92,28.03,0
2026-09-22 12:54:20,AA-2026,N942DB,CRUISE,34117.2,455.8,326.0,0.18,-0.34,28.0,28.03,0
2026-09-22 12:54:24,AA-2026,N942DB,CRUISE,34119.1,455.6,326.0,0.66,-0.07,27.9,28.03,0
2026-09-22 12:54:28,AA-2026,N942DB,CRUISE,34117.0,455.5,326.1,0.5,0.24,28.03,28.06,0
2026-09-22 12:54:32,AA-2026,N942DB,CRUISE,34108.1,455.4,326.2,0.41,0.22,27.74,28.04,0
2026-09-22 12:54:36,AA-2026,N942DB,CRUISE,34104.8,455.3,326.2,0.29,0.27,27.92,28.12,0
2026-09-22 12:54:40,AA-2026,N942DB,CRUISE,34110.9,455.7,326.2,0.67,0.04,27.84,28.14,0
2026-09-22 12:54:44,AA-2026,N942DB,CRUISE,34101.0,455.9,326.1,0.2,-0.2,28.02,28.01,0
2026-09-22 12:54:48,AA-2026,N942DB,CRUISE,34097.7,456.0,326.2,0.7,-0.02,28.15,28.23,0
2026-09-22 12:54:52,AA-2026,N942DB,CRUISE,34095.6,455.8,326.2,0.59,0.01,28.1,28.0,0
2026-09-22 12:54:56,AA-2026,N942DB,CRUISE,34096.4,456.2,326.1,0.21,0.07,27.64,27.94,0
2026-09-22 12:55:00,AA-2026,N942DB,CRUISE,34104.8,456.6,325.9,0.53,-0.29,28.31,28.14,0
2026-09-22 12:55:04,AA-2026,N942DB,CRUISE,34101.7,456.9,325.9,1.03,-0.08,28.04,28.02,0
2026-09-22 12:55:08,AA-2026,N942DB,CRUISE,34098.6,456.5,325.9,0.74,-0.03,27.88,28.13,0
2026-09-22 12:55:12,AA-2026,N942DB,CRUISE,34103.4,456.6,326.0,0.33,-0.67,28.02,27.86,0
2026-09-22 12:55:16,AA-2026,N942DB,CRUISE,34102.4,456.1,325.9,0.64,0.25,28.03,28.24,0
2026-09-22 12:55:20,AA-2026,N942DB,CRUISE,34096.9,455.9,325.8,0.22,0.05,27.9,28.17,0
2026-09-22 12:55:24,AA-2026,N942DB,CRUISE,34096.0,455.5,326.0,0.23,0.08,28.03,27.95,0
2026-09-22 12:55:28,AA-2026,N942DB,CRUISE,34088.8,455.6,326.1,0.49,-0.15,27.91,27.95,0
2026-09-22 12:55:32,AA-2026,N942DB,CRUISE,34082.3,455.7,326.1,0.61,0.18,27.94,28.27,0
2026-09-22 12:55:36,AA-2026,N942DB,CRUISE,34082.3,455.4,326.0,0.66,-0.25,27.9,28.03,0
2026-09-22 12:55:40,AA-2026,N942DB,CRUISE,34080.7,455.2,326.0,0.67,-0.2,27.79,28.02,0
2026-09-22 12:55:44,AA-2026,N942DB,CRUISE,34089.0,455.2,326.1,0.6,0.19,28.02,27.87,0
2026-09-22 12:55:48,AA-2026,N942DB,CRUISE,34086.2,455.1,326.0,0.18,0.11,28.09,28.06,0
2026-09-22 12:55:52,AA-2026,N942DB,CRUISE,34087.8,454.7,326.1,0.49,-0.38,28.08,28.08,0
2026-09-22 12:55:56,AA-2026,N942DB,CRUISE,34090.5,454.6,326.2,0.69,0.47,28.12,28.17,0
2026-09-22 12:56:00,AA-2026,N942DB,CRUISE,34080.7,454.9,326.2,0.59,-0.23,28.05,27.96,0
2026-09-22 12:56:04,AA-2026,N942DB,CRUISE,34084.0,454.4,326.0,0.54,-0.04,27.92,27.95,0
2026-09-22 12:56:08,AA-2026,N942DB,CRUISE,34077.6,454.0,326.0,0.57,0.52,28.13,28.15,0
2026-09-22 12:56:12,AA-2026,N942DB,CRUISE,34086.8,453.9,326.0,0.56,-0.62,27.8,28.2,0
2026-09-22 12:56:16,AA-2026,N942DB,CRUISE,34079.8,454.3,325.9,0.11,-0.51,27.86,27.94,0
2026-09-22 12:56:20,AA-2026,N942DB,CRUISE,34078.0,454.5,325.9,0.73,0.13,27.86,28.21,0
2026-09-22 12:56:24,AA-2026,N942DB,CRUISE,34069.8,454.7,326.1,0.48,-0.74,28.16,28.1,0
2026-09-22 12:56:28,AA-2026,N942DB,CRUISE,34079.7,454.5,326.1,0.64,-0.61,28.14,28.21,0
2026-09-22 12:56:32,AA-2026,N942DB,CRUISE,34079.7,454.6,326.2,0.04,0.35,28.07,28.09,0
2026-09-22 12:56:36,AA-2026,N942DB,CRUISE,34081.6,454.1,326.1,0.83,-0.12,28.16,27.85,0
2026-09-22 12:56:40,AA-2026,N942DB,CRUISE,34073.0,454.3,326.0,0.27,0.66,27.87,28.08,0
2026-09-22 12:56:44,AA-2026,N942DB,CRUISE,34078.0,454.7,325.9,1.01,-0.31,28.05,28.21,0
2026-09-22 12:56:48,AA-2026,N942DB,CRUISE,34072.2,454.8,325.9,0.92,-0.1,27.98,28.01,0
2026-09-22 12:56:52,AA-2026,N942DB,CRUISE,34080.1,455.2,326.1,0.24,0.16,28.13,28.06,0
2026-09-22 12:56:56,AA-2026,N942DB,CRUISE,34074.2,455.4,326.2,0.66,0.14,27.98,28.08,0
2026-09-22 12:57:00,AA-2026,N942DB,CRUISE,34068.1,455.0,326.0,0.3,-0.08,27.94,27.81,0
2026-09-22 12:57:04,AA-2026,N942DB,CRUISE,34058.8,455.4,325.9,0.37,-0.19,28.08,28.27,0
2026-09-22 12:57:08,AA-2026,N942DB,CRUISE,34058.2,455.0,325.9,0.38,0.07,28.13,28.01,0
2026-09-22 12:57:12,AA-2026,N942DB,CRUISE,34059.5,455.0,325.9,0.59,0.41,27.9,28.15,0
2026-09-22 12:57:16,AA-2026,N942DB,CRUISE,34050.8,454.6,326.0,0.56,0.23,27.99,28.09,0
2026-09-22 12:57:20,AA-2026,N942DB,CRUISE,34056.4,454.2,326.2,0.26,-0.19,27.84,28.23,0
2026-09-22 12:57:24,AA-2026,N942DB,CRUISE,34055.4,454.1,326.2,0.59,-0.3,27.63,28.14,0
2026-09-22 12:57:28,AA-2026,N942DB,CRUISE,34055.9,453.9,326.2,0.46,-0.21,28.03,28.08,0
2026-09-22 12:57:32,AA-2026,N942DB,CRUISE,34054.7,453.9,326.1,0.14,-0.38,28.09,28.01,0
2026-09-22 12:57:36,AA-2026,N942DB,CRUISE,34052.7,453.9,325.9,0.41,0.04,28.04,28.18,0
2026-09-22 12:57:40,AA-2026,N942DB,CRUISE,34053.9,453.5,325.8,0.83,0.24,27.71,27.91,0
2026-09-22 12:57:44,AA-2026,N942DB,CRUISE,34047.0,453.1,325.8,0.42,-0.02,27.95,28.16,0
2026-09-22 12:57:48,AA-2026,N942DB,CRUISE,34040.7,453.2,325.9,0.13,0.52,27.67,27.99,0
2026-09-22 12:57:52,AA-2026,N942DB,CRUISE,34047.9,453.0,325.9,0.66,0.53,28.21,28.23,0
2026-09-22 12:57:56,AA-2026,N942DB,CRUISE,34056.8,453.2,325.8,0.31,0.09,27.84,28.12,0
2026-09-22 12:58:00,AA-2026,N942DB,CRUISE,34054.3,453.4,325.7,0.54,0.21,28.19,28.16,0
2026-09-22 12:58:04,AA-2026,N942DB,CRUISE,34049.7,453.7,325.6,0.47,-0.27,28.14,28.11,1
2026-09-22 12:58:08,AA-2026,N942DB,CRUISE,34052.6,453.9,325.5,0.85,-0.11,27.86,27.92,0
2026-09-22 12:58:12,AA-2026,N942DB,CRUISE,34050.8,453.9,325.6,0.47,0.38,27.83,28.01,0
2026-09-22 12:58:16,AA-2026,N942DB,CRUISE,34041.3,454.0,325.4,0.27,-0.17,28.05,28.17,0
2026-09-22 12:58:20,AA-2026,N942DB,CRUISE,34034.4,453.8,325.4,0.41,0.45,27.87,28.12,0
2026-09-22 12:58:24,AA-2026,N942DB,CRUISE,34038.7,453.6,325.3,0.25,0.33,28.02,28.22,0
2026-09-22 12:58:28,AA-2026,N942DB,CRUISE,34041.9,453.9,325.4,0.46,0.23,27.93,28.14,0
2026-09-22 12:58:32,AA-2026,N942DB,CRUISE,34032.4,453.8,325.4,0.85,-0.35,27.73,28.0,0
2026-09-22 12:58:36,AA-2026,N942DB,CRUISE,34026.9,454.1,325.3,0.75,-0.09,27.67,28.02,0
2026-09-22 12:58:40,AA-2026,N942DB,CRUISE,34021.5,454.5,325.3,0.91,0.19,28.03,28.11,0
2026-09-22 12:58:44,AA-2026,N942DB,CRUISE,34024.9,454.8,325.4,0.6,-0.3,27.92,27.87,0
2026-09-22 12:58:48,AA-2026,N942DB,CRUISE,34015.3,455.2,325.6,0.53,-0.06,27.92,28.27,0
2026-09-22 12:58:52,AA-2026,N942DB,CRUISE,34007.4,455.2,325.5,0.3,0.23,28.1,28.14,0
2026-09-22 12:58:56,AA-2026,N942DB,CRUISE,34013.4,455.0,325.6,0.55,-0.17,28.18,28.22,0
2026-09-22 12:59:00,AA-2026,N942DB,CRUISE,34007.0,455.1,325.8,0.47,-0.25,27.96,27.94,0
2026-09-22 12:59:04,AA-2026,N942DB,CRUISE,34010.0,454.9,326.0,0.66,-0.54,27.95,28.22,0
2026-09-22 12:59:08,AA-2026,N942DB,CRUISE,34004.8,455.0,326.0,0.28,-0.12,28.08,28.32,0
2026-09-22 12:59:12,AA-2026,N942DB,CRUISE,34000.0,455.3,326.1,0.51,0.23,27.8,27.97,0
2026-09-22 12:59:16,AA-2026,N942DB,CRUISE,34000.0,455.4,326.0,0.19,-0.26,28.03,28.18,0
2026-09-22 12:59:20,AA-2026,N942DB,CRUISE,34004.4,455.3,326.1,0.57,0.01,28.08,28.1,0
2026-09-22 12:59:24,AA-2026,N942DB,CRUISE,34011.6,455.0,326.2,0.64,-0.07,28.1,27.95,0
2026-09-22 12:59:28,AA-2026,N942DB,CRUISE,34018.2,454.9,326.2,0.18,-0.2,27.71,28.15,0
2026-09-22 12:59:32,AA-2026,N942DB,CRUISE,34016.1,454.6,326.2,0.23,0.25,27.89,28.18,0
2026-09-22 12:59:36,AA-2026,N942DB,CRUISE,34019.5,454.9,326.3,0.24,0.49,27.87,28.04,0
2026-09-22 12:59:40,AA-2026,N942DB,CRUISE,34013.6,454.8,326.4,0.46,0.3,28.01,28.22,0
2026-09-22 12:59:44,AA-2026,N942DB,CRUISE,34009.4,454.4,326.3,0.22,-0.21,28.07,27.93,0
2026-09-22 12:59:48,AA-2026,N942DB,CRUISE,34017.4,454.0,326.4,0.78,0.6,28.22,27.95,0
2026-09-22 12:59:52,AA-2026,N942DB,CRUISE,34007.6,454.1,326.4,0.59,0.3,27.93,28.11,0
2026-09-22 12:59:56,AA-2026,N942DB,CRUISE,34000.0,454.3,326.6,0.62,-0.14,27.93,28.1,0
2026-09-22 13:00:00,AA-2026,N942DB,CRUISE,34000.0,454.1,326.5,0.18,-0.23,28.17,28.03,0
2026-09-22 13:00:04,AA-2026,N942DB,CRUISE,34000.0,453.7,326.5,0.76,0.34,28.04,28.18,0
2026-09-22 13:00:08,AA-2026,N942DB,CRUISE,34000.0,453.6,326.7,0.63,0.05,28.19,28.15,0
2026-09-22 13:00:12,AA-2026,N942DB,CRUISE,34001.7,453.4,326.6,0.36,-0.26,28.04,28.19,0
2026-09-22 13:00:16,AA-2026,N942DB,CRUISE,34000.1,453.6,326.7,0.19,-0.04,27.83,28.09,0
2026-09-22 13:00:20,AA-2026,N942DB,CRUISE,34007.9,453.7,326.7,0.48,-0.12,27.8,28.16,0
2026-09-22 13:00:24,AA-2026,N942DB,CRUISE,34014.3,453.5,326.7,0.41,-0.25,27.77,28.06,0
2026-09-22 13:00:28,AA-2026,N942DB,CRUISE,34011.1,453.3,326.6,0.42,0.3,28.1,28.31,0
2026-09-22 13:00:32,AA-2026,N942DB,CRUISE,34006.3,453.7,326.7,0.36,0.23,28.18,28.02,0
2026-09-22 13:00:36,AA-2026,N942DB,CRUISE,34003.9,453.7,326.6,0.64,0.25,28.28,28.31,0
2026-09-22 13:00:40,AA-2026,N942DB,CRUISE,34005.7,453.9,326.4,-0.02,0.25,28.13,28.1,0
2026-09-22 13:00:44,AA-2026,N942DB,CRUISE,34001.1,453.5,326.3,0.79,-0.27,28.17,27.96,0
2026-09-22 13:00:48,AA-2026,N942DB,CRUISE,34003.6,453.5,326.1,0.7,-0.18,27.91,28.24,0
2026-09-22 13:00:52,AA-2026,N942DB,CRUISE,34001.7,453.0,326.3,0.54,0.44,27.83,28.11,0
2026-09-22 13:00:56,AA-2026,N942DB,CRUISE,34002.8,453.0,326.5,0.47,0.03,28.13,28.19,0
2026-09-22 13:01:00,AA-2026,N942DB,CRUISE,34001.5,453.5,326.4,0.72,-0.44,28.06,28.22,0
2026-09-22 13:01:04,AA-2026,N942DB,CRUISE,34000.0,453.4,326.5,0.49,0.07,28.02,28.13,0
2026-09-22 13:01:08,AA-2026,N942DB,CRUISE,34009.0,452.9,326.5,0.44,0.2,28.06,28.04,0
2026-09-22 13:01:12,AA-2026,N942DB,CRUISE,34014.2,452.5,326.5,0.73,0.16,28.05,28.2,0
2026-09-22 13:01:16,AA-2026,N942DB,CRUISE,34007.0,452.3,326.7,0.92,-0.28,28.19,28.1,0
2026-09-22 13:01:20,AA-2026,N942DB,CRUISE,34014.4,452.0,326.8,0.31,0.57,28.19,28.17,0
2026-09-22 13:01:24,AA-2026,N942DB,CRUISE,34014.2,451.5,326.8,0.58,-0.45,28.08,27.88,0
2026-09-22 13:01:28,AA-2026,N942DB,CRUISE,34022.1,451.8,326.9,0.28,0.03,28.13,28.14,0
2026-09-22 13:01:32,AA-2026,N942DB,CRUISE,34028.0,451.7,326.8,0.6,0.52,28.08,28.04,0
2026-09-22 13:01:36,AA-2026,N942DB,CRUISE,34026.6,451.5,327.0,0.34,0.18,27.93,28.27,0
2026-09-22 13:01:40,AA-2026,N942DB,CRUISE,34017.0,451.9,326.8,0.74,0.25,28.11,28.16,0
2026-09-22 13:01:44,AA-2026,N942DB,CRUISE,34012.4,451.6,326.9,0.48,-0.32,27.79,28.12,0
2026-09-22 13:01:48,AA-2026,N942DB,CRUISE,34013.2,452.0,326.9,0.51,0.1,28.16,28.15,0
2026-09-22 13:01:52,AA-2026,N942DB,CRUISE,34015.9,451.8,327.0,0.83,-0.01,27.82,28.0,0
2026-09-22 13:01:56,AA-2026,N942DB,CRUISE,34011.0,452.2,326.9,0.35,-0.34,28.04,28.26,0
2026-09-22 13:02:00,AA-2026,N942DB,CRUISE,34003.8,452.3,327.0,0.64,0.26,27.87,28.3,0
2026-09-22 13:02:04,AA-2026,N942DB,CRUISE,34010.5,452.6,326.9,0.37,-0.25,28.08,28.14,0
2026-09-22 13:02:08,AA-2026,N942DB,CRUISE,34020.2,453.1,327.0,0.74,-0.21,27.99,28.26,0
2026-09-22 13:02:12,AA-2026,N942DB,CRUISE,34020.7,452.9,326.8,0.86,0.13,27.76,28.04,0
2026-09-22 13:02:16,AA-2026,N942DB,CRUISE,34014.2,453.4,326.8,0.45,-0.04,28.06,28.02,0
2026-09-22 13:02:20,AA-2026,N942DB,CRUISE,34009.6,453.3,326.8,0.06,0.05,27.91,28.1,0
2026-09-22 13:02:24,AA-2026,N942DB,CRUISE,34000.0,453.1,326.8,0.36,-0.06,28.13,28.14,0
2026-09-22 13:02:28,AA-2026,N942DB,CRUISE,34008.3,453.0,326.6,0.99,0.42,28.0,28.06,0
2026-09-22 13:02:32,AA-2026,N942DB,CRUISE,34000.6,453.0,326.5,0.38,-0.28,28.06,28.15,0
2026-09-22 13:02:36,AA-2026,N942DB,CRUISE,34002.2,452.7,326.5,0.85,-0.14,27.86,28.13,0
2026-09-22 13:02:40,AA-2026,N942DB,CRUISE,34000.0,452.7,326.6,0.38,0.14,27.91,28.0,0
2026-09-22 13:02:44,AA-2026,N942DB,CRUISE,34001.1,452.8,326.7,0.37,-0.3,27.93,28.15,0
2026-09-22 13:02:48,AA-2026,N942DB,CRUISE,34004.1,453.0,326.5,0.66,-0.31,28.13,28.19,0
2026-09-22 13:02:52,AA-2026,N942DB,CRUISE,34010.7,453.4,326.5,0.63,0.04,28.25,28.12,0
2026-09-22 13:02:56,AA-2026,N942DB,CRUISE,34004.8,453.3,326.3,0.67,0.26,27.88,28.22,0
2026-09-22 13:03:00,AA-2026,N942DB,CRUISE,34000.0,453.1,326.2,0.5,0.3,28.16,27.98,0
2026-09-22 13:03:04,AA-2026,N942DB,CRUISE,34000.0,452.9,326.2,0.71,0.03,27.67,28.15,0
2026-09-22 13:03:08,AA-2026,N942DB,CRUISE,34008.0,452.6,326.3,0.69,-0.2,27.82,27.98,0
2026-09-22 13:03:12,AA-2026,N942DB,CRUISE,34015.5,452.1,326.1,0.73,0.08,27.86,27.99,0
2026-09-22 13:03:16,AA-2026,N942DB,CRUISE,34017.4,452.0,326.0,0.38,0.17,27.8,28.04,0
2026-09-22 13:03:20,AA-2026,N942DB,CRUISE,34019.4,451.7,325.8,0.71,0.08,27.76,28.01,0
2026-09-22 13:03:24,AA-2026,N942DB,CRUISE,34022.7,452.2,326.0,0.4,0.37,28.06,28.05,0
2026-09-22 13:03:28,AA-2026,N942DB,CRUISE,34016.2,452.3,326.1,0.47,-0.3,27.97,28.08,0
2026-09-22 13:03:32,AA-2026,N942DB,CRUISE,34024.5,452.1,326.0,0.46,-0.21,28.06,28.18,0
2026-09-22 13:03:36,AA-2026,N942DB,CRUISE,34022.9,452.2,325.9,0.3,0.33,28.1,28.07,0
2026-09-22 13:03:40,AA-2026,N942DB,CRUISE,34020.6,451.8,326.0,0.15,-0.44,28.04,27.94,0
2026-09-22 13:03:44,AA-2026,N942DB,CRUISE,34020.9,451.8,326.2,0.74,-0.16,28.1,28.21,0
2026-09-22 13:03:48,AA-2026,N942DB,CRUISE,34011.9,451.9,326.2,0.36,-0.22,27.99,28.02,0
2026-09-22 13:03:52,AA-2026,N942DB,CRUISE,34005.2,451.9,326.0,0.45,-0.47,27.82,28.09,0
2026-09-22 13:03:56,AA-2026,N942DB,CRUISE,34010.0,451.8,325.8,0.35,-0.06,28.16,28.14,0
2026-09-22 13:04:00,AA-2026,N942DB,CRUISE,34001.6,452.3,325.8,0.45,0.22,27.91,28.12,0
2026-09-22 13:04:04,AA-2026,N942DB,CRUISE,34003.7,452.7,325.8,0.4,0.05,27.86,28.21,0
2026-09-22 13:04:08,AA-2026,N942DB,CRUISE,34000.0,452.8,325.6,0.76,0.24,27.97,28.15,0
2026-09-22 13:04:12,AA-2026,N942DB,CRUISE,34000.0,452.9,325.6,0.38,0.36,27.86,28.01,0
2026-09-22 13:04:16,AA-2026,N942DB,CRUISE,34000.0,453.0,325.5,0.84,-0.12,27.94,28.32,0
2026-09-22 13:04:20,AA-2026,N942DB,CRUISE,34000.0,452.7,325.6,0.73,0.79,28.05,28.12,0
2026-09-22 13:04:24,AA-2026,N942DB,CRUISE,34004.4,452.6,325.5,0.41,-0.1,28.05,28.09,0
2026-09-22 13:04:28,AA-2026,N942DB,CRUISE,34000.3,452.1,325.3,0.56,-0.06,27.87,28.2,0
2026-09-22 13:04:32,AA-2026,N942DB,CRUISE,34001.7,452.1,325.3,0.6,-0.21,27.93,28.12,0
2026-09-22 13:04:36,AA-2026,N942DB,CRUISE,34001.2,452.1,325.3,0.67,0.16,28.16,28.14,0
2026-09-22 13:04:40,AA-2026,N942DB,CRUISE,34004.4,451.9,325.5,0.69,-0.09,28.07,28.35,0
2026-09-22 13:04:44,AA-2026,N942DB,CRUISE,34013.2,452.3,325.5,0.54,-0.02,28.31,28.07,0
2026-09-22 13:04:48,AA-2026,N942DB,CRUISE,34017.8,452.7,325.4,0.31,-0.06,28.18,28.07,0
2026-09-22 13:04:52,AA-2026,N942DB,CRUISE,34012.1,453.0,325.5,0.63,-0.07,28.17,28.11,0
2026-09-22 13:04:56,AA-2026,N942DB,CRUISE,34002.8,453.0,325.4,0.45,0.05,27.79,28.21,0
2026-09-22 13:05:00,AA-2026,N942DB,CRUISE,34000.0,453.4,325.6,-0.06,-0.14,28.11,27.95,0
2026-09-22 13:05:04,AA-2026,N942DB,CRUISE,34001.9,453.0,325.5,0.58,-0.12,27.99,27.9,0
2026-09-22 13:05:08,AA-2026,N942DB,CRUISE,34000.0,453.3,325.5,0.35,0.32,27.92,28.04,0
2026-09-22 13:05:12,AA-2026,N942DB,CRUISE,34000.0,452.9,325.4,0.41,-0.09,28.03,27.94,0
2026-09-22 13:05:16,AA-2026,N942DB,CRUISE,34001.9,453.2,325.3,0.5,0.12,28.14,28.06,0
2026-09-22 13:05:20,AA-2026,N942DB,CRUISE,34000.0,453.0,325.5,0.19,-0.27,28.08,28.15,0
2026-09-22 13:05:24,AA-2026,N942DB,CRUISE,34005.4,453.4,325.6,0.53,-0.13,27.87,28.01,0
2026-09-22 13:05:28,AA-2026,N942DB,CRUISE,34000.0,453.8,325.5,0.44,-0.37,28.11,27.96,0
2026-09-22 13:05:32,AA-2026,N942DB,CRUISE,34000.0,453.4,325.4,0.32,0.56,27.9,28.11,0
2026-09-22 13:05:36,AA-2026,N942DB,CRUISE,34004.6,453.4,325.5,0.51,0.41,28.03,28.19,0
2026-09-22 13:05:40,AA-2026,N942DB,CRUISE,34004.5,453.9,325.7,0.16,0.18,27.95,27.93,0
2026-09-22 13:05:44,AA-2026,N942DB,CRUISE,34008.2,453.9,325.5,0.52,0.65,27.97,28.18,0
2026-09-22 13:05:48,AA-2026,N942DB,CRUISE,34006.9,454.2,325.5,0.59,0.23,28.11,28.18,0
2026-09-22 13:05:52,AA-2026,N942DB,CRUISE,34001.9,454.3,325.4,0.56,-0.05,27.84,28.2,0
2026-09-22 13:05:56,AA-2026,N942DB,CRUISE,34008.2,454.2,325.6,0.66,0.11,28.29,28.22,0
2026-09-22 13:06:00,AA-2026,N942DB,CRUISE,34014.2,454.0,325.4,0.73,0.41,27.73,28.32,0
2026-09-22 13:06:04,AA-2026,N942DB,CRUISE,34018.1,453.7,325.3,0.48,-0.26,27.91,28.06,0
2026-09-22 13:06:08,AA-2026,N942DB,CRUISE,34013.6,454.0,325.4,0.72,-0.35,28.06,28.11,0
2026-09-22 13:06:12,AA-2026,N942DB,CRUISE,34015.4,453.8,325.2,0.48,0.12,28.09,28.06,0
2026-09-22 13:06:16,AA-2026,N942DB,CRUISE,34012.6,453.9,325.2,0.36,-0.18,27.98,28.1,0
2026-09-22 13:06:20,AA-2026,N942DB,CRUISE,34004.4,453.8,325.2,0.42,-0.68,27.99,28.25,0
2026-09-22 13:06:24,AA-2026,N942DB,CRUISE,34012.8,453.9,325.1,0.55,-0.37,28.06,27.97,0
2026-09-22 13:06:28,AA-2026,N942DB,CRUISE,34005.5,454.3,325.1,0.72,-0.09,27.97,28.01,0
2026-09-22 13:06:32,AA-2026,N942DB,CRUISE,34014.5,454.8,325.1,0.5,0.01,28.21,28.24,0
2026-09-22 13:06:36,AA-2026,N942DB,CRUISE,34013.4,454.7,325.0,0.37,0.02,28.13,28.2,0
2026-09-22 13:06:40,AA-2026,N942DB,CRUISE,34007.1,455.0,325.0,0.79,0.6,28.13,28.06,0
2026-09-22 13:06:44,AA-2026,N942DB,CRUISE,34008.0,455.3,325.1,0.21,-0.06,27.86,28.19,0
2026-09-22 13:06:48,AA-2026,N942DB,CRUISE,34015.4,455.3,325.2,0.37,0.08,27.99,28.13,0
2026-09-22 13:06:52,AA-2026,N942DB,CRUISE,34020.1,455.8,325.1,0.68,-0.49,27.95,28.25,0
2026-09-22 13:06:56,AA-2026,N942DB,CRUISE,34026.2,455.5,324.9,0.85,-0.01,27.85,28.11,0
2026-09-22 13:07:00,AA-2026,N942DB,CRUISE,34029.4,455.1,324.8,0.6,0.1,28.05,28.2,0
2026-09-22 13:07:04,AA-2026,N942DB,CRUISE,34033.2,455.5,324.8,0.55,-0.41,27.92,28.36,0
2026-09-22 13:07:08,AA-2026,N942DB,CRUISE,34040.2,455.4,324.7,0.44,-0.28,28.1,28.16,0
2026-09-22 13:07:12,AA-2026,N942DB,CRUISE,34035.2,455.7,324.8,0.61,0.15,27.84,28.1,0
2026-09-22 13:07:16,AA-2026,N942DB,CRUISE,34035.0,456.1,324.6,0.53,-0.16,28.26,28.17,0
2026-09-22 13:07:20,AA-2026,N942DB,CRUISE,34029.4,455.7,324.4,0.35,-0.03,27.87,28.06,0
2026-09-22 13:07:24,AA-2026,N942DB,CRUISE,34039.2,456.1,324.4,0.44,0.16,28.03,28.34,0
2026-09-22 13:07:28,AA-2026,N942DB,CRUISE,34048.1,456.0,324.5,0.33,0.61,28.12,28.12,0
2026-09-22 13:07:32,AA-2026,N942DB,CRUISE,34038.8,456.0,324.4,0.5,-0.07,27.91,28.07,0
2026-09-22 13:07:36,AA-2026,N942DB,CRUISE,34043.0,456.2,324.4,0.53,0.53,28.13,28.02,0
2026-09-22 13:07:40,AA-2026,N942DB,CRUISE,34051.5,456.6,324.3,0.83,-0.59,27.82,28.21,0
2026-09-22 13:07:44,AA-2026,N942DB,CRUISE,34045.1,456.1,324.5,0.38,0.04,28.22,28.19,0
2026-09-22 13:07:48,AA-2026,N942DB,CRUISE,34046.4,456.1,324.6,0.46,-0.1,28.0,28.05,0
2026-09-22 13:07:52,AA-2026,N942DB,CRUISE,34054.7,456.3,324.6,0.75,-0.16,27.91,28.16,0
2026-09-22 13:07:56,AA-2026,N942DB,CRUISE,34045.4,456.5,324.4,0.86,0.2,27.96,27.95,0
2026-09-22 13:08:00,AA-2026,N942DB,CRUISE,34049.4,456.7,324.4,0.59,-0.06,28.12,28.12,0
2026-09-22 13:08:04,AA-2026,N942DB,CRUISE,34045.3,456.3,324.3,0.45,-0.61,27.91,28.15,0
2026-09-22 13:08:08,AA-2026,N942DB,CRUISE,34053.8,456.1,324.4,0.41,-0.48,27.89,28.27,0
2026-09-22 13:08:12,AA-2026,N942DB,CRUISE,34063.2,456.0,324.5,0.13,0.22,27.97,28.02,0
2026-09-22 13:08:16,AA-2026,N942DB,CRUISE,34072.1,456.3,324.6,0.31,-0.49,27.82,27.97,0
2026-09-22 13:08:20,AA-2026,N942DB,CRUISE,34071.6,456.1,324.7,0.52,0.22,28.27,28.01,0
2026-09-22 13:08:24,AA-2026,N942DB,CRUISE,34078.8,455.8,324.7,0.46,0.04,27.92,27.97,0
2026-09-22 13:08:28,AA-2026,N942DB,CRUISE,34085.7,456.2,324.5,0.62,-0.05,28.12,28.23,0
2026-09-22 13:08:32,AA-2026,N942DB,CRUISE,34082.1,455.7,324.6,0.46,-0.02,28.03,28.25,0
2026-09-22 13:08:36,AA-2026,N942DB,CRUISE,34088.7,456.2,324.6,0.35,0.15,27.85,28.13,0
2026-09-22 13:08:40,AA-2026,N942DB,CRUISE,34079.4,456.4,324.6,0.57,-0.35,28.0,28.22,0
2026-09-22 13:08:44,AA-2026,N942DB,CRUISE,34081.4,456.8,324.5,1.0,0.01,28.12,28.11,0
2026-09-22 13:08:48,AA-2026,N942DB,CRUISE,34076.0,456.5,324.4,0.44,-0.34,27.97,28.09,0
2026-09-22 13:08:52,AA-2026,N942DB,CRUISE,34068.4,456.1,324.6,0.53,0.05,28.18,28.07,0
2026-09-22 13:08:56,AA-2026,N942DB,CRUISE,34059.9,456.3,324.4,0.67,0.19,28.15,28.07,0
2026-09-22 13:09:00,AA-2026,N942DB,CRUISE,34063.8,456.6,324.6,0.39,0.05,28.14,27.95,0
2026-09-22 13:09:04,AA-2026,N942DB,CRUISE,34060.6,456.9,324.8,0.75,0.18,27.93,28.13,0
2026-09-22 13:09:08,AA-2026,N942DB,CRUISE,34065.1,456.5,324.9,0.18,-0.21,27.84,28.1,0
2026-09-22 13:09:12,AA-2026,N942DB,CRUISE,34056.4,456.8,325.0,0.42,-0.02,27.91,28.17,0
2026-09-22 13:09:16,AA-2026,N942DB,CRUISE,34052.7,457.0,325.0,0.44,-0.07,28.03,28.11,0
2026-09-22 13:09:20,AA-2026,N942DB,CRUISE,34053.5,457.2,325.2,0.53,-0.09,28.08,28.08,0
2026-09-22 13:09:24,AA-2026,N942DB,CRUISE,34059.3,457.5,325.1,0.11,-0.24,27.67,28.01,0
2026-09-22 13:09:28,AA-2026,N942DB,CRUISE,34055.7,457.8,325.1,0.77,-0.13,28.0,28.11,0
2026-09-22 13:09:32,AA-2026,N942DB,CRUISE,34058.2,457.9,325.1,0.58,-0.33,28.02,28.17,0
2026-09-22 13:09:36,AA-2026,N942DB,CRUISE,34066.0,457.5,325.1,0.72,-0.51,27.96,27.99,0
2026-09-22 13:09:40,AA-2026,N942DB,CRUISE,34068.3,457.5,325.1,0.82,-0.21,28.19,28.11,0
2026-09-22 13:09:44,AA-2026,N942DB,CRUISE,34062.9,457.1,325.0,0.35,0.19,28.06,28.12,0
2026-09-22 13:09:48,AA-2026,N942DB,CRUISE,34053.4,457.0,325.0,0.0,0.07,28.2,28.03,0
2026-09-22 13:09:52,AA-2026,N942DB,CRUISE,34060.8,456.9,325.2,0.73,-0.38,27.97,28.04,0
2026-09-22 13:09:56,AA-2026,N942DB,CRUISE,34051.2,456.5,325.0,0.44,-0.12,28.14,28.12,0
2026-09-22 13:10:00,AA-2026,N942DB,CRUISE,34058.7,456.3,325.2,0.27,0.21,28.25,27.99,0
2026-09-22 13:10:04,AA-2026,N942DB,CRUISE,34059.3,455.9,325.3,0.62,-0.13,28.2,28.13,0
2026-09-22 13:10:08,AA-2026,N942DB,CRUISE,34068.1,456.2,325.4,0.99,-0.43,27.84,28.01,0
2026-09-22 13:10:12,AA-2026,N942DB,CRUISE,34074.1,456.7,325.4,0.48,0.68,27.96,28.21,0
2026-09-22 13:10:16,AA-2026,N942DB,CRUISE,34084.0,456.2,325.6,0.69,-0.05,27.95,28.33,0
2026-09-22 13:10:20,AA-2026,N942DB,CRUISE,34081.0,456.7,325.4,0.3,-0.35,28.07,28.01,0
2026-09-22 13:10:24,AA-2026,N942DB,CRUISE,34086.4,456.7,325.5,0.16,0.05,28.1,28.15,0
2026-09-22 13:10:28,AA-2026,N942DB,CRUISE,34084.4,456.5,325.3,0.68,-0.03,27.87,28.03,0
2026-09-22 13:10:32,AA-2026,N942DB,CRUISE,34084.0,456.1,325.5,0.61,-0.46,28.01,28.2,0
2026-09-22 13:10:36,AA-2026,N942DB,CRUISE,34086.6,456.1,325.7,0.41,0.03,27.7,27.97,0
2026-09-22 13:10:40,AA-2026,N942DB,CRUISE,34094.1,456.4,325.6,0.84,0.3,28.22,28.15,0
2026-09-22 13:10:44,AA-2026,N942DB,CRUISE,34103.7,456.6,325.5,0.15,-0.07,27.92,28.01,0
2026-09-22 13:10:48,AA-2026,N942DB,CRUISE,34109.1,456.2,325.6,0.25,-0.62,28.01,28.08,0
2026-09-22 13:10:52,AA-2026,N942DB,CRUISE,34107.5,455.7,325.5,0.39,0.1,27.95,28.0,0
2026-09-22 13:10:56,AA-2026,N942DB,CRUISE,34105.9,455.6,325.6,0.43,0.18,28.17,28.18,0
2026-09-22 13:11:00,AA-2026,N942DB,CRUISE,34110.6,455.4,325.5,0.79,-0.18,27.57,28.02,1
2026-09-22 13:11:04,AA-2026,N942DB,CRUISE,34105.4,455.2,325.3,0.51,-0.17,28.0,28.16,0
2026-09-22 13:11:08,AA-2026,N942DB,CRUISE,34097.6,454.9,325.5,0.46,0.68,27.98,28.07,0
2026-09-22 13:11:12,AA-2026,N942DB,CRUISE,34094.7,455.2,325.6,0.25,-0.2,27.93,28.09,0
2026-09-22 13:11:16,AA-2026,N942DB,CRUISE,34090.5,455.7,325.7,0.72,-0.34,28.26,28.11,0
2026-09-22 13:11:20,AA-2026,N942DB,CRUISE,34086.4,455.6,325.6,0.27,0.01,27.87,28.02,0
2026-09-22 13:11:24,AA-2026,N942DB,CRUISE,34081.1,456.0,325.7,0.25,0.17,28.12,28.12,0
2026-09-22 13:11:28,AA-2026,N942DB,CRUISE,34071.9,455.8,325.7,0.42,0.16,28.05,28.25,0
2026-09-22 13:11:32,AA-2026,N942DB,CRUISE,34062.3,455.8,325.8,0.53,-0.74,28.19,28.02,0
2026-09-22 13:11:36,AA-2026,N942DB,CRUISE,34072.0,455.5,325.9,0.36,-0.2,27.9,28.22,0
2026-09-22 13:11:40,AA-2026,N942DB,CRUISE,34070.6,455.6,325.9,0.64,0.35,27.89,28.25,0
2026-09-22 13:11:44,AA-2026,N942DB,CRUISE,34068.2,456.1,325.9,0.44,0.1,28.16,28.02,0
2026-09-22 13:11:48,AA-2026,N942DB,CRUISE,34071.8,456.2,325.8,0.71,-0.37,28.06,27.95,0
2026-09-22 13:11:52,AA-2026,N942DB,CRUISE,34066.2,456.1,325.9,0.6,0.37,27.77,28.13,0
2026-09-22 13:11:56,AA-2026,N942DB,CRUISE,34075.2,456.2,325.8,0.86,0.29,27.92,28.05,0
2026-09-22 13:12:00,AA-2026,N942DB,CRUISE,34080.9,455.9,325.8,0.41,-0.09,28.06,28.29,0
2026-09-22 13:12:04,AA-2026,N942DB,CRUISE,34072.7,456.2,325.7,0.67,0.26,28.13,28.1,0
2026-09-22 13:12:08,AA-2026,N942DB,CRUISE,34071.1,456.2,325.8,0.14,0.6,27.9,28.02,0
2026-09-22 13:12:12,AA-2026,N942DB,CRUISE,34078.7,456.2,325.9,1.08,-0.32,27.56,27.99,1
2026-09-22 13:12:16,AA-2026,N942DB,CRUISE,34087.5,456.3,325.8,0.66,0.17,28.08,28.21,0
2026-09-22 13:12:20,AA-2026,N942DB,CRUISE,34086.9,456.4,325.6,0.44,0.6,27.82,28.04,0
2026-09-22 13:12:24,AA-2026,N942DB,CRUISE,34089.2,456.0,325.5,0.45,0.2,27.7,28.1,0
2026-09-22 13:12:28,AA-2026,N942DB,CRUISE,34082.5,456.2,325.5,0.45,-0.23,27.58,28.2,1
2026-09-22 13:12:32,AA-2026,N942DB,CRUISE,34092.3,455.9,325.6,0.87,0.07,28.12,28.05,0
2026-09-22 13:12:36,AA-2026,N942DB,CRUISE,34087.0,456.1,325.5,0.68,0.41,28.02,28.1,0
2026-09-22 13:12:40,AA-2026,N942DB,CRUISE,34095.8,456.4,325.5,0.41,-0.3,27.97,28.1,0
2026-09-22 13:12:44,AA-2026,N942DB,CRUISE,34098.8,456.7,325.5,0.25,-0.01,28.21,28.17,0
2026-09-22 13:12:48,AA-2026,N942DB,CRUISE,34101.0,456.8,325.5,0.74,-0.07,28.1,28.16,0
2026-09-22 13:12:52,AA-2026,N942DB,CRUISE,34101.2,456.8,325.6,0.67,-0.19,28.24,28.08,0
2026-09-22 13:12:56,AA-2026,N942DB,CRUISE,34095.8,456.5,325.6,0.64,0.07,27.79,28.11,0
2026-09-22 13:13:00,AA-2026,N942DB,CRUISE,34089.4,456.7,325.6,0.48,-0.03,27.99,28.06,0
2026-09-22 13:13:04,AA-2026,N942DB,CRUISE,34083.8,456.5,325.4,0.44,0.19,27.76,27.95,0
2026-09-22 13:13:08,AA-2026,N942DB,CRUISE,34077.5,456.5,325.2,0.84,0.34,27.97,28.13,0
2026-09-22 13:13:12,AA-2026,N942DB,CRUISE,34083.1,456.3,325.1,0.86,-0.38,27.96,28.29,0
2026-09-22 13:13:16,AA-2026,N942DB,CRUISE,34080.1,455.9,324.9,0.63,0.02,28.09,28.01,0
2026-09-22 13:13:20,AA-2026,N942DB,CRUISE,34071.3,456.1,325.0,0.69,-0.02,28.01,28.02,0
2026-09-22 13:13:24,AA-2026,N942DB,CRUISE,34080.6,455.6,324.9,0.55,0.06,28.09,28.01,0
2026-09-22 13:13:28,AA-2026,N942DB,CRUISE,34088.3,455.9,325.0,0.23,-0.0,28.11,28.17,0
2026-09-22 13:13:32,AA-2026,N942DB,CRUISE,34096.9,455.7,324.8,0.3,-0.29,28.32,28.14,0
2026-09-22 13:13:36,AA-2026,N942DB,CRUISE,34106.8,455.2,324.7,0.73,0.44,27.95,28.08,0
2026-09-22 13:13:40,AA-2026,N942DB,CRUISE,34100.2,455.2,324.8,0.75,0.56,27.86,28.01,0
2026-09-22 13:13:44,AA-2026,N942DB,CRUISE,34098.2,454.7,325.0,0.71,0.16,28.04,28.11,0
2026-09-22 13:13:48,AA-2026,N942DB,CRUISE,34103.3,454.5,324.8,0.57,0.18,27.88,27.94,0
2026-09-22 13:13:52,AA-2026,N942DB,CRUISE,34107.3,454.7,325.0,0.72,0.04,28.22,28.11,0
2026-09-22 13:13:56,AA-2026,N942DB,CRUISE,34100.3,454.3,325.0,0.49,0.29,27.96,28.19,0
2026-09-22 13:14:00,AA-2026,N942DB,CRUISE,34106.6,454.6,325.0,0.62,-0.73,27.92,27.97,0
2026-09-22 13:14:04,AA-2026,N942DB,CRUISE,34101.1,454.1,325.0,0.46,-0.0,27.93,27.95,0
2026-09-22 13:14:08,AA-2026,N942DB,CRUISE,34095.6,453.9,324.9,0.29,-0.17,28.11,28.26,0
2026-09-22 13:14:12,AA-2026,N942DB,CRUISE,34096.4,454.1,324.7,0.67,0.04,27.98,28.04,0
2026-09-22 13:14:16,AA-2026,N942DB,CRUISE,34098.2,453.9,324.7,0.76,0.33,27.9,28.21,0
2026-09-22 13:14:20,AA-2026,N942DB,CRUISE,34099.8,453.5,324.7,0.99,0.01,28.25,28.08,0
2026-09-22 13:14:24,AA-2026,N942DB,CRUISE,34091.6,453.4,324.8,0.55,-0.11,27.87,28.08,0
2026-09-22 13:14:28,AA-2026,N942DB,CRUISE,34099.2,453.2,324.8,0.29,-0.42,28.01,28.14,0
2026-09-22 13:14:32,AA-2026,N942DB,CRUISE,34094.5,453.5,324.7,0.43,-0.03,28.1,28.01,0
2026-09-22 13:14:36,AA-2026,N942DB,CRUISE,34087.1,453.3,324.7,0.47,0.2,27.76,28.11,0
2026-09-22 13:14:40,AA-2026,N942DB,CRUISE,34094.9,453.6,324.7,0.53,-0.25,28.07,28.06,0
2026-09-22 13:14:44,AA-2026,N942DB,CRUISE,34104.0,454.0,324.7,0.59,-0.6,27.84,27.97,0
2026-09-22 13:14:48,AA-2026,N942DB,CRUISE,34111.2,453.9,324.8,0.57,0.68,28.12,28.13,0
2026-09-22 13:14:52,AA-2026,N942DB,CRUISE,34117.4,454.3,324.9,0.66,0.1,27.86,28.07,0
2026-09-22 13:14:56,AA-2026,N942DB,CRUISE,34120.5,454.2,325.0,0.54,-0.07,28.1,28.08,0
2026-09-22 13:15:00,AA-2026,N942DB,CRUISE,34121.5,454.7,325.1,0.05,0.42,28.17,27.98,1
2026-09-22 13:15:04,AA-2026,N942DB,CRUISE,34113.3,454.3,325.2,0.55,0.04,28.13,28.26,0
2026-09-22 13:15:08,AA-2026,N942DB,CRUISE,34111.4,454.5,325.4,0.52,0.4,28.04,28.19,0
2026-09-22 13:15:12,AA-2026,N942DB,CRUISE,34108.9,454.4,325.3,0.61,0.37,27.97,28.2,0
2026-09-22 13:15:16,AA-2026,N942DB,CRUISE,34104.1,454.3,325.1,0.43,-0.38,27.91,28.07,0
2026-09-22 13:15:20,AA-2026,N942DB,CRUISE,34108.6,454.5,325.0,0.54,0.14,28.22,27.93,0
2026-09-22 13:15:24,AA-2026,N942DB,CRUISE,34108.5,454.7,324.9,0.61,0.52,27.9,28.3,0
2026-09-22 13:15:28,AA-2026,N942DB,CRUISE,34100.1,454.2,324.9,0.47,-0.3,27.84,28.09,0
2026-09-22 13:15:32,AA-2026,N942DB,CRUISE,34094.5,453.8,325.0,0.64,-0.3,28.1,28.03,0
2026-09-22 13:15:36,AA-2026,N942DB,CRUISE,34098.2,454.1,325.0,0.51,-0.25,27.88,28.14,0
2026-09-22 13:15:40,AA-2026,N942DB,CRUISE,34089.7,454.2,324.8,0.53,0.27,27.86,28.22,0
2026-09-22 13:15:44,AA-2026,N942DB,CRUISE,34096.7,454.7,324.9,-0.08,0.09,27.78,28.1,0
2026-09-22 13:15:48,AA-2026,N942DB,CRUISE,34096.6,454.9,324.8,0.27,-0.58,27.93,28.23,0
2026-09-22 13:15:52,AA-2026,N942DB,CRUISE,34096.2,455.4,324.9,0.27,0.1,27.99,28.21,0
2026-09-22 13:15:56,AA-2026,N942DB,CRUISE,34098.1,455.6,324.9,0.54,-0.08,28.04,27.99,0
2026-09-22 13:16:00,AA-2026,N942DB,CRUISE,34104.6,455.4,324.9,0.75,-0.03,28.14,28.03,0
2026-09-22 13:16:04,AA-2026,N942DB,CRUISE,34101.5,455.0,324.7,0.48,-0.25,28.08,28.2,0
2026-09-22 13:16:08,AA-2026,N942DB,CRUISE,34105.1,455.3,324.6,0.67,0.1,27.97,27.83,0
2026-09-22 13:16:12,AA-2026,N942DB,CRUISE,34106.4,455.4,324.7,0.63,0.32,27.97,28.09,0
2026-09-22 13:16:16,AA-2026,N942DB,CRUISE,34101.7,455.0,324.9,0.53,-0.19,28.08,27.96,0
2026-09-22 13:16:20,AA-2026,N942DB,CRUISE,34109.3,454.8,324.9,0.61,-0.5,28.19,28.05,0
2026-09-22 13:16:24,AA-2026,N942DB,CRUISE,34115.3,455.3,324.8,0.55,-0.09,28.02,28.07,0
2026-09-22 13:16:28,AA-2026,N942DB,CRUISE,34118.4,455.3,324.7,0.47,0.23,27.93,28.06,0
2026-09-22 13:16:32,AA-2026,N942DB,CRUISE,34125.4,455.2,324.8,0.58,-0.13,27.85,28.04,0
2026-09-22 13:16:36,AA-2026,N942DB,CRUISE,34132.8,455.2,324.9,0.79,-0.45,27.78,27.99,0
2026-09-22 13:16:40,AA-2026,N942DB,CRUISE,34137.0,454.9,324.8,0.59,0.23,28.1,28.33,0
2026-09-22 13:16:44,AA-2026,N942DB,CRUISE,34143.7,454.8,324.6,0.54,0.42,28.09,28.29,0
2026-09-22 13:16:48,AA-2026,N942DB,CRUISE,34147.6,454.6,324.7,0.32,0.01,28.09,27.98,0
2026-09-22 13:16:52,AA-2026,N942DB,CRUISE,34151.3,454.2,324.6,0.78,-0.48,27.98,28.26,0
2026-09-22 13:16:56,AA-2026,N942DB,CRUISE,34153.6,454.5,324.5,0.22,-0.1,28.21,28.06,0
2026-09-22 13:17:00,AA-2026,N942DB,CRUISE,34158.7,454.4,324.3,0.16,0.05,27.93,28.11,0
2026-09-22 13:17:04,AA-2026,N942DB,CRUISE,34151.8,454.7,324.3,0.57,-0.24,28.14,28.09,0
2026-09-22 13:17:08,AA-2026,N942DB,CRUISE,34159.5,455.0,324.5,0.32,0.18,27.99,28.03,0
2026-09-22 13:17:12,AA-2026,N942DB,CRUISE,34166.9,454.8,324.7,0.72,-0.27,27.91,28.2,0
2026-09-22 13:17:16,AA-2026,N942DB,CRUISE,34157.5,454.9,324.7,0.16,0.01,28.09,28.11,0
2026-09-22 13:17:20,AA-2026,N942DB,CRUISE,34164.0,454.9,324.7,0.69,-0.07,28.06,28.05,0
2026-09-22 13:17:24,AA-2026,N942DB,CRUISE,34156.6,455.3,324.5,0.66,0.18,28.05,27.97,0
2026-09-22 13:17:28,AA-2026,N942DB,CRUISE,34153.3,455.0,324.5,0.52,-0.0,28.01,28.01,0
2026-09-22 13:17:32,AA-2026,N942DB,CRUISE,34158.2,455.2,324.5,0.08,-0.06,27.99,27.94,0
2026-09-22 13:17:36,AA-2026,N942DB,CRUISE,34151.4,455.3,324.5,0.16,-0.24,28.36,28.1,0
2026-09-22 13:17:40,AA-2026,N942DB,CRUISE,34157.7,455.1,324.5,0.55,0.01,28.18,27.98,0
2026-09-22 13:17:44,AA-2026,N942DB,CRUISE,34164.4,454.7,324.4,0.45,-0.08,28.11,28.07,0
2026-09-22 13:17:48,AA-2026,N942DB,CRUISE,34164.5,454.9,324.2,0.65,-0.26,28.02,28.24,0
2026-09-22 13:17:52,AA-2026,N942DB,CRUISE,34154.6,455.1,324.1,0.49,0.05,28.15,28.22,0
2026-09-22 13:17:56,AA-2026,N942DB,CRUISE,34150.4,454.9,324.0,0.47,0.11,28.08,28.1,0
2026-09-22 13:18:00,AA-2026,N942DB,CRUISE,34152.7,455.1,323.9,0.01,-0.1,28.0,28.09,0
2026-09-22 13:18:04,AA-2026,N942DB,CRUISE,34162.4,454.9,324.1,0.66,0.28,27.95,28.29,0
2026-09-22 13:18:08,AA-2026,N942DB,CRUISE,34165.0,455.2,324.0,0.37,0.08,27.99,28.15,0
2026-09-22 13:18:12,AA-2026,N942DB,CRUISE,34160.2,454.9,324.0,0.42,-0.39,27.52,28.07,1
2026-09-22 13:18:16,AA-2026,N942DB,CRUISE,34162.9,455.2,324.2,0.29,0.4,28.03,27.96,0
2026-09-22 13:18:20,AA-2026,N942DB,CRUISE,34163.7,455.0,324.4,0.19,0.23,27.93,28.14,0
2026-09-22 13:18:24,AA-2026,N942DB,CRUISE,34169.3,454.9,324.4,0.79,0.3,28.24,28.18,0
2026-09-22 13:18:28,AA-2026,N942DB,CRUISE,34161.4,454.5,324.5,0.66,0.12,28.0,28.04,0
2026-09-22 13:18:32,AA-2026,N942DB,CRUISE,34166.6,454.1,324.5,0.66,-0.7,27.82,28.13,0
2026-09-22 13:18:36,AA-2026,N942DB,CRUISE,34167.4,454.1,324.4,0.46,0.33,27.99,28.06,0
2026-09-22 13:18:40,AA-2026,N942DB,CRUISE,34176.7,453.9,324.4,0.15,0.02,27.84,28.08,0
2026-09-22 13:18:44,AA-2026,N942DB,CRUISE,34173.5,454.2,324.4,0.92,0.11,28.07,27.85,0
2026-09-22 13:18:48,AA-2026,N942DB,CRUISE,34176.2,453.7,324.5,0.58,0.16,28.04,28.08,0
2026-09-22 13:18:52,AA-2026,N942DB,CRUISE,34184.8,453.6,324.4,0.53,0.58,28.14,28.2,0
2026-09-22 13:18:56,AA-2026,N942DB,CRUISE,34176.9,453.4,324.3,0.43,-0.16,27.88,28.04,0
2026-09-22 13:19:00,AA-2026,N942DB,CRUISE,34185.6,452.9,324.3,0.09,-0.16,28.01,28.11,0
2026-09-22 13:19:04,AA-2026,N942DB,CRUISE,34189.4,452.6,324.2,0.73,-0.26,27.8,28.02,0
2026-09-22 13:19:08,AA-2026,N942DB,CRUISE,34180.7,452.5,324.2,0.29,-0.32,28.11,28.14,0
2026-09-22 13:19:12,AA-2026,N942DB,CRUISE,34176.8,452.5,324.3,0.61,-0.32,28.08,28.08,0
2026-09-22 13:19:16,AA-2026,N942DB,CRUISE,34180.9,452.4,324.4,0.65,-0.56,28.07,28.01,0
2026-09-22 13:19:20,AA-2026,N942DB,CRUISE,34172.3,452.4,324.5,0.57,0.13,28.0,28.23,0
2026-09-22 13:19:24,AA-2026,N942DB,CRUISE,34173.9,452.5,324.6,0.59,0.6,28.06,28.19,0
2026-09-22 13:19:28,AA-2026,N942DB,CRUISE,34170.8,452.0,324.6,0.77,0.62,28.24,28.04,0
2026-09-22 13:19:32,AA-2026,N942DB,CRUISE,34173.3,452.0,324.7,0.34,-0.26,27.96,28.15,0
2026-09-22 13:19:36,AA-2026,N942DB,CRUISE,34164.2,452.4,324.8,0.53,-0.08,28.02,28.15,0
2026-09-22 13:19:40,AA-2026,N942DB,CRUISE,34171.6,452.5,324.6,0.45,0.37,27.84,28.16,0
2026-09-22 13:19:44,AA-2026,N942DB,CRUISE,34181.1,452.6,324.5,0.13,0.13,27.87,27.93,0
2026-09-22 13:19:48,AA-2026,N942DB,CRUISE,34190.4,452.4,324.4,0.56,0.04,28.01,28.2,0
2026-09-22 13:19:52,AA-2026,N942DB,CRUISE,34195.4,452.7,324.3,0.75,-0.08,28.17,28.04,0
2026-09-22 13:19:56,AA-2026,N942DB,CRUISE,34188.0,453.0,324.4,0.78,0.35,27.96,28.06,0
2026-09-22 13:20:00,AA-2026,N942DB,DESCENT_LANDING,34142.9,452.0,324.5,-2.63,-0.32,27.96,28.36,0
2026-09-22 13:20:04,AA-2026,N942DB,DESCENT_LANDING,34112.4,450.5,324.4,-3.35,0.14,27.94,28.13,0
2026-09-22 13:20:08,AA-2026,N942DB,DESCENT_LANDING,34081.9,449.9,324.3,-2.67,0.1,27.92,28.06,0
2026-09-22 13:20:12,AA-2026,N942DB,DESCENT_LANDING,34045.5,449.4,324.4,-2.96,0.01,28.04,27.88,0
2026-09-22 13:20:16,AA-2026,N942DB,DESCENT_LANDING,34005.7,448.1,324.3,-2.68,0.24,27.78,28.24,0
2026-09-22 13:20:20,AA-2026,N942DB,DESCENT_LANDING,33960.3,446.8,324.3,-3.08,0.01,28.19,27.97,0
2026-09-22 13:20:24,AA-2026,N942DB,DESCENT_LANDING,33916.6,446.2,324.3,-3.11,-0.16,27.9,28.0,0
2026-09-22 13:20:28,AA-2026,N942DB,DESCENT_LANDING,33877.7,445.4,324.3,-3.24,0.03,28.11,28.07,0
2026-09-22 13:20:32,AA-2026,N942DB,DESCENT_LANDING,33842.2,444.9,324.2,-2.84,-0.48,27.81,28.24,0
2026-09-22 13:20:36,AA-2026,N942DB,DESCENT_LANDING,33792.3,444.1,324.0,-2.9,0.18,28.1,28.18,0
2026-09-22 13:20:40,AA-2026,N942DB,DESCENT_LANDING,33753.8,442.8,323.8,-3.22,0.26,28.1,28.08,0
2026-09-22 13:20:44,AA-2026,N942DB,DESCENT_LANDING,33714.7,441.8,323.9,-3.43,-0.2,28.06,28.13,0
2026-09-22 13:20:48,AA-2026,N942DB,DESCENT_LANDING,33681.5,440.9,323.9,-2.92,-0.27,27.85,28.04,0
2026-09-22 13:20:52,AA-2026,N942DB,DESCENT_LANDING,33635.6,440.1,323.8,-2.89,-0.19,28.04,28.11,0
2026-09-22 13:20:56,AA-2026,N942DB,DESCENT_LANDING,33591.7,439.6,323.8,-3.2,-0.02,27.82,28.11,0
2026-09-22 13:21:00,AA-2026,N942DB,DESCENT_LANDING,33557.3,438.8,324.0,-3.24,0.06,27.96,28.2,0
2026-09-22 13:21:04,AA-2026,N942DB,DESCENT_LANDING,33525.6,437.6,323.8,-2.87,0.48,28.15,28.2,0
2026-09-22 13:21:08,AA-2026,N942DB,DESCENT_LANDING,33482.0,436.1,323.8,-2.63,0.45,28.12,28.15,0
2026-09-22 13:21:12,AA-2026,N942DB,DESCENT_LANDING,33438.9,434.8,323.9,-3.1,0.25,28.0,28.06,0
2026-09-22 13:21:16,AA-2026,N942DB,DESCENT_LANDING,33403.5,434.3,323.8,-3.18,0.04,27.85,28.17,0
2026-09-22 13:21:20,AA-2026,N942DB,DESCENT_LANDING,33354.5,432.9,323.7,-2.94,-0.28,28.1,28.09,0
2026-09-22 13:21:24,AA-2026,N942DB,DESCENT_LANDING,33321.4,431.6,323.7,-2.87,0.5,28.0,27.99,0
2026-09-22 13:21:28,AA-2026,N942DB,DESCENT_LANDING,33282.8,430.3,323.9,-3.07,-0.07,27.65,28.06,0
2026-09-22 13:21:32,AA-2026,N942DB,DESCENT_LANDING,33233.9,429.4,324.0,-2.59,0.08,28.12,28.11,0
2026-09-22 13:21:36,AA-2026,N942DB,DESCENT_LANDING,33195.5,428.5,324.0,-2.82,0.19,28.0,28.19,0
2026-09-22 13:21:40,AA-2026,N942DB,DESCENT_LANDING,33152.7,427.7,324.1,-3.08,0.02,28.18,28.08,0
2026-09-22 13:21:44,AA-2026,N942DB,DESCENT_LANDING,33114.8,427.1,324.1,-3.32,0.35,27.84,27.98,0
2026-09-22 13:21:48,AA-2026,N942DB,DESCENT_LANDING,33079.3,426.4,324.1,-2.74,0.14,27.52,28.11,1
2026-09-22 13:21:52,AA-2026,N942DB,DESCENT_LANDING,33029.6,425.6,324.1,-2.76,0.3,28.04,28.11,0
2026-09-22 13:21:56,AA-2026,N942DB,DESCENT_LANDING,32991.4,424.6,324.0,-3.06,0.13,28.04,28.12,0
2026-09-22 13:22:00,AA-2026,N942DB,DESCENT_LANDING,32943.6,423.4,324.1,-2.93,-0.01,27.75,28.19,0
2026-09-22 13:22:04,AA-2026,N942DB,DESCENT_LANDING,32909.0,422.4,324.1,-3.03,0.02,27.85,28.2,0
2026-09-22 13:22:08,AA-2026,N942DB,DESCENT_LANDING,32874.7,421.9,324.0,-2.9,-0.02,28.41,28.04,0
2026-09-22 13:22:12,AA-2026,N942DB,DESCENT_LANDING,32844.1,420.4,324.2,-3.2,-0.39,27.95,28.04,0
2026-09-22 13:22:16,AA-2026,N942DB,DESCENT_LANDING,32801.0,419.0,324.0,-3.23,-0.3,28.11,28.0,0
2026-09-22 13:22:20,AA-2026,N942DB,DESCENT_LANDING,32763.7,417.7,323.9,-2.84,0.22,27.9,28.17,0
2026-09-22 13:22:24,AA-2026,N942DB,DESCENT_LANDING,32716.4,416.2,323.8,-2.81,-0.38,27.69,28.24,0
2026-09-22 13:22:28,AA-2026,N942DB,DESCENT_LANDING,32676.9,415.1,323.9,-3.1,-0.12,27.97,28.07,0
2026-09-22 13:22:32,AA-2026,N942DB,DESCENT_LANDING,32627.6,413.7,323.9,-3.15,-0.32,27.96,28.08,0
2026-09-22 13:22:36,AA-2026,N942DB,DESCENT_LANDING,32593.8,413.1,323.9,-2.77,-0.14,27.94,28.25,0
2026-09-22 13:22:40,AA-2026,N942DB,DESCENT_LANDING,32546.5,412.2,324.0,-3.14,-0.05,27.98,28.15,0
2026-09-22 13:22:44,AA-2026,N942DB,DESCENT_LANDING,32500.9,411.5,323.9,-2.99,-0.12,28.04,28.14,0
2026-09-22 13:22:48,AA-2026,N942DB,DESCENT_LANDING,32455.5,410.8,324.0,-3.01,-0.43,27.98,27.98,0
2026-09-22 13:22:52,AA-2026,N942DB,DESCENT_LANDING,32408.6,410.2,324.0,-3.29,-0.06,27.81,28.17,0
2026-09-22 13:22:56,AA-2026,N942DB,DESCENT_LANDING,32363.4,409.0,324.0,-2.96,-0.29,28.07,28.01,0
2026-09-22 13:23:00,AA-2026,N942DB,DESCENT_LANDING,32320.9,407.8,324.1,-2.98,-0.19,27.71,27.99,0
2026-09-22 13:23:04,AA-2026,N942DB,DESCENT_LANDING,32288.3,406.7,324.0,-2.93,0.22,27.69,28.07,0
2026-09-22 13:23:08,AA-2026,N942DB,DESCENT_LANDING,32257.6,406.0,323.9,-2.97,0.29,28.11,28.04,0
2026-09-22 13:23:12,AA-2026,N942DB,DESCENT_LANDING,32209.2,404.7,323.9,-2.57,-0.39,28.08,28.08,0
2026-09-22 13:23:16,AA-2026,N942DB,DESCENT_LANDING,32166.9,403.6,324.1,-2.77,0.47,27.99,27.96,0
2026-09-22 13:23:20,AA-2026,N942DB,DESCENT_LANDING,32120.9,402.7,324.1,-2.99,-0.15,27.79,28.2,0
2026-09-22 13:23:24,AA-2026,N942DB,DESCENT_LANDING,32081.3,401.5,323.9,-2.97,-0.18,27.89,28.21,0
2026-09-22 13:23:28,AA-2026,N942DB,DESCENT_LANDING,32049.0,400.8,323.8,-2.65,-0.27,27.96,27.91,0
2026-09-22 13:23:32,AA-2026,N942DB,DESCENT_LANDING,32016.4,399.9,323.8,-2.83,0.02,27.76,28.2,0
2026-09-22 13:23:36,AA-2026,N942DB,DESCENT_LANDING,31972.7,398.5,323.7,-3.25,0.59,27.89,28.02,0
2026-09-22 13:23:40,AA-2026,N942DB,DESCENT_LANDING,31934.1,397.7,323.7,-2.81,-0.46,28.1,28.19,0
2026-09-22 13:23:44,AA-2026,N942DB,DESCENT_LANDING,31900.1,396.7,323.9,-2.75,-0.62,28.21,28.09,0
2026-09-22 13:23:48,AA-2026,N942DB,DESCENT_LANDING,31860.3,395.4,323.9,-2.68,0.08,27.94,28.1,0
2026-09-22 13:23:52,AA-2026,N942DB,DESCENT_LANDING,31829.0,394.1,323.9,-3.08,0.17,28.11,28.08,0
2026-09-22 13:23:56,AA-2026,N942DB,DESCENT_LANDING,31787.4,393.6,323.8,-3.09,0.02,27.71,28.22,0
2026-09-22 13:24:00,AA-2026,N942DB,DESCENT_LANDING,31752.0,392.9,323.7,-3.19,0.18,28.1,27.98,0
2026-09-22 13:24:04,AA-2026,N942DB,DESCENT_LANDING,31706.0,392.4,323.8,-2.94,-0.34,27.88,28.16,0
2026-09-22 13:24:08,AA-2026,N942DB,DESCENT_LANDING,31669.8,391.3,323.8,-2.85,-0.28,28.05,28.21,0
2026-09-22 13:24:12,AA-2026,N942DB,DESCENT_LANDING,31630.7,390.4,323.7,-3.1,0.04,27.96,28.17,0
2026-09-22 13:24:16,AA-2026,N942DB,DESCENT_LANDING,31600.5,389.7,323.8,-3.03,0.53,28.2,28.33,0
2026-09-22 13:24:20,AA-2026,N942DB,DESCENT_LANDING,31569.0,388.3,323.8,-3.41,0.17,27.87,28.05,0
2026-09-22 13:24:24,AA-2026,N942DB,DESCENT_LANDING,31531.2,387.2,323.8,-2.7,0.18,28.09,28.2,0
2026-09-22 13:24:28,AA-2026,N942DB,DESCENT_LANDING,31491.6,386.5,323.7,-3.31,-0.32,27.96,28.09,0
2026-09-22 13:24:32,AA-2026,N942DB,DESCENT_LANDING,31449.6,385.5,323.8,-2.93,0.13,27.98,28.22,0
2026-09-22 13:24:36,AA-2026,N942DB,DESCENT_LANDING,31413.8,384.3,324.0,-2.95,-0.35,27.97,28.1,0
2026-09-22 13:24:40,AA-2026,N942DB,DESCENT_LANDING,31369.9,383.7,324.0,-2.99,0.53,27.87,28.06,0
2026-09-22 13:24:44,AA-2026,N942DB,DESCENT_LANDING,31322.7,383.0,324.2,-2.99,-0.3,28.0,28.23,0
2026-09-22 13:24:48,AA-2026,N942DB,DESCENT_LANDING,31277.1,381.6,324.1,-3.2,-0.24,27.99,28.05,0
2026-09-22 13:24:52,AA-2026,N942DB,DESCENT_LANDING,31246.3,380.7,324.1,-3.07,-0.44,28.04,27.96,0
2026-09-22 13:24:56,AA-2026,N942DB,DESCENT_LANDING,31206.7,379.6,324.1,-2.81,0.03,28.01,28.05,0
2026-09-22 13:25:00,AA-2026,N942DB,DESCENT_LANDING,31174.6,378.7,324.1,-2.75,0.01,28.12,28.16,0
2026-09-22 13:25:04,AA-2026,N942DB,DESCENT_LANDING,31139.7,378.2,324.1,-3.08,0.45,28.14,28.24,0
2026-09-22 13:25:08,AA-2026,N942DB,DESCENT_LANDING,31090.0,377.5,324.0,-3.31,0.23,27.84,28.11,0
2026-09-22 13:25:12,AA-2026,N942DB,DESCENT_LANDING,31057.1,376.6,323.9,-3.16,-0.24,28.13,28.23,0
2026-09-22 13:25:16,AA-2026,N942DB,DESCENT_LANDING,31017.2,375.8,323.8,-2.63,0.26,27.82,27.96,0
2026-09-22 13:25:20,AA-2026,N942DB,DESCENT_LANDING,30974.8,375.3,323.7,-3.14,-0.37,28.09,28.06,0
2026-09-22 13:25:24,AA-2026,N942DB,DESCENT_LANDING,30930.7,374.0,323.8,-3.02,-0.22,28.09,28.07,0
2026-09-22 13:25:28,AA-2026,N942DB,DESCENT_LANDING,30889.6,372.5,323.7,-2.72,0.04,27.71,28.09,0
2026-09-22 13:25:32,AA-2026,N942DB,DESCENT_LANDING,30859.4,371.2,323.5,-3.11,-0.34,28.01,28.11,0
2026-09-22 13:25:36,AA-2026,N942DB,DESCENT_LANDING,30822.8,369.8,323.5,-3.03,0.32,27.93,28.17,0
2026-09-22 13:25:40,AA-2026,N942DB,DESCENT_LANDING,30782.5,369.1,323.6,-2.84,0.68,27.89,28.06,0
2026-09-22 13:25:44,AA-2026,N942DB,DESCENT_LANDING,30750.7,367.6,323.7,-2.66,-0.09,28.2,28.11,0
2026-09-22 13:25:48,AA-2026,N942DB,DESCENT_LANDING,30713.7,366.9,323.7,-3.13,-0.2,27.9,28.1,0
2026-09-22 13:25:52,AA-2026,N942DB,DESCENT_LANDING,30683.0,365.5,323.7,-2.72,-0.04,27.88,28.01,0
2026-09-22 13:25:56,AA-2026,N942DB,DESCENT_LANDING,30651.5,364.0,323.8,-3.06,-0.17,28.01,28.09,0
2026-09-22 13:26:00,AA-2026,N942DB,DESCENT_LANDING,30613.5,362.8,323.8,-3.18,0.08,28.1,28.09,0
2026-09-22 13:26:04,AA-2026,N942DB,DESCENT_LANDING,30580.9,361.3,323.7,-2.95,-0.4,27.98,28.08,0
2026-09-22 13:26:08,AA-2026,N942DB,DESCENT_LANDING,30539.5,360.2,323.7,-3.23,0.1,28.17,28.1,0
2026-09-22 13:26:12,AA-2026,N942DB,DESCENT_LANDING,30495.7,359.5,323.8,-2.91,0.57,28.08,28.11,0
2026-09-22 13:26:16,AA-2026,N942DB,DESCENT_LANDING,30449.7,358.5,323.8,-2.37,-0.6,27.67,28.06,0
2026-09-22 13:26:20,AA-2026,N942DB,DESCENT_LANDING,30415.7,357.4,323.7,-2.78,-0.35,27.92,28.23,0
2026-09-22 13:26:24,AA-2026,N942DB,DESCENT_LANDING,30382.4,356.9,323.6,-3.02,-0.13,27.92,27.98,0
2026-09-22 13:26:28,AA-2026,N942DB,DESCENT_LANDING,30350.3,355.7,323.4,-2.79,0.16,28.07,28.03,0
2026-09-22 13:26:32,AA-2026,N942DB,DESCENT_LANDING,30307.6,354.2,323.4,-3.19,0.27,27.61,28.38,0
2026-09-22 13:26:36,AA-2026,N942DB,DESCENT_LANDING,30263.4,353.6,323.5,-3.15,0.24,28.38,28.0,0
2026-09-22 13:26:40,AA-2026,N942DB,DESCENT_LANDING,30232.8,352.3,323.3,-3.02,-0.51,28.08,27.96,0
2026-09-22 13:26:44,AA-2026,N942DB,DESCENT_LANDING,30184.1,350.9,323.5,-2.98,-0.2,28.02,28.17,0
2026-09-22 13:26:48,AA-2026,N942DB,DESCENT_LANDING,30153.0,349.4,323.6,-3.26,-0.27,28.18,27.89,0
2026-09-22 13:26:52,AA-2026,N942DB,DESCENT_LANDING,30112.2,348.0,323.6,-3.06,-0.02,28.35,28.08,0
2026-09-22 13:26:56,AA-2026,N942DB,DESCENT_LANDING,30068.0,346.9,323.7,-3.03,0.01,28.13,28.31,0
2026-09-22 13:27:00,AA-2026,N942DB,DESCENT_LANDING,30020.6,345.5,323.6,-2.69,-0.41,28.14,27.95,0
2026-09-22 13:27:04,AA-2026,N942DB,DESCENT_LANDING,29976.3,344.2,323.5,-3.26,-0.13,28.02,27.9,0
2026-09-22 13:27:08,AA-2026,N942DB,DESCENT_LANDING,29930.3,343.5,323.6,-3.28,0.17,27.98,27.95,0
2026-09-22 13:27:12,AA-2026,N942DB,DESCENT_LANDING,29893.5,342.6,323.7,-2.96,-0.19,27.93,28.19,0
2026-09-22 13:27:16,AA-2026,N942DB,DESCENT_LANDING,29847.2,341.3,323.8,-2.77,-0.06,27.88,28.21,0
2026-09-22 13:27:20,AA-2026,N942DB,DESCENT_LANDING,29815.6,340.6,323.8,-2.89,0.51,27.9,28.05,0
2026-09-22 13:27:24,AA-2026,N942DB,DESCENT_LANDING,29767.7,339.5,323.9,-2.94,0.6,27.8,28.17,0
2026-09-22 13:27:28,AA-2026,N942DB,DESCENT_LANDING,29726.7,338.3,323.8,-3.06,-0.65,27.99,28.24,0
2026-09-22 13:27:32,AA-2026,N942DB,DESCENT_LANDING,29680.4,337.6,323.9,-2.86,0.03,27.75,28.28,0
2026-09-22 13:27:36,AA-2026,N942DB,DESCENT_LANDING,29641.4,336.6,324.1,-2.83,0.88,28.03,28.08,0
2026-09-22 13:27:40,AA-2026,N942DB,DESCENT_LANDING,29598.5,335.3,324.0,-3.05,0.14,27.99,27.87,0
2026-09-22 13:27:44,AA-2026,N942DB,DESCENT_LANDING,29558.0,334.3,324.1,-3.19,0.01,28.02,28.02,0
2026-09-22 13:27:48,AA-2026,N942DB,DESCENT_LANDING,29513.3,333.8,323.9,-3.19,0.39,27.92,28.06,0
2026-09-22 13:27:52,AA-2026,N942DB,DESCENT_LANDING,29481.7,333.3,323.9,-2.82,0.07,28.46,28.07,0
2026-09-22 13:27:56,AA-2026,N942DB,DESCENT_LANDING,29450.5,332.4,323.9,-3.31,0.21,28.2,28.08,0
2026-09-22 13:28:00,AA-2026,N942DB,DESCENT_LANDING,29415.5,331.0,323.9,-2.66,-0.06,27.81,28.21,0
2026-09-22 13:28:04,AA-2026,N942DB,DESCENT_LANDING,29382.4,330.3,324.1,-3.09,0.06,28.03,28.23,0
2026-09-22 13:28:08,AA-2026,N942DB,DESCENT_LANDING,29334.9,329.1,324.1,-2.94,0.13,27.91,28.08,0
2026-09-22 13:28:12,AA-2026,N942DB,DESCENT_LANDING,29300.5,328.4,324.1,-2.86,0.26,27.85,28.21,0
2026-09-22 13:28:16,AA-2026,N942DB,DESCENT_LANDING,29251.0,327.6,324.3,-3.14,-0.13,27.8,28.14,0
2026-09-22 13:28:20,AA-2026,N942DB,DESCENT_LANDING,29214.3,326.2,324.4,-3.09,-0.14,28.06,28.11,0
2026-09-22 13:28:24,AA-2026,N942DB,DESCENT_LANDING,29180.6,325.0,324.2,-2.97,-0.58,27.9,28.19,0
2026-09-22 13:28:28,AA-2026,N942DB,DESCENT_LANDING,29134.8,324.4,324.4,-3.17,-0.12,28.15,28.11,0
2026-09-22 13:28:32,AA-2026,N942DB,DESCENT_LANDING,29091.7,323.5,324.3,-3.21,0.29,28.15,28.31,0
2026-09-22 13:28:36,AA-2026,N942DB,DESCENT_LANDING,29051.7,322.9,324.4,-3.2,0.14,28.21,27.96,0
2026-09-22 13:28:40,AA-2026,N942DB,DESCENT_LANDING,29010.6,322.0,324.3,-2.76,-0.3,27.87,28.05,0
2026-09-22 13:28:44,AA-2026,N942DB,DESCENT_LANDING,28966.2,320.8,324.2,-2.92,-0.57,28.07,28.09,0
2026-09-22 13:28:48,AA-2026,N942DB,DESCENT_LANDING,28931.6,320.2,324.1,-3.16,-0.04,28.09,28.14,0
2026-09-22 13:28:52,AA-2026,N942DB,DESCENT_LANDING,28881.7,319.4,324.2,-2.83,0.28,27.93,28.23,0
2026-09-22 13:28:56,AA-2026,N942DB,DESCENT_LANDING,28832.2,318.5,324.2,-3.15,-0.14,27.88,28.1,0
2026-09-22 13:29:00,AA-2026,N942DB,DESCENT_LANDING,28789.2,317.1,324.0,-3.39,-0.43,28.24,27.96,0
2026-09-22 13:29:04,AA-2026,N942DB,DESCENT_LANDING,28755.2,315.6,324.0,-2.86,-0.18,28.03,28.18,0
2026-09-22 13:29:08,AA-2026,N942DB,DESCENT_LANDING,28711.6,315.0,324.2,-2.67,0.1,28.1,28.18,0
2026-09-22 13:29:12,AA-2026,N942DB,DESCENT_LANDING,28680.2,313.8,324.1,-2.89,0.37,27.88,27.91,0
2026-09-22 13:29:16,AA-2026,N942DB,DESCENT_LANDING,28649.6,312.9,324.0,-3.38,-0.08,27.82,28.1,0
2026-09-22 13:29:20,AA-2026,N942DB,DESCENT_LANDING,28614.4,312.0,324.0,-3.0,0.32,27.91,27.94,0
2026-09-22 13:29:24,AA-2026,N942DB,DESCENT_LANDING,28575.2,310.8,323.8,-3.05,0.28,27.98,28.03,0
2026-09-22 13:29:28,AA-2026,N942DB,DESCENT_LANDING,28527.8,309.3,323.9,-2.92,-0.35,27.84,28.01,0
2026-09-22 13:29:32,AA-2026,N942DB,DESCENT_LANDING,28483.2,307.9,324.1,-3.17,0.38,28.0,28.18,0
2026-09-22 13:29:36,AA-2026,N942DB,DESCENT_LANDING,28438.4,306.8,324.1,-3.07,0.09,27.75,28.11,0
2026-09-22 13:29:40,AA-2026,N942DB,DESCENT_LANDING,28399.9,306.0,324.0,-3.28,-0.36,27.83,27.97,0
2026-09-22 13:29:44,AA-2026,N942DB,DESCENT_LANDING,28363.0,304.7,324.2,-2.96,0.53,28.1,28.19,0
2026-09-22 13:29:48,AA-2026,N942DB,DESCENT_LANDING,28325.5,303.9,324.2,-3.28,-0.04,28.09,27.96,0
2026-09-22 13:29:52,AA-2026,N942DB,DESCENT_LANDING,28275.8,302.9,324.3,-2.91,-0.58,27.94,28.13,0
2026-09-22 13:29:56,AA-2026,N942DB,DESCENT_LANDING,28245.0,302.0,324.4,-3.15,-0.21,27.85,28.02,0
2026-09-22 13:30:00,AA-2026,N942DB,DESCENT_LANDING,28197.6,300.8,324.5,-3.63,-0.29,27.85,28.06,0
2026-09-22 13:30:04,AA-2026,N942DB,DESCENT_LANDING,28156.1,300.1,324.5,-2.84,-0.2,27.94,28.15,0
2026-09-22 13:30:08,AA-2026,N942DB,DESCENT_LANDING,28117.3,299.4,324.5,-2.9,-0.13,28.1,28.15,0
2026-09-22 13:30:12,AA-2026,N942DB,DESCENT_LANDING,28072.8,298.0,324.7,-2.73,-0.08,28.14,28.23,0
2026-09-22 13:30:16,AA-2026,N942DB,DESCENT_LANDING,28033.1,297.4,324.7,-3.42,-0.09,27.93,28.09,0
2026-09-22 13:30:20,AA-2026,N942DB,DESCENT_LANDING,27985.6,296.4,324.7,-3.13,-0.03,27.83,28.13,0
2026-09-22 13:30:24,AA-2026,N942DB,DESCENT_LANDING,27937.6,295.7,324.6,-2.97,0.18,28.04,28.06,0
2026-09-22 13:30:28,AA-2026,N942DB,DESCENT_LANDING,27899.1,295.1,324.7,-2.89,-0.22,27.88,28.12,0
2026-09-22 13:30:32,AA-2026,N942DB,DESCENT_LANDING,27863.6,294.6,324.7,-3.29,0.35,27.92,28.14,0
2026-09-22 13:30:36,AA-2026,N942DB,DESCENT_LANDING,27821.8,293.9,324.6,-2.91,-0.37,28.2,28.09,0
2026-09-22 13:30:40,AA-2026,N942DB,DESCENT_LANDING,27773.5,292.5,324.4,-3.11,0.18,28.12,27.92,0
2026-09-22 13:30:44,AA-2026,N942DB,DESCENT_LANDING,27739.3,291.8,324.4,-3.37,0.49,28.02,28.13,0
2026-09-22 13:30:48,AA-2026,N942DB,DESCENT_LANDING,27696.8,290.3,324.5,-3.15,-0.05,27.81,28.14,0
2026-09-22 13:30:52,AA-2026,N942DB,DESCENT_LANDING,27654.2,289.2,324.6,-2.9,0.06,28.03,28.03,0
2026-09-22 13:30:56,AA-2026,N942DB,DESCENT_LANDING,27609.5,288.3,324.4,-3.36,-0.29,28.16,27.97,0
2026-09-22 13:31:00,AA-2026,N942DB,DESCENT_LANDING,27576.9,287.2,324.5,-2.87,-0.15,27.94,28.25,0
2026-09-22 13:31:04,AA-2026,N942DB,DESCENT_LANDING,27532.6,286.2,324.3,-2.94,0.47,28.2,28.15,0
2026-09-22 13:31:08,AA-2026,N942DB,DESCENT_LANDING,27484.4,284.9,324.3,-3.05,0.22,28.19,28.08,0
2026-09-22 13:31:12,AA-2026,N942DB,DESCENT_LANDING,27450.8,284.2,324.2,-3.33,0.13,28.25,27.99,0
2026-09-22 13:31:16,AA-2026,N942DB,DESCENT_LANDING,27416.1,283.3,324.1,-3.31,-0.58,28.05,28.02,0
2026-09-22 13:31:20,AA-2026,N942DB,DESCENT_LANDING,27366.6,281.9,323.9,-3.08,-0.21,28.09,28.23,0
2026-09-22 13:31:24,AA-2026,N942DB,DESCENT_LANDING,27333.0,280.5,323.9,-3.22,0.52,28.21,28.11,0
2026-09-22 13:31:28,AA-2026,N942DB,DESCENT_LANDING,27285.9,279.1,323.7,-3.07,0.12,28.07,28.04,0
2026-09-22 13:31:32,AA-2026,N942DB,DESCENT_LANDING,27246.1,278.2,323.7,-2.82,0.16,27.92,28.15,0
2026-09-22 13:31:36,AA-2026,N942DB,DESCENT_LANDING,27211.1,276.9,323.7,-3.05,0.05,27.93,28.02,0
2026-09-22 13:31:40,AA-2026,N942DB,DESCENT_LANDING,27163.7,275.9,323.7,-3.06,-0.18,28.04,28.25,0
2026-09-22 13:31:44,AA-2026,N942DB,DESCENT_LANDING,27124.8,274.9,323.6,-3.06,0.1,27.81,28.24,0
2026-09-22 13:31:48,AA-2026,N942DB,DESCENT_LANDING,27084.5,274.2,323.8,-2.8,-0.46,27.98,28.05,0
2026-09-22 13:31:52,AA-2026,N942DB,DESCENT_LANDING,27047.3,273.1,323.6,-2.74,-0.48,28.16,28.04,0
2026-09-22 13:31:56,AA-2026,N942DB,DESCENT_LANDING,27005.5,272.4,323.6,-2.92,-0.22,27.67,27.84,0
2026-09-22 13:32:00,AA-2026,N942DB,DESCENT_LANDING,26972.2,271.6,323.4,-2.97,0.06,28.23,27.95,0
2026-09-22 13:32:04,AA-2026,N942DB,DESCENT_LANDING,26934.4,270.2,323.3,-2.95,-0.47,28.17,27.97,0
2026-09-22 13:32:08,AA-2026,N942DB,DESCENT_LANDING,26885.0,269.5,323.3,-2.71,0.04,27.93,28.11,0
2026-09-22 13:32:12,AA-2026,N942DB,DESCENT_LANDING,26849.8,268.9,323.3,-2.9,-0.3,28.08,28.07,0
2026-09-22 13:32:16,AA-2026,N942DB,DESCENT_LANDING,26806.7,268.4,323.5,-2.7,-0.26,28.0,27.97,0
2026-09-22 13:32:20,AA-2026,N942DB,DESCENT_LANDING,26770.2,266.9,323.5,-3.08,0.39,28.18,28.07,0
2026-09-22 13:32:24,AA-2026,N942DB,DESCENT_LANDING,26724.7,265.9,323.7,-3.27,0.01,28.15,28.15,0
2026-09-22 13:32:28,AA-2026,N942DB,DESCENT_LANDING,26692.1,265.0,323.5,-3.13,-0.27,27.79,28.15,0
2026-09-22 13:32:32,AA-2026,N942DB,DESCENT_LANDING,26642.7,263.7,323.3,-3.11,0.06,28.09,27.91,0
2026-09-22 13:32:36,AA-2026,N942DB,DESCENT_LANDING,26603.6,262.4,323.2,-2.68,-0.44,27.97,28.09,0
2026-09-22 13:32:40,AA-2026,N942DB,DESCENT_LANDING,26568.9,261.5,323.0,-2.85,0.11,28.01,27.96,0
2026-09-22 13:32:44,AA-2026,N942DB,DESCENT_LANDING,26537.5,260.4,323.1,-3.13,0.33,27.89,28.19,0
2026-09-22 13:32:48,AA-2026,N942DB,DESCENT_LANDING,26504.1,259.1,323.1,-2.84,0.2,28.26,28.18,0
2026-09-22 13:32:52,AA-2026,N942DB,DESCENT_LANDING,26463.7,257.9,322.9,-3.03,0.65,28.16,28.01,0
2026-09-22 13:32:56,AA-2026,N942DB,DESCENT_LANDING,26426.9,257.3,323.1,-2.67,-0.58,27.89,28.02,0
2026-09-22 13:33:00,AA-2026,N942DB,DESCENT_LANDING,26380.3,255.9,323.2,-3.07,0.04,27.8,28.05,0
2026-09-22 13:33:04,AA-2026,N942DB,DESCENT_LANDING,26341.7,254.9,323.2,-3.31,-0.4,27.94,27.87,0
2026-09-22 13:33:08,AA-2026,N942DB,DESCENT_LANDING,26306.8,254.1,323.0,-3.04,-0.05,28.07,28.13,0
2026-09-22 13:33:12,AA-2026,N942DB,DESCENT_LANDING,26264.4,253.2,322.9,-3.07,0.0,28.04,28.07,0
2026-09-22 13:33:16,AA-2026,N942DB,DESCENT_LANDING,26220.3,252.6,322.7,-3.27,0.68,28.19,28.2,0
2026-09-22 13:33:20,AA-2026,N942DB,DESCENT_LANDING,26186.9,252.0,322.6,-2.88,-0.02,28.12,27.99,0
2026-09-22 13:33:24,AA-2026,N942DB,DESCENT_LANDING,26153.6,250.7,322.6,-2.72,-0.02,28.15,28.04,0
2026-09-22 13:33:28,AA-2026,N942DB,DESCENT_LANDING,26122.8,250.2,322.5,-3.22,0.3,28.05,27.95,0
2026-09-22 13:33:32,AA-2026,N942DB,DESCENT_LANDING,26078.1,249.3,322.4,-2.81,-0.02,27.79,28.0,0
2026-09-22 13:33:36,AA-2026,N942DB,DESCENT_LANDING,26034.8,248.3,322.6,-3.12,0.55,27.97,27.98,0
2026-09-22 13:33:40,AA-2026,N942DB,DESCENT_LANDING,25995.4,247.7,322.7,-3.0,0.2,28.16,28.2,0
2026-09-22 13:33:44,AA-2026,N942DB,DESCENT_LANDING,25948.5,246.3,322.9,-3.03,0.25,27.99,28.03,0
2026-09-22 13:33:48,AA-2026,N942DB,DESCENT_LANDING,25902.4,245.5,322.7,-3.0,-0.56,28.08,28.11,0
2026-09-22 13:33:52,AA-2026,N942DB,DESCENT_LANDING,25860.6,244.7,322.7,-2.91,0.6,27.95,28.06,0
2026-09-22 13:33:56,AA-2026,N942DB,DESCENT_LANDING,25813.3,243.9,322.7,-3.2,-0.2,27.85,27.97,0
2026-09-22 13:34:00,AA-2026,N942DB,DESCENT_LANDING,25779.2,243.2,322.5,-2.74,-0.0,27.98,28.08,0
2026-09-22 13:34:04,AA-2026,N942DB,DESCENT_LANDING,25746.9,242.7,322.3,-2.9,-0.2,28.05,28.16,0
2026-09-22 13:34:08,AA-2026,N942DB,DESCENT_LANDING,25711.5,241.5,322.4,-2.83,-0.31,27.9,27.98,0
2026-09-22 13:34:12,AA-2026,N942DB,DESCENT_LANDING,25680.4,240.0,322.5,-3.16,-0.36,27.96,28.18,0
2026-09-22 13:34:16,AA-2026,N942DB,DESCENT_LANDING,25639.8,239.3,322.4,-3.22,0.03,27.86,28.02,0
2026-09-22 13:34:20,AA-2026,N942DB,DESCENT_LANDING,25591.0,238.1,322.4,-2.76,-0.59,28.17,28.05,0
2026-09-22 13:34:24,AA-2026,N942DB,DESCENT_LANDING,25560.2,236.9,322.4,-3.23,-0.07,27.96,28.15,0
2026-09-22 13:34:28,AA-2026,N942DB,DESCENT_LANDING,25527.8,235.5,322.2,-2.97,0.32,28.22,28.03,0
2026-09-22 13:34:32,AA-2026,N942DB,DESCENT_LANDING,25488.8,234.6,322.1,-2.8,0.19,28.23,28.1,0
2026-09-22 13:34:36,AA-2026,N942DB,DESCENT_LANDING,25440.1,233.8,322.0,-3.03,0.13,27.99,28.07,0
2026-09-22 13:34:40,AA-2026,N942DB,DESCENT_LANDING,25403.8,233.0,321.8,-2.77,-0.27,27.85,28.11,0
2026-09-22 13:34:44,AA-2026,N942DB,DESCENT_LANDING,25363.6,231.7,322.0,-3.05,-0.48,27.69,27.86,0
2026-09-22 13:34:48,AA-2026,N942DB,DESCENT_LANDING,25332.8,230.4,322.1,-3.26,0.31,27.78,27.92,0
2026-09-22 13:34:52,AA-2026,N942DB,DESCENT_LANDING,25299.8,229.8,322.1,-2.93,-0.13,27.79,28.16,0
2026-09-22 13:34:56,AA-2026,N942DB,DESCENT_LANDING,25250.1,228.9,322.1,-2.96,-0.02,28.21,28.2,0
2026-09-22 13:35:00,AA-2026,N942DB,DESCENT_LANDING,25200.8,227.5,322.0,-2.46,-0.06,28.02,28.01,0
2026-09-22 13:35:04,AA-2026,N942DB,DESCENT_LANDING,25170.7,226.2,321.9,-3.19,0.2,28.06,28.08,0
2026-09-22 13:35:08,AA-2026,N942DB,DESCENT_LANDING,25121.6,224.7,321.8,-3.05,0.55,27.67,28.13,0
2026-09-22 13:35:12,AA-2026,N942DB,DESCENT_LANDING,25078.9,223.4,321.6,-3.15,0.44,27.82,28.17,0
2026-09-22 13:35:16,AA-2026,N942DB,DESCENT_LANDING,25031.5,222.5,321.8,-3.03,-0.7,28.13,27.9,0
2026-09-22 13:35:20,AA-2026,N942DB,DESCENT_LANDING,24992.4,221.4,321.8,-3.04,-0.09,28.04,28.01,0
2026-09-22 13:35:24,AA-2026,N942DB,DESCENT_LANDING,24952.1,220.3,321.8,-3.17,-0.4,27.98,28.07,0
2026-09-22 13:35:28,AA-2026,N942DB,DESCENT_LANDING,24912.3,219.7,321.8,-2.91,0.28,28.08,28.17,0
2026-09-22 13:35:32,AA-2026,N942DB,DESCENT_LANDING,24869.0,218.7,322.0,-3.04,0.0,28.25,28.35,0
2026-09-22 13:35:36,AA-2026,N942DB,DESCENT_LANDING,24836.2,217.5,321.8,-2.73,0.18,27.97,28.08,0
2026-09-22 13:35:40,AA-2026,N942DB,DESCENT_LANDING,24805.6,216.8,321.7,-3.13,-0.12,28.01,27.96,0
2026-09-22 13:35:44,AA-2026,N942DB,DESCENT_LANDING,24769.4,215.5,321.7,-2.63,-0.31,28.03,28.14,0
2026-09-22 13:35:48,AA-2026,N942DB,DESCENT_LANDING,24725.3,214.4,321.8,-2.94,-0.26,28.36,28.23,0
2026-09-22 13:35:52,AA-2026,N942DB,DESCENT_LANDING,24691.3,213.0,322.0,-2.75,-0.46,27.69,28.11,0
2026-09-22 13:35:56,AA-2026,N942DB,DESCENT_LANDING,24647.8,212.4,321.9,-2.98,-0.38,28.1,28.01,0
2026-09-22 13:36:00,AA-2026,N942DB,DESCENT_LANDING,24598.4,211.7,322.0,-3.16,-0.44,27.98,28.2,0
2026-09-22 13:36:04,AA-2026,N942DB,DESCENT_LANDING,24566.6,210.6,322.2,-3.05,-0.31,28.09,28.17,0
2026-09-22 13:36:08,AA-2026,N942DB,DESCENT_LANDING,24523.1,209.8,322.1,-3.28,-0.33,27.9,28.0,0
2026-09-22 13:36:12,AA-2026,N942DB,DESCENT_LANDING,24484.2,208.6,322.0,-3.02,0.12,27.99,28.14,0
2026-09-22 13:36:16,AA-2026,N942DB,DESCENT_LANDING,24436.9,207.3,322.0,-2.97,0.11,28.11,28.2,0
2026-09-22 13:36:20,AA-2026,N942DB,DESCENT_LANDING,24403.3,206.7,322.2,-2.99,0.12,28.47,28.22,0
2026-09-22 13:36:24,AA-2026,N942DB,DESCENT_LANDING,24359.5,205.7,322.0,-2.73,0.35,28.12,28.09,0
2026-09-22 13:36:28,AA-2026,N942DB,DESCENT_LANDING,24312.7,204.7,322.2,-3.03,-0.02,27.87,28.06,0
2026-09-22 13:36:32,AA-2026,N942DB,DESCENT_LANDING,24263.8,203.8,322.1,-3.38,-0.23,27.94,28.22,0
2026-09-22 13:36:36,AA-2026,N942DB,DESCENT_LANDING,24220.2,202.4,322.2,-2.29,0.66,27.93,27.98,0
2026-09-22 13:36:40,AA-2026,N942DB,DESCENT_LANDING,24180.2,201.0,322.2,-3.14,0.27,27.73,28.14,0
2026-09-22 13:36:44,AA-2026,N942DB,DESCENT_LANDING,24137.9,199.8,322.2,-2.81,0.05,27.95,27.96,0
2026-09-22 13:36:48,AA-2026,N942DB,DESCENT_LANDING,24090.5,198.6,322.3,-3.3,0.02,28.11,28.21,0
2026-09-22 13:36:52,AA-2026,N942DB,DESCENT_LANDING,24049.1,197.7,322.4,-2.95,0.09,27.81,28.07,0
2026-09-22 13:36:56,AA-2026,N942DB,DESCENT_LANDING,24018.5,196.2,322.6,-3.16,-0.06,28.16,28.23,0
2026-09-22 13:37:00,AA-2026,N942DB,DESCENT_LANDING,23969.8,195.0,322.4,-3.56,0.04,28.07,28.15,0
2026-09-22 13:37:04,AA-2026,N942DB,DESCENT_LANDING,23926.0,193.8,322.5,-3.06,0.15,27.89,27.98,0
2026-09-22 13:37:08,AA-2026,N942DB,DESCENT_LANDING,23882.5,192.5,322.4,-3.01,-0.22,27.98,28.24,0
2026-09-22 13:37:12,AA-2026,N942DB,DESCENT_LANDING,23848.2,191.7,322.3,-3.04,-0.49,28.24,28.26,0
2026-09-22 13:37:16,AA-2026,N942DB,DESCENT_LANDING,23805.0,190.4,322.3,-2.95,-0.62,28.11,28.19,0
2026-09-22 13:37:20,AA-2026,N942DB,DESCENT_LANDING,23767.1,189.7,322.3,-3.05,0.27,28.0,28.02,0
2026-09-22 13:37:24,AA-2026,N942DB,DESCENT_LANDING,23724.1,188.8,322.3,-2.99,-0.47,27.96,28.07,0
2026-09-22 13:37:28,AA-2026,N942DB,DESCENT_LANDING,23692.0,188.0,322.5,-2.97,0.14,28.01,28.11,0
2026-09-22 13:37:32,AA-2026,N942DB,DESCENT_LANDING,23648.8,186.5,322.4,-3.01,-0.35,27.92,28.03,0
2026-09-22 13:37:36,AA-2026,N942DB,DESCENT_LANDING,23598.8,185.2,322.4,-3.03,-0.34,27.68,28.27,0
2026-09-22 13:37:40,AA-2026,N942DB,DESCENT_LANDING,23567.9,184.0,322.4,-3.18,-0.22,28.31,28.11,0
2026-09-22 13:37:44,AA-2026,N942DB,DESCENT_LANDING,23518.3,182.7,322.2,-2.88,0.06,28.02,27.83,0
2026-09-22 13:37:48,AA-2026,N942DB,DESCENT_LANDING,23480.2,181.7,322.1,-3.06,-0.39,28.06,28.13,0
2026-09-22 13:37:52,AA-2026,N942DB,DESCENT_LANDING,23432.8,180.2,322.3,-3.07,-0.19,27.99,28.07,0
2026-09-22 13:37:56,AA-2026,N942DB,DESCENT_LANDING,23387.1,179.2,322.4,-2.9,-0.01,27.89,28.09,0
2026-09-22 13:38:00,AA-2026,N942DB,DESCENT_LANDING,23345.8,178.4,322.6,-2.96,-0.36,27.97,28.06,0
2026-09-22 13:38:04,AA-2026,N942DB,DESCENT_LANDING,23301.0,177.7,322.8,-3.14,0.43,27.76,28.18,0
2026-09-22 13:38:08,AA-2026,N942DB,DESCENT_LANDING,23253.5,176.4,322.7,-2.75,-0.52,28.34,28.21,0
2026-09-22 13:38:12,AA-2026,N942DB,DESCENT_LANDING,23215.4,175.2,322.6,-3.24,-0.07,27.81,28.13,0
2026-09-22 13:38:16,AA-2026,N942DB,DESCENT_LANDING,23178.8,174.3,322.7,-3.21,0.38,27.85,28.07,0
2026-09-22 13:38:20,AA-2026,N942DB,DESCENT_LANDING,23135.5,173.8,322.7,-2.87,-0.4,27.93,28.1,0
2026-09-22 13:38:24,AA-2026,N942DB,DESCENT_LANDING,23089.3,172.4,322.6,-2.65,-0.03,28.19,28.1,0
2026-09-22 13:38:28,AA-2026,N942DB,DESCENT_LANDING,23044.1,171.9,322.6,-3.12,0.04,28.0,28.02,0
2026-09-22 13:38:32,AA-2026,N942DB,DESCENT_LANDING,22998.1,170.7,322.6,-2.92,-0.24,27.81,28.16,0
2026-09-22 13:38:36,AA-2026,N942DB,DESCENT_LANDING,22959.4,169.2,322.7,-3.24,-0.02,28.19,28.15,0
2026-09-22 13:38:40,AA-2026,N942DB,DESCENT_LANDING,22913.1,168.3,322.5,-3.19,0.17,28.11,28.25,0
2026-09-22 13:38:44,AA-2026,N942DB,DESCENT_LANDING,22880.7,167.6,322.5,-2.77,-0.14,28.08,28.23,0
2026-09-22 13:38:48,AA-2026,N942DB,DESCENT_LANDING,22839.8,166.4,322.5,-2.93,0.23,28.11,28.03,0
2026-09-22 13:38:52,AA-2026,N942DB,DESCENT_LANDING,22809.6,165.0,322.6,-2.77,0.12,28.36,28.18,0
2026-09-22 13:38:56,AA-2026,N942DB,DESCENT_LANDING,22773.2,164.0,322.4,-2.78,-0.17,28.33,28.0,0
2026-09-22 13:39:00,AA-2026,N942DB,DESCENT_LANDING,22735.8,162.5,322.5,-3.42,0.34,27.9,28.17,0
2026-09-22 13:39:04,AA-2026,N942DB,DESCENT_LANDING,22697.9,162.0,322.4,-3.24,-0.22,28.24,28.05,0
2026-09-22 13:39:08,AA-2026,N942DB,DESCENT_LANDING,22654.0,161.0,322.3,-2.95,0.26,28.06,28.0,0
2026-09-22 13:39:12,AA-2026,N942DB,DESCENT_LANDING,22616.2,159.8,322.4,-3.34,-0.22,28.07,28.13,0
2026-09-22 13:39:16,AA-2026,N942DB,DESCENT_LANDING,22577.2,158.4,322.4,-3.21,-0.09,27.75,27.83,0
2026-09-22 13:39:20,AA-2026,N942DB,DESCENT_LANDING,22542.5,157.7,322.3,-2.71,-0.05,27.97,27.92,0
2026-09-22 13:39:24,AA-2026,N942DB,DESCENT_LANDING,22505.0,156.4,322.4,-3.11,0.1,27.88,28.08,0
2026-09-22 13:39:28,AA-2026,N942DB,DESCENT_LANDING,22470.5,155.4,322.4,-2.86,-0.72,28.12,28.11,0
2026-09-22 13:39:32,AA-2026,N942DB,DESCENT_LANDING,22439.0,154.5,322.6,-3.01,0.14,28.16,28.06,0
2026-09-22 13:39:36,AA-2026,N942DB,DESCENT_LANDING,22397.0,153.8,322.7,-3.14,-0.03,27.69,27.94,0
2026-09-22 13:39:40,AA-2026,N942DB,DESCENT_LANDING,22353.6,152.5,322.7,-3.33,0.09,28.0,28.02,0
2026-09-22 13:39:44,AA-2026,N942DB,DESCENT_LANDING,22311.2,151.8,322.7,-2.95,0.15,28.17,28.14,0
2026-09-22 13:39:48,AA-2026,N942DB,DESCENT_LANDING,22271.9,151.0,322.5,-2.71,0.12,27.97,28.16,0
2026-09-22 13:39:52,AA-2026,N942DB,DESCENT_LANDING,22234.3,150.2,322.5,-3.13,-0.6,28.11,28.1,0
2026-09-22 13:39:56,AA-2026,N942DB,DESCENT_LANDING,22187.1,148.8,322.4,-2.99,-0.32,28.05,28.22,0
