timestamp,flight_phase,pfd_autoflight_mode,mfd_active_page,indicated_airspeed_kts,altitude_ft,magnetic_heading_deg,pitch_attitude_deg,roll_attitude_deg,pfd_bus_voltage_v,display_brightness_pct
2026-09-22 12:00:00,TAKEOFF,SRS_GA,ENGINE_STATUS,3.1,13.8,90.0,10.93,0.78,28.13,84.9
2026-09-22 12:00:02,TAKEOFF,SRS_GA,ENGINE_STATUS,5.7,23.1,89.98,11.34,0.4,28.24,84.7
2026-09-22 12:00:04,TAKEOFF,SRS_GA,ENGINE_STATUS,8.8,36.0,89.99,12.9,0.18,28.37,85.0
2026-09-22 12:00:06,TAKEOFF,SRS_GA,ENGINE_STATUS,12.5,48.2,89.93,11.17,0.03,28.12,84.5
2026-09-22 12:00:08,TAKEOFF,SRS_GA,ENGINE_STATUS,15.2,59.7,89.85,12.74,0.55,28.18,84.9
2026-09-22 12:00:10,TAKEOFF,SRS_GA,ENGINE_STATUS,17.6,74.7,89.79,12.79,-0.28,28.32,84.7
2026-09-22 12:00:12,TAKEOFF,SRS_GA,ENGINE_STATUS,20.6,89.7,89.81,11.39,0.51,28.11,84.6
2026-09-22 12:00:14,TAKEOFF,SRS_GA,ENGINE_STATUS,24.0,95.5,89.83,11.83,-0.76,28.36,84.9
2026-09-22 12:00:16,TAKEOFF,SRS_GA,ENGINE_STATUS,26.6,104.9,89.88,11.04,-0.17,28.38,85.0
2026-09-22 12:00:18,TAKEOFF,SRS_GA,ENGINE_STATUS,29.6,110.0,89.81,10.73,-0.94,28.27,84.6
2026-09-22 12:00:20,TAKEOFF,SRS_GA,ENGINE_STATUS,32.0,121.7,89.73,10.32,-0.68,28.14,84.7
2026-09-22 12:00:22,TAKEOFF,SRS_GA,ENGINE_STATUS,35.6,135.0,89.76,11.62,0.93,28.26,84.9
2026-09-22 12:00:24,TAKEOFF,SRS_GA,ENGINE_STATUS,38.2,142.0,89.75,12.07,0.05,28.28,84.7
2026-09-22 12:00:26,TAKEOFF,SRS_GA,ENGINE_STATUS,40.3,148.8,89.76,12.06,0.41,28.32,84.6
2026-09-22 12:00:28,TAKEOFF,SRS_GA,ENGINE_STATUS,43.4,158.1,89.8,11.41,-0.03,28.26,84.8
2026-09-22 12:00:30,TAKEOFF,SRS_GA,ENGINE_STATUS,45.8,165.1,89.85,10.47,0.74,28.34,84.7
2026-09-22 12:00:32,TAKEOFF,SRS_GA,ENGINE_STATUS,48.9,178.9,89.82,12.27,0.01,28.01,84.8
2026-09-22 12:00:34,TAKEOFF,SRS_GA,ENGINE_STATUS,51.6,189.5,89.83,11.22,-0.43,28.12,84.6
2026-09-22 12:00:36,TAKEOFF,SRS_GA,ENGINE_STATUS,54.1,198.6,89.83,12.39,0.75,28.38,84.9
2026-09-22 12:00:38,TAKEOFF,SRS_GA,ENGINE_STATUS,56.7,207.3,89.73,11.3,-0.62,28.29,84.6
2026-09-22 12:00:40,TAKEOFF,SRS_GA,ENGINE_STATUS,59.9,214.0,89.78,12.69,0.26,28.31,85.0
2026-09-22 12:00:42,TAKEOFF,SRS_GA,ENGINE_STATUS,62.4,222.6,89.86,11.24,-0.96,28.37,84.9
2026-09-22 12:00:44,TAKEOFF,SRS_GA,ENGINE_STATUS,66.1,233.7,89.82,12.52,-0.47,28.04,85.0
2026-09-22 12:00:46,TAKEOFF,SRS_GA,ENGINE_STATUS,68.4,243.3,89.79,11.2,-0.07,28.08,84.6
2026-09-22 12:00:48,TAKEOFF,SRS_GA,ENGINE_STATUS,72.1,252.1,89.85,12.5,0.94,28.01,84.7
2026-09-22 12:00:50,TAKEOFF,SRS_GA,ENGINE_STATUS,76.0,258.0,89.77,10.44,0.65,28.3,84.6
2026-09-22 12:00:52,TAKEOFF,SRS_GA,ENGINE_STATUS,79.9,271.7,89.75,10.44,-0.33,28.15,85.0
2026-09-22 12:00:54,TAKEOFF,SRS_GA,ENGINE_STATUS,83.2,284.8,89.7,10.38,0.8,28.01,84.5
2026-09-22 12:00:56,TAKEOFF,SRS_GA,ENGINE_STATUS,86.4,293.0,89.63,12.18,-0.69,28.24,84.7
2026-09-22 12:00:58,TAKEOFF,SRS_GA,ENGINE_STATUS,89.2,302.0,89.55,12.4,0.03,28.14,85.0
2026-09-22 12:01:00,TAKEOFF,SRS_GA,ENGINE_STATUS,91.8,312.8,89.46,11.06,-0.06,28.3,84.9
2026-09-22 12:01:02,TAKEOFF,SRS_GA,ENGINE_STATUS,94.8,323.9,89.44,10.44,-0.4,28.18,84.7
2026-09-22 12:01:04,TAKEOFF,SRS_GA,ENGINE_STATUS,97.0,333.4,89.36,12.05,0.49,28.15,84.6
2026-09-22 12:01:06,TAKEOFF,SRS_GA,ENGINE_STATUS,99.9,344.7,89.4,11.25,-0.05,28.17,84.6
2026-09-22 12:01:08,TAKEOFF,SRS_GA,ENGINE_STATUS,103.0,358.8,89.33,10.67,0.57,28.04,84.9
2026-09-22 12:01:10,TAKEOFF,SRS_GA,ENGINE_STATUS,105.3,369.5,89.3,11.05,-0.17,28.0,84.9
2026-09-22 12:01:12,TAKEOFF,SRS_GA,ENGINE_STATUS,108.3,376.8,89.26,12.39,0.74,28.3,84.8
2026-09-22 12:01:14,TAKEOFF,SRS_GA,ENGINE_STATUS,111.8,387.0,89.26,12.68,0.48,28.25,84.7
2026-09-22 12:01:16,TAKEOFF,SRS_GA,ENGINE_STATUS,114.1,397.5,89.17,12.46,0.27,28.11,84.9
2026-09-22 12:01:18,TAKEOFF,SRS_GA,ENGINE_STATUS,116.4,404.2,89.2,12.33,-0.04,28.16,85.0
2026-09-22 12:01:20,TAKEOFF,SRS_GA,ENGINE_STATUS,119.0,415.4,89.17,11.96,0.64,28.33,84.6
2026-09-22 12:01:22,TAKEOFF,SRS_GA,ENGINE_STATUS,121.5,428.1,89.1,11.75,0.8,28.17,85.0
2026-09-22 12:01:24,TAKEOFF,SRS_GA,ENGINE_STATUS,123.9,442.7,89.05,11.6,0.05,28.15,84.7
2026-09-22 12:01:26,TAKEOFF,SRS_GA,ENGINE_STATUS,126.7,451.8,89.04,11.08,-0.76,28.05,84.8
2026-09-22 12:01:28,TAKEOFF,SRS_GA,ENGINE_STATUS,129.3,465.0,89.07,10.98,0.1,28.0,84.7
2026-09-22 12:01:30,TAKEOFF,SRS_GA,ENGINE_STATUS,132.6,478.8,89.0,12.8,0.63,28.31,84.9
2026-09-22 12:01:32,TAKEOFF,SRS_GA,ENGINE_STATUS,135.7,493.2,89.04,10.2,0.64,28.3,84.9
2026-09-22 12:01:34,TAKEOFF,SRS_GA,ENGINE_STATUS,139.3,501.5,89.11,10.7,0.9,28.3,84.8
2026-09-22 12:01:36,TAKEOFF,SRS_GA,ENGINE_STATUS,142.0,514.8,89.06,11.5,-0.07,28.21,85.0
2026-09-22 12:01:38,TAKEOFF,SRS_GA,ENGINE_STATUS,145.6,526.2,89.02,12.18,-0.72,28.17,84.9
2026-09-22 12:01:40,TAKEOFF,SRS_GA,ENGINE_STATUS,148.5,536.0,88.96,12.84,-0.28,28.33,84.9
2026-09-22 12:01:42,TAKEOFF,SRS_GA,ENGINE_STATUS,150.0,548.9,88.99,12.26,-0.46,28.24,84.7
2026-09-22 12:01:44,TAKEOFF,SRS_GA,ENGINE_STATUS,150.0,557.3,88.99,10.98,0.26,28.09,84.6
2026-09-22 12:01:46,TAKEOFF,SRS_GA,ENGINE_STATUS,150.0,566.5,89.06,11.21,-0.16,28.12,84.8
2026-09-22 12:01:48,TAKEOFF,SRS_GA,ENGINE_STATUS,150.0,573.7,89.03,11.92,0.96,28.29,84.7
2026-09-22 12:01:50,TAKEOFF,SRS_GA,ENGINE_STATUS,150.0,579.8,88.98,10.69,-0.33,28.14,84.5
2026-09-22 12:01:52,TAKEOFF,SRS_GA,ENGINE_STATUS,150.0,593.3,88.89,11.99,0.92,28.33,84.6
2026-09-22 12:01:54,TAKEOFF,SRS_GA,ENGINE_STATUS,150.0,600.4,88.98,11.7,-0.37,28.06,84.6
2026-09-22 12:01:56,TAKEOFF,SRS_GA,ENGINE_STATUS,150.0,608.8,88.91,10.6,-0.28,28.3,84.6
2026-09-22 12:01:58,TAKEOFF,SRS_GA,ENGINE_STATUS,150.0,614.6,89.01,10.13,-0.79,28.01,85.0
2026-09-22 12:02:00,TAKEOFF,SRS_GA,ENGINE_STATUS,150.0,625.4,88.95,10.1,-0.04,28.1,84.8
2026-09-22 12:02:02,TAKEOFF,SRS_GA,ENGINE_STATUS,150.0,630.6,88.9,12.52,-0.7,28.02,84.6
2026-09-22 12:02:04,TAKEOFF,SRS_GA,ENGINE_STATUS,150.0,639.8,88.98,11.57,0.06,28.32,84.8
2026-09-22 12:02:06,TAKEOFF,SRS_GA,ENGINE_STATUS,150.0,651.9,89.0,10.3,-0.57,28.39,84.9
2026-09-22 12:02:08,TAKEOFF,SRS_GA,ENGINE_STATUS,150.0,665.9,88.99,11.25,-0.88,28.23,84.8
2026-09-22 12:02:10,TAKEOFF,SRS_GA,ENGINE_STATUS,150.0,679.6,88.97,11.9,-0.01,28.34,84.8
2026-09-22 12:02:12,TAKEOFF,SRS_GA,ENGINE_STATUS,150.0,685.1,88.99,11.08,0.99,28.26,84.7
2026-09-22 12:02:14,TAKEOFF,SRS_GA,ENGINE_STATUS,150.0,690.7,89.0,10.39,0.34,28.2,84.5
2026-09-22 12:02:16,TAKEOFF,SRS_GA,ENGINE_STATUS,150.0,701.9,89.05,10.83,0.43,28.26,84.8
2026-09-22 12:02:18,TAKEOFF,SRS_GA,ENGINE_STATUS,150.0,716.2,89.1,10.96,-0.21,28.05,84.8
2026-09-22 12:02:20,TAKEOFF,SRS_GA,ENGINE_STATUS,150.0,724.7,89.15,12.24,-0.75,28.3,84.9
2026-09-22 12:02:22,TAKEOFF,SRS_GA,ENGINE_STATUS,150.0,731.0,89.13,10.27,-0.45,28.15,84.7
2026-09-22 12:02:24,TAKEOFF,SRS_GA,ENGINE_STATUS,150.0,740.6,89.07,12.15,-0.48,28.22,84.8
2026-09-22 12:02:26,TAKEOFF,SRS_GA,ENGINE_STATUS,150.0,751.6,89.17,11.6,-0.7,28.15,84.8
2026-09-22 12:02:28,TAKEOFF,SRS_GA,ENGINE_STATUS,150.0,764.3,89.24,10.24,0.78,28.27,84.9
2026-09-22 12:02:30,TAKEOFF,SRS_GA,ENGINE_STATUS,150.0,775.4,89.31,12.53,0.91,28.36,84.8
2026-09-22 12:02:32,TAKEOFF,SRS_GA,ENGINE_STATUS,150.0,787.2,89.39,12.24,0.33,28.37,84.5
2026-09-22 12:02:34,TAKEOFF,SRS_GA,ENGINE_STATUS,150.0,801.7,89.38,12.42,-0.57,28.09,84.8
2026-09-22 12:02:36,TAKEOFF,SRS_GA,ENGINE_STATUS,150.0,815.8,89.4,11.19,-0.86,28.21,84.7
2026-09-22 12:02:38,TAKEOFF,SRS_GA,ENGINE_STATUS,150.0,824.8,89.47,12.8,0.19,28.19,84.6
2026-09-22 12:02:40,TAKEOFF,SRS_GA,ENGINE_STATUS,150.0,831.4,89.38,12.59,-0.46,28.05,85.0
2026-09-22 12:02:42,TAKEOFF,SRS_GA,ENGINE_STATUS,150.0,843.2,89.47,10.78,-0.42,28.25,84.8
2026-09-22 12:02:44,TAKEOFF,SRS_GA,ENGINE_STATUS,150.0,856.0,89.49,12.93,0.08,28.33,84.7
2026-09-22 12:02:46,TAKEOFF,SRS_GA,ENGINE_STATUS,150.0,864.0,89.43,11.06,0.57,28.03,84.6
2026-09-22 12:02:48,TAKEOFF,SRS_GA,ENGINE_STATUS,150.0,874.2,89.44,10.14,-0.53,28.4,84.6
2026-09-22 12:02:50,TAKEOFF,SRS_GA,ENGINE_STATUS,150.0,883.6,89.39,11.66,0.1,28.29,84.8
2026-09-22 12:02:52,TAKEOFF,SRS_GA,ENGINE_STATUS,150.0,893.6,89.44,10.82,0.71,28.27,84.8
2026-09-22 12:02:54,TAKEOFF,SRS_GA,ENGINE_STATUS,150.0,907.5,89.41,11.71,-0.47,28.35,84.9
2026-09-22 12:02:56,TAKEOFF,SRS_GA,ENGINE_STATUS,150.0,913.5,89.45,10.29,0.67,28.04,84.8
2026-09-22 12:02:58,TAKEOFF,SRS_GA,ENGINE_STATUS,150.0,924.4,89.4,11.42,0.52,28.31,84.8
2026-09-22 12:03:00,TAKEOFF,SRS_GA,ENGINE_STATUS,150.0,933.7,89.43,12.13,-0.57,28.39,84.8
2026-09-22 12:03:02,TAKEOFF,SRS_GA,ENGINE_STATUS,150.0,944.8,89.51,11.77,0.67,28.33,84.8
2026-09-22 12:03:04,TAKEOFF,SRS_GA,ENGINE_STATUS,150.0,952.3,89.53,10.11,-0.63,28.16,84.8
2026-09-22 12:03:06,TAKEOFF,SRS_GA,ENGINE_STATUS,150.0,963.9,89.56,11.32,-0.03,28.19,84.8
2026-09-22 12:03:08,TAKEOFF,SRS_GA,ENGINE_STATUS,150.0,978.2,89.58,10.38,0.97,28.29,84.9
2026-09-22 12:03:10,TAKEOFF,SRS_GA,ENGINE_STATUS,150.0,985.2,89.65,10.88,-0.45,28.16,85.0
2026-09-22 12:03:12,TAKEOFF,SRS_GA,ENGINE_STATUS,150.0,990.2,89.71,12.87,0.51,28.35,84.9
2026-09-22 12:03:14,TAKEOFF,SRS_GA,ENGINE_STATUS,150.0,1004.4,89.72,11.95,0.33,28.15,85.0
2026-09-22 12:03:16,TAKEOFF,SRS_GA,ENGINE_STATUS,150.0,1015.6,89.68,11.56,-0.31,28.11,84.8
2026-09-22 12:03:18,TAKEOFF,SRS_GA,ENGINE_STATUS,150.0,1025.5,89.63,11.74,-1.0,28.07,84.9
2026-09-22 12:03:20,TAKEOFF,SRS_GA,ENGINE_STATUS,150.0,1034.1,89.72,12.89,-0.11,28.09,84.5
2026-09-22 12:03:22,TAKEOFF,SRS_GA,ENGINE_STATUS,150.0,1040.9,89.72,12.97,0.59,28.13,84.9
2026-09-22 12:03:24,TAKEOFF,SRS_GA,ENGINE_STATUS,150.0,1055.3,89.64,10.5,-0.58,28.18,84.5
2026-09-22 12:03:26,TAKEOFF,SRS_GA,ENGINE_STATUS,150.0,1061.7,89.61,12.92,-0.19,28.06,84.6
2026-09-22 12:03:28,TAKEOFF,SRS_GA,ENGINE_STATUS,150.0,1071.8,89.6,11.11,-0.9,28.07,84.6
2026-09-22 12:03:30,TAKEOFF,SRS_GA,ENGINE_STATUS,150.0,1084.0,89.52,10.55,-0.43,28.37,84.7
2026-09-22 12:03:32,TAKEOFF,SRS_GA,ENGINE_STATUS,150.0,1096.1,89.62,11.29,0.51,28.09,84.7
2026-09-22 12:03:34,TAKEOFF,SRS_GA,ENGINE_STATUS,150.0,1105.1,89.57,10.71,0.12,28.27,84.9
2026-09-22 12:03:36,TAKEOFF,SRS_GA,ENGINE_STATUS,150.0,1111.4,89.6,12.04,-0.32,28.02,84.7
2026-09-22 12:03:38,TAKEOFF,SRS_GA,ENGINE_STATUS,150.0,1119.1,89.53,12.27,0.39,28.06,84.8
2026-09-22 12:03:40,TAKEOFF,SRS_GA,ENGINE_STATUS,150.0,1131.8,89.61,10.01,0.54,28.15,84.9
2026-09-22 12:03:42,TAKEOFF,SRS_GA,ENGINE_STATUS,150.0,1146.3,89.67,11.83,-0.37,28.16,84.7
2026-09-22 12:03:44,TAKEOFF,SRS_GA,ENGINE_STATUS,150.0,1155.3,89.57,11.5,0.86,28.3,84.9
2026-09-22 12:03:46,TAKEOFF,SRS_GA,ENGINE_STATUS,150.0,1170.0,89.63,12.59,-0.85,28.23,84.6
2026-09-22 12:03:48,TAKEOFF,SRS_GA,ENGINE_STATUS,150.0,1183.0,89.65,11.2,0.19,28.15,85.0
2026-09-22 12:03:50,TAKEOFF,SRS_GA,ENGINE_STATUS,150.0,1193.3,89.72,12.18,-0.92,28.2,85.0
2026-09-22 12:03:52,TAKEOFF,SRS_GA,ENGINE_STATUS,150.0,1204.6,89.74,12.56,0.88,28.15,84.5
2026-09-22 12:03:54,TAKEOFF,SRS_GA,ENGINE_STATUS,150.0,1218.2,89.66,12.6,0.03,28.08,84.6
2026-09-22 12:03:56,TAKEOFF,SRS_GA,ENGINE_STATUS,150.0,1227.4,89.61,11.86,0.77,28.32,84.5
2026-09-22 12:03:58,TAKEOFF,SRS_GA,ENGINE_STATUS,150.0,1234.2,89.61,10.67,-0.5,28.3,84.5
2026-09-22 12:04:00,TAKEOFF,SRS_GA,ENGINE_STATUS,150.0,1247.0,89.54,12.08,0.54,28.3,84.6
2026-09-22 12:04:02,TAKEOFF,SRS_GA,ENGINE_STATUS,150.0,1252.1,89.45,11.79,-0.27,28.01,84.9
2026-09-22 12:04:04,TAKEOFF,SRS_GA,ENGINE_STATUS,150.0,1260.6,89.43,10.49,0.52,28.0,84.7
2026-09-22 12:04:06,TAKEOFF,SRS_GA,ENGINE_STATUS,150.0,1267.9,89.53,11.14,-0.04,28.23,84.6
2026-09-22 12:04:08,TAKEOFF,SRS_GA,ENGINE_STATUS,150.0,1281.0,89.55,10.44,-0.72,28.4,85.0
2026-09-22 12:04:10,TAKEOFF,SRS_GA,ENGINE_STATUS,150.0,1287.4,89.47,10.73,0.54,28.11,84.8
2026-09-22 12:04:12,TAKEOFF,SRS_GA,ENGINE_STATUS,150.0,1300.4,89.43,12.24,0.2,28.09,84.9
2026-09-22 12:04:14,TAKEOFF,SRS_GA,ENGINE_STATUS,150.0,1310.3,89.46,11.41,0.56,28.03,84.7
2026-09-22 12:04:16,TAKEOFF,SRS_GA,ENGINE_STATUS,150.0,1324.2,89.41,12.71,0.74,28.35,84.6
2026-09-22 12:04:18,TAKEOFF,SRS_GA,ENGINE_STATUS,150.0,1337.4,89.4,11.77,-0.97,28.12,84.7
2026-09-22 12:04:20,TAKEOFF,SRS_GA,ENGINE_STATUS,150.0,1348.2,89.44,10.54,0.25,28.01,84.6
2026-09-22 12:04:22,TAKEOFF,SRS_GA,ENGINE_STATUS,150.0,1353.9,89.5,10.57,0.29,28.15,85.0
2026-09-22 12:04:24,TAKEOFF,SRS_GA,ENGINE_STATUS,150.0,1368.6,89.44,10.74,0.28,28.31,84.7
2026-09-22 12:04:26,TAKEOFF,SRS_GA,ENGINE_STATUS,150.0,1381.0,89.52,11.69,-0.44,28.08,84.9
2026-09-22 12:04:28,TAKEOFF,SRS_GA,ENGINE_STATUS,150.0,1391.7,89.46,12.83,-0.44,28.11,84.8
2026-09-22 12:04:30,TAKEOFF,SRS_GA,ENGINE_STATUS,150.0,1406.6,89.55,11.2,0.89,28.05,84.8
2026-09-22 12:04:32,TAKEOFF,SRS_GA,ENGINE_STATUS,150.0,1412.7,89.62,11.23,-0.53,28.34,84.5
2026-09-22 12:04:34,TAKEOFF,SRS_GA,ENGINE_STATUS,150.0,1423.8,89.57,12.76,0.71,28.24,84.7
2026-09-22 12:04:36,TAKEOFF,SRS_GA,ENGINE_STATUS,150.0,1429.4,89.57,11.61,0.73,28.37,84.9
2026-09-22 12:04:38,TAKEOFF,SRS_GA,ENGINE_STATUS,150.0,1441.9,89.6,12.34,0.15,28.02,84.8
2026-09-22 12:04:40,TAKEOFF,SRS_GA,ENGINE_STATUS,150.0,1450.7,89.53,11.13,0.44,28.37,84.8
2026-09-22 12:04:42,TAKEOFF,SRS_GA,ENGINE_STATUS,150.0,1459.8,89.47,12.96,0.38,28.05,84.8
2026-09-22 12:04:44,TAKEOFF,SRS_GA,ENGINE_STATUS,150.0,1469.2,89.47,12.15,0.02,28.24,84.8
2026-09-22 12:04:46,TAKEOFF,SRS_GA,ENGINE_STATUS,150.0,1479.0,89.4,11.23,-0.2,28.14,84.5
2026-09-22 12:04:48,TAKEOFF,SRS_GA,ENGINE_STATUS,150.0,1487.5,89.38,11.19,-0.58,28.01,85.0
2026-09-22 12:04:50,TAKEOFF,SRS_GA,ENGINE_STATUS,150.0,1498.1,89.38,11.86,-0.38,28.35,84.8
2026-09-22 12:04:52,TAKEOFF,SRS_GA,ENGINE_STATUS,150.0,1511.9,89.45,12.48,0.81,28.15,84.8
2026-09-22 12:04:54,TAKEOFF,SRS_GA,ENGINE_STATUS,150.0,1525.7,89.49,12.69,-0.88,28.05,84.9
2026-09-22 12:04:56,TAKEOFF,SRS_GA,ENGINE_STATUS,150.0,1531.9,89.47,10.69,0.63,28.27,84.5
2026-09-22 12:04:58,TAKEOFF,SRS_GA,ENGINE_STATUS,150.0,1542.2,89.43,11.51,0.54,28.13,84.8
2026-09-22 12:05:00,TAKEOFF,SRS_GA,ENGINE_STATUS,150.0,1547.2,89.47,12.98,0.72,28.3,84.6
2026-09-22 12:05:02,TAKEOFF,SRS_GA,ENGINE_STATUS,150.0,1561.0,89.42,11.32,0.51,28.12,84.6
2026-09-22 12:05:04,TAKEOFF,SRS_GA,ENGINE_STATUS,150.0,1572.0,89.36,11.49,0.2,28.32,84.6
2026-09-22 12:05:06,TAKEOFF,SRS_GA,ENGINE_STATUS,150.0,1584.6,89.36,11.43,0.62,28.13,84.7
2026-09-22 12:05:08,TAKEOFF,SRS_GA,ENGINE_STATUS,150.0,1598.8,89.4,10.33,-0.13,28.05,85.0
2026-09-22 12:05:10,TAKEOFF,SRS_GA,ENGINE_STATUS,150.0,1610.2,89.32,12.45,-0.72,28.06,84.8
2026-09-22 12:05:12,TAKEOFF,SRS_GA,ENGINE_STATUS,150.0,1618.1,89.23,10.18,-0.07,28.27,84.7
2026-09-22 12:05:14,TAKEOFF,SRS_GA,ENGINE_STATUS,150.0,1630.6,89.24,11.11,0.63,28.29,84.7
2026-09-22 12:05:16,TAKEOFF,SRS_GA,ENGINE_STATUS,150.0,1645.5,89.33,11.61,-0.15,28.14,85.0
2026-09-22 12:05:18,TAKEOFF,SRS_GA,ENGINE_STATUS,150.0,1653.1,89.25,12.56,-0.94,28.28,84.8
2026-09-22 12:05:20,TAKEOFF,SRS_GA,ENGINE_STATUS,150.0,1664.8,89.2,10.69,-0.7,28.37,84.8
2026-09-22 12:05:22,TAKEOFF,SRS_GA,ENGINE_STATUS,150.0,1674.4,89.2,10.08,-0.72,28.27,84.8
2026-09-22 12:05:24,TAKEOFF,SRS_GA,ENGINE_STATUS,150.0,1685.2,89.29,10.44,0.37,28.26,84.8
2026-09-22 12:05:26,TAKEOFF,SRS_GA,ENGINE_STATUS,150.0,1690.5,89.24,10.88,-0.57,28.08,84.8
2026-09-22 12:05:28,TAKEOFF,SRS_GA,ENGINE_STATUS,150.0,1704.2,89.25,10.07,-0.78,28.21,84.8
2026-09-22 12:05:30,TAKEOFF,SRS_GA,ENGINE_STATUS,150.0,1709.7,89.23,10.16,0.99,28.26,84.7
2026-09-22 12:05:32,TAKEOFF,SRS_GA,ENGINE_STATUS,150.0,1718.1,89.27,12.08,-0.87,28.03,85.0
2026-09-22 12:05:34,TAKEOFF,SRS_GA,ENGINE_STATUS,150.0,1728.9,89.25,12.76,0.16,28.17,85.0
2026-09-22 12:05:36,TAKEOFF,SRS_GA,ENGINE_STATUS,150.0,1735.7,89.18,10.82,0.65,28.39,84.6
2026-09-22 12:05:38,TAKEOFF,SRS_GA,ENGINE_STATUS,150.0,1745.3,89.09,11.03,-0.83,28.15,84.7
2026-09-22 12:05:40,TAKEOFF,SRS_GA,ENGINE_STATUS,150.0,1753.5,89.09,10.46,-0.45,28.34,84.6
2026-09-22 12:05:42,TAKEOFF,SRS_GA,ENGINE_STATUS,150.0,1764.4,89.17,12.72,-0.04,28.15,84.5
2026-09-22 12:05:44,TAKEOFF,SRS_GA,ENGINE_STATUS,150.0,1776.4,89.15,10.11,-0.62,28.16,84.9
2026-09-22 12:05:46,TAKEOFF,SRS_GA,ENGINE_STATUS,150.0,1784.7,89.05,12.61,-0.5,28.07,84.8
2026-09-22 12:05:48,TAKEOFF,SRS_GA,ENGINE_STATUS,150.0,1798.8,89.0,11.56,-0.16,28.21,84.5
2026-09-22 12:05:50,TAKEOFF,SRS_GA,ENGINE_STATUS,150.0,1810.8,89.02,12.69,-0.9,28.37,84.9
2026-09-22 12:05:52,TAKEOFF,SRS_GA,ENGINE_STATUS,150.0,1820.5,89.08,12.42,0.68,28.24,84.9
2026-09-22 12:05:54,TAKEOFF,SRS_GA,ENGINE_STATUS,150.0,1830.8,89.03,12.35,-0.18,28.14,84.6
2026-09-22 12:05:56,TAKEOFF,SRS_GA,ENGINE_STATUS,150.0,1841.8,89.07,11.35,0.17,28.2,84.6
2026-09-22 12:05:58,TAKEOFF,SRS_GA,ENGINE_STATUS,150.0,1856.5,89.07,10.93,-0.11,28.31,84.7
2026-09-22 12:06:00,TAKEOFF,SRS_GA,ENGINE_STATUS,150.0,1866.0,89.16,11.19,0.24,28.4,84.9
2026-09-22 12:06:02,TAKEOFF,SRS_GA,ENGINE_STATUS,150.0,1877.0,89.12,11.01,0.13,28.1,85.0
2026-09-22 12:06:04,TAKEOFF,SRS_GA,ENGINE_STATUS,150.0,1887.3,89.09,12.67,0.93,28.34,84.6
2026-09-22 12:06:06,TAKEOFF,SRS_GA,ENGINE_STATUS,150.0,1898.9,89.04,10.45,0.37,28.03,84.6
2026-09-22 12:06:08,TAKEOFF,SRS_GA,ENGINE_STATUS,150.0,1907.8,88.99,10.74,-0.08,28.03,84.5
2026-09-22 12:06:10,TAKEOFF,SRS_GA,ENGINE_STATUS,150.0,1920.5,88.96,10.03,0.13,28.2,84.8
2026-09-22 12:06:12,TAKEOFF,SRS_GA,ENGINE_STATUS,150.0,1934.5,88.98,11.92,-0.61,28.14,84.7
2026-09-22 12:06:14,CLIMB,CLB_NAV,NAVIGATION_MAP,150.3,1959.9,88.97,7.67,0.76,28.13,84.6
2026-09-22 12:06:16,CLIMB,CLB_NAV,NAVIGATION_MAP,150.6,1983.3,88.79,7.74,-1.78,28.1,84.6
2026-09-22 12:06:18,CLIMB,CLB_NAV,NAVIGATION_MAP,150.7,2009.3,88.64,8.1,1.73,28.32,84.8
2026-09-22 12:06:20,CLIMB,CLB_NAV,NAVIGATION_MAP,151.2,2042.9,88.68,8.21,-0.02,28.12,84.8
2026-09-22 12:06:22,CLIMB,CLB_NAV,NAVIGATION_MAP,151.7,2073.6,88.84,7.09,1.35,28.22,84.6
2026-09-22 12:06:24,CLIMB,CLB_NAV,NAVIGATION_MAP,152.1,2095.5,89.0,8.08,-1.67,28.25,84.9
2026-09-22 12:06:26,CLIMB,CLB_NAV,NAVIGATION_MAP,152.3,2126.7,89.1,8.19,-1.51,28.4,84.8
2026-09-22 12:06:28,CLIMB,CLB_NAV,NAVIGATION_MAP,152.7,2158.7,89.17,7.11,-1.77,28.14,84.9
2026-09-22 12:06:30,CLIMB,CLB_NAV,NAVIGATION_MAP,153.1,2184.6,89.07,8.71,0.11,28.21,84.7
2026-09-22 12:06:32,CLIMB,CLB_NAV,NAVIGATION_MAP,153.3,2219.5,88.92,8.64,-1.35,28.13,84.9
2026-09-22 12:06:34,CLIMB,CLB_NAV,NAVIGATION_MAP,153.5,2249.9,88.96,8.66,-0.81,28.24,84.9
2026-09-22 12:06:36,CLIMB,CLB_NAV,NAVIGATION_MAP,153.8,2275.6,88.87,8.61,-1.9,28.33,84.9
2026-09-22 12:06:38,CLIMB,CLB_NAV,NAVIGATION_MAP,154.2,2304.8,89.06,6.19,-0.47,28.22,84.6
2026-09-22 12:06:40,CLIMB,CLB_NAV,NAVIGATION_MAP,154.5,2326.3,89.19,7.51,-0.13,28.24,84.9
2026-09-22 12:06:42,CLIMB,CLB_NAV,NAVIGATION_MAP,154.7,2355.6,89.25,8.92,-0.67,28.32,84.5
2026-09-22 12:06:44,CLIMB,CLB_NAV,NAVIGATION_MAP,154.9,2379.0,89.36,6.97,-0.06,28.3,85.0
2026-09-22 12:06:46,CLIMB,CLB_NAV,NAVIGATION_MAP,155.0,2410.4,89.26,6.46,-0.25,28.27,85.0
2026-09-22 12:06:48,CLIMB,CLB_NAV,NAVIGATION_MAP,155.1,2430.9,89.45,7.29,0.73,28.39,84.7
2026-09-22 12:06:50,CLIMB,CLB_NAV,NAVIGATION_MAP,155.4,2461.9,89.43,6.79,-1.07,28.0,85.0
2026-09-22 12:06:52,CLIMB,CLB_NAV,NAVIGATION_MAP,155.7,2487.8,89.34,8.59,-1.03,28.2,85.0
2026-09-22 12:06:54,CLIMB,CLB_NAV,NAVIGATION_MAP,156.2,2516.7,89.45,6.75,0.14,28.05,84.8
2026-09-22 12:06:56,CLIMB,CLB_NAV,NAVIGATION_MAP,156.4,2547.7,89.62,8.2,1.13,28.26,84.7
2026-09-22 12:06:58,CLIMB,CLB_NAV,NAVIGATION_MAP,156.7,2578.2,89.77,7.7,-1.66,28.11,84.9
2026-09-22 12:07:00,CLIMB,CLB_NAV,NAVIGATION_MAP,156.9,2607.6,89.73,7.77,1.57,28.35,84.7
2026-09-22 12:07:02,CLIMB,CLB_NAV,NAVIGATION_MAP,157.1,2632.6,89.84,8.34,1.9,28.3,84.5
2026-09-22 12:07:04,CLIMB,CLB_NAV,NAVIGATION_MAP,157.6,2661.3,90.03,7.31,-1.87,28.04,84.9
2026-09-22 12:07:06,CLIMB,CLB_NAV,NAVIGATION_MAP,157.9,2684.1,89.91,6.52,-0.37,28.07,84.8
2026-09-22 12:07:08,CLIMB,CLB_NAV,NAVIGATION_MAP,158.2,2715.9,89.73,7.39,-0.2,28.01,84.7
2026-09-22 12:07:10,CLIMB,CLB_NAV,NAVIGATION_MAP,158.6,2747.3,89.64,6.94,-1.78,28.08,84.6
2026-09-22 12:07:12,CLIMB,CLB_NAV,NAVIGATION_MAP,158.8,2772.2,89.72,7.73,-1.87,28.12,84.9
2026-09-22 12:07:14,CLIMB,CLB_NAV,NAVIGATION_MAP,159.2,2804.7,89.68,7.63,-1.58,28.2,84.8
2026-09-22 12:07:16,CLIMB,CLB_NAV,NAVIGATION_MAP,159.3,2834.3,89.59,6.34,-1.35,28.03,84.6
2026-09-22 12:07:18,CLIMB,CLB_NAV,NAVIGATION_MAP,159.6,2866.9,89.74,7.61,1.15,28.23,84.9
2026-09-22 12:07:20,CLIMB,CLB_NAV,NAVIGATION_MAP,159.8,2896.6,89.8,8.21,-1.36,28.23,84.9
2026-09-22 12:07:22,CLIMB,CLB_NAV,NAVIGATION_MAP,160.0,2919.9,89.63,6.47,-0.16,28.14,84.6
2026-09-22 12:07:24,CLIMB,CLB_NAV,NAVIGATION_MAP,160.2,2953.4,89.79,7.12,-1.63,28.23,84.5
2026-09-22 12:07:26,CLIMB,CLB_NAV,NAVIGATION_MAP,160.6,2987.0,89.82,8.12,-0.45,28.09,84.6
2026-09-22 12:07:28,CLIMB,CLB_NAV,NAVIGATION_MAP,160.7,3007.1,89.82,7.04,-1.76,28.22,85.0
2026-09-22 12:07:30,CLIMB,CLB_NAV,NAVIGATION_MAP,160.8,3041.6,89.91,7.45,0.92,28.18,84.7
2026-09-22 12:07:32,CLIMB,CLB_NAV,NAVIGATION_MAP,161.2,3069.7,89.84,7.39,1.7,28.26,84.5
2026-09-22 12:07:34,CLIMB,CLB_NAV,NAVIGATION_MAP,161.3,3104.6,89.65,8.72,-1.45,28.36,84.5
2026-09-22 12:07:36,CLIMB,CLB_NAV,NAVIGATION_MAP,161.5,3136.9,89.68,7.13,1.16,28.07,84.6
2026-09-22 12:07:38,CLIMB,CLB_NAV,NAVIGATION_MAP,161.7,3164.3,89.76,8.12,0.83,28.37,84.5
2026-09-22 12:07:40,CLIMB,CLB_NAV,NAVIGATION_MAP,162.0,3192.7,89.91,6.59,-1.32,28.24,84.9
2026-09-22 12:07:42,CLIMB,CLB_NAV,NAVIGATION_MAP,162.2,3222.6,90.09,8.5,1.46,28.09,84.7
2026-09-22 12:07:44,CLIMB,CLB_NAV,NAVIGATION_MAP,162.7,3243.0,89.98,8.97,0.27,28.15,84.8
2026-09-22 12:07:46,CLIMB,CLB_NAV,NAVIGATION_MAP,162.9,3269.8,90.05,8.56,-0.35,28.36,84.8
2026-09-22 12:07:48,CLIMB,CLB_NAV,NAVIGATION_MAP,163.3,3296.2,90.01,7.96,-0.66,28.02,84.6
2026-09-22 12:07:50,CLIMB,CLB_NAV,NAVIGATION_MAP,163.6,3322.5,89.88,8.01,1.8,28.06,84.6
2026-09-22 12:07:52,CLIMB,CLB_NAV,NAVIGATION_MAP,164.0,3354.5,90.04,8.58,-1.72,28.17,84.9
2026-09-22 12:07:54,CLIMB,CLB_NAV,NAVIGATION_MAP,164.2,3389.0,90.15,8.78,0.01,28.26,85.0
2026-09-22 12:07:56,CLIMB,CLB_NAV,NAVIGATION_MAP,164.7,3411.4,89.99,8.91,0.7,28.06,84.6
2026-09-22 12:07:58,CLIMB,CLB_NAV,NAVIGATION_MAP,164.8,3444.5,89.99,6.13,-0.05,28.23,84.5
2026-09-22 12:08:00,CLIMB,CLB_NAV,NAVIGATION_MAP,165.3,3475.4,89.8,6.81,1.74,28.35,84.8
2026-09-22 12:08:02,CLIMB,CLB_NAV,NAVIGATION_MAP,165.6,3498.2,89.74,8.6,-0.52,28.15,85.0
2026-09-22 12:08:04,CLIMB,CLB_NAV,NAVIGATION_MAP,166.0,3525.4,89.8,6.61,-1.78,28.23,84.6
2026-09-22 12:08:06,CLIMB,CLB_NAV,NAVIGATION_MAP,166.5,3557.2,89.61,7.36,0.73,28.07,84.8
2026-09-22 12:08:08,CLIMB,CLB_NAV,NAVIGATION_MAP,166.7,3588.9,89.76,7.94,-0.5,28.28,84.6
2026-09-22 12:08:10,CLIMB,CLB_NAV,NAVIGATION_MAP,167.1,3612.9,89.76,6.85,1.09,28.4,84.5
2026-09-22 12:08:12,CLIMB,CLB_NAV,NAVIGATION_MAP,167.3,3643.1,89.69,8.25,0.42,28.33,84.7
2026-09-22 12:08:14,CLIMB,CLB_NAV,NAVIGATION_MAP,167.6,3673.6,89.76,6.26,1.91,28.34,84.6
2026-09-22 12:08:16,CLIMB,CLB_NAV,NAVIGATION_MAP,168.0,3693.9,89.77,6.42,0.37,28.22,84.6
2026-09-22 12:08:18,CLIMB,CLB_NAV,NAVIGATION_MAP,168.5,3718.9,89.84,7.45,1.07,28.06,84.6
2026-09-22 12:08:20,CLIMB,CLB_NAV,NAVIGATION_MAP,168.6,3742.0,90.01,7.25,0.25,28.39,84.7
2026-09-22 12:08:22,CLIMB,CLB_NAV,NAVIGATION_MAP,168.8,3763.2,89.91,6.8,0.76,28.25,84.7
2026-09-22 12:08:24,CLIMB,CLB_NAV,NAVIGATION_MAP,169.0,3784.1,89.91,8.64,-0.93,28.12,84.5
2026-09-22 12:08:26,CLIMB,CLB_NAV,NAVIGATION_MAP,169.4,3809.7,89.73,7.26,0.21,28.34,84.6
2026-09-22 12:08:28,CLIMB,CLB_NAV,NAVIGATION_MAP,169.5,3840.4,89.89,7.38,-1.77,28.03,84.9
2026-09-22 12:08:30,CLIMB,CLB_NAV,NAVIGATION_MAP,169.9,3869.4,89.88,6.14,-1.35,28.22,84.7
2026-09-22 12:08:32,CLIMB,CLB_NAV,NAVIGATION_MAP,170.0,3895.5,89.76,6.65,-0.26,28.11,84.7
2026-09-22 12:08:34,CLIMB,CLB_NAV,NAVIGATION_MAP,170.3,3917.8,89.81,6.6,-1.37,28.36,84.9
2026-09-22 12:08:36,CLIMB,CLB_NAV,NAVIGATION_MAP,170.7,3943.0,89.88,8.51,1.07,28.03,84.5
2026-09-22 12:08:38,CLIMB,CLB_NAV,NAVIGATION_MAP,171.0,3967.9,89.68,7.41,0.83,28.34,84.7
2026-09-22 12:08:40,CLIMB,CLB_NAV,NAVIGATION_MAP,171.5,3993.5,89.67,8.95,1.28,28.27,84.5
2026-09-22 12:08:42,CLIMB,CLB_NAV,NAVIGATION_MAP,171.9,4015.7,89.76,8.09,-1.76,28.17,85.0
2026-09-22 12:08:44,CLIMB,CLB_NAV,NAVIGATION_MAP,172.1,4039.2,89.78,6.9,1.41,28.18,85.0
2026-09-22 12:08:46,CLIMB,CLB_NAV,NAVIGATION_MAP,172.6,4065.8,89.75,7.99,-0.07,28.31,84.7
2026-09-22 12:08:48,CLIMB,CLB_NAV,NAVIGATION_MAP,173.0,4089.1,89.89,6.39,1.58,28.13,84.7
2026-09-22 12:08:50,CLIMB,CLB_NAV,NAVIGATION_MAP,173.3,4110.6,89.91,6.16,1.99,28.05,84.5
2026-09-22 12:08:52,CLIMB,CLB_NAV,NAVIGATION_MAP,173.6,4136.1,90.03,7.83,1.02,28.23,84.7
2026-09-22 12:08:54,CLIMB,CLB_NAV,NAVIGATION_MAP,174.0,4156.9,89.83,7.21,0.94,28.28,84.8
2026-09-22 12:08:56,CLIMB,CLB_NAV,NAVIGATION_MAP,174.1,4186.8,89.63,6.61,-1.93,28.31,84.5
2026-09-22 12:08:58,CLIMB,CLB_NAV,NAVIGATION_MAP,174.4,4214.7,89.67,6.13,-0.81,28.28,84.7
2026-09-22 12:09:00,CLIMB,CLB_NAV,NAVIGATION_MAP,174.8,4244.7,89.85,6.01,-1.09,28.36,84.7
2026-09-22 12:09:02,CLIMB,CLB_NAV,NAVIGATION_MAP,175.2,4278.3,89.68,8.54,0.85,28.15,84.9
2026-09-22 12:09:04,CLIMB,CLB_NAV,NAVIGATION_MAP,175.6,4308.1,89.68,7.67,-1.62,28.01,84.8
2026-09-22 12:09:06,CLIMB,CLB_NAV,NAVIGATION_MAP,176.0,4334.9,89.66,6.7,-1.28,28.39,84.7
2026-09-22 12:09:08,CLIMB,CLB_NAV,NAVIGATION_MAP,176.3,4366.9,89.47,7.4,-0.12,28.37,85.0
2026-09-22 12:09:10,CLIMB,CLB_NAV,NAVIGATION_MAP,176.8,4387.4,89.63,8.23,1.04,28.02,84.8
2026-09-22 12:09:12,CLIMB,CLB_NAV,NAVIGATION_MAP,177.1,4412.4,89.56,7.79,-1.16,28.28,84.7
2026-09-22 12:09:14,CLIMB,CLB_NAV,NAVIGATION_MAP,177.4,4432.9,89.58,6.41,0.66,28.17,84.6
2026-09-22 12:09:16,CLIMB,CLB_NAV,NAVIGATION_MAP,177.9,4464.6,89.69,8.52,-0.45,28.02,84.8
2026-09-22 12:09:18,CLIMB,CLB_NAV,NAVIGATION_MAP,178.1,4497.0,89.52,8.83,1.07,28.34,84.9
2026-09-22 12:09:20,CLIMB,CLB_NAV,NAVIGATION_MAP,178.6,4527.2,89.5,7.7,1.87,28.04,84.7
2026-09-22 12:09:22,CLIMB,CLB_NAV,NAVIGATION_MAP,178.7,4557.2,89.66,6.44,-0.11,28.31,84.9
2026-09-22 12:09:24,CLIMB,CLB_NAV,NAVIGATION_MAP,178.9,4584.6,89.85,7.98,-0.14,28.22,84.6
2026-09-22 12:09:26,CLIMB,CLB_NAV,NAVIGATION_MAP,179.2,4614.3,89.98,6.47,-1.01,28.16,84.8
2026-09-22 12:09:28,CLIMB,CLB_NAV,NAVIGATION_MAP,179.6,4641.9,90.08,6.69,-1.42,28.17,84.8
2026-09-22 12:09:30,CLIMB,CLB_NAV,NAVIGATION_MAP,179.9,4665.6,90.22,7.29,1.41,28.02,84.6
2026-09-22 12:09:32,CLIMB,CLB_NAV,NAVIGATION_MAP,180.1,4698.1,90.4,7.06,1.19,28.02,84.8
2026-09-22 12:09:34,CLIMB,CLB_NAV,NAVIGATION_MAP,180.5,4721.0,90.58,7.7,-1.61,28.07,84.9
2026-09-22 12:09:36,CLIMB,CLB_NAV,NAVIGATION_MAP,180.9,4743.6,90.65,8.06,1.67,28.19,84.6
2026-09-22 12:09:38,CLIMB,CLB_NAV,NAVIGATION_MAP,181.3,4771.6,90.58,8.09,-1.13,28.3,84.6
2026-09-22 12:09:40,CLIMB,CLB_NAV,NAVIGATION_MAP,181.5,4803.1,90.62,6.57,-0.88,28.19,84.8
2026-09-22 12:09:42,CLIMB,CLB_NAV,NAVIGATION_MAP,181.8,4830.3,90.78,6.88,-1.23,28.11,84.5
2026-09-22 12:09:44,CLIMB,CLB_NAV,NAVIGATION_MAP,182.2,4856.7,90.79,7.99,1.46,28.14,84.8
2026-09-22 12:09:46,CLIMB,CLB_NAV,NAVIGATION_MAP,182.5,4890.1,90.89,6.95,1.47,28.35,84.8
2026-09-22 12:09:48,CLIMB,CLB_NAV,NAVIGATION_MAP,182.8,4919.7,90.8,6.26,1.46,28.0,84.9
2026-09-22 12:09:50,CLIMB,CLB_NAV,NAVIGATION_MAP,183.1,4943.3,90.84,6.7,-0.88,28.2,84.9
2026-09-22 12:09:52,CLIMB,CLB_NAV,NAVIGATION_MAP,183.4,4967.6,90.83,7.14,-1.1,28.1,84.9
2026-09-22 12:09:54,CLIMB,CLB_NAV,NAVIGATION_MAP,183.6,4998.1,90.87,7.01,0.09,28.12,85.0
2026-09-22 12:09:56,CLIMB,CLB_NAV,NAVIGATION_MAP,183.8,5026.2,90.69,7.35,0.63,28.05,84.6
2026-09-22 12:09:58,CLIMB,CLB_NAV,NAVIGATION_MAP,184.0,5051.7,90.58,8.08,1.1,28.1,84.7
2026-09-22 12:10:00,CLIMB,CLB_NAV,NAVIGATION_MAP,184.2,5086.5,90.65,8.69,1.63,28.09,85.0
2026-09-22 12:10:02,CLIMB,CLB_NAV,NAVIGATION_MAP,184.6,5112.5,90.51,6.77,-0.25,28.0,84.8
2026-09-22 12:10:04,CLIMB,CLB_NAV,NAVIGATION_MAP,184.8,5141.0,90.38,7.47,1.63,28.03,84.7
2026-09-22 12:10:06,CLIMB,CLB_NAV,NAVIGATION_MAP,185.2,5168.9,90.43,7.41,0.34,28.24,84.7
2026-09-22 12:10:08,CLIMB,CLB_NAV,NAVIGATION_MAP,185.4,5198.8,90.4,8.77,-1.09,28.15,84.7
2026-09-22 12:10:10,CLIMB,CLB_NAV,NAVIGATION_MAP,185.7,5221.6,90.22,7.59,1.04,28.35,84.7
2026-09-22 12:10:12,CLIMB,CLB_NAV,NAVIGATION_MAP,185.9,5245.8,90.42,8.02,0.38,28.34,84.8
2026-09-22 12:10:14,CLIMB,CLB_NAV,NAVIGATION_MAP,186.2,5268.4,90.61,6.43,0.14,28.16,84.9
2026-09-22 12:10:16,CLIMB,CLB_NAV,NAVIGATION_MAP,186.6,5297.9,90.55,6.46,-0.36,28.13,84.8
2026-09-22 12:10:18,CLIMB,CLB_NAV,NAVIGATION_MAP,187.1,5325.4,90.35,8.35,-1.16,28.08,85.0
2026-09-22 12:10:20,CLIMB,CLB_NAV,NAVIGATION_MAP,187.3,5349.6,90.37,6.9,1.92,28.04,84.7
2026-09-22 12:10:22,CLIMB,CLB_NAV,NAVIGATION_MAP,187.8,5373.0,90.49,8.91,0.57,28.12,84.9
2026-09-22 12:10:24,CLIMB,CLB_NAV,NAVIGATION_MAP,188.1,5404.0,90.32,8.88,-0.95,28.08,84.8
2026-09-22 12:10:26,CLIMB,CLB_NAV,NAVIGATION_MAP,188.5,5432.3,90.33,6.15,0.89,28.13,84.5
2026-09-22 12:10:28,CLIMB,CLB_NAV,NAVIGATION_MAP,189.0,5456.2,90.31,6.94,0.4,28.26,84.8
2026-09-22 12:10:30,CLIMB,CLB_NAV,NAVIGATION_MAP,189.2,5486.4,90.26,6.27,0.14,28.11,84.7
2026-09-22 12:10:32,CLIMB,CLB_NAV,NAVIGATION_MAP,189.7,5517.3,90.29,8.13,-1.44,28.26,84.6
2026-09-22 12:10:34,CLIMB,CLB_NAV,NAVIGATION_MAP,190.1,5549.0,90.46,7.5,-1.37,28.23,84.9
2026-09-22 12:10:36,CLIMB,CLB_NAV,NAVIGATION_MAP,190.3,5579.8,90.35,8.62,0.53,28.1,84.7
2026-09-22 12:10:38,CLIMB,CLB_NAV,NAVIGATION_MAP,190.5,5600.3,90.43,9.0,1.89,28.22,84.8
2026-09-22 12:10:40,CLIMB,CLB_NAV,NAVIGATION_MAP,190.7,5623.9,90.36,7.28,-0.59,28.05,84.6
2026-09-22 12:10:42,CLIMB,CLB_NAV,NAVIGATION_MAP,191.2,5652.7,90.32,6.79,1.36,28.02,84.5
2026-09-22 12:10:44,CLIMB,CLB_NAV,NAVIGATION_MAP,191.3,5683.3,90.22,6.08,-1.31,28.35,84.6
2026-09-22 12:10:46,CLIMB,CLB_NAV,NAVIGATION_MAP,191.6,5714.5,90.14,7.81,-1.65,28.27,84.9
2026-09-22 12:10:48,CLIMB,CLB_NAV,NAVIGATION_MAP,191.7,5737.8,89.98,6.1,1.04,28.21,84.7
2026-09-22 12:10:50,CLIMB,CLB_NAV,NAVIGATION_MAP,192.2,5771.2,89.99,7.03,1.43,28.11,84.9
2026-09-22 12:10:52,CLIMB,CLB_NAV,NAVIGATION_MAP,192.6,5794.9,89.89,8.79,1.27,28.11,84.8
2026-09-22 12:10:54,CLIMB,CLB_NAV,NAVIGATION_MAP,192.9,5816.1,89.94,6.95,1.02,28.14,84.8
2026-09-22 12:10:56,CLIMB,CLB_NAV,NAVIGATION_MAP,193.2,5843.1,89.78,6.09,0.76,28.05,84.9
2026-09-22 12:10:58,CLIMB,CLB_NAV,NAVIGATION_MAP,193.4,5873.0,89.86,6.17,1.81,28.13,84.7
2026-09-22 12:11:00,CLIMB,CLB_NAV,NAVIGATION_MAP,193.7,5905.0,89.84,8.71,-0.74,28.01,84.6
2026-09-22 12:11:02,CLIMB,CLB_NAV,NAVIGATION_MAP,193.9,5932.6,89.8,7.65,1.47,28.35,84.8
2026-09-22 12:11:04,CLIMB,CLB_NAV,NAVIGATION_MAP,194.0,5964.9,89.98,6.38,0.93,28.15,84.8
2026-09-22 12:11:06,CLIMB,CLB_NAV,NAVIGATION_MAP,194.3,5993.1,89.95,8.93,-0.1,28.01,84.7
2026-09-22 12:11:08,CLIMB,CLB_NAV,NAVIGATION_MAP,194.5,6020.0,90.09,7.53,1.34,28.04,84.6
2026-09-22 12:11:10,CLIMB,CLB_NAV,NAVIGATION_MAP,194.8,6050.4,90.24,7.09,0.15,28.11,84.9
2026-09-22 12:11:12,CLIMB,CLB_NAV,NAVIGATION_MAP,195.3,6085.2,90.06,7.12,1.64,28.09,84.6
2026-09-22 12:11:14,CLIMB,CLB_NAV,NAVIGATION_MAP,195.6,6117.2,90.19,8.07,0.58,28.18,84.7
2026-09-22 12:11:16,CLIMB,CLB_NAV,NAVIGATION_MAP,196.0,6142.7,90.18,6.25,-1.94,28.34,84.8
2026-09-22 12:11:18,CLIMB,CLB_NAV,NAVIGATION_MAP,196.2,6170.0,90.35,6.97,0.1,28.3,84.8
2026-09-22 12:11:20,CLIMB,CLB_NAV,NAVIGATION_MAP,196.4,6190.4,90.42,8.81,-1.88,28.27,84.9
2026-09-22 12:11:22,CLIMB,CLB_NAV,NAVIGATION_MAP,196.8,6222.3,90.44,7.79,0.84,28.32,84.9
2026-09-22 12:11:24,CLIMB,CLB_NAV,NAVIGATION_MAP,197.2,6246.8,90.35,8.26,1.13,28.22,84.9
2026-09-22 12:11:26,CLIMB,CLB_NAV,NAVIGATION_MAP,197.4,6281.5,90.42,7.5,-0.86,28.06,85.0
2026-09-22 12:11:28,CLIMB,CLB_NAV,NAVIGATION_MAP,197.9,6312.9,90.6,6.43,0.88,28.02,84.8
2026-09-22 12:11:30,CLIMB,CLB_NAV,NAVIGATION_MAP,198.2,6343.7,90.7,8.24,-1.47,28.19,84.5
2026-09-22 12:11:32,CLIMB,CLB_NAV,NAVIGATION_MAP,198.4,6375.0,90.81,8.72,1.98,28.39,84.9
2026-09-22 12:11:34,CLIMB,CLB_NAV,NAVIGATION_MAP,198.5,6406.1,90.66,6.9,-1.62,28.16,84.7
2026-09-22 12:11:36,CLIMB,CLB_NAV,NAVIGATION_MAP,198.7,6433.7,90.7,6.24,0.97,28.15,84.6
2026-09-22 12:11:38,CLIMB,CLB_NAV,NAVIGATION_MAP,198.8,6455.0,90.88,8.85,-1.8,28.15,84.9
2026-09-22 12:11:40,CLIMB,CLB_NAV,NAVIGATION_MAP,199.2,6475.8,90.76,6.15,0.29,28.17,84.9
2026-09-22 12:11:42,CLIMB,CLB_NAV,NAVIGATION_MAP,199.4,6504.0,90.56,8.23,-0.06,28.29,84.5
2026-09-22 12:11:44,CLIMB,CLB_NAV,NAVIGATION_MAP,199.7,6525.0,90.71,8.0,0.26,28.32,85.0
2026-09-22 12:11:46,CLIMB,CLB_NAV,NAVIGATION_MAP,199.8,6556.7,90.75,6.53,1.34,28.13,85.0
2026-09-22 12:11:48,CLIMB,CLB_NAV,NAVIGATION_MAP,200.1,6578.3,90.85,7.41,-1.99,28.01,84.5
2026-09-22 12:11:50,CLIMB,CLB_NAV,NAVIGATION_MAP,200.5,6612.0,90.98,6.84,0.16,28.06,84.6
2026-09-22 12:11:52,CLIMB,CLB_NAV,NAVIGATION_MAP,200.7,6632.4,90.9,7.92,0.5,28.07,84.9
2026-09-22 12:11:54,CLIMB,CLB_NAV,NAVIGATION_MAP,200.9,6655.3,91.02,7.36,-1.16,28.11,84.7
2026-09-22 12:11:56,CLIMB,CLB_NAV,NAVIGATION_MAP,201.0,6688.1,90.89,7.67,0.13,28.06,84.5
2026-09-22 12:11:58,CLIMB,CLB_NAV,NAVIGATION_MAP,201.1,6713.4,90.78,6.71,-1.21,28.19,84.7
2026-09-22 12:12:00,CLIMB,CLB_NAV,NAVIGATION_MAP,201.6,6739.7,90.59,8.96,-0.04,28.3,84.7
2026-09-22 12:12:02,CLIMB,CLB_NAV,NAVIGATION_MAP,202.1,6767.8,90.59,6.7,0.87,28.19,84.7
2026-09-22 12:12:04,CLIMB,CLB_NAV,NAVIGATION_MAP,202.4,6793.5,90.63,6.24,0.83,28.24,84.9
2026-09-22 12:12:06,CLIMB,CLB_NAV,NAVIGATION_MAP,202.9,6822.6,90.82,8.86,0.02,28.35,84.9
2026-09-22 12:12:08,CLIMB,CLB_NAV,NAVIGATION_MAP,203.1,6847.7,90.94,7.77,0.16,28.04,84.6
2026-09-22 12:12:10,CLIMB,CLB_NAV,NAVIGATION_MAP,203.2,6876.8,90.9,6.22,1.6,28.14,84.7
2026-09-22 12:12:12,CLIMB,CLB_NAV,NAVIGATION_MAP,203.6,6904.0,90.99,7.55,0.52,28.16,84.8
2026-09-22 12:12:14,CLIMB,CLB_NAV,NAVIGATION_MAP,203.8,6934.3,91.04,6.26,-1.16,28.07,84.6
2026-09-22 12:12:16,CLIMB,CLB_NAV,NAVIGATION_MAP,204.1,6965.5,90.95,8.31,1.02,28.17,84.6
2026-09-22 12:12:18,CLIMB,CLB_NAV,NAVIGATION_MAP,204.3,6989.3,90.84,6.08,-1.15,28.01,84.7
2026-09-22 12:12:20,CLIMB,CLB_NAV,NAVIGATION_MAP,204.7,7014.6,90.69,6.05,-0.64,28.32,84.9
2026-09-22 12:12:22,CLIMB,CLB_NAV,NAVIGATION_MAP,205.2,7042.1,90.78,8.97,-1.13,28.33,84.9
2026-09-22 12:12:24,CLIMB,CLB_NAV,NAVIGATION_MAP,205.7,7073.5,90.8,7.15,-0.09,28.13,84.9
2026-09-22 12:12:26,CLIMB,CLB_NAV,NAVIGATION_MAP,205.9,7094.9,90.62,6.6,-0.3,28.33,84.7
2026-09-22 12:12:28,CLIMB,CLB_NAV,NAVIGATION_MAP,206.2,7123.5,90.5,6.15,0.83,28.04,84.5
2026-09-22 12:12:30,CLIMB,CLB_NAV,NAVIGATION_MAP,206.5,7148.7,90.44,8.11,-1.19,28.08,84.9
2026-09-22 12:12:32,CLIMB,CLB_NAV,NAVIGATION_MAP,206.9,7175.1,90.54,6.86,-1.08,28.0,84.7
2026-09-22 12:12:34,CLIMB,CLB_NAV,NAVIGATION_MAP,207.1,7202.1,90.65,8.86,-1.28,28.05,84.6
2026-09-22 12:12:36,CLIMB,CLB_NAV,NAVIGATION_MAP,207.2,7230.7,90.5,8.26,-1.6,28.11,85.0
2026-09-22 12:12:38,CLIMB,CLB_NAV,NAVIGATION_MAP,207.6,7262.3,90.3,8.18,1.28,28.4,84.6
2026-09-22 12:12:40,CLIMB,CLB_NAV,NAVIGATION_MAP,207.7,7295.5,90.27,8.97,1.41,28.28,84.5
2026-09-22 12:12:42,CLIMB,CLB_NAV,NAVIGATION_MAP,208.2,7320.4,90.37,6.61,-0.13,28.04,84.6
2026-09-22 12:12:44,CLIMB,CLB_NAV,NAVIGATION_MAP,208.3,7351.8,90.49,7.5,0.37,28.39,84.8
2026-09-22 12:12:46,CLIMB,CLB_NAV,NAVIGATION_MAP,208.7,7374.1,90.6,6.54,1.44,28.06,84.9
2026-09-22 12:12:48,CLIMB,CLB_NAV,NAVIGATION_MAP,209.0,7403.2,90.69,6.43,-1.82,28.0,84.8
2026-09-22 12:12:50,CLIMB,CLB_NAV,NAVIGATION_MAP,209.1,7427.7,90.78,8.51,1.25,28.36,84.9
2026-09-22 12:12:52,CLIMB,CLB_NAV,NAVIGATION_MAP,209.4,7448.0,90.84,6.53,-0.92,28.03,84.9
2026-09-22 12:12:54,CLIMB,CLB_NAV,NAVIGATION_MAP,209.5,7480.6,90.95,8.45,-1.98,28.02,84.6
2026-09-22 12:12:56,CLIMB,CLB_NAV,NAVIGATION_MAP,209.9,7505.5,91.01,6.17,-0.87,28.35,84.7
2026-09-22 12:12:58,CLIMB,CLB_NAV,NAVIGATION_MAP,210.3,7528.8,91.03,7.25,-0.97,28.06,84.5
2026-09-22 12:13:00,CLIMB,CLB_NAV,NAVIGATION_MAP,210.6,7563.1,91.05,6.52,0.79,28.11,84.5
2026-09-22 12:13:02,CLIMB,CLB_NAV,NAVIGATION_MAP,211.0,7596.8,91.19,7.28,1.78,28.35,84.8
2026-09-22 12:13:04,CLIMB,CLB_NAV,NAVIGATION_MAP,211.1,7623.5,90.99,8.27,-1.27,28.14,84.9
2026-09-22 12:13:06,CLIMB,CLB_NAV,NAVIGATION_MAP,211.4,7649.4,90.87,8.28,-0.7,28.03,84.8
2026-09-22 12:13:08,CLIMB,CLB_NAV,NAVIGATION_MAP,211.6,7669.8,90.9,7.04,1.11,28.18,84.8
2026-09-22 12:13:10,CLIMB,CLB_NAV,NAVIGATION_MAP,212.0,7699.8,91.03,7.55,-1.66,28.12,84.9
2026-09-22 12:13:12,CLIMB,CLB_NAV,NAVIGATION_MAP,212.1,7726.5,91.0,7.95,-0.77,28.21,84.7
2026-09-22 12:13:14,CLIMB,CLB_NAV,NAVIGATION_MAP,212.2,7754.7,91.17,8.23,-0.29,28.24,84.8
2026-09-22 12:13:16,CLIMB,CLB_NAV,NAVIGATION_MAP,212.7,7779.7,91.0,8.04,-1.3,28.37,84.6
2026-09-22 12:13:18,CLIMB,CLB_NAV,NAVIGATION_MAP,212.8,7802.5,90.87,7.52,1.46,28.18,84.7
2026-09-22 12:13:20,CLIMB,CLB_NAV,NAVIGATION_MAP,213.2,7831.5,90.88,8.3,-1.74,28.29,85.0
2026-09-22 12:13:22,CLIMB,CLB_NAV,NAVIGATION_MAP,213.4,7854.0,90.71,6.92,-0.19,28.01,84.6
2026-09-22 12:13:24,CLIMB,CLB_NAV,NAVIGATION_MAP,213.6,7886.9,90.62,7.16,-0.05,28.03,84.6
2026-09-22 12:13:26,CLIMB,CLB_NAV,NAVIGATION_MAP,214.0,7915.3,90.77,6.48,1.41,28.27,84.7
2026-09-22 12:13:28,CLIMB,CLB_NAV,NAVIGATION_MAP,214.1,7949.3,90.94,7.66,0.52,28.32,84.5
2026-09-22 12:13:30,CLIMB,CLB_NAV,NAVIGATION_MAP,214.3,7973.0,90.87,8.22,1.62,28.27,84.8
2026-09-22 12:13:32,CLIMB,CLB_NAV,NAVIGATION_MAP,214.4,8003.8,90.95,8.98,-1.45,28.24,84.9
2026-09-22 12:13:34,CLIMB,CLB_NAV,NAVIGATION_MAP,214.6,8031.4,90.88,7.34,0.27,28.08,84.5
2026-09-22 12:13:36,CLIMB,CLB_NAV,NAVIGATION_MAP,215.1,8056.5,90.73,7.69,-1.53,28.38,84.8
2026-09-22 12:13:38,CLIMB,CLB_NAV,NAVIGATION_MAP,215.3,8087.9,90.71,8.43,0.86,28.32,84.6
2026-09-22 12:13:40,CLIMB,CLB_NAV,NAVIGATION_MAP,215.6,8114.4,90.75,8.82,-1.7,28.25,85.0
2026-09-22 12:13:42,CLIMB,CLB_NAV,NAVIGATION_MAP,215.9,8149.1,90.75,8.57,0.72,28.31,84.9
2026-09-22 12:13:44,CLIMB,CLB_NAV,NAVIGATION_MAP,216.3,8179.0,90.91,6.74,0.57,28.27,84.7
2026-09-22 12:13:46,CLIMB,CLB_NAV,NAVIGATION_MAP,216.8,8210.7,90.96,6.96,-1.09,28.23,84.8
2026-09-22 12:13:48,CLIMB,CLB_NAV,NAVIGATION_MAP,217.2,8242.2,90.8,6.89,-1.92,28.27,85.0
2026-09-22 12:13:50,CLIMB,CLB_NAV,NAVIGATION_MAP,217.6,8263.0,90.63,8.99,-0.17,28.31,84.7
2026-09-22 12:13:52,CLIMB,CLB_NAV,NAVIGATION_MAP,218.1,8283.3,90.56,8.28,0.08,28.19,84.9
2026-09-22 12:13:54,CLIMB,CLB_NAV,NAVIGATION_MAP,218.6,8316.8,90.54,8.16,0.76,28.01,84.8
2026-09-22 12:13:56,CLIMB,CLB_NAV,NAVIGATION_MAP,219.0,8345.0,90.51,8.82,0.16,28.24,84.7
2026-09-22 12:13:58,CLIMB,CLB_NAV,NAVIGATION_MAP,219.2,8373.4,90.63,6.36,-0.83,28.34,84.7
2026-09-22 12:14:00,CLIMB,CLB_NAV,NAVIGATION_MAP,219.4,8400.5,90.73,7.08,-0.3,28.33,84.6
2026-09-22 12:14:02,CLIMB,CLB_NAV,NAVIGATION_MAP,219.8,8430.9,90.92,7.11,-1.69,28.33,84.5
2026-09-22 12:14:04,CLIMB,CLB_NAV,NAVIGATION_MAP,220.2,8464.7,90.87,8.16,-0.92,28.38,84.6
2026-09-22 12:14:06,CLIMB,CLB_NAV,NAVIGATION_MAP,220.6,8498.7,90.8,7.0,-0.59,28.15,84.9
2026-09-22 12:14:08,CLIMB,CLB_NAV,NAVIGATION_MAP,220.8,8522.5,90.74,6.53,-1.01,28.18,84.6
2026-09-22 12:14:10,CLIMB,CLB_NAV,NAVIGATION_MAP,220.9,8549.4,90.82,7.24,1.07,28.37,84.8
2026-09-22 12:14:12,CLIMB,CLB_NAV,NAVIGATION_MAP,221.2,8578.2,90.84,8.48,-0.66,28.2,84.9
2026-09-22 12:14:14,CLIMB,CLB_NAV,NAVIGATION_MAP,221.5,8610.3,90.98,6.3,-0.71,28.23,85.0
2026-09-22 12:14:16,CLIMB,CLB_NAV,NAVIGATION_MAP,221.8,8634.2,90.89,8.1,0.66,28.26,84.6
2026-09-22 12:14:18,CLIMB,CLB_NAV,NAVIGATION_MAP,222.0,8656.2,90.76,6.65,1.08,28.28,84.9
2026-09-22 12:14:20,CLIMB,CLB_NAV,NAVIGATION_MAP,222.1,8688.3,90.77,8.08,-0.92,28.35,85.0
2026-09-22 12:14:22,CLIMB,CLB_NAV,NAVIGATION_MAP,222.6,8720.1,90.58,8.55,0.66,28.34,84.7
2026-09-22 12:14:24,CLIMB,CLB_NAV,NAVIGATION_MAP,222.9,8740.1,90.62,8.97,1.06,28.25,84.8
2026-09-22 12:14:26,CLIMB,CLB_NAV,NAVIGATION_MAP,223.1,8764.2,90.43,7.02,-1.63,28.35,84.7
2026-09-22 12:14:28,CLIMB,CLB_NAV,NAVIGATION_MAP,223.4,8795.2,90.44,6.3,-0.02,28.26,84.6
2026-09-22 12:14:30,CLIMB,CLB_NAV,NAVIGATION_MAP,223.8,8829.4,90.42,6.56,0.81,28.35,84.6
2026-09-22 12:14:32,CLIMB,CLB_NAV,NAVIGATION_MAP,224.2,8859.9,90.61,8.87,1.0,28.34,84.9
2026-09-22 12:14:34,CLIMB,CLB_NAV,NAVIGATION_MAP,224.6,8889.3,90.73,7.97,1.89,28.26,84.9
2026-09-22 12:14:36,CLIMB,CLB_NAV,NAVIGATION_MAP,224.8,8915.1,90.72,6.92,-1.29,28.08,84.6
2026-09-22 12:14:38,CLIMB,CLB_NAV,NAVIGATION_MAP,224.9,8948.9,90.66,6.98,0.44,28.12,84.6
2026-09-22 12:14:40,CLIMB,CLB_NAV,NAVIGATION_MAP,225.4,8982.5,90.83,7.07,1.55,28.4,84.6
2026-09-22 12:14:42,CLIMB,CLB_NAV,NAVIGATION_MAP,225.8,9011.1,90.63,6.09,1.33,28.32,84.9
2026-09-22 12:14:44,CLIMB,CLB_NAV,NAVIGATION_MAP,226.0,9033.3,90.78,6.5,0.05,28.22,84.9
2026-09-22 12:14:46,CLIMB,CLB_NAV,NAVIGATION_MAP,226.4,9067.5,90.95,8.49,-1.27,28.04,84.5
2026-09-22 12:14:48,CLIMB,CLB_NAV,NAVIGATION_MAP,226.6,9099.2,91.01,6.1,1.27,28.14,84.5
2026-09-22 12:14:50,CLIMB,CLB_NAV,NAVIGATION_MAP,226.8,9134.0,91.01,6.48,0.4,28.2,84.6
2026-09-22 12:14:52,CLIMB,CLB_NAV,NAVIGATION_MAP,227.3,9167.1,91.15,8.52,1.89,28.23,84.8
2026-09-22 12:14:54,CLIMB,CLB_NAV,NAVIGATION_MAP,227.7,9192.8,91.09,7.97,1.44,28.31,84.8
2026-09-22 12:14:56,CLIMB,CLB_NAV,NAVIGATION_MAP,228.1,9226.8,91.27,7.08,0.36,28.08,84.7
2026-09-22 12:14:58,CLIMB,CLB_NAV,NAVIGATION_MAP,228.2,9255.8,91.2,6.63,1.14,28.17,85.0
2026-09-22 12:15:00,CLIMB,CLB_NAV,NAVIGATION_MAP,228.6,9287.5,91.22,6.47,-1.77,28.07,84.8
2026-09-22 12:15:02,CLIMB,CLB_NAV,NAVIGATION_MAP,228.8,9312.5,91.41,7.11,0.89,28.11,84.6
2026-09-22 12:15:04,CLIMB,CLB_NAV,NAVIGATION_MAP,229.3,9347.3,91.27,7.8,1.91,28.27,84.6
2026-09-22 12:15:06,CLIMB,CLB_NAV,NAVIGATION_MAP,229.5,9371.9,91.33,6.69,-1.81,28.24,84.9
2026-09-22 12:15:08,CLIMB,CLB_NAV,NAVIGATION_MAP,229.9,9403.7,91.13,6.46,-0.02,28.26,84.7
2026-09-22 12:15:10,CLIMB,CLB_NAV,NAVIGATION_MAP,230.0,9427.2,90.97,6.45,1.96,28.08,84.6
2026-09-22 12:15:12,CLIMB,CLB_NAV,NAVIGATION_MAP,230.4,9461.9,90.95,6.58,-1.66,28.15,84.8
2026-09-22 12:15:14,CLIMB,CLB_NAV,NAVIGATION_MAP,230.6,9489.4,90.98,8.0,-1.06,28.23,84.8
2026-09-22 12:15:16,CLIMB,CLB_NAV,NAVIGATION_MAP,230.7,9518.2,90.87,7.51,1.3,28.16,85.0
2026-09-22 12:15:18,CLIMB,CLB_NAV,NAVIGATION_MAP,231.1,9539.8,90.96,8.03,-0.5,28.28,84.8
2026-09-22 12:15:20,CLIMB,CLB_NAV,NAVIGATION_MAP,231.6,9569.3,91.16,7.64,1.97,28.17,84.9
2026-09-22 12:15:22,CLIMB,CLB_NAV,NAVIGATION_MAP,231.8,9589.6,90.96,6.07,-1.77,28.3,84.9
2026-09-22 12:15:24,CLIMB,CLB_NAV,NAVIGATION_MAP,232.3,9617.7,90.92,7.46,-0.29,28.24,84.6
2026-09-22 12:15:26,CLIMB,CLB_NAV,NAVIGATION_MAP,232.7,9644.5,90.72,8.68,-0.71,28.02,84.7
2026-09-22 12:15:28,CLIMB,CLB_NAV,NAVIGATION_MAP,233.0,9677.9,90.62,6.15,-0.08,28.33,84.6
2026-09-22 12:15:30,CLIMB,CLB_NAV,NAVIGATION_MAP,233.2,9698.1,90.45,6.13,1.53,28.27,84.9
2026-09-22 12:15:32,CLIMB,CLB_NAV,NAVIGATION_MAP,233.4,9720.7,90.4,8.49,-1.06,28.12,84.6
2026-09-22 12:15:34,CLIMB,CLB_NAV,NAVIGATION_MAP,233.7,9753.6,90.31,7.59,1.13,28.39,84.6
2026-09-22 12:15:36,CLIMB,CLB_NAV,NAVIGATION_MAP,233.9,9774.3,90.5,6.28,1.87,28.03,84.8
2026-09-22 12:15:38,CLIMB,CLB_NAV,NAVIGATION_MAP,234.3,9800.1,90.36,7.78,1.05,28.04,84.6
2026-09-22 12:15:40,CLIMB,CLB_NAV,NAVIGATION_MAP,234.6,9831.5,90.4,6.08,-1.53,28.17,84.6
2026-09-22 12:15:42,CLIMB,CLB_NAV,NAVIGATION_MAP,235.1,9857.0,90.57,6.55,-1.06,28.07,84.9
2026-09-22 12:15:44,CLIMB,CLB_NAV,NAVIGATION_MAP,235.5,9885.1,90.53,6.74,-1.78,28.31,84.7
2026-09-22 12:15:46,CLIMB,CLB_NAV,NAVIGATION_MAP,235.7,9909.9,90.6,6.17,1.52,28.02,84.7
2026-09-22 12:15:48,CLIMB,CLB_NAV,NAVIGATION_MAP,235.9,9940.3,90.65,7.01,1.4,28.06,84.6
2026-09-22 12:15:50,CLIMB,CLB_NAV,NAVIGATION_MAP,236.3,9968.4,90.77,7.25,0.35,28.11,84.7
2026-09-22 12:15:52,CLIMB,CLB_NAV,NAVIGATION_MAP,236.8,9995.7,90.65,7.5,-0.54,28.27,84.7
2026-09-22 12:15:54,CLIMB,CLB_NAV,NAVIGATION_MAP,237.0,10022.9,90.81,6.96,1.0,28.24,84.7
2026-09-22 12:15:56,CLIMB,CLB_NAV,NAVIGATION_MAP,237.2,10055.0,90.8,7.59,0.09,28.06,85.0
2026-09-22 12:15:58,CLIMB,CLB_NAV,NAVIGATION_MAP,237.6,10089.0,90.85,7.59,1.59,28.11,84.8
2026-09-22 12:16:00,CLIMB,CLB_NAV,NAVIGATION_MAP,238.1,10114.8,90.78,8.71,-0.44,28.22,84.6
2026-09-22 12:16:02,CLIMB,CLB_NAV,NAVIGATION_MAP,238.2,10140.3,90.83,6.01,1.36,28.19,84.9
2026-09-22 12:16:04,CLIMB,CLB_NAV,NAVIGATION_MAP,238.4,10170.4,90.69,6.08,0.61,28.33,84.8
2026-09-22 12:16:06,CLIMB,CLB_NAV,NAVIGATION_MAP,238.9,10198.9,90.55,7.83,-1.6,28.23,84.9
2026-09-22 12:16:08,CLIMB,CLB_NAV,NAVIGATION_MAP,239.3,10225.5,90.59,6.33,-0.33,28.25,84.8
2026-09-22 12:16:10,CLIMB,CLB_NAV,NAVIGATION_MAP,239.4,10258.8,90.54,6.55,0.75,28.36,84.8
2026-09-22 12:16:12,CLIMB,CLB_NAV,NAVIGATION_MAP,239.6,10281.9,90.47,8.14,-1.01,28.14,84.8
2026-09-22 12:16:14,CLIMB,CLB_NAV,NAVIGATION_MAP,240.0,10305.0,90.27,9.0,-1.94,28.23,84.5
2026-09-22 12:16:16,CLIMB,CLB_NAV,NAVIGATION_MAP,240.5,10339.3,90.27,7.85,-1.24,28.14,84.6
2026-09-22 12:16:18,CLIMB,CLB_NAV,NAVIGATION_MAP,240.7,10359.4,90.22,8.17,1.69,28.2,84.6
2026-09-22 12:16:20,CLIMB,CLB_NAV,NAVIGATION_MAP,240.9,10389.2,90.23,6.26,1.42,28.01,84.6
2026-09-22 12:16:22,CLIMB,CLB_NAV,NAVIGATION_MAP,241.2,10418.4,90.17,6.85,-0.88,28.07,84.7
2026-09-22 12:16:24,CLIMB,CLB_NAV,NAVIGATION_MAP,241.4,10444.5,90.17,8.26,0.17,28.12,85.0
2026-09-22 12:16:26,CLIMB,CLB_NAV,NAVIGATION_MAP,241.6,10475.4,90.35,7.68,1.38,28.17,84.6
2026-09-22 12:16:28,CLIMB,CLB_NAV,NAVIGATION_MAP,242.1,10495.7,90.25,7.52,-1.34,28.18,84.6
2026-09-22 12:16:30,CLIMB,CLB_NAV,NAVIGATION_MAP,242.3,10521.2,90.28,8.86,0.72,28.28,84.9
2026-09-22 12:16:32,CLIMB,CLB_NAV,NAVIGATION_MAP,242.8,10544.1,90.24,7.9,1.66,28.18,84.6
2026-09-22 12:16:34,CLIMB,CLB_NAV,NAVIGATION_MAP,243.3,10566.5,90.17,7.81,1.0,28.27,85.0
2026-09-22 12:16:36,CLIMB,CLB_NAV,NAVIGATION_MAP,243.4,10587.4,90.27,8.13,-0.91,28.04,84.9
2026-09-22 12:16:38,CLIMB,CLB_NAV,NAVIGATION_MAP,243.7,10608.4,90.36,8.6,0.27,28.25,84.8
2026-09-22 12:16:40,CLIMB,CLB_NAV,NAVIGATION_MAP,244.0,10632.6,90.33,7.88,-0.43,28.39,84.9
2026-09-22 12:16:42,CLIMB,CLB_NAV,NAVIGATION_MAP,244.1,10654.6,90.34,6.08,0.23,28.17,84.9
2026-09-22 12:16:44,CLIMB,CLB_NAV,NAVIGATION_MAP,244.4,10676.3,90.31,6.94,-0.16,28.34,84.7
2026-09-22 12:16:46,CLIMB,CLB_NAV,NAVIGATION_MAP,244.8,10705.5,90.25,7.41,1.5,28.37,84.9
2026-09-22 12:16:48,CLIMB,CLB_NAV,NAVIGATION_MAP,245.1,10740.4,90.19,7.12,-1.58,28.16,85.0
2026-09-22 12:16:50,CLIMB,CLB_NAV,NAVIGATION_MAP,245.4,10768.5,90.05,8.94,-1.24,28.11,84.6
2026-09-22 12:16:52,CLIMB,CLB_NAV,NAVIGATION_MAP,245.9,10798.3,89.9,6.0,-1.22,28.04,84.9
2026-09-22 12:16:54,CLIMB,CLB_NAV,NAVIGATION_MAP,246.3,10832.5,90.04,7.93,-0.55,28.26,84.7
2026-09-22 12:16:56,CLIMB,CLB_NAV,NAVIGATION_MAP,246.5,10865.6,90.02,7.78,-1.36,28.18,84.9
2026-09-22 12:16:58,CLIMB,CLB_NAV,NAVIGATION_MAP,246.9,10892.2,89.89,8.14,1.76,28.34,84.9
2026-09-22 12:17:00,CLIMB,CLB_NAV,NAVIGATION_MAP,247.1,10914.6,89.71,8.5,-1.17,28.17,84.9
2026-09-22 12:17:02,CLIMB,CLB_NAV,NAVIGATION_MAP,247.3,10937.0,89.61,6.67,1.09,28.24,84.5
2026-09-22 12:17:04,CLIMB,CLB_NAV,NAVIGATION_MAP,247.7,10964.6,89.51,7.05,-1.87,28.25,84.9
2026-09-22 12:17:06,CLIMB,CLB_NAV,NAVIGATION_MAP,248.1,10986.0,89.65,8.19,-0.59,28.28,84.7
2026-09-22 12:17:08,CLIMB,CLB_NAV,NAVIGATION_MAP,248.3,11007.8,89.7,7.65,1.44,28.28,84.6
2026-09-22 12:17:10,CLIMB,CLB_NAV,NAVIGATION_MAP,248.6,11031.3,89.87,8.57,0.37,28.02,85.0
2026-09-22 12:17:12,CLIMB,CLB_NAV,NAVIGATION_MAP,249.0,11065.4,89.74,6.17,0.52,28.33,84.5
2026-09-22 12:17:14,CLIMB,CLB_NAV,NAVIGATION_MAP,249.3,11089.7,89.71,7.03,-0.48,28.25,84.9
2026-09-22 12:17:16,CLIMB,CLB_NAV,NAVIGATION_MAP,249.5,11119.8,89.86,8.32,0.48,28.14,84.9
2026-09-22 12:17:18,CLIMB,CLB_NAV,NAVIGATION_MAP,249.8,11154.0,89.91,8.89,1.14,28.07,84.9
2026-09-22 12:17:20,CLIMB,CLB_NAV,NAVIGATION_MAP,249.9,11175.4,89.93,7.25,-0.93,28.16,84.6
2026-09-22 12:17:22,CLIMB,CLB_NAV,NAVIGATION_MAP,250.0,11199.1,90.01,6.04,-1.02,28.35,84.9
2026-09-22 12:17:24,CLIMB,CLB_NAV,NAVIGATION_MAP,250.0,11228.4,89.91,7.66,0.41,28.1,84.9
2026-09-22 12:17:26,CLIMB,CLB_NAV,NAVIGATION_MAP,250.0,11254.5,89.81,8.81,-0.51,28.11,84.6
2026-09-22 12:17:28,CLIMB,CLB_NAV,NAVIGATION_MAP,250.0,11283.7,89.9,6.85,-1.11,28.17,84.8
2026-09-22 12:17:30,CLIMB,CLB_NAV,NAVIGATION_MAP,250.0,11309.4,90.09,6.38,1.37,28.15,84.9
2026-09-22 12:17:32,CLIMB,CLB_NAV,NAVIGATION_MAP,250.0,11332.9,89.9,6.1,-1.24,28.26,85.0
2026-09-22 12:17:34,CLIMB,CLB_NAV,NAVIGATION_MAP,250.0,11365.1,90.09,6.45,1.58,28.11,84.6
2026-09-22 12:17:36,CLIMB,CLB_NAV,NAVIGATION_MAP,250.0,11397.4,89.98,8.17,-1.34,28.1,84.8
2026-09-22 12:17:38,CLIMB,CLB_NAV,NAVIGATION_MAP,250.0,11423.5,89.99,8.96,1.98,28.08,84.6
2026-09-22 12:17:40,CLIMB,CLB_NAV,NAVIGATION_MAP,250.0,11453.5,89.84,7.15,-0.13,28.19,84.5
2026-09-22 12:17:42,CLIMB,CLB_NAV,NAVIGATION_MAP,250.0,11474.6,89.88,6.54,-1.02,28.04,84.5
2026-09-22 12:17:44,CLIMB,CLB_NAV,NAVIGATION_MAP,250.0,11507.4,90.07,7.44,0.23,28.16,84.9
2026-09-22 12:17:46,CLIMB,CLB_NAV,NAVIGATION_MAP,250.0,11535.1,90.03,8.82,1.59,28.17,84.5
2026-09-22 12:17:48,CLIMB,CLB_NAV,NAVIGATION_MAP,250.0,11555.6,89.93,7.21,0.87,28.2,84.8
2026-09-22 12:17:50,CLIMB,CLB_NAV,NAVIGATION_MAP,250.0,11584.2,90.07,8.52,1.34,28.23,84.9
2026-09-22 12:17:52,CLIMB,CLB_NAV,NAVIGATION_MAP,250.0,11609.2,90.13,7.16,-1.93,28.09,84.6
2026-09-22 12:17:54,CLIMB,CLB_NAV,NAVIGATION_MAP,250.0,11635.6,90.18,7.34,-0.53,28.27,84.8
2026-09-22 12:17:56,CLIMB,CLB_NAV,NAVIGATION_MAP,250.0,11656.9,90.04,7.14,-0.4,28.17,84.7
2026-09-22 12:17:58,CLIMB,CLB_NAV,NAVIGATION_MAP,250.0,11680.4,89.91,6.05,-1.16,28.01,84.8
2026-09-22 12:18:00,CLIMB,CLB_NAV,NAVIGATION_MAP,250.0,11714.6,89.78,7.15,-1.85,28.25,84.5
2026-09-22 12:18:02,CLIMB,CLB_NAV,NAVIGATION_MAP,250.0,11742.8,89.78,7.57,-1.46,28.37,85.0
2026-09-22 12:18:04,CLIMB,CLB_NAV,NAVIGATION_MAP,250.0,11764.4,89.64,7.67,-0.71,28.23,84.6
2026-09-22 12:18:06,CLIMB,CLB_NAV,NAVIGATION_MAP,250.0,11796.8,89.66,8.59,1.07,28.18,84.7
2026-09-22 12:18:08,CLIMB,CLB_NAV,NAVIGATION_MAP,250.0,11831.7,89.67,7.76,-0.41,28.24,84.7
2026-09-22 12:18:10,CLIMB,CLB_NAV,NAVIGATION_MAP,250.0,11862.0,89.63,6.58,-1.13,28.28,84.7
2026-09-22 12:18:12,CLIMB,CLB_NAV,NAVIGATION_MAP,250.0,11894.8,89.53,7.42,0.97,28.07,84.6
2026-09-22 12:18:14,CLIMB,CLB_NAV,NAVIGATION_MAP,250.0,11919.6,89.69,7.17,-0.76,28.35,84.8
2026-09-22 12:18:16,CLIMB,CLB_NAV,NAVIGATION_MAP,250.0,11945.8,89.66,8.73,-1.03,28.03,85.0
2026-09-22 12:18:18,CLIMB,CLB_NAV,NAVIGATION_MAP,250.0,11968.0,89.69,7.02,1.01,28.28,84.8
2026-09-22 12:18:20,CLIMB,CLB_NAV,NAVIGATION_MAP,250.0,12002.4,89.83,8.41,-1.71,28.06,84.8
2026-09-22 12:18:22,CLIMB,CLB_NAV,NAVIGATION_MAP,250.0,12028.8,89.84,7.73,-0.55,28.07,84.9
2026-09-22 12:18:24,CLIMB,CLB_NAV,NAVIGATION_MAP,250.0,12053.8,89.73,8.29,1.99,28.07,84.5
2026-09-22 12:18:26,CLIMB,CLB_NAV,NAVIGATION_MAP,250.0,12079.0,89.77,8.71,-1.25,28.25,84.6
2026-09-22 12:18:28,CLIMB,CLB_NAV,NAVIGATION_MAP,250.0,12102.3,89.94,6.39,0.87,28.37,85.0
2026-09-22 12:18:30,CLIMB,CLB_NAV,NAVIGATION_MAP,250.0,12134.3,89.83,8.15,0.06,28.35,84.8
2026-09-22 12:18:32,CLIMB,CLB_NAV,NAVIGATION_MAP,250.0,12168.5,89.78,6.09,-1.07,28.28,84.6
2026-09-22 12:18:34,CLIMB,CLB_NAV,NAVIGATION_MAP,250.0,12201.7,89.71,7.55,1.06,28.39,84.9
2026-09-22 12:18:36,CLIMB,CLB_NAV,NAVIGATION_MAP,250.0,12232.9,89.62,7.84,1.11,28.13,84.5
2026-09-22 12:18:38,CLIMB,CLB_NAV,NAVIGATION_MAP,250.0,12254.0,89.43,7.09,-1.69,28.39,84.8
2026-09-22 12:18:40,CLIMB,CLB_NAV,NAVIGATION_MAP,250.0,12287.4,89.25,7.03,1.92,28.15,84.7
2026-09-22 12:18:42,CLIMB,CLB_NAV,NAVIGATION_MAP,250.0,12316.8,89.11,6.95,1.04,28.19,85.0
2026-09-22 12:18:44,CRUISE,CRZ_NAV,NAVIGATION_MAP,440.0,34500.0,89.16,0.0,0.45,28.35,85.0
2026-09-22 12:18:46,CRUISE,CRZ_NAV,NAVIGATION_MAP,440.1,34501.9,89.14,0.44,-0.72,28.35,85.0
2026-09-22 12:18:48,CRUISE,CRZ_NAV,NAVIGATION_MAP,440.3,34500.5,89.19,0.19,0.31,28.34,84.6
2026-09-22 12:18:50,CRUISE,CRZ_NAV,NAVIGATION_MAP,440.1,34503.3,89.2,-0.09,0.3,28.06,84.5
2026-09-22 12:18:52,CRUISE,CRZ_NAV,NAVIGATION_MAP,440.0,34506.5,89.24,-0.32,-0.76,28.28,84.9
2026-09-22 12:18:54,CRUISE,CRZ_NAV,NAVIGATION_MAP,440.0,34503.6,89.24,0.12,0.28,28.33,84.5
2026-09-22 12:18:56,CRUISE,CRZ_NAV,NAVIGATION_MAP,440.0,34500.9,89.27,-0.17,-0.96,28.19,84.7
2026-09-22 12:18:58,CRUISE,CRZ_NAV,NAVIGATION_MAP,440.1,34500.0,89.28,-0.23,-0.19,28.01,84.8
2026-09-22 12:19:00,CRUISE,CRZ_NAV,NAVIGATION_MAP,440.2,34502.8,89.28,-0.04,-0.79,28.4,84.7
2026-09-22 12:19:02,CRUISE,CRZ_NAV,NAVIGATION_MAP,440.1,34501.4,89.32,0.26,-0.61,28.37,85.0
2026-09-22 12:19:04,CRUISE,CRZ_NAV,NAVIGATION_MAP,440.1,34504.8,89.29,0.05,-0.18,28.15,84.9
2026-09-22 12:19:06,CRUISE,CRZ_NAV,NAVIGATION_MAP,440.1,34500.0,89.34,0.04,0.44,28.22,84.6
2026-09-22 12:19:08,CRUISE,CRZ_NAV,NAVIGATION_MAP,440.1,34500.0,89.3,-0.39,-0.7,28.26,84.5
2026-09-22 12:19:10,CRUISE,CRZ_NAV,NAVIGATION_MAP,440.0,34503.4,89.28,-0.23,-0.66,28.04,84.9
2026-09-22 12:19:12,CRUISE,CRZ_NAV,NAVIGATION_MAP,440.0,34505.8,89.28,0.25,0.93,28.14,84.9
2026-09-22 12:19:14,CRUISE,CRZ_NAV,NAVIGATION_MAP,440.0,34508.8,89.27,0.26,0.5,28.16,84.5
2026-09-22 12:19:16,CRUISE,CRZ_NAV,NAVIGATION_MAP,440.1,34508.1,89.31,0.3,-0.78,28.06,84.6
2026-09-22 12:19:18,CRUISE,CRZ_NAV,NAVIGATION_MAP,440.0,34507.6,89.27,0.25,-0.83,28.19,84.9
2026-09-22 12:19:20,CRUISE,CRZ_NAV,NAVIGATION_MAP,440.0,34508.6,89.3,0.12,0.51,28.3,85.0
2026-09-22 12:19:22,CRUISE,CRZ_NAV,NAVIGATION_MAP,440.0,34503.7,89.29,0.35,-0.89,28.39,85.0
2026-09-22 12:19:24,CRUISE,CRZ_NAV,NAVIGATION_MAP,440.0,34506.3,89.26,0.47,0.7,28.04,84.6
2026-09-22 12:19:26,CRUISE,CRZ_NAV,NAVIGATION_MAP,440.0,34505.4,89.27,0.11,-0.34,28.14,84.6
2026-09-22 12:19:28,CRUISE,CRZ_NAV,NAVIGATION_MAP,440.1,34507.9,89.28,-0.39,0.18,28.11,84.9
2026-09-22 12:19:30,CRUISE,CRZ_NAV,NAVIGATION_MAP,440.0,34511.7,89.24,0.4,0.6,28.36,84.7
2026-09-22 12:19:32,CRUISE,CRZ_NAV,NAVIGATION_MAP,440.2,34514.8,89.19,-0.35,0.63,28.23,84.7
2026-09-22 12:19:34,CRUISE,CRZ_NAV,NAVIGATION_MAP,440.3,34513.4,89.23,0.4,0.16,28.23,84.9
2026-09-22 12:19:36,CRUISE,CRZ_NAV,NAVIGATION_MAP,440.5,34518.1,89.23,0.2,-0.84,28.36,84.7
2026-09-22 12:19:38,CRUISE,CRZ_NAV,NAVIGATION_MAP,440.5,34513.5,89.21,-0.1,-0.02,28.06,84.9
2026-09-22 12:19:40,CRUISE,CRZ_NAV,NAVIGATION_MAP,440.5,34511.9,89.23,0.33,0.1,28.33,84.8
2026-09-22 12:19:42,CRUISE,CRZ_NAV,NAVIGATION_MAP,440.5,34508.2,89.21,0.12,0.29,28.27,84.9
2026-09-22 12:19:44,CRUISE,CRZ_NAV,NAVIGATION_MAP,440.6,34506.6,89.22,-0.15,-0.89,28.08,84.7
2026-09-22 12:19:46,CRUISE,CRZ_NAV,NAVIGATION_MAP,440.4,34506.2,89.22,0.2,0.63,28.07,84.8
2026-09-22 12:19:48,CRUISE,CRZ_NAV,NAVIGATION_MAP,440.3,34501.5,89.26,-0.08,0.32,28.11,84.7
2026-09-22 12:19:50,CRUISE,CRZ_NAV,NAVIGATION_MAP,440.2,34501.2,89.25,0.5,-0.43,28.27,84.9
2026-09-22 12:19:52,CRUISE,CRZ_NAV,NAVIGATION_MAP,440.2,34504.9,89.22,0.45,-0.66,28.0,84.9
2026-09-22 12:19:54,CRUISE,CRZ_NAV,NAVIGATION_MAP,440.1,34502.9,89.25,0.31,-0.51,28.01,84.8
2026-09-22 12:19:56,CRUISE,CRZ_NAV,NAVIGATION_MAP,440.0,34506.5,89.3,0.23,-0.91,28.33,84.9
2026-09-22 12:19:58,CRUISE,CRZ_NAV,NAVIGATION_MAP,440.2,34509.9,89.28,-0.48,-0.65,28.06,84.9
2026-09-22 12:20:00,CRUISE,CRZ_NAV,NAVIGATION_MAP,440.3,34508.6,89.24,-0.22,-0.31,28.04,84.8
2026-09-22 12:20:02,CRUISE,CRZ_NAV,NAVIGATION_MAP,440.3,34511.5,89.21,0.47,-0.2,28.15,84.8
2026-09-22 12:20:04,CRUISE,CRZ_NAV,NAVIGATION_MAP,440.3,34514.6,89.16,-0.35,0.84,28.33,84.9
2026-09-22 12:20:06,CRUISE,CRZ_NAV,NAVIGATION_MAP,440.3,34510.6,89.17,0.08,0.78,28.01,84.7
2026-09-22 12:20:08,CRUISE,CRZ_NAV,NAVIGATION_MAP,440.5,34506.8,89.19,-0.36,0.55,28.12,84.6
2026-09-22 12:20:10,CRUISE,CRZ_NAV,NAVIGATION_MAP,440.5,34509.6,89.22,0.18,-0.65,28.31,84.7
2026-09-22 12:20:12,CRUISE,CRZ_NAV,NAVIGATION_MAP,440.7,34505.5,89.22,0.06,-0.64,28.16,84.9
2026-09-22 12:20:14,CRUISE,CRZ_NAV,NAVIGATION_MAP,440.8,34504.8,89.23,0.12,0.34,28.0,85.0
2026-09-22 12:20:16,CRUISE,CRZ_NAV,NAVIGATION_MAP,440.8,34507.9,89.21,-0.41,0.17,28.05,84.7
2026-09-22 12:20:18,CRUISE,CRZ_NAV,NAVIGATION_MAP,440.9,34508.1,89.26,0.17,0.11,28.14,84.8
2026-09-22 12:20:20,CRUISE,CRZ_NAV,NAVIGATION_MAP,440.9,34505.5,89.23,-0.11,-0.83,28.17,85.0
2026-09-22 12:20:22,CRUISE,CRZ_NAV,NAVIGATION_MAP,441.0,34505.9,89.25,-0.49,-0.32,28.37,84.6
2026-09-22 12:20:24,CRUISE,CRZ_NAV,NAVIGATION_MAP,441.2,34506.7,89.3,0.37,0.36,28.38,84.9
2026-09-22 12:20:26,CRUISE,CRZ_NAV,NAVIGATION_MAP,441.2,34503.5,89.27,0.06,0.66,28.34,84.6
2026-09-22 12:20:28,CRUISE,CRZ_NAV,NAVIGATION_MAP,441.3,34504.1,89.31,-0.03,0.52,28.06,84.9
2026-09-22 12:20:30,CRUISE,CRZ_NAV,NAVIGATION_MAP,441.4,34506.9,89.3,0.08,0.81,28.03,84.9
2026-09-22 12:20:32,CRUISE,CRZ_NAV,NAVIGATION_MAP,441.4,34503.8,89.3,-0.09,0.29,28.02,84.7
2026-09-22 12:20:34,CRUISE,CRZ_NAV,NAVIGATION_MAP,441.4,34505.5,89.27,0.43,-0.2,28.18,84.8
2026-09-22 12:20:36,CRUISE,CRZ_NAV,NAVIGATION_MAP,441.2,34509.4,89.22,-0.38,-0.65,28.33,84.6
2026-09-22 12:20:38,CRUISE,CRZ_NAV,NAVIGATION_MAP,441.2,34506.9,89.25,0.38,0.6,28.19,84.8
2026-09-22 12:20:40,CRUISE,CRZ_NAV,NAVIGATION_MAP,441.4,34503.9,89.25,0.29,-0.7,28.23,84.5
2026-09-22 12:20:42,CRUISE,CRZ_NAV,NAVIGATION_MAP,441.4,34508.1,89.23,0.43,0.39,28.13,84.9
2026-09-22 12:20:44,CRUISE,CRZ_NAV,NAVIGATION_MAP,441.5,34510.5,89.18,0.11,0.81,28.09,84.7
2026-09-22 12:20:46,CRUISE,CRZ_NAV,NAVIGATION_MAP,441.5,34510.2,89.15,-0.32,0.73,28.18,84.9
2026-09-22 12:20:48,CRUISE,CRZ_NAV,NAVIGATION_MAP,441.6,34512.3,89.15,-0.29,0.53,28.35,84.5
2026-09-22 12:20:50,CRUISE,CRZ_NAV,NAVIGATION_MAP,441.7,34510.1,89.16,-0.09,-0.65,28.14,85.0
2026-09-22 12:20:52,CRUISE,CRZ_NAV,NAVIGATION_MAP,441.6,34510.9,89.16,-0.43,0.17,28.34,84.8
2026-09-22 12:20:54,CRUISE,CRZ_NAV,NAVIGATION_MAP,441.6,34510.0,89.17,-0.3,0.43,28.1,84.8
2026-09-22 12:20:56,CRUISE,CRZ_NAV,NAVIGATION_MAP,441.5,34513.6,89.15,0.1,-0.61,28.18,85.0
2026-09-22 12:20:58,CRUISE,CRZ_NAV,NAVIGATION_MAP,441.7,34516.7,89.2,0.19,-0.18,28.33,84.9
2026-09-22 12:21:00,CRUISE,CRZ_NAV,NAVIGATION_MAP,441.5,34515.9,89.19,0.35,-0.02,28.15,84.6
2026-09-22 12:21:02,CRUISE,CRZ_NAV,NAVIGATION_MAP,441.5,34510.9,89.18,0.21,-0.16,28.03,84.7
2026-09-22 12:21:04,CRUISE,CRZ_NAV,NAVIGATION_MAP,441.7,34509.1,89.14,-0.2,0.4,28.09,85.0
2026-09-22 12:21:06,CRUISE,CRZ_NAV,NAVIGATION_MAP,441.6,34506.2,89.16,-0.22,0.0,28.31,84.9
2026-09-22 12:21:08,CRUISE,CRZ_NAV,NAVIGATION_MAP,441.6,34507.7,89.16,0.05,0.05,28.32,85.0
2026-09-22 12:21:10,CRUISE,CRZ_NAV,NAVIGATION_MAP,441.6,34511.5,89.2,-0.22,0.77,28.02,84.9
2026-09-22 12:21:12,CRUISE,CRZ_NAV,NAVIGATION_MAP,441.8,34514.1,89.18,-0.27,0.67,28.04,84.9
2026-09-22 12:21:14,CRUISE,CRZ_NAV,NAVIGATION_MAP,441.8,34513.8,89.21,-0.1,-0.63,28.17,84.8
2026-09-22 12:21:16,CRUISE,CRZ_NAV,NAVIGATION_MAP,441.6,34511.2,89.23,0.15,0.35,28.11,84.6
2026-09-22 12:21:18,CRUISE,CRZ_NAV,NAVIGATION_MAP,441.5,34508.9,89.23,-0.36,0.51,28.35,84.5
2026-09-22 12:21:20,CRUISE,CRZ_NAV,NAVIGATION_MAP,441.4,34511.2,89.27,0.08,-0.31,28.28,84.7
2026-09-22 12:21:22,CRUISE,CRZ_NAV,NAVIGATION_MAP,441.5,34507.7,89.3,-0.31,0.26,28.01,85.0
2026-09-22 12:21:24,CRUISE,CRZ_NAV,NAVIGATION_MAP,441.7,34506.2,89.34,0.35,-0.8,28.03,85.0
2026-09-22 12:21:26,CRUISE,CRZ_NAV,NAVIGATION_MAP,441.8,34503.1,89.38,-0.34,0.59,28.22,84.9
2026-09-22 12:21:28,CRUISE,CRZ_NAV,NAVIGATION_MAP,441.9,34500.0,89.4,0.49,-0.35,28.3,84.9
2026-09-22 12:21:30,CRUISE,CRZ_NAV,NAVIGATION_MAP,441.7,34500.1,89.4,0.1,-0.4,28.09,84.9
2026-09-22 12:21:32,CRUISE,CRZ_NAV,NAVIGATION_MAP,441.7,34504.0,89.44,-0.07,-0.42,28.19,84.6
2026-09-22 12:21:34,CRUISE,CRZ_NAV,NAVIGATION_MAP,441.6,34508.2,89.47,-0.36,0.99,28.23,84.8
2026-09-22 12:21:36,CRUISE,CRZ_NAV,NAVIGATION_MAP,441.7,34512.2,89.5,-0.06,-0.04,28.15,84.5
2026-09-22 12:21:38,CRUISE,CRZ_NAV,NAVIGATION_MAP,441.6,34509.6,89.48,-0.41,-0.94,28.33,84.7
2026-09-22 12:21:40,CRUISE,CRZ_NAV,NAVIGATION_MAP,441.5,34507.5,89.45,0.45,0.54,28.08,84.9
2026-09-22 12:21:42,CRUISE,CRZ_NAV,NAVIGATION_MAP,441.5,34511.3,89.49,0.42,-0.99,28.22,84.8
2026-09-22 12:21:44,CRUISE,CRZ_NAV,NAVIGATION_MAP,441.5,34506.3,89.53,-0.01,0.95,28.31,84.7
2026-09-22 12:21:46,CRUISE,CRZ_NAV,NAVIGATION_MAP,441.4,34503.7,89.5,0.09,0.35,28.16,84.9
2026-09-22 12:21:48,CRUISE,CRZ_NAV,NAVIGATION_MAP,441.3,34506.7,89.53,-0.26,-0.31,28.34,84.6
2026-09-22 12:21:50,CRUISE,CRZ_NAV,NAVIGATION_MAP,441.2,34501.9,89.48,0.21,-0.41,28.2,85.0
2026-09-22 12:21:52,CRUISE,CRZ_NAV,NAVIGATION_MAP,441.2,34500.0,89.44,-0.29,-0.72,28.37,84.7
2026-09-22 12:21:54,CRUISE,CRZ_NAV,NAVIGATION_MAP,441.1,34503.7,89.42,0.23,-0.22,28.25,84.8
2026-09-22 12:21:56,CRUISE,CRZ_NAV,NAVIGATION_MAP,441.0,34502.5,89.39,-0.39,0.86,28.21,84.7
2026-09-22 12:21:58,CRUISE,CRZ_NAV,NAVIGATION_MAP,441.0,34502.8,89.41,-0.43,0.74,28.19,84.7
2026-09-22 12:22:00,CRUISE,CRZ_NAV,NAVIGATION_MAP,441.2,34501.1,89.41,0.21,-0.15,28.04,84.8
2026-09-22 12:22:02,CRUISE,CRZ_NAV,NAVIGATION_MAP,441.2,34500.0,89.42,0.46,-0.08,28.31,84.8
2026-09-22 12:22:04,CRUISE,CRZ_NAV,NAVIGATION_MAP,441.3,34500.0,89.41,-0.43,-0.17,28.1,84.8
2026-09-22 12:22:06,CRUISE,CRZ_NAV,NAVIGATION_MAP,441.2,34500.0,89.38,-0.09,-0.78,28.04,84.9
2026-09-22 12:22:08,CRUISE,CRZ_NAV,NAVIGATION_MAP,441.3,34504.6,89.35,-0.15,0.88,28.19,84.5
2026-09-22 12:22:10,CRUISE,CRZ_NAV,NAVIGATION_MAP,441.4,34501.9,89.34,0.42,0.5,28.17,84.6
2026-09-22 12:22:12,CRUISE,CRZ_NAV,NAVIGATION_MAP,441.3,34500.8,89.39,-0.14,-0.06,28.31,84.9
2026-09-22 12:22:14,CRUISE,CRZ_NAV,NAVIGATION_MAP,441.2,34500.0,89.38,-0.35,0.12,28.22,85.0
2026-09-22 12:22:16,CRUISE,CRZ_NAV,NAVIGATION_MAP,441.2,34500.0,89.36,0.31,0.05,28.23,84.8
2026-09-22 12:22:18,CRUISE,CRZ_NAV,NAVIGATION_MAP,441.3,34500.0,89.33,-0.04,-0.2,28.19,84.7
2026-09-22 12:22:20,CRUISE,CRZ_NAV,NAVIGATION_MAP,441.3,34501.5,89.34,0.02,0.3,28.03,84.8
2026-09-22 12:22:22,CRUISE,CRZ_NAV,NAVIGATION_MAP,441.3,34500.0,89.35,-0.32,0.66,28.33,84.7
2026-09-22 12:22:24,CRUISE,CRZ_NAV,NAVIGATION_MAP,441.2,34501.8,89.32,-0.3,0.47,28.29,84.8
2026-09-22 12:22:26,CRUISE,CRZ_NAV,NAVIGATION_MAP,441.2,34500.0,89.31,-0.03,0.02,28.23,85.0
2026-09-22 12:22:28,CRUISE,CRZ_NAV,NAVIGATION_MAP,441.0,34500.0,89.3,0.49,0.66,28.12,84.5
2026-09-22 12:22:30,CRUISE,CRZ_NAV,NAVIGATION_MAP,440.8,34502.1,89.34,0.46,0.83,28.16,84.6
2026-09-22 12:22:32,CRUISE,CRZ_NAV,NAVIGATION_MAP,440.8,34500.0,89.32,0.44,-0.13,28.29,84.9
2026-09-22 12:22:34,CRUISE,CRZ_NAV,NAVIGATION_MAP,440.8,34500.0,89.37,-0.34,0.85,28.26,84.7
2026-09-22 12:22:36,CRUISE,CRZ_NAV,NAVIGATION_MAP,440.9,34500.0,89.39,0.44,0.87,28.34,84.7
2026-09-22 12:22:38,CRUISE,CRZ_NAV,NAVIGATION_MAP,440.9,34503.8,89.37,-0.3,0.14,28.19,84.9
2026-09-22 12:22:40,CRUISE,CRZ_NAV,NAVIGATION_MAP,441.0,34503.5,89.4,-0.23,0.71,28.13,84.9
2026-09-22 12:22:42,CRUISE,CRZ_NAV,NAVIGATION_MAP,440.9,34502.4,89.36,-0.36,0.18,28.39,84.5
2026-09-22 12:22:44,CRUISE,CRZ_NAV,NAVIGATION_MAP,441.0,34500.0,89.34,0.19,0.75,28.27,84.9
2026-09-22 12:22:46,CRUISE,CRZ_NAV,NAVIGATION_MAP,440.8,34500.2,89.29,-0.14,0.54,28.27,84.5
2026-09-22 12:22:48,CRUISE,CRZ_NAV,NAVIGATION_MAP,440.9,34500.6,89.3,0.43,-0.91,28.37,84.7
2026-09-22 12:22:50,CRUISE,CRZ_NAV,NAVIGATION_MAP,441.1,34500.6,89.34,0.45,-0.4,28.13,84.9
2026-09-22 12:22:52,CRUISE,CRZ_NAV,NAVIGATION_MAP,441.2,34504.9,89.33,0.01,0.21,28.31,84.7
2026-09-22 12:22:54,CRUISE,CRZ_NAV,NAVIGATION_MAP,441.1,34506.6,89.29,-0.36,0.46,28.23,84.7
2026-09-22 12:22:56,CRUISE,CRZ_NAV,NAVIGATION_MAP,441.2,34505.2,89.31,0.13,0.36,28.21,84.9
2026-09-22 12:22:58,CRUISE,CRZ_NAV,NAVIGATION_MAP,441.2,34507.2,89.34,-0.35,0.99,28.2,84.6
2026-09-22 12:23:00,CRUISE,CRZ_NAV,NAVIGATION_MAP,441.3,34511.1,89.32,0.31,-0.07,28.37,84.6
2026-09-22 12:23:02,CRUISE,CRZ_NAV,NAVIGATION_MAP,441.3,34513.1,89.28,-0.34,0.34,28.39,84.5
2026-09-22 12:23:04,CRUISE,CRZ_NAV,NAVIGATION_MAP,441.3,34516.0,89.28,-0.31,-0.82,28.17,85.0
2026-09-22 12:23:06,CRUISE,CRZ_NAV,NAVIGATION_MAP,441.3,34518.9,89.32,0.49,-0.66,28.06,84.9
2026-09-22 12:23:08,CRUISE,CRZ_NAV,NAVIGATION_MAP,441.2,34517.7,89.34,0.24,0.24,28.13,84.9
2026-09-22 12:23:10,CRUISE,CRZ_NAV,NAVIGATION_MAP,441.0,34513.5,89.37,-0.37,-0.15,28.09,84.8
2026-09-22 12:23:12,CRUISE,CRZ_NAV,NAVIGATION_MAP,441.1,34518.5,89.39,-0.04,-0.73,28.08,85.0
2026-09-22 12:23:14,CRUISE,CRZ_NAV,NAVIGATION_MAP,441.2,34521.4,89.42,0.05,0.27,28.07,85.0
2026-09-22 12:23:16,CRUISE,CRZ_NAV,NAVIGATION_MAP,441.3,34518.6,89.47,0.06,-0.6,28.24,84.8
2026-09-22 12:23:18,CRUISE,CRZ_NAV,NAVIGATION_MAP,441.4,34516.8,89.5,-0.42,-0.26,28.39,84.6
2026-09-22 12:23:20,CRUISE,CRZ_NAV,NAVIGATION_MAP,441.3,34517.7,89.53,0.35,0.01,28.15,84.7
2026-09-22 12:23:22,CRUISE,CRZ_NAV,NAVIGATION_MAP,441.2,34517.4,89.54,0.18,1.0,28.05,85.0
2026-09-22 12:23:24,CRUISE,CRZ_NAV,NAVIGATION_MAP,441.1,34520.4,89.55,-0.22,-0.23,28.27,84.6
2026-09-22 12:23:26,CRUISE,CRZ_NAV,NAVIGATION_MAP,440.9,34520.5,89.53,-0.1,0.72,28.35,84.5
2026-09-22 12:23:28,CRUISE,CRZ_NAV,NAVIGATION_MAP,441.1,34519.8,89.53,-0.29,-0.66,28.31,85.0
2026-09-22 12:23:30,CRUISE,CRZ_NAV,NAVIGATION_MAP,440.9,34518.3,89.53,0.46,-0.98,28.19,84.9
2026-09-22 12:23:32,CRUISE,CRZ_NAV,NAVIGATION_MAP,440.9,34518.8,89.49,-0.29,0.07,28.32,84.7
2026-09-22 12:23:34,CRUISE,CRZ_NAV,NAVIGATION_MAP,441.0,34522.7,89.45,-0.17,0.31,28.36,84.8
2026-09-22 12:23:36,CRUISE,CRZ_NAV,NAVIGATION_MAP,441.2,34526.6,89.43,-0.46,0.58,28.13,84.7
2026-09-22 12:23:38,CRUISE,CRZ_NAV,NAVIGATION_MAP,441.3,34530.9,89.48,0.13,0.01,28.26,84.9
2026-09-22 12:23:40,CRUISE,CRZ_NAV,NAVIGATION_MAP,441.1,34535.6,89.52,-0.39,-0.3,28.27,84.7
2026-09-22 12:23:42,CRUISE,CRZ_NAV,NAVIGATION_MAP,441.1,34536.9,89.49,0.13,-0.77,28.0,84.6
2026-09-22 12:23:44,CRUISE,CRZ_NAV,NAVIGATION_MAP,441.0,34541.0,89.53,0.15,-0.28,28.06,84.5
2026-09-22 12:23:46,CRUISE,CRZ_NAV,NAVIGATION_MAP,440.8,34540.9,89.51,0.47,0.68,28.28,84.9
2026-09-22 12:23:48,CRUISE,CRZ_NAV,NAVIGATION_MAP,440.8,34537.5,89.52,0.09,0.31,28.21,84.6
2026-09-22 12:23:50,CRUISE,CRZ_NAV,NAVIGATION_MAP,440.7,34532.9,89.54,0.27,0.8,28.2,84.6
2026-09-22 12:23:52,CRUISE,CRZ_NAV,NAVIGATION_MAP,440.8,34528.3,89.54,0.42,0.31,28.01,84.8
2026-09-22 12:23:54,CRUISE,CRZ_NAV,NAVIGATION_MAP,440.9,34524.1,89.58,0.0,-0.53,28.28,84.7
2026-09-22 12:23:56,CRUISE,CRZ_NAV,NAVIGATION_MAP,440.9,34528.1,89.58,-0.35,0.63,28.07,84.9
2026-09-22 12:23:58,CRUISE,CRZ_NAV,NAVIGATION_MAP,440.9,34530.5,89.56,0.28,-0.03,28.28,84.7
2026-09-22 12:24:00,CRUISE,CRZ_NAV,NAVIGATION_MAP,440.8,34535.2,89.61,0.14,-0.29,28.11,84.8
2026-09-22 12:24:02,CRUISE,CRZ_NAV,NAVIGATION_MAP,440.8,34534.3,89.64,-0.23,-0.2,28.34,84.5
2026-09-22 12:24:04,CRUISE,CRZ_NAV,NAVIGATION_MAP,440.8,34529.5,89.66,0.25,0.38,28.04,84.6
2026-09-22 12:24:06,CRUISE,CRZ_NAV,NAVIGATION_MAP,440.8,34533.5,89.63,-0.16,-0.31,28.29,84.6
2026-09-22 12:24:08,CRUISE,CRZ_NAV,NAVIGATION_MAP,440.9,34528.8,89.6,-0.27,0.2,28.32,84.6
2026-09-22 12:24:10,CRUISE,CRZ_NAV,NAVIGATION_MAP,440.9,34527.8,89.63,-0.33,0.87,28.28,84.5
2026-09-22 12:24:12,CRUISE,CRZ_NAV,NAVIGATION_MAP,440.8,34529.7,89.68,0.39,0.82,28.02,84.9
2026-09-22 12:24:14,CRUISE,CRZ_NAV,NAVIGATION_MAP,440.9,34527.9,89.71,-0.21,-0.06,28.15,84.5
2026-09-22 12:24:16,CRUISE,CRZ_NAV,NAVIGATION_MAP,441.0,34527.3,89.69,-0.36,0.3,28.15,84.5
2026-09-22 12:24:18,CRUISE,CRZ_NAV,NAVIGATION_MAP,440.9,34526.4,89.72,-0.38,0.62,28.12,84.8
2026-09-22 12:24:20,CRUISE,CRZ_NAV,NAVIGATION_MAP,441.1,34529.5,89.74,-0.09,-0.11,28.3,84.7
2026-09-22 12:24:22,CRUISE,CRZ_NAV,NAVIGATION_MAP,441.1,34527.8,89.78,0.06,-0.48,28.01,84.6
2026-09-22 12:24:24,CRUISE,CRZ_NAV,NAVIGATION_MAP,441.0,34527.4,89.77,-0.3,-0.49,28.31,84.8
2026-09-22 12:24:26,CRUISE,CRZ_NAV,NAVIGATION_MAP,441.0,34526.8,89.78,0.29,-0.75,28.09,84.6
2026-09-22 12:24:28,CRUISE,CRZ_NAV,NAVIGATION_MAP,441.0,34527.0,89.76,0.5,0.74,28.38,84.7
2026-09-22 12:24:30,CRUISE,CRZ_NAV,NAVIGATION_MAP,440.9,34528.5,89.79,0.11,-0.55,28.27,84.8
2026-09-22 12:24:32,CRUISE,CRZ_NAV,NAVIGATION_MAP,440.9,34526.7,89.83,-0.05,-0.9,28.32,84.6
2026-09-22 12:24:34,CRUISE,CRZ_NAV,NAVIGATION_MAP,440.8,34529.5,89.88,0.26,-0.27,28.03,84.7
2026-09-22 12:24:36,CRUISE,CRZ_NAV,NAVIGATION_MAP,440.9,34532.8,89.84,0.25,0.64,28.03,84.9
2026-09-22 12:24:38,CRUISE,CRZ_NAV,NAVIGATION_MAP,441.0,34527.8,89.86,0.16,-0.96,28.18,84.5
2026-09-22 12:24:40,CRUISE,CRZ_NAV,NAVIGATION_MAP,441.1,34525.8,89.89,0.23,0.24,28.32,84.8
2026-09-22 12:24:42,CRUISE,CRZ_NAV,NAVIGATION_MAP,441.1,34526.5,89.89,-0.14,-0.77,28.29,84.8
2026-09-22 12:24:44,CRUISE,CRZ_NAV,NAVIGATION_MAP,441.0,34522.3,89.89,0.46,-0.69,28.17,84.7
2026-09-22 12:24:46,CRUISE,CRZ_NAV,NAVIGATION_MAP,441.2,34521.4,89.88,0.24,0.72,28.23,84.7
2026-09-22 12:24:48,CRUISE,CRZ_NAV,NAVIGATION_MAP,441.1,34519.8,89.89,-0.45,-0.16,28.11,84.6
2026-09-22 12:24:50,CRUISE,CRZ_NAV,NAVIGATION_MAP,441.3,34516.5,89.85,0.11,-0.63,28.26,84.9
2026-09-22 12:24:52,CRUISE,CRZ_NAV,NAVIGATION_MAP,441.3,34513.5,89.81,-0.38,0.96,28.22,84.9
2026-09-22 12:24:54,CRUISE,CRZ_NAV,NAVIGATION_MAP,441.2,34512.5,89.82,0.09,0.72,28.36,84.9
2026-09-22 12:24:56,CRUISE,CRZ_NAV,NAVIGATION_MAP,441.4,34509.9,89.81,-0.13,0.64,28.11,84.8
2026-09-22 12:24:58,CRUISE,CRZ_NAV,NAVIGATION_MAP,441.6,34506.4,89.86,0.16,0.6,28.28,84.7
2026-09-22 12:25:00,CRUISE,CRZ_NAV,NAVIGATION_MAP,441.7,34503.9,89.85,0.46,-0.39,28.18,84.9
2026-09-22 12:25:02,CRUISE,CRZ_NAV,NAVIGATION_MAP,441.8,34503.5,90.65,0.16,15.26,28.03,84.7
2026-09-22 12:25:04,CRUISE,CRZ_NAV,NAVIGATION_MAP,441.9,34502.5,91.45,-0.08,15.7,28.32,84.7
2026-09-22 12:25:06,CRUISE,CRZ_NAV,NAVIGATION_MAP,441.7,34500.5,92.25,0.03,17.57,28.11,84.7
2026-09-22 12:25:08,CRUISE,CRZ_NAV,NAVIGATION_MAP,441.9,34500.0,93.05,-0.17,15.01,28.3,84.9
2026-09-22 12:25:10,CRUISE,CRZ_NAV,NAVIGATION_MAP,442.0,34500.0,93.85,0.15,16.04,28.05,85.0
2026-09-22 12:25:12,CRUISE,CRZ_NAV,NAVIGATION_MAP,441.9,34502.5,94.65,-0.13,15.98,28.13,84.7
2026-09-22 12:25:14,CRUISE,CRZ_NAV,NAVIGATION_MAP,442.0,34501.1,95.45,0.05,16.13,28.17,84.6
2026-09-22 12:25:16,CRUISE,CRZ_NAV,NAVIGATION_MAP,442.1,34501.1,96.25,-0.12,15.96,28.18,84.8
2026-09-22 12:25:18,CRUISE,CRZ_NAV,NAVIGATION_MAP,442.0,34502.3,97.05,0.05,16.38,28.15,84.8
2026-09-22 12:25:20,CRUISE,CRZ_NAV,NAVIGATION_MAP,441.9,34507.1,97.85,0.02,16.52,28.11,84.8
2026-09-22 12:25:22,CRUISE,CRZ_NAV,NAVIGATION_MAP,441.7,34509.7,98.65,0.06,15.71,28.22,84.9
2026-09-22 12:25:24,CRUISE,CRZ_NAV,NAVIGATION_MAP,441.9,34509.4,99.45,-0.19,17.27,28.21,84.9
2026-09-22 12:25:26,CRUISE,CRZ_NAV,NAVIGATION_MAP,441.8,34509.9,100.25,0.04,16.24,28.19,84.9
2026-09-22 12:25:28,CRUISE,CRZ_NAV,NAVIGATION_MAP,441.8,34511.2,101.05,0.03,17.8,28.05,84.6
2026-09-22 12:25:30,CRUISE,CRZ_NAV,NAVIGATION_MAP,441.9,34507.9,101.85,-0.12,17.86,28.04,84.8
2026-09-22 12:25:32,CRUISE,CRZ_NAV,NAVIGATION_MAP,442.0,34508.5,102.65,0.17,17.38,28.4,84.6
2026-09-22 12:25:34,CRUISE,CRZ_NAV,NAVIGATION_MAP,442.1,34507.5,103.45,0.19,17.9,28.28,84.7
2026-09-22 12:25:36,CRUISE,CRZ_NAV,NAVIGATION_MAP,442.0,34502.8,104.25,0.1,17.06,28.35,84.5
2026-09-22 12:25:38,CRUISE,CRZ_NAV,NAVIGATION_MAP,441.9,34500.0,105.05,0.02,17.43,28.1,84.7
2026-09-22 12:25:40,CRUISE,CRZ_NAV,NAVIGATION_MAP,441.9,34500.0,105.85,0.13,16.6,28.05,84.6
2026-09-22 12:25:42,CRUISE,CRZ_NAV,NAVIGATION_MAP,441.9,34500.0,106.65,0.01,16.92,28.04,84.8
2026-09-22 12:25:44,CRUISE,CRZ_NAV,NAVIGATION_MAP,441.8,34502.2,107.45,0.13,15.14,28.39,84.7
2026-09-22 12:25:46,CRUISE,CRZ_NAV,NAVIGATION_MAP,441.8,34500.0,108.25,-0.13,17.06,28.11,84.8
2026-09-22 12:25:48,CRUISE,CRZ_NAV,NAVIGATION_MAP,441.9,34500.0,109.05,-0.02,15.64,28.34,84.6
2026-09-22 12:25:50,CRUISE,CRZ_NAV,NAVIGATION_MAP,441.7,34501.5,109.85,-0.12,16.11,28.35,84.6
2026-09-22 12:25:52,CRUISE,CRZ_NAV,NAVIGATION_MAP,441.8,34501.6,110.65,-0.01,17.64,28.08,84.7
2026-09-22 12:25:54,CRUISE,CRZ_NAV,NAVIGATION_MAP,442.0,34500.0,111.45,0.04,15.14,28.34,85.0
2026-09-22 12:25:56,CRUISE,CRZ_NAV,NAVIGATION_MAP,442.1,34504.6,112.25,-0.04,17.54,28.38,84.7
2026-09-22 12:25:58,CRUISE,CRZ_NAV,NAVIGATION_MAP,441.9,34501.8,113.05,0.04,17.78,28.23,84.9
2026-09-22 12:26:00,CRUISE,CRZ_NAV,NAVIGATION_MAP,441.8,34501.1,113.85,0.03,17.11,28.21,84.8
2026-09-22 12:26:02,CRUISE,CRZ_NAV,NAVIGATION_MAP,441.7,34503.7,114.65,-0.06,17.01,28.13,84.7
2026-09-22 12:26:04,CRUISE,CRZ_NAV,NAVIGATION_MAP,441.6,34502.4,115.45,-0.08,16.3,28.16,85.0
2026-09-22 12:26:06,CRUISE,CRZ_NAV,NAVIGATION_MAP,441.7,34504.6,116.25,0.02,15.94,28.24,84.6
2026-09-22 12:26:08,CRUISE,CRZ_NAV,NAVIGATION_MAP,441.7,34506.1,117.05,-0.15,17.63,28.28,84.8
2026-09-22 12:26:10,CRUISE,CRZ_NAV,NAVIGATION_MAP,441.5,34509.2,117.85,-0.11,15.26,28.1,85.0
2026-09-22 12:26:12,CRUISE,CRZ_NAV,NAVIGATION_MAP,441.5,34510.9,118.65,0.13,16.81,28.2,84.5
2026-09-22 12:26:14,CRUISE,CRZ_NAV,NAVIGATION_MAP,441.4,34515.7,119.45,-0.06,15.75,28.14,84.7
2026-09-22 12:26:16,CRUISE,CRZ_NAV,NAVIGATION_MAP,441.5,34513.6,120.25,0.17,15.54,28.37,84.7
2026-09-22 12:26:18,CRUISE,CRZ_NAV,NAVIGATION_MAP,441.3,34514.0,121.05,0.19,15.6,28.14,84.9
2026-09-22 12:26:20,CRUISE,CRZ_NAV,NAVIGATION_MAP,441.2,34518.2,121.85,0.19,15.73,28.21,84.9
2026-09-22 12:26:22,CRUISE,CRZ_NAV,NAVIGATION_MAP,441.0,34521.0,122.65,-0.17,15.42,28.18,84.5
2026-09-22 12:26:24,CRUISE,CRZ_NAV,NAVIGATION_MAP,441.0,34516.1,123.45,-0.03,17.11,28.28,84.8
2026-09-22 12:26:26,CRUISE,CRZ_NAV,NAVIGATION_MAP,441.2,34520.0,124.25,-0.05,15.68,28.25,84.9
2026-09-22 12:26:28,CRUISE,CRZ_NAV,NAVIGATION_MAP,441.3,34516.5,125.05,0.03,16.06,28.25,84.8
2026-09-22 12:26:30,CRUISE,CRZ_NAV,NAVIGATION_MAP,441.3,34520.5,125.85,-0.0,17.62,28.14,84.8
2026-09-22 12:26:32,CRUISE,CRZ_NAV,NAVIGATION_MAP,441.4,34522.9,126.65,-0.15,17.84,28.01,84.8
2026-09-22 12:26:34,CRUISE,CRZ_NAV,NAVIGATION_MAP,441.3,34521.1,127.45,-0.12,17.8,28.12,84.8
2026-09-22 12:26:36,CRUISE,CRZ_NAV,NAVIGATION_MAP,441.4,34525.6,128.25,-0.02,17.72,28.16,84.8
2026-09-22 12:26:38,CRUISE,CRZ_NAV,NAVIGATION_MAP,441.4,34523.4,129.05,-0.14,15.89,28.0,84.8
2026-09-22 12:26:40,CRUISE,CRZ_NAV,NAVIGATION_MAP,441.2,34521.3,129.85,0.13,17.33,25.66,84.9
2026-09-22 12:26:42,CRUISE,CRZ_NAV,NAVIGATION_MAP,441.2,34522.4,130.65,-0.09,15.51,24.49,84.8
2026-09-22 12:26:44,CRUISE,CRZ_NAV,NAVIGATION_MAP,441.3,34524.2,131.45,0.15,15.95,25.17,84.8
2026-09-22 12:26:46,CRUISE,CRZ_NAV,NAVIGATION_MAP,441.5,34524.9,132.25,0.08,17.36,24.81,84.5
2026-09-22 12:26:48,CRUISE,CRZ_NAV,NAVIGATION_MAP,441.4,34527.9,133.05,-0.1,15.29,24.43,84.9
2026-09-22 12:26:50,CRUISE,CRZ_NAV,NAVIGATION_MAP,441.5,34529.9,133.85,-0.01,17.46,24.69,84.7
2026-09-22 12:26:52,CRUISE,CRZ_NAV,NAVIGATION_MAP,441.5,34526.1,134.65,0.03,15.33,24.36,84.8
2026-09-22 12:26:54,CRUISE,CRZ_NAV,NAVIGATION_MAP,441.4,34523.1,135.45,-0.05,15.39,25.14,84.8
2026-09-22 12:26:56,CRUISE,CRZ_NAV,NAVIGATION_MAP,441.6,34522.9,136.25,-0.09,16.67,24.78,84.5
2026-09-22 12:26:58,CRUISE,CRZ_NAV,NAVIGATION_MAP,441.4,34522.8,137.05,0.05,16.83,24.8,84.9
2026-09-22 12:27:00,CRUISE,CRZ_NAV,NAVIGATION_MAP,441.5,34520.4,137.85,-0.07,15.83,24.4,84.6
2026-09-22 12:27:02,CRUISE,CRZ_NAV,NAVIGATION_MAP,441.6,34517.0,138.65,-0.13,15.24,24.44,84.8
2026-09-22 12:27:04,CRUISE,CRZ_NAV,NAVIGATION_MAP,441.7,34512.5,139.45,-0.07,17.31,25.34,84.7
2026-09-22 12:27:06,CRUISE,CRZ_NAV,NAVIGATION_MAP,441.8,34507.6,140.25,-0.04,16.47,24.4,84.5
2026-09-22 12:27:08,CRUISE,CRZ_NAV,NAVIGATION_MAP,441.6,34506.6,141.05,-0.15,15.33,25.7,84.9
2026-09-22 12:27:10,CRUISE,CRZ_NAV,NAVIGATION_MAP,441.5,34507.1,141.85,-0.04,16.61,25.42,84.7
2026-09-22 12:27:12,CRUISE,CRZ_NAV,NAVIGATION_MAP,441.7,34510.7,142.65,-0.03,16.19,24.47,84.7
2026-09-22 12:27:14,CRUISE,CRZ_NAV,NAVIGATION_MAP,441.7,34514.0,143.45,0.12,16.38,24.6,84.6
2026-09-22 12:27:16,CRUISE,CRZ_NAV,NAVIGATION_MAP,441.7,34512.5,144.25,-0.03,17.73,24.56,84.9
2026-09-22 12:27:18,CRUISE,CRZ_NAV,NAVIGATION_MAP,441.6,34510.9,145.05,-0.09,16.11,25.78,84.7
2026-09-22 12:27:20,CRUISE,CRZ_NAV,NAVIGATION_MAP,441.4,34510.1,145.07,-0.47,0.61,25.7,84.7
2026-09-22 12:27:22,CRUISE,CRZ_NAV,NAVIGATION_MAP,441.3,34507.7,145.04,0.46,-0.37,28.09,84.6
2026-09-22 12:27:24,CRUISE,CRZ_NAV,NAVIGATION_MAP,441.5,34510.5,145.07,-0.37,-0.25,28.31,84.5
2026-09-22 12:27:26,CRUISE,CRZ_NAV,NAVIGATION_MAP,441.5,34512.2,145.09,-0.02,0.53,28.11,84.8
2026-09-22 12:27:28,CRUISE,CRZ_NAV,NAVIGATION_MAP,441.4,34511.7,145.13,0.17,-0.35,28.31,84.9
2026-09-22 12:27:30,CRUISE,CRZ_NAV,NAVIGATION_MAP,441.3,34508.4,145.17,-0.47,0.7,28.22,84.7
2026-09-22 12:27:32,CRUISE,CRZ_NAV,NAVIGATION_MAP,441.4,34506.3,145.14,0.07,-0.07,28.39,84.9
2026-09-22 12:27:34,CRUISE,CRZ_NAV,NAVIGATION_MAP,441.5,34505.0,145.12,0.24,0.85,28.24,84.6
2026-09-22 12:27:36,CRUISE,CRZ_NAV,NAVIGATION_MAP,441.3,34503.8,145.16,0.03,-0.43,28.26,84.7
2026-09-22 12:27:38,CRUISE,CRZ_NAV,NAVIGATION_MAP,441.2,34506.3,145.19,0.35,-0.08,28.33,84.7
2026-09-22 12:27:40,CRUISE,CRZ_NAV,NAVIGATION_MAP,441.2,34505.8,145.17,0.18,0.1,28.24,84.9
2026-09-22 12:27:42,CRUISE,CRZ_NAV,NAVIGATION_MAP,441.2,34501.1,145.14,0.36,0.43,28.03,85.0
2026-09-22 12:27:44,CRUISE,CRZ_NAV,NAVIGATION_MAP,441.1,34504.5,145.13,-0.38,-0.6,28.34,84.6
2026-09-22 12:27:46,CRUISE,CRZ_NAV,NAVIGATION_MAP,441.0,34503.3,145.17,-0.07,-0.2,28.38,84.8
2026-09-22 12:27:48,CRUISE,CRZ_NAV,NAVIGATION_MAP,441.2,34500.9,145.19,-0.31,-0.2,28.13,85.0
2026-09-22 12:27:50,CRUISE,CRZ_NAV,NAVIGATION_MAP,441.3,34500.0,145.17,-0.26,-0.36,28.22,84.5
2026-09-22 12:27:52,CRUISE,CRZ_NAV,NAVIGATION_MAP,441.3,34505.0,145.21,0.31,0.16,28.22,84.8
2026-09-22 12:27:54,CRUISE,CRZ_NAV,NAVIGATION_MAP,441.1,34503.4,145.25,0.4,-0.82,28.31,84.8
2026-09-22 12:27:56,CRUISE,CRZ_NAV,NAVIGATION_MAP,441.2,34506.1,145.25,-0.37,0.69,28.17,84.9
2026-09-22 12:27:58,CRUISE,CRZ_NAV,NAVIGATION_MAP,441.0,34502.0,145.3,0.17,0.05,28.07,85.0
2026-09-22 12:28:00,CRUISE,CRZ_NAV,NAVIGATION_MAP,440.9,34503.1,145.27,0.08,0.03,28.17,84.6
2026-09-22 12:28:02,CRUISE,CRZ_NAV,NAVIGATION_MAP,440.9,34501.9,145.28,0.07,-0.13,28.02,84.7
2026-09-22 12:28:04,CRUISE,CRZ_NAV,NAVIGATION_MAP,440.8,34505.1,145.3,0.14,-0.29,28.32,84.9
2026-09-22 12:28:06,CRUISE,CRZ_NAV,NAVIGATION_MAP,441.0,34505.3,145.26,-0.46,-0.95,28.11,84.9
2026-09-22 12:28:08,CRUISE,CRZ_NAV,NAVIGATION_MAP,441.2,34504.8,145.24,-0.13,-0.48,28.18,84.5
2026-09-22 12:28:10,CRUISE,CRZ_NAV,NAVIGATION_MAP,441.1,34505.6,145.24,-0.45,0.4,28.06,84.9
2026-09-22 12:28:12,CRUISE,CRZ_NAV,NAVIGATION_MAP,441.0,34505.8,145.2,0.33,-0.33,28.09,84.5
2026-09-22 12:28:14,CRUISE,CRZ_NAV,NAVIGATION_MAP,441.0,34505.7,145.15,-0.24,-0.76,28.39,84.6
2026-09-22 12:28:16,CRUISE,CRZ_NAV,NAVIGATION_MAP,441.1,34503.6,145.16,-0.38,0.84,28.28,84.7
2026-09-22 12:28:18,CRUISE,CRZ_NAV,NAVIGATION_MAP,440.9,34500.1,145.21,-0.31,0.57,28.35,84.5
2026-09-22 12:28:20,CRUISE,CRZ_NAV,NAVIGATION_MAP,441.0,34503.9,145.25,-0.22,0.43,28.4,84.5
2026-09-22 12:28:22,CRUISE,CRZ_NAV,NAVIGATION_MAP,440.8,34503.4,145.29,0.43,-0.14,28.02,84.9
2026-09-22 12:28:24,CRUISE,CRZ_NAV,NAVIGATION_MAP,440.8,34500.7,145.31,0.2,0.35,28.36,84.9
2026-09-22 12:28:26,CRUISE,CRZ_NAV,NAVIGATION_MAP,440.9,34500.0,145.32,-0.2,0.88,28.04,84.8
2026-09-22 12:28:28,CRUISE,CRZ_NAV,NAVIGATION_MAP,440.8,34500.0,145.33,0.18,0.19,28.01,84.5
2026-09-22 12:28:30,CRUISE,CRZ_NAV,NAVIGATION_MAP,440.7,34503.8,145.37,0.42,0.07,28.07,84.9
2026-09-22 12:28:32,CRUISE,CRZ_NAV,NAVIGATION_MAP,440.6,34506.2,145.36,0.19,-0.61,28.09,84.7
2026-09-22 12:28:34,CRUISE,CRZ_NAV,NAVIGATION_MAP,440.7,34505.0,145.39,-0.08,0.48,28.05,84.7
2026-09-22 12:28:36,CRUISE,CRZ_NAV,NAVIGATION_MAP,440.6,34501.6,145.36,0.09,0.63,28.31,84.7
2026-09-22 12:28:38,CRUISE,CRZ_NAV,NAVIGATION_MAP,440.5,34506.0,145.41,-0.02,0.58,28.25,84.9
2026-09-22 12:28:40,CRUISE,CRZ_NAV,NAVIGATION_MAP,440.6,34504.1,145.41,-0.04,-0.47,28.2,84.5
2026-09-22 12:28:42,CRUISE,CRZ_NAV,NAVIGATION_MAP,440.7,34504.3,145.45,0.24,0.08,28.38,84.5
2026-09-22 12:28:44,CRUISE,CRZ_NAV,NAVIGATION_MAP,440.6,34500.1,145.47,0.06,-0.79,28.15,84.9
2026-09-22 12:28:46,CRUISE,CRZ_NAV,NAVIGATION_MAP,440.5,34500.0,145.5,-0.08,0.98,28.28,84.8
2026-09-22 12:28:48,CRUISE,CRZ_NAV,NAVIGATION_MAP,440.6,34500.0,145.47,0.45,0.38,28.33,84.8
2026-09-22 12:28:50,CRUISE,CRZ_NAV,NAVIGATION_MAP,440.4,34500.0,145.49,0.02,0.52,28.13,84.5
2026-09-22 12:28:52,CRUISE,CRZ_NAV,NAVIGATION_MAP,440.6,34502.8,145.48,0.32,-0.24,28.29,84.9
2026-09-22 12:28:54,CRUISE,CRZ_NAV,NAVIGATION_MAP,440.4,34506.0,145.44,-0.49,-0.77,28.37,84.5
2026-09-22 12:28:56,CRUISE,CRZ_NAV,NAVIGATION_MAP,440.5,34507.0,145.4,-0.27,-0.19,28.26,84.9
2026-09-22 12:28:58,CRUISE,CRZ_NAV,NAVIGATION_MAP,440.4,34511.8,145.36,-0.41,0.65,28.28,84.5
2026-09-22 12:29:00,CRUISE,CRZ_NAV,NAVIGATION_MAP,440.3,34511.7,145.33,-0.42,-0.75,28.1,84.7
2026-09-22 12:29:02,CRUISE,CRZ_NAV,NAVIGATION_MAP,440.3,34513.6,145.32,-0.4,-0.76,28.21,84.5
2026-09-22 12:29:04,CRUISE,CRZ_NAV,NAVIGATION_MAP,440.5,34509.0,145.36,-0.33,-0.19,28.12,85.0
2026-09-22 12:29:06,CRUISE,CRZ_NAV,NAVIGATION_MAP,440.5,34504.3,145.35,0.44,-0.36,28.1,84.8
2026-09-22 12:29:08,CRUISE,CRZ_NAV,NAVIGATION_MAP,440.7,34502.0,145.3,0.37,-0.58,28.02,84.6
2026-09-22 12:29:10,CRUISE,CRZ_NAV,NAVIGATION_MAP,440.5,34506.3,145.27,0.32,-0.95,28.02,84.8
2026-09-22 12:29:12,CRUISE,CRZ_NAV,NAVIGATION_MAP,440.7,34507.9,145.29,-0.39,0.03,28.37,84.6
2026-09-22 12:29:14,CRUISE,CRZ_NAV,NAVIGATION_MAP,440.7,34507.0,145.25,-0.19,0.39,28.31,84.7
2026-09-22 12:29:16,CRUISE,CRZ_NAV,NAVIGATION_MAP,440.5,34506.6,145.25,-0.41,-0.81,28.3,84.7
2026-09-22 12:29:18,CRUISE,CRZ_NAV,NAVIGATION_MAP,440.6,34506.7,145.22,-0.27,-0.24,28.15,84.8
2026-09-22 12:29:20,CRUISE,CRZ_NAV,NAVIGATION_MAP,440.4,34508.5,145.19,0.35,-0.78,28.06,84.8
2026-09-22 12:29:22,CRUISE,CRZ_NAV,NAVIGATION_MAP,440.3,34504.7,145.21,0.21,0.19,28.25,84.7
2026-09-22 12:29:24,CRUISE,CRZ_NAV,NAVIGATION_MAP,440.4,34507.6,145.18,0.06,-0.9,28.34,84.8
2026-09-22 12:29:26,CRUISE,CRZ_NAV,NAVIGATION_MAP,440.6,34508.5,145.15,0.47,0.63,28.37,84.9
2026-09-22 12:29:28,CRUISE,CRZ_NAV,NAVIGATION_MAP,440.4,34512.0,145.18,-0.19,-0.36,28.12,84.8
2026-09-22 12:29:30,CRUISE,CRZ_NAV,NAVIGATION_MAP,440.3,34508.4,145.19,0.1,-0.6,28.09,85.0
2026-09-22 12:29:32,CRUISE,CRZ_NAV,NAVIGATION_MAP,440.1,34507.0,145.21,0.08,-0.75,28.15,85.0
2026-09-22 12:29:34,CRUISE,CRZ_NAV,NAVIGATION_MAP,440.2,34507.3,145.23,0.28,0.48,28.12,84.9
2026-09-22 12:29:36,CRUISE,CRZ_NAV,NAVIGATION_MAP,440.3,34510.8,145.19,-0.18,-0.63,28.38,84.7
2026-09-22 12:29:38,CRUISE,CRZ_NAV,NAVIGATION_MAP,440.4,34507.7,145.2,0.05,0.92,28.01,84.7
2026-09-22 12:29:40,CRUISE,CRZ_NAV,NAVIGATION_MAP,440.5,34504.8,145.19,0.04,-0.55,28.07,84.5
2026-09-22 12:29:42,CRUISE,CRZ_NAV,NAVIGATION_MAP,440.7,34505.7,145.18,-0.18,0.81,28.11,84.9
2026-09-22 12:29:44,CRUISE,CRZ_NAV,NAVIGATION_MAP,440.6,34508.6,145.16,-0.36,-0.91,28.21,84.6
2026-09-22 12:29:46,CRUISE,CRZ_NAV,NAVIGATION_MAP,440.6,34513.3,145.21,0.47,-0.68,28.18,84.7
2026-09-22 12:29:48,CRUISE,CRZ_NAV,NAVIGATION_MAP,440.5,34516.1,145.16,-0.19,0.8,28.39,84.5
2026-09-22 12:29:50,CRUISE,CRZ_NAV,NAVIGATION_MAP,440.6,34512.2,145.2,0.21,-0.21,28.33,84.9
2026-09-22 12:29:52,CRUISE,CRZ_NAV,NAVIGATION_MAP,440.6,34514.8,145.25,-0.31,0.7,28.18,84.9
2026-09-22 12:29:54,CRUISE,CRZ_NAV,NAVIGATION_MAP,440.5,34515.0,145.22,0.16,-0.7,28.39,84.5
2026-09-22 12:29:56,CRUISE,CRZ_NAV,NAVIGATION_MAP,440.7,34510.2,145.27,0.5,0.29,28.28,85.0
2026-09-22 12:29:58,CRUISE,CRZ_NAV,NAVIGATION_MAP,440.5,34510.6,145.3,0.35,-0.11,28.29,84.9
2026-09-22 12:30:00,CRUISE,CRZ_NAV,NAVIGATION_MAP,440.4,34514.3,145.3,0.26,-0.87,28.17,84.9
2026-09-22 12:30:02,CRUISE,CRZ_NAV,NAVIGATION_MAP,440.3,34515.0,145.32,-0.36,-0.14,28.19,84.8
2026-09-22 12:30:04,CRUISE,CRZ_NAV,NAVIGATION_MAP,440.1,34514.0,145.32,0.18,-0.67,28.1,84.7
2026-09-22 12:30:06,CRUISE,CRZ_NAV,NAVIGATION_MAP,440.2,34511.2,145.3,-0.38,-0.22,28.0,85.0
2026-09-22 12:30:08,CRUISE,CRZ_NAV,NAVIGATION_MAP,440.2,34514.6,145.29,0.4,0.49,28.38,84.8
2026-09-22 12:30:10,CRUISE,CRZ_NAV,NAVIGATION_MAP,440.1,34517.0,145.25,-0.37,0.42,28.31,84.9
2026-09-22 12:30:12,CRUISE,CRZ_NAV,NAVIGATION_MAP,440.2,34514.1,145.29,0.03,-0.22,28.08,84.7
2026-09-22 12:30:14,CRUISE,CRZ_NAV,NAVIGATION_MAP,440.3,34517.9,145.3,0.14,-0.06,28.13,84.9
2026-09-22 12:30:16,CRUISE,CRZ_NAV,NAVIGATION_MAP,440.3,34522.8,145.26,0.45,0.43,28.38,84.8
2026-09-22 12:30:18,CRUISE,CRZ_NAV,NAVIGATION_MAP,440.3,34522.9,145.31,-0.29,-0.73,28.16,84.8
2026-09-22 12:30:20,CRUISE,CRZ_NAV,NAVIGATION_MAP,440.3,34523.3,145.33,-0.49,0.9,28.4,84.9
2026-09-22 12:30:22,CRUISE,CRZ_NAV,NAVIGATION_MAP,440.1,34522.2,145.3,-0.34,-0.72,28.12,84.6
2026-09-22 12:30:24,CRUISE,CRZ_NAV,NAVIGATION_MAP,440.2,34520.6,145.32,-0.15,-0.38,28.35,84.8
2026-09-22 12:30:26,CRUISE,CRZ_NAV,NAVIGATION_MAP,440.1,34524.8,145.35,0.08,0.2,28.25,84.6
2026-09-22 12:30:28,CRUISE,CRZ_NAV,NAVIGATION_MAP,440.0,34520.0,145.37,-0.25,-0.74,28.09,84.9
2026-09-22 12:30:30,CRUISE,CRZ_NAV,NAVIGATION_MAP,440.0,34522.5,145.38,0.41,-0.62,28.35,84.6
2026-09-22 12:30:32,CRUISE,CRZ_NAV,NAVIGATION_MAP,440.0,34524.1,145.35,-0.29,0.64,28.34,84.9
2026-09-22 12:30:34,CRUISE,CRZ_NAV,NAVIGATION_MAP,440.0,34525.6,145.33,-0.25,-0.27,28.01,84.9
2026-09-22 12:30:36,CRUISE,CRZ_NAV,NAVIGATION_MAP,440.1,34520.9,145.34,-0.27,0.41,28.03,84.9
2026-09-22 12:30:38,CRUISE,CRZ_NAV,NAVIGATION_MAP,440.2,34522.0,145.39,-0.41,0.36,28.01,84.5
2026-09-22 12:30:40,CRUISE,CRZ_NAV,NAVIGATION_MAP,440.2,34519.2,145.36,0.48,-0.14,28.36,84.6
2026-09-22 12:30:42,CRUISE,CRZ_NAV,NAVIGATION_MAP,440.3,34516.0,145.4,-0.18,-0.57,28.24,84.6
2026-09-22 12:30:44,CRUISE,CRZ_NAV,NAVIGATION_MAP,440.4,34517.9,145.37,-0.29,-0.1,28.24,84.6
2026-09-22 12:30:46,CRUISE,CRZ_NAV,NAVIGATION_MAP,440.3,34514.9,145.39,-0.04,0.43,28.25,84.8
2026-09-22 12:30:48,CRUISE,CRZ_NAV,NAVIGATION_MAP,440.3,34514.2,145.36,-0.4,0.76,28.24,84.9
2026-09-22 12:30:50,CRUISE,CRZ_NAV,NAVIGATION_MAP,440.4,34510.1,145.34,-0.16,-0.88,28.35,84.5
2026-09-22 12:30:52,CRUISE,CRZ_NAV,NAVIGATION_MAP,440.4,34508.9,145.35,-0.29,0.03,28.02,84.8
2026-09-22 12:30:54,CRUISE,CRZ_NAV,NAVIGATION_MAP,440.3,34510.5,145.34,-0.02,0.75,28.12,84.7
2026-09-22 12:30:56,CRUISE,CRZ_NAV,NAVIGATION_MAP,440.2,34513.6,145.38,-0.04,0.78,28.1,84.9
2026-09-22 12:30:58,CRUISE,CRZ_NAV,NAVIGATION_MAP,440.0,34515.6,145.42,0.3,-0.01,28.15,84.7
2026-09-22 12:31:00,CRUISE,CRZ_NAV,NAVIGATION_MAP,440.2,34511.0,145.46,0.4,-0.99,28.36,84.5
2026-09-22 12:31:02,CRUISE,CRZ_NAV,NAVIGATION_MAP,440.3,34510.3,145.43,0.2,-0.12,28.14,85.0
2026-09-22 12:31:04,CRUISE,CRZ_NAV,NAVIGATION_MAP,440.3,34512.7,145.41,-0.39,0.78,28.04,84.7
2026-09-22 12:31:06,CRUISE,CRZ_NAV,NAVIGATION_MAP,440.5,34511.7,145.44,-0.2,-0.19,28.04,84.6
2026-09-22 12:31:08,CRUISE,CRZ_NAV,NAVIGATION_MAP,440.3,34508.4,145.45,-0.13,0.36,28.2,85.0
2026-09-22 12:31:10,CRUISE,CRZ_NAV,NAVIGATION_MAP,440.4,34503.7,145.5,-0.46,0.06,28.33,84.9
2026-09-22 12:31:12,CRUISE,CRZ_NAV,NAVIGATION_MAP,440.2,34500.0,145.49,0.12,0.98,28.2,84.6
2026-09-22 12:31:14,CRUISE,CRZ_NAV,NAVIGATION_MAP,440.3,34500.0,145.45,0.26,0.51,28.17,84.5
2026-09-22 12:31:16,CRUISE,CRZ_NAV,NAVIGATION_MAP,440.2,34500.7,145.43,-0.41,-0.7,28.25,84.8
2026-09-22 12:31:18,CRUISE,CRZ_NAV,NAVIGATION_MAP,440.4,34500.0,145.43,0.17,-0.66,28.05,84.7
2026-09-22 12:31:20,CRUISE,CRZ_NAV,NAVIGATION_MAP,440.2,34500.0,145.44,-0.33,-0.63,28.21,84.8
2026-09-22 12:31:22,CRUISE,CRZ_NAV,NAVIGATION_MAP,440.3,34500.0,145.47,0.11,0.42,28.28,84.8
2026-09-22 12:31:24,CRUISE,CRZ_NAV,NAVIGATION_MAP,440.2,34500.3,145.52,-0.06,0.06,28.33,85.0
2026-09-22 12:31:26,CRUISE,CRZ_NAV,NAVIGATION_MAP,440.2,34502.9,145.55,-0.44,-0.91,28.23,84.8
2026-09-22 12:31:28,CRUISE,CRZ_NAV,NAVIGATION_MAP,440.2,34501.6,145.57,0.23,-0.95,28.17,84.7
2026-09-22 12:31:30,CRUISE,CRZ_NAV,NAVIGATION_MAP,440.2,34500.0,145.59,-0.14,0.22,28.36,84.8
2026-09-22 12:31:32,CRUISE,CRZ_NAV,NAVIGATION_MAP,440.3,34500.0,145.54,0.27,0.02,28.33,85.0
2026-09-22 12:31:34,CRUISE,CRZ_NAV,NAVIGATION_MAP,440.2,34501.9,145.58,0.16,-0.52,28.16,84.8
2026-09-22 12:31:36,CRUISE,CRZ_NAV,NAVIGATION_MAP,440.1,34501.8,145.61,-0.22,-0.76,28.1,84.6
2026-09-22 12:31:38,CRUISE,CRZ_NAV,NAVIGATION_MAP,440.0,34504.4,145.57,0.07,0.44,28.15,84.6
2026-09-22 12:31:40,CRUISE,CRZ_NAV,NAVIGATION_MAP,440.0,34500.2,145.59,0.13,0.01,28.04,84.6
2026-09-22 12:31:42,CRUISE,CRZ_NAV,NAVIGATION_MAP,440.0,34500.6,145.54,0.42,-0.73,28.04,84.8
2026-09-22 12:31:44,CRUISE,CRZ_NAV,NAVIGATION_MAP,440.0,34501.7,145.59,0.24,0.73,28.17,84.8
2026-09-22 12:31:46,CRUISE,CRZ_NAV,NAVIGATION_MAP,440.2,34501.5,145.62,0.33,0.78,28.21,85.0
2026-09-22 12:31:48,CRUISE,CRZ_NAV,NAVIGATION_MAP,440.2,34505.4,145.61,-0.23,-0.85,28.22,84.9
2026-09-22 12:31:50,CRUISE,CRZ_NAV,NAVIGATION_MAP,440.2,34509.6,145.64,-0.17,0.25,28.14,85.0
2026-09-22 12:31:52,CRUISE,CRZ_NAV,NAVIGATION_MAP,440.3,34507.1,145.63,0.42,0.21,28.29,84.8
2026-09-22 12:31:54,CRUISE,CRZ_NAV,NAVIGATION_MAP,440.4,34509.0,145.61,0.27,-0.12,28.08,84.8
2026-09-22 12:31:56,CRUISE,CRZ_NAV,NAVIGATION_MAP,440.5,34510.3,145.6,0.44,0.43,28.06,85.0
2026-09-22 12:31:58,CRUISE,CRZ_NAV,NAVIGATION_MAP,440.5,34512.9,145.62,0.02,-0.81,28.38,84.6
2026-09-22 12:32:00,CRUISE,CRZ_NAV,NAVIGATION_MAP,440.5,34517.3,145.63,-0.37,-0.63,28.2,85.0
2026-09-22 12:32:02,CRUISE,CRZ_NAV,NAVIGATION_MAP,440.5,34522.3,145.68,-0.48,0.74,28.28,84.7
2026-09-22 12:32:04,CRUISE,CRZ_NAV,NAVIGATION_MAP,440.5,34521.2,145.72,-0.27,0.48,28.05,84.7
2026-09-22 12:32:06,CRUISE,CRZ_NAV,NAVIGATION_MAP,440.6,34521.6,145.75,0.49,0.27,28.15,84.8
2026-09-22 12:32:08,CRUISE,CRZ_NAV,NAVIGATION_MAP,440.5,34526.6,145.75,-0.31,0.89,28.15,84.9
2026-09-22 12:32:10,CRUISE,CRZ_NAV,NAVIGATION_MAP,440.4,34527.6,145.75,0.02,-0.17,28.24,84.8
2026-09-22 12:32:12,CRUISE,CRZ_NAV,NAVIGATION_MAP,440.4,34527.9,145.78,-0.4,-0.71,28.37,85.0
2026-09-22 12:32:14,CRUISE,CRZ_NAV,NAVIGATION_MAP,440.4,34524.2,145.81,0.47,0.15,28.16,84.8
2026-09-22 12:32:16,CRUISE,CRZ_NAV,NAVIGATION_MAP,440.3,34525.1,145.8,-0.32,0.72,28.26,84.9
2026-09-22 12:32:18,CRUISE,CRZ_NAV,NAVIGATION_MAP,440.5,34521.6,145.8,-0.23,0.98,28.34,84.5
2026-09-22 12:32:20,CRUISE,CRZ_NAV,NAVIGATION_MAP,440.5,34523.6,145.77,-0.24,-0.36,28.38,84.6
2026-09-22 12:32:22,CRUISE,CRZ_NAV,NAVIGATION_MAP,440.6,34519.3,145.77,-0.5,-0.27,28.17,84.9
2026-09-22 12:32:24,CRUISE,CRZ_NAV,NAVIGATION_MAP,440.7,34517.2,145.76,0.09,-0.61,28.3,84.9
2026-09-22 12:32:26,CRUISE,CRZ_NAV,NAVIGATION_MAP,440.7,34521.1,145.76,0.19,0.15,28.28,84.7
2026-09-22 12:32:28,CRUISE,CRZ_NAV,NAVIGATION_MAP,440.5,34525.0,145.76,-0.07,0.49,28.03,84.8
2026-09-22 12:32:30,CRUISE,CRZ_NAV,NAVIGATION_MAP,440.6,34522.2,145.75,0.45,-0.95,28.32,84.7
2026-09-22 12:32:32,CRUISE,CRZ_NAV,NAVIGATION_MAP,440.7,34521.1,145.76,0.11,0.59,28.32,84.5
2026-09-22 12:32:34,CRUISE,CRZ_NAV,NAVIGATION_MAP,440.7,34522.4,145.74,0.42,0.23,28.33,84.6
2026-09-22 12:32:36,CRUISE,CRZ_NAV,NAVIGATION_MAP,440.5,34518.6,145.73,0.06,0.66,28.37,84.5
2026-09-22 12:32:38,CRUISE,CRZ_NAV,NAVIGATION_MAP,440.6,34518.2,145.75,0.48,-0.64,28.35,84.7
2026-09-22 12:32:40,CRUISE,CRZ_NAV,NAVIGATION_MAP,440.6,34519.6,145.75,-0.23,0.85,28.23,84.8
2026-09-22 12:32:42,CRUISE,CRZ_NAV,NAVIGATION_MAP,440.6,34515.3,145.75,0.13,0.7,28.22,84.8
2026-09-22 12:32:44,CRUISE,CRZ_NAV,NAVIGATION_MAP,440.4,34516.0,145.77,-0.38,0.03,28.27,84.6
2026-09-22 12:32:46,CRUISE,CRZ_NAV,NAVIGATION_MAP,440.5,34516.9,145.76,0.02,0.64,28.12,84.6
2026-09-22 12:32:48,CRUISE,CRZ_NAV,NAVIGATION_MAP,440.7,34521.5,145.81,-0.43,0.99,28.09,84.9
2026-09-22 12:32:50,CRUISE,CRZ_NAV,NAVIGATION_MAP,440.6,34516.7,145.82,0.12,-0.89,28.29,84.8
2026-09-22 12:32:52,CRUISE,CRZ_NAV,NAVIGATION_MAP,440.5,34514.3,145.77,0.15,0.17,28.28,84.7
2026-09-22 12:32:54,CRUISE,CRZ_NAV,NAVIGATION_MAP,440.7,34511.3,145.77,0.43,-0.14,28.23,84.8
2026-09-22 12:32:56,CRUISE,CRZ_NAV,NAVIGATION_MAP,440.5,34509.6,145.73,-0.19,0.08,28.27,84.5
2026-09-22 12:32:58,CRUISE,CRZ_NAV,NAVIGATION_MAP,440.6,34505.4,145.7,0.24,0.4,28.22,84.9
2026-09-22 12:33:00,CRUISE,CRZ_NAV,NAVIGATION_MAP,440.4,34508.1,145.73,0.5,0.23,28.2,84.7
2026-09-22 12:33:02,CRUISE,CRZ_NAV,NAVIGATION_MAP,440.3,34512.1,145.76,-0.2,0.81,28.22,84.9
2026-09-22 12:33:04,CRUISE,CRZ_NAV,NAVIGATION_MAP,440.3,34509.5,145.79,0.39,0.72,28.18,84.6
2026-09-22 12:33:06,CRUISE,CRZ_NAV,NAVIGATION_MAP,440.2,34513.4,145.8,0.3,-0.96,28.13,84.5
2026-09-22 12:33:08,CRUISE,CRZ_NAV,NAVIGATION_MAP,440.4,34514.4,145.82,0.01,-0.27,28.2,84.8
2026-09-22 12:33:10,CRUISE,CRZ_NAV,NAVIGATION_MAP,440.5,34510.2,145.86,0.14,-0.86,28.08,84.7
2026-09-22 12:33:12,CRUISE,CRZ_NAV,NAVIGATION_MAP,440.6,34508.5,145.83,0.48,0.09,28.09,84.6
2026-09-22 12:33:14,CRUISE,CRZ_NAV,NAVIGATION_MAP,440.6,34505.9,145.83,0.26,-0.14,28.25,84.6
2026-09-22 12:33:16,CRUISE,CRZ_NAV,NAVIGATION_MAP,440.8,34503.0,145.86,0.12,-0.54,28.19,84.9
2026-09-22 12:33:18,CRUISE,CRZ_NAV,NAVIGATION_MAP,440.7,34500.0,145.88,0.17,0.63,28.1,84.5
2026-09-22 12:33:20,CRUISE,CRZ_NAV,NAVIGATION_MAP,440.5,34503.7,145.91,0.36,-0.26,28.03,84.8
2026-09-22 12:33:22,CRUISE,CRZ_NAV,NAVIGATION_MAP,440.5,34507.6,145.95,-0.35,-0.34,28.03,84.7
2026-09-22 12:33:24,CRUISE,CRZ_NAV,NAVIGATION_MAP,440.4,34509.6,145.96,0.22,0.11,28.31,84.9
2026-09-22 12:33:26,CRUISE,CRZ_NAV,NAVIGATION_MAP,440.5,34513.3,145.92,-0.35,-0.45,28.36,84.8
2026-09-22 12:33:28,CRUISE,CRZ_NAV,NAVIGATION_MAP,440.5,34511.2,145.92,-0.28,-0.56,28.09,84.7
2026-09-22 12:33:30,CRUISE,CRZ_NAV,NAVIGATION_MAP,440.3,34509.7,145.89,0.21,-0.36,28.37,84.6
2026-09-22 12:33:32,CRUISE,CRZ_NAV,NAVIGATION_MAP,440.2,34511.3,145.87,-0.48,-0.7,28.29,84.9
2026-09-22 12:33:34,CRUISE,CRZ_NAV,NAVIGATION_MAP,440.1,34507.0,145.85,-0.22,0.05,28.22,84.7
2026-09-22 12:33:36,CRUISE,CRZ_NAV,NAVIGATION_MAP,440.2,34511.4,145.86,0.15,0.71,28.08,84.7
2026-09-22 12:33:38,CRUISE,CRZ_NAV,NAVIGATION_MAP,440.1,34514.5,145.9,0.49,0.43,28.08,84.7
2026-09-22 12:33:40,CRUISE,CRZ_NAV,NAVIGATION_MAP,440.0,34513.1,145.9,0.15,0.73,28.01,84.7
2026-09-22 12:33:42,CRUISE,CRZ_NAV,NAVIGATION_MAP,440.0,34516.4,145.86,-0.36,0.51,28.26,84.6
2026-09-22 12:33:44,CRUISE,CRZ_NAV,NAVIGATION_MAP,440.1,34519.7,145.85,0.43,0.91,28.38,84.6
2026-09-22 12:33:46,CRUISE,CRZ_NAV,NAVIGATION_MAP,440.2,34522.0,145.82,0.29,0.05,28.14,84.8
2026-09-22 12:33:48,CRUISE,CRZ_NAV,NAVIGATION_MAP,440.3,34525.6,145.83,-0.28,-0.58,28.16,84.7
2026-09-22 12:33:50,CRUISE,CRZ_NAV,NAVIGATION_MAP,440.2,34527.2,145.87,-0.37,0.08,28.33,84.7
2026-09-22 12:33:52,CRUISE,CRZ_NAV,NAVIGATION_MAP,440.1,34524.3,145.9,0.41,-0.63,28.06,84.6
2026-09-22 12:33:54,CRUISE,CRZ_NAV,NAVIGATION_MAP,440.2,34527.0,145.95,0.22,-0.45,28.16,84.9
2026-09-22 12:33:56,CRUISE,CRZ_NAV,NAVIGATION_MAP,440.3,34531.3,145.97,0.21,-0.24,28.1,84.8
2026-09-22 12:33:58,CRUISE,CRZ_NAV,NAVIGATION_MAP,440.3,34532.2,145.93,0.45,-0.14,28.05,84.7
2026-09-22 12:34:00,CRUISE,CRZ_NAV,NAVIGATION_MAP,440.4,34533.6,145.97,0.15,0.56,28.17,84.8
2026-09-22 12:34:02,CRUISE,CRZ_NAV,NAVIGATION_MAP,440.5,34532.3,145.92,0.39,0.4,28.37,84.7
2026-09-22 12:34:04,CRUISE,CRZ_NAV,NAVIGATION_MAP,440.4,34532.6,145.94,-0.49,0.78,28.12,84.8
2026-09-22 12:34:06,CRUISE,CRZ_NAV,NAVIGATION_MAP,440.5,34533.2,145.9,0.28,-0.82,28.05,84.9
2026-09-22 12:34:08,CRUISE,CRZ_NAV,NAVIGATION_MAP,440.4,34534.3,145.86,-0.41,-0.07,28.24,84.8
2026-09-22 12:34:10,CRUISE,CRZ_NAV,NAVIGATION_MAP,440.5,34529.5,145.84,-0.35,0.36,28.27,84.9
2026-09-22 12:34:12,CRUISE,CRZ_NAV,NAVIGATION_MAP,440.6,34526.1,145.81,0.46,-0.87,28.13,84.8
2026-09-22 12:34:14,CRUISE,CRZ_NAV,NAVIGATION_MAP,440.6,34524.1,145.86,0.27,-0.46,28.33,84.9
2026-09-22 12:34:16,CRUISE,CRZ_NAV,NAVIGATION_MAP,440.5,34520.3,145.83,0.06,-0.8,28.22,84.9
2026-09-22 12:34:18,CRUISE,CRZ_NAV,NAVIGATION_MAP,440.6,34518.1,145.78,0.13,0.66,28.38,84.7
2026-09-22 12:34:20,CRUISE,CRZ_NAV,NAVIGATION_MAP,440.5,34522.8,145.8,-0.25,0.8,28.35,84.9
2026-09-22 12:34:22,CRUISE,CRZ_NAV,NAVIGATION_MAP,440.5,34525.1,145.83,-0.34,0.95,28.35,84.8
2026-09-22 12:34:24,CRUISE,CRZ_NAV,NAVIGATION_MAP,440.3,34521.2,145.79,-0.08,-0.07,28.03,84.6
2026-09-22 12:34:26,CRUISE,CRZ_NAV,NAVIGATION_MAP,440.2,34525.1,145.82,-0.49,-0.94,28.02,84.6
2026-09-22 12:34:28,CRUISE,CRZ_NAV,NAVIGATION_MAP,440.3,34528.7,145.85,-0.29,-0.22,28.14,84.6
2026-09-22 12:34:30,CRUISE,CRZ_NAV,NAVIGATION_MAP,440.2,34527.8,145.89,0.1,0.83,28.09,84.7
2026-09-22 12:34:32,CRUISE,CRZ_NAV,NAVIGATION_MAP,440.2,34531.1,145.89,0.18,-0.97,28.15,84.8
2026-09-22 12:34:34,CRUISE,CRZ_NAV,NAVIGATION_MAP,440.1,34532.1,145.84,0.34,-0.03,28.03,84.5
2026-09-22 12:34:36,CRUISE,CRZ_NAV,NAVIGATION_MAP,440.0,34536.4,145.88,-0.35,-0.2,28.09,84.9
2026-09-22 12:34:38,CRUISE,CRZ_NAV,NAVIGATION_MAP,440.2,34534.2,145.85,0.4,0.49,28.32,84.6
2026-09-22 12:34:40,CRUISE,CRZ_NAV,NAVIGATION_MAP,440.3,34532.4,145.86,0.02,-0.86,28.38,85.0
2026-09-22 12:34:42,CRUISE,CRZ_NAV,NAVIGATION_MAP,440.5,34531.8,145.85,0.47,-0.97,28.18,84.9
2026-09-22 12:34:44,CRUISE,CRZ_NAV,NAVIGATION_MAP,440.5,34527.0,145.87,0.35,-0.55,28.15,84.8
2026-09-22 12:34:46,CRUISE,CRZ_NAV,NAVIGATION_MAP,440.3,34526.8,145.83,0.5,0.89,28.35,84.5
2026-09-22 12:34:48,CRUISE,CRZ_NAV,NAVIGATION_MAP,440.4,34526.9,145.84,0.47,-0.78,28.29,84.9
2026-09-22 12:34:50,CRUISE,CRZ_NAV,NAVIGATION_MAP,440.4,34522.8,145.87,0.04,0.96,28.33,85.0
2026-09-22 12:34:52,CRUISE,CRZ_NAV,NAVIGATION_MAP,440.6,34518.3,145.83,-0.24,-0.21,28.14,84.7
2026-09-22 12:34:54,CRUISE,CRZ_NAV,NAVIGATION_MAP,440.6,34515.4,145.84,0.44,0.35,28.22,84.8
2026-09-22 12:34:56,CRUISE,CRZ_NAV,NAVIGATION_MAP,440.5,34515.2,145.88,-0.06,0.1,28.13,84.8
2026-09-22 12:34:58,CRUISE,CRZ_NAV,NAVIGATION_MAP,440.3,34510.6,145.93,0.31,-0.73,28.15,84.8
2026-09-22 12:35:00,CRUISE,CRZ_NAV,NAVIGATION_MAP,440.3,34511.5,145.9,-0.31,0.16,28.18,85.0
2026-09-22 12:35:02,CRUISE,CRZ_NAV,NAVIGATION_MAP,440.3,34509.6,145.94,-0.28,-0.77,28.08,85.0
2026-09-22 12:35:04,CRUISE,CRZ_NAV,NAVIGATION_MAP,440.3,34508.3,145.95,0.08,0.35,28.04,84.6
2026-09-22 12:35:06,CRUISE,CRZ_NAV,NAVIGATION_MAP,440.2,34506.3,145.98,-0.14,0.32,28.27,85.0
2026-09-22 12:35:08,CRUISE,CRZ_NAV,NAVIGATION_MAP,440.2,34502.5,145.98,-0.31,0.92,28.27,84.9
2026-09-22 12:35:10,CRUISE,CRZ_NAV,NAVIGATION_MAP,440.1,34502.8,146.01,0.42,-0.24,28.15,84.5
2026-09-22 12:35:12,CRUISE,CRZ_NAV,NAVIGATION_MAP,440.0,34500.0,146.04,0.49,-0.71,28.36,84.7
2026-09-22 12:35:14,CRUISE,CRZ_NAV,NAVIGATION_MAP,440.0,34500.0,146.03,0.05,0.04,28.16,84.9
2026-09-22 12:35:16,CRUISE,CRZ_NAV,NAVIGATION_MAP,440.1,34503.7,146.02,0.02,-0.17,28.1,84.6
2026-09-22 12:35:18,CRUISE,CRZ_NAV,NAVIGATION_MAP,440.0,34500.0,145.99,0.03,0.94,28.36,84.8
2026-09-22 12:35:20,CRUISE,CRZ_NAV,NAVIGATION_MAP,440.0,34500.0,146.02,-0.05,0.97,28.22,84.8
2026-09-22 12:35:22,CRUISE,CRZ_NAV,NAVIGATION_MAP,440.0,34502.4,146.0,0.26,-0.3,28.38,84.9
2026-09-22 12:35:24,CRUISE,CRZ_NAV,NAVIGATION_MAP,440.2,34500.0,145.95,0.4,-0.77,28.04,84.7
2026-09-22 12:35:26,CRUISE,CRZ_NAV,NAVIGATION_MAP,440.3,34500.0,145.99,0.22,0.06,28.01,84.6
2026-09-22 12:35:28,CRUISE,CRZ_NAV,NAVIGATION_MAP,440.4,34500.3,146.02,-0.44,-0.43,28.1,84.8
2026-09-22 12:35:30,CRUISE,CRZ_NAV,NAVIGATION_MAP,440.3,34500.0,146.04,-0.45,-0.68,28.39,84.5
2026-09-22 12:35:32,CRUISE,CRZ_NAV,NAVIGATION_MAP,440.5,34501.3,146.04,0.36,-0.28,28.01,84.7
2026-09-22 12:35:34,CRUISE,CRZ_NAV,NAVIGATION_MAP,440.5,34501.1,146.01,-0.15,-0.34,28.16,84.6
2026-09-22 12:35:36,CRUISE,CRZ_NAV,NAVIGATION_MAP,440.7,34505.8,145.98,-0.38,0.96,28.18,84.8
2026-09-22 12:35:38,CRUISE,CRZ_NAV,NAVIGATION_MAP,440.8,34501.4,145.98,0.12,-0.86,28.01,84.9
2026-09-22 12:35:40,CRUISE,CRZ_NAV,NAVIGATION_MAP,440.8,34501.1,145.99,0.49,-0.85,28.37,85.0
2026-09-22 12:35:42,CRUISE,CRZ_NAV,NAVIGATION_MAP,440.9,34500.0,146.01,0.08,-0.81,28.08,84.8
2026-09-22 12:35:44,CRUISE,CRZ_NAV,NAVIGATION_MAP,441.1,34500.0,146.03,-0.49,-0.65,28.12,84.6
2026-09-22 12:35:46,CRUISE,CRZ_NAV,NAVIGATION_MAP,441.2,34502.9,145.98,0.24,0.26,28.14,84.6
2026-09-22 12:35:48,CRUISE,CRZ_NAV,NAVIGATION_MAP,441.3,34500.0,145.97,-0.25,-0.79,28.03,84.5
2026-09-22 12:35:50,CRUISE,CRZ_NAV,NAVIGATION_MAP,441.4,34504.3,145.98,-0.27,0.07,28.26,84.6
2026-09-22 12:35:52,CRUISE,CRZ_NAV,NAVIGATION_MAP,441.4,34505.5,145.96,-0.13,-0.14,28.34,84.5
2026-09-22 12:35:54,CRUISE,CRZ_NAV,NAVIGATION_MAP,441.3,34501.1,145.94,-0.09,0.17,28.08,84.8
2026-09-22 12:35:56,CRUISE,CRZ_NAV,NAVIGATION_MAP,441.3,34500.0,145.94,0.44,0.48,28.19,84.6
2026-09-22 12:35:58,CRUISE,CRZ_NAV,NAVIGATION_MAP,441.3,34500.0,145.96,0.04,0.14,28.19,85.0
2026-09-22 12:36:00,CRUISE,CRZ_NAV,NAVIGATION_MAP,441.3,34500.0,145.93,0.38,0.37,28.38,84.7
2026-09-22 12:36:02,CRUISE,CRZ_NAV,NAVIGATION_MAP,441.4,34503.3,145.88,-0.27,-0.53,28.07,84.8
2026-09-22 12:36:04,CRUISE,CRZ_NAV,NAVIGATION_MAP,441.3,34500.0,145.9,-0.25,-0.21,28.06,85.0
2026-09-22 12:36:06,CRUISE,CRZ_NAV,NAVIGATION_MAP,441.2,34500.0,145.88,0.36,-0.73,28.16,84.8
2026-09-22 12:36:08,CRUISE,CRZ_NAV,NAVIGATION_MAP,441.2,34500.0,145.86,-0.28,0.62,28.08,84.9
2026-09-22 12:36:10,CRUISE,CRZ_NAV,NAVIGATION_MAP,441.1,34502.7,145.91,-0.29,-0.38,28.08,84.8
2026-09-22 12:36:12,CRUISE,CRZ_NAV,NAVIGATION_MAP,441.2,34504.5,145.88,0.31,-0.95,28.1,84.9
2026-09-22 12:36:14,CRUISE,CRZ_NAV,NAVIGATION_MAP,441.3,34501.3,145.89,-0.46,-0.44,28.12,84.9
2026-09-22 12:36:16,CRUISE,CRZ_NAV,NAVIGATION_MAP,441.2,34500.1,145.88,-0.33,-0.39,28.16,84.8
2026-09-22 12:36:18,CRUISE,CRZ_NAV,NAVIGATION_MAP,441.0,34500.0,145.92,-0.13,-0.28,28.2,84.9
2026-09-22 12:36:20,CRUISE,CRZ_NAV,NAVIGATION_MAP,441.0,34500.0,145.87,-0.01,-0.88,28.22,84.6
2026-09-22 12:36:22,CRUISE,CRZ_NAV,NAVIGATION_MAP,441.2,34500.0,145.86,-0.31,0.81,28.25,84.7
2026-09-22 12:36:24,CRUISE,CRZ_NAV,NAVIGATION_MAP,441.3,34500.0,145.89,-0.1,-0.15,28.29,84.8
2026-09-22 12:36:26,CRUISE,CRZ_NAV,NAVIGATION_MAP,441.2,34500.0,145.89,0.01,-0.64,28.39,84.8
2026-09-22 12:36:28,CRUISE,CRZ_NAV,NAVIGATION_MAP,441.4,34500.0,145.85,-0.29,0.69,28.02,84.7
2026-09-22 12:36:30,CRUISE,CRZ_NAV,NAVIGATION_MAP,441.4,34503.9,145.8,-0.5,-0.01,28.11,84.8
2026-09-22 12:36:32,CRUISE,CRZ_NAV,NAVIGATION_MAP,441.4,34507.1,145.77,0.09,0.08,28.19,84.9
2026-09-22 12:36:34,CRUISE,CRZ_NAV,NAVIGATION_MAP,441.3,34510.5,145.78,-0.08,-0.94,28.29,84.8
2026-09-22 12:36:36,CRUISE,CRZ_NAV,NAVIGATION_MAP,441.3,34512.6,145.79,-0.35,0.27,28.23,85.0
2026-09-22 12:36:38,CRUISE,CRZ_NAV,NAVIGATION_MAP,441.3,34516.4,145.77,0.5,0.97,28.11,84.6
2026-09-22 12:36:40,CRUISE,CRZ_NAV,NAVIGATION_MAP,441.2,34516.8,145.8,0.09,-0.99,28.07,84.8
2026-09-22 12:36:42,CRUISE,CRZ_NAV,NAVIGATION_MAP,441.1,34515.5,145.82,-0.1,-0.57,28.19,84.7
2026-09-22 12:36:44,CRUISE,CRZ_NAV,NAVIGATION_MAP,441.2,34518.5,145.85,-0.25,0.97,28.03,84.7
2026-09-22 12:36:46,CRUISE,CRZ_NAV,NAVIGATION_MAP,441.2,34515.6,145.87,0.29,0.87,28.18,85.0
2026-09-22 12:36:48,CRUISE,CRZ_NAV,NAVIGATION_MAP,441.4,34515.9,145.92,-0.11,-0.09,28.12,84.9
2026-09-22 12:36:50,CRUISE,CRZ_NAV,NAVIGATION_MAP,441.4,34513.2,145.87,0.1,-0.34,28.14,84.9
2026-09-22 12:36:52,CRUISE,CRZ_NAV,NAVIGATION_MAP,441.5,34517.7,145.85,0.27,-0.31,28.27,84.8
2026-09-22 12:36:54,CRUISE,CRZ_NAV,NAVIGATION_MAP,441.6,34513.6,145.89,-0.43,-0.83,28.23,84.9
2026-09-22 12:36:56,CRUISE,CRZ_NAV,NAVIGATION_MAP,441.5,34508.8,145.85,-0.43,0.66,28.13,84.6
2026-09-22 12:36:58,CRUISE,CRZ_NAV,NAVIGATION_MAP,441.6,34509.8,145.89,0.17,0.97,28.05,84.9
2026-09-22 12:37:00,CRUISE,CRZ_NAV,NAVIGATION_MAP,441.5,34511.1,145.88,-0.29,-0.38,28.23,84.6
2026-09-22 12:37:02,CRUISE,CRZ_NAV,NAVIGATION_MAP,441.6,34508.4,145.84,0.1,0.8,28.4,85.0
2026-09-22 12:37:04,CRUISE,CRZ_NAV,NAVIGATION_MAP,441.4,34504.7,145.82,-0.07,-0.66,28.09,84.8
2026-09-22 12:37:06,CRUISE,CRZ_NAV,NAVIGATION_MAP,441.5,34506.8,145.83,0.34,-0.83,28.13,84.7
2026-09-22 12:37:08,CRUISE,CRZ_NAV,NAVIGATION_MAP,441.5,34505.9,145.83,0.44,0.8,28.32,84.8
2026-09-22 12:37:10,CRUISE,CRZ_NAV,NAVIGATION_MAP,441.6,34501.9,145.83,0.02,0.55,28.24,85.0
2026-09-22 12:37:12,CRUISE,CRZ_NAV,NAVIGATION_MAP,441.5,34506.9,145.84,-0.11,-0.6,28.36,84.9
2026-09-22 12:37:14,CRUISE,CRZ_NAV,NAVIGATION_MAP,441.3,34503.6,145.83,0.03,0.67,28.09,85.0
2026-09-22 12:37:16,CRUISE,CRZ_NAV,NAVIGATION_MAP,441.3,34504.4,145.81,0.25,0.0,28.17,84.7
2026-09-22 12:37:18,CRUISE,CRZ_NAV,NAVIGATION_MAP,441.4,34504.8,145.79,0.08,0.3,28.32,84.6
2026-09-22 12:37:20,CRUISE,CRZ_NAV,NAVIGATION_MAP,441.2,34500.8,145.81,-0.0,-0.86,28.37,84.8
2026-09-22 12:37:22,CRUISE,CRZ_NAV,NAVIGATION_MAP,441.1,34500.0,145.77,0.26,-0.12,28.1,84.8
2026-09-22 12:37:24,CRUISE,CRZ_NAV,NAVIGATION_MAP,441.1,34500.0,145.78,0.28,-0.72,28.33,84.8
2026-09-22 12:37:26,CRUISE,CRZ_NAV,NAVIGATION_MAP,441.2,34500.0,145.8,0.34,0.07,28.39,84.5
2026-09-22 12:37:28,CRUISE,CRZ_NAV,NAVIGATION_MAP,441.2,34501.0,145.82,-0.01,-0.8,28.07,84.6
2026-09-22 12:37:30,CRUISE,CRZ_NAV,NAVIGATION_MAP,441.1,34500.0,145.86,-0.46,0.33,28.06,84.7
2026-09-22 12:37:32,CRUISE,CRZ_NAV,NAVIGATION_MAP,441.3,34500.0,145.87,0.28,0.94,28.02,84.9
2026-09-22 12:37:34,CRUISE,CRZ_NAV,NAVIGATION_MAP,441.3,34501.4,145.85,0.13,-0.64,28.37,84.7
2026-09-22 12:37:36,CRUISE,CRZ_NAV,NAVIGATION_MAP,441.2,34504.5,145.85,0.47,-0.98,28.31,84.7
2026-09-22 12:37:38,CRUISE,CRZ_NAV,NAVIGATION_MAP,441.3,34502.2,145.81,-0.01,-0.09,28.1,84.9
2026-09-22 12:37:40,CRUISE,CRZ_NAV,NAVIGATION_MAP,441.2,34504.6,145.77,-0.02,-0.38,28.33,85.0
2026-09-22 12:37:42,CRUISE,CRZ_NAV,NAVIGATION_MAP,441.3,34503.9,145.76,0.12,-0.56,28.19,84.9
2026-09-22 12:37:44,CRUISE,CRZ_NAV,NAVIGATION_MAP,441.4,34502.2,145.77,0.03,-0.02,28.28,84.5
2026-09-22 12:37:46,CRUISE,CRZ_NAV,NAVIGATION_MAP,441.3,34500.0,145.78,0.1,-0.2,28.23,84.7
2026-09-22 12:37:48,CRUISE,CRZ_NAV,NAVIGATION_MAP,441.4,34500.0,145.82,0.31,0.35,28.11,84.5
2026-09-22 12:37:50,CRUISE,CRZ_NAV,NAVIGATION_MAP,441.5,34500.0,145.77,0.37,0.49,28.36,84.9
2026-09-22 12:37:52,CRUISE,CRZ_NAV,NAVIGATION_MAP,441.6,34500.0,145.75,-0.39,-0.6,28.21,84.6
2026-09-22 12:37:54,CRUISE,CRZ_NAV,NAVIGATION_MAP,441.7,34500.0,145.77,0.17,-0.24,28.18,84.5
2026-09-22 12:37:56,CRUISE,CRZ_NAV,NAVIGATION_MAP,441.5,34501.1,145.75,-0.25,0.36,28.31,84.6
2026-09-22 12:37:58,CRUISE,CRZ_NAV,NAVIGATION_MAP,441.7,34500.8,145.71,0.39,0.62,28.39,84.8
2026-09-22 12:38:00,CRUISE,CRZ_NAV,NAVIGATION_MAP,441.5,34502.0,145.68,-0.02,0.88,28.0,84.8
2026-09-22 12:38:02,CRUISE,CRZ_NAV,NAVIGATION_MAP,441.6,34501.0,145.68,-0.02,0.4,28.16,84.9
2026-09-22 12:38:04,CRUISE,CRZ_NAV,NAVIGATION_MAP,441.6,34503.3,145.72,-0.18,-0.97,28.01,84.8
2026-09-22 12:38:06,CRUISE,CRZ_NAV,NAVIGATION_MAP,441.8,34503.9,145.73,0.17,-0.44,28.02,84.8
2026-09-22 12:38:08,CRUISE,CRZ_NAV,NAVIGATION_MAP,441.9,34508.5,145.74,-0.45,-0.56,28.25,84.6
2026-09-22 12:38:10,CRUISE,CRZ_NAV,NAVIGATION_MAP,441.9,34508.5,145.78,-0.35,-0.22,28.04,84.8
2026-09-22 12:38:12,CRUISE,CRZ_NAV,NAVIGATION_MAP,441.8,34511.6,145.75,-0.48,0.59,28.37,85.0
2026-09-22 12:38:14,CRUISE,CRZ_NAV,NAVIGATION_MAP,442.0,34509.0,145.76,0.11,0.42,28.34,84.7
2026-09-22 12:38:16,CRUISE,CRZ_NAV,NAVIGATION_MAP,442.2,34512.9,145.74,-0.48,-0.63,28.12,84.7
2026-09-22 12:38:18,CRUISE,CRZ_NAV,NAVIGATION_MAP,442.2,34516.1,145.78,0.08,0.38,28.19,84.7
2026-09-22 12:38:20,CRUISE,CRZ_NAV,NAVIGATION_MAP,442.3,34514.0,145.81,0.23,-0.62,28.18,84.7
2026-09-22 12:38:22,CRUISE,CRZ_NAV,NAVIGATION_MAP,442.2,34510.2,145.84,0.17,0.32,28.22,84.7
2026-09-22 12:38:24,CRUISE,CRZ_NAV,NAVIGATION_MAP,442.1,34512.0,145.82,0.07,-0.65,28.32,84.7
2026-09-22 12:38:26,CRUISE,CRZ_NAV,NAVIGATION_MAP,441.9,34514.3,145.84,-0.02,-0.42,28.15,84.6
2026-09-22 12:38:28,CRUISE,CRZ_NAV,NAVIGATION_MAP,441.8,34513.1,145.87,0.26,0.41,28.21,84.8
2026-09-22 12:38:30,CRUISE,CRZ_NAV,NAVIGATION_MAP,441.8,34514.6,145.89,0.05,0.21,28.08,84.7
2026-09-22 12:38:32,CRUISE,CRZ_NAV,NAVIGATION_MAP,441.7,34518.1,145.88,0.42,-0.47,28.33,84.8
2026-09-22 12:38:34,CRUISE,CRZ_NAV,NAVIGATION_MAP,441.7,34518.3,145.93,-0.19,0.13,28.1,84.8
2026-09-22 12:38:36,CRUISE,CRZ_NAV,NAVIGATION_MAP,441.6,34519.2,145.89,0.08,0.93,28.03,84.8
2026-09-22 12:38:38,CRUISE,CRZ_NAV,NAVIGATION_MAP,441.5,34524.1,145.84,-0.27,0.16,28.04,84.6
2026-09-22 12:38:40,CRUISE,CRZ_NAV,NAVIGATION_MAP,441.5,34520.3,145.83,0.31,-0.52,28.06,84.8
2026-09-22 12:38:42,CRUISE,CRZ_NAV,NAVIGATION_MAP,441.6,34515.9,145.81,0.46,0.89,28.11,84.6
2026-09-22 12:38:44,CRUISE,CRZ_NAV,NAVIGATION_MAP,441.8,34516.5,145.85,0.0,-0.72,28.32,84.8
2026-09-22 12:38:46,CRUISE,CRZ_NAV,NAVIGATION_MAP,441.6,34512.5,145.85,-0.46,-0.96,28.36,84.9
2026-09-22 12:38:48,CRUISE,CRZ_NAV,NAVIGATION_MAP,441.7,34512.6,145.9,-0.04,0.34,28.08,85.0
2026-09-22 12:38:50,CRUISE,CRZ_NAV,NAVIGATION_MAP,441.6,34516.5,145.87,0.44,0.5,28.31,85.0
2026-09-22 12:38:52,CRUISE,CRZ_NAV,NAVIGATION_MAP,441.8,34513.6,145.83,0.02,0.63,28.01,84.8
2026-09-22 12:38:54,CRUISE,CRZ_NAV,NAVIGATION_MAP,441.7,34517.4,145.8,-0.28,0.36,28.31,84.6
2026-09-22 12:38:56,CRUISE,CRZ_NAV,NAVIGATION_MAP,441.7,34517.9,145.82,0.17,-0.68,28.13,84.8
2026-09-22 12:38:58,CRUISE,CRZ_NAV,NAVIGATION_MAP,441.6,34520.1,145.86,0.42,0.51,28.33,85.0
2026-09-22 12:39:00,CRUISE,CRZ_NAV,NAVIGATION_MAP,441.6,34523.6,145.82,0.05,0.69,28.4,84.8
2026-09-22 12:39:02,CRUISE,CRZ_NAV,NAVIGATION_MAP,441.7,34521.2,145.78,-0.33,0.71,28.22,84.7
2026-09-22 12:39:04,CRUISE,CRZ_NAV,NAVIGATION_MAP,441.6,34522.7,145.82,0.36,0.8,28.17,85.0
2026-09-22 12:39:06,CRUISE,CRZ_NAV,NAVIGATION_MAP,441.8,34522.7,145.82,0.43,-0.21,28.08,84.7
2026-09-22 12:39:08,CRUISE,CRZ_NAV,NAVIGATION_MAP,441.8,34527.2,145.86,0.03,0.35,28.32,84.5
2026-09-22 12:39:10,CRUISE,CRZ_NAV,NAVIGATION_MAP,441.8,34525.7,145.82,-0.06,0.97,28.05,84.8
2026-09-22 12:39:12,CRUISE,CRZ_NAV,NAVIGATION_MAP,441.9,34529.9,145.81,0.01,-0.77,28.26,84.8
2026-09-22 12:39:14,CRUISE,CRZ_NAV,NAVIGATION_MAP,442.1,34527.3,145.76,-0.07,0.56,28.37,84.6
2026-09-22 12:39:16,CRUISE,CRZ_NAV,NAVIGATION_MAP,442.3,34529.7,145.76,0.24,0.73,28.27,84.7
2026-09-22 12:39:18,CRUISE,CRZ_NAV,NAVIGATION_MAP,442.4,34529.1,145.73,-0.38,0.22,28.07,84.6
2026-09-22 12:39:20,CRUISE,CRZ_NAV,NAVIGATION_MAP,442.6,34528.4,145.72,0.25,-0.57,28.02,84.6
2026-09-22 12:39:22,CRUISE,CRZ_NAV,NAVIGATION_MAP,442.6,34528.6,145.68,0.1,-0.43,28.37,84.9
2026-09-22 12:39:24,CRUISE,CRZ_NAV,NAVIGATION_MAP,442.6,34530.1,145.66,-0.14,-0.44,28.28,84.6
2026-09-22 12:39:26,CRUISE,CRZ_NAV,NAVIGATION_MAP,442.7,34530.8,145.7,0.49,0.27,28.13,84.9
2026-09-22 12:39:28,CRUISE,CRZ_NAV,NAVIGATION_MAP,442.6,34529.7,145.69,0.11,-0.19,28.08,84.9
2026-09-22 12:39:30,CRUISE,CRZ_NAV,NAVIGATION_MAP,442.6,34525.9,145.65,0.26,-0.47,28.06,84.8
2026-09-22 12:39:32,CRUISE,CRZ_NAV,NAVIGATION_MAP,442.6,34527.2,145.66,-0.28,-0.38,28.27,84.7
2026-09-22 12:39:34,CRUISE,CRZ_NAV,NAVIGATION_MAP,442.7,34527.1,145.7,0.32,0.73,28.36,85.0
2026-09-22 12:39:36,CRUISE,CRZ_NAV,NAVIGATION_MAP,442.9,34524.3,145.69,0.29,-0.83,28.34,84.9
2026-09-22 12:39:38,CRUISE,CRZ_NAV,NAVIGATION_MAP,443.1,34523.8,145.69,0.44,-0.14,28.08,84.6
2026-09-22 12:39:40,CRUISE,CRZ_NAV,NAVIGATION_MAP,442.9,34523.7,145.67,0.01,-0.19,28.21,84.5
2026-09-22 12:39:42,CRUISE,CRZ_NAV,NAVIGATION_MAP,442.8,34523.1,145.7,0.32,0.97,28.1,84.7
2026-09-22 12:39:44,CRUISE,CRZ_NAV,NAVIGATION_MAP,442.9,34526.7,145.65,0.15,-0.28,28.19,84.6
2026-09-22 12:39:46,CRUISE,CRZ_NAV,NAVIGATION_MAP,443.1,34530.0,145.63,0.08,0.28,28.29,84.9
2026-09-22 12:39:48,CRUISE,CRZ_NAV,NAVIGATION_MAP,443.1,34527.7,145.61,-0.48,-0.48,28.06,85.0
2026-09-22 12:39:50,CRUISE,CRZ_NAV,NAVIGATION_MAP,443.3,34532.5,145.63,-0.19,-0.92,28.03,85.0
2026-09-22 12:39:52,CRUISE,CRZ_NAV,NAVIGATION_MAP,443.4,34527.9,145.63,-0.1,-0.81,28.02,84.6
2026-09-22 12:39:54,CRUISE,CRZ_NAV,NAVIGATION_MAP,443.2,34524.1,145.6,0.28,0.14,28.12,84.5
2026-09-22 12:39:56,CRUISE,CRZ_NAV,NAVIGATION_MAP,443.0,34526.6,145.61,-0.47,0.89,28.01,84.8
2026-09-22 12:39:58,CRUISE,CRZ_NAV,NAVIGATION_MAP,443.2,34521.8,145.63,0.3,-0.89,28.3,84.6
2026-09-22 12:40:00,CRUISE,CRZ_NAV,NAVIGATION_MAP,443.4,34525.3,145.58,-0.23,0.58,28.18,84.6
2026-09-22 12:40:02,CRUISE,CRZ_NAV,NAVIGATION_MAP,443.4,34529.4,145.6,-0.32,-0.03,28.31,84.8
2026-09-22 12:40:04,CRUISE,CRZ_NAV,NAVIGATION_MAP,443.4,34530.5,145.57,0.16,0.17,28.23,84.7
2026-09-22 12:40:06,CRUISE,CRZ_NAV,NAVIGATION_MAP,443.6,34527.1,145.53,-0.49,-0.53,28.03,84.9
2026-09-22 12:40:08,CRUISE,CRZ_NAV,NAVIGATION_MAP,443.7,34523.8,145.49,0.42,0.37,28.14,84.9
2026-09-22 12:40:10,CRUISE,CRZ_NAV,NAVIGATION_MAP,443.7,34521.7,145.5,-0.09,0.32,28.31,84.8
2026-09-22 12:40:12,CRUISE,CRZ_NAV,NAVIGATION_MAP,443.9,34524.1,145.5,-0.16,-0.91,28.21,84.9
2026-09-22 12:40:14,CRUISE,CRZ_NAV,NAVIGATION_MAP,443.7,34528.1,145.47,-0.06,-0.42,28.17,84.9
2026-09-22 12:40:16,CRUISE,CRZ_NAV,NAVIGATION_MAP,443.8,34528.5,145.43,0.39,0.98,28.23,84.5
2026-09-22 12:40:18,CRUISE,CRZ_NAV,NAVIGATION_MAP,443.8,34529.7,145.42,0.32,0.92,28.38,84.6
2026-09-22 12:40:20,CRUISE,CRZ_NAV,NAVIGATION_MAP,443.8,34530.1,145.41,-0.34,0.41,28.01,84.5
2026-09-22 12:40:22,CRUISE,CRZ_NAV,NAVIGATION_MAP,444.0,34526.5,145.39,-0.07,0.06,28.02,84.9
2026-09-22 12:40:24,CRUISE,CRZ_NAV,NAVIGATION_MAP,443.8,34527.7,145.39,0.39,-0.11,28.13,84.8
2026-09-22 12:40:26,CRUISE,CRZ_NAV,NAVIGATION_MAP,443.6,34525.3,145.37,0.41,-0.97,28.14,84.7
2026-09-22 12:40:28,CRUISE,CRZ_NAV,NAVIGATION_MAP,443.5,34527.5,145.4,0.45,0.81,28.39,84.8
2026-09-22 12:40:30,CRUISE,CRZ_NAV,NAVIGATION_MAP,443.4,34525.7,145.43,0.32,0.18,28.38,84.8
2026-09-22 12:40:32,CRUISE,CRZ_NAV,NAVIGATION_MAP,443.3,34527.5,145.45,-0.23,0.69,28.2,84.7
2026-09-22 12:40:34,CRUISE,CRZ_NAV,NAVIGATION_MAP,443.1,34530.9,145.48,-0.14,-0.96,28.26,85.0
2026-09-22 12:40:36,CRUISE,CRZ_NAV,NAVIGATION_MAP,443.0,34535.8,145.44,0.02,-0.95,28.11,84.9
2026-09-22 12:40:38,CRUISE,CRZ_NAV,NAVIGATION_MAP,443.1,34533.6,145.43,-0.37,-0.09,28.26,84.8
2026-09-22 12:40:40,CRUISE,CRZ_NAV,NAVIGATION_MAP,443.1,34531.5,145.45,0.41,0.87,28.02,84.8
2026-09-22 12:40:42,CRUISE,CRZ_NAV,NAVIGATION_MAP,442.9,34534.1,145.5,0.4,0.4,28.04,84.6
2026-09-22 12:40:44,CRUISE,CRZ_NAV,NAVIGATION_MAP,443.0,34537.0,145.54,-0.45,0.7,28.22,84.7
2026-09-22 12:40:46,CRUISE,CRZ_NAV,NAVIGATION_MAP,442.8,34539.6,145.5,-0.14,-0.12,28.01,84.8
2026-09-22 12:40:48,CRUISE,CRZ_NAV,NAVIGATION_MAP,443.0,34540.7,145.51,-0.03,0.31,28.2,84.5
2026-09-22 12:40:50,CRUISE,CRZ_NAV,NAVIGATION_MAP,442.9,34543.4,145.53,-0.07,0.47,28.36,84.9
2026-09-22 12:40:52,CRUISE,CRZ_NAV,NAVIGATION_MAP,442.7,34541.7,145.49,0.35,-0.81,28.27,84.9
2026-09-22 12:40:54,CRUISE,CRZ_NAV,NAVIGATION_MAP,442.6,34542.8,145.45,0.46,-0.44,28.1,84.6
2026-09-22 12:40:56,CRUISE,CRZ_NAV,NAVIGATION_MAP,442.4,34545.3,145.45,-0.13,-0.89,28.37,84.8
2026-09-22 12:40:58,CRUISE,CRZ_NAV,NAVIGATION_MAP,442.6,34545.6,145.45,0.2,0.68,28.05,84.6
2026-09-22 12:41:00,CRUISE,CRZ_NAV,NAVIGATION_MAP,442.5,34541.1,145.44,-0.16,-0.24,28.34,84.7
2026-09-22 12:41:02,CRUISE,CRZ_NAV,NAVIGATION_MAP,442.7,34536.7,145.41,-0.01,0.75,28.02,84.6
2026-09-22 12:41:04,CRUISE,CRZ_NAV,NAVIGATION_MAP,442.5,34537.6,145.41,-0.2,-0.56,28.28,84.9
2026-09-22 12:41:06,CRUISE,CRZ_NAV,NAVIGATION_MAP,442.6,34539.0,145.4,0.05,0.55,28.08,84.8
2026-09-22 12:41:08,CRUISE,CRZ_NAV,NAVIGATION_MAP,442.7,34538.7,145.37,-0.32,0.76,28.13,84.9
2026-09-22 12:41:10,CRUISE,CRZ_NAV,NAVIGATION_MAP,442.9,34536.8,145.35,-0.34,0.8,28.27,84.9
2026-09-22 12:41:12,CRUISE,CRZ_NAV,NAVIGATION_MAP,443.0,34535.9,145.3,0.04,-0.9,28.19,84.9
2026-09-22 12:41:14,CRUISE,CRZ_NAV,NAVIGATION_MAP,443.2,34536.4,145.29,0.19,-0.28,28.35,84.8
2026-09-22 12:41:16,CRUISE,CRZ_NAV,NAVIGATION_MAP,443.1,34534.3,145.25,-0.26,-0.13,28.15,84.5
2026-09-22 12:41:18,CRUISE,CRZ_NAV,NAVIGATION_MAP,443.0,34536.0,145.21,-0.48,-0.38,28.22,84.7
2026-09-22 12:41:20,CRUISE,CRZ_NAV,NAVIGATION_MAP,442.9,34534.6,145.19,-0.26,-0.7,28.22,84.7
2026-09-22 12:41:22,CRUISE,CRZ_NAV,NAVIGATION_MAP,443.0,34533.9,145.15,0.34,-0.58,28.07,84.6
2026-09-22 12:41:24,CRUISE,CRZ_NAV,NAVIGATION_MAP,443.1,34531.8,145.16,0.47,-0.85,28.25,84.9
2026-09-22 12:41:26,CRUISE,CRZ_NAV,NAVIGATION_MAP,442.9,34535.6,145.14,0.37,-0.97,28.16,84.8
2026-09-22 12:41:28,CRUISE,CRZ_NAV,NAVIGATION_MAP,443.0,34536.9,145.13,-0.08,0.98,28.13,84.8
2026-09-22 12:41:30,CRUISE,CRZ_NAV,NAVIGATION_MAP,443.2,34533.2,145.14,-0.25,-0.42,28.24,84.8
2026-09-22 12:41:32,CRUISE,CRZ_NAV,NAVIGATION_MAP,443.1,34530.4,145.1,0.19,-0.7,28.37,84.6
2026-09-22 12:41:34,CRUISE,CRZ_NAV,NAVIGATION_MAP,443.1,34529.9,145.05,0.23,0.74,28.39,84.7
2026-09-22 12:41:36,CRUISE,CRZ_NAV,NAVIGATION_MAP,443.0,34532.4,145.1,-0.18,0.98,28.15,84.6
2026-09-22 12:41:38,CRUISE,CRZ_NAV,NAVIGATION_MAP,442.9,34531.9,145.11,-0.04,-0.41,28.09,84.9
2026-09-22 12:41:40,CRUISE,CRZ_NAV,NAVIGATION_MAP,443.0,34534.3,145.12,-0.2,0.13,28.1,85.0
2026-09-22 12:41:42,CRUISE,CRZ_NAV,NAVIGATION_MAP,443.1,34533.1,145.08,-0.25,0.04,28.4,84.5
2026-09-22 12:41:44,CRUISE,CRZ_NAV,NAVIGATION_MAP,443.2,34530.0,145.13,0.13,0.53,28.26,84.6
2026-09-22 12:41:46,CRUISE,CRZ_NAV,NAVIGATION_MAP,443.1,34531.1,145.08,-0.18,0.2,28.23,84.9
2026-09-22 12:41:48,CRUISE,CRZ_NAV,NAVIGATION_MAP,443.3,34533.4,145.08,0.25,-0.71,28.32,84.9
2026-09-22 12:41:50,CRUISE,CRZ_NAV,NAVIGATION_MAP,443.3,34538.2,145.04,-0.05,0.12,28.24,84.9
2026-09-22 12:41:52,CRUISE,CRZ_NAV,NAVIGATION_MAP,443.3,34534.8,145.02,0.41,0.33,28.26,84.7
2026-09-22 12:41:54,CRUISE,CRZ_NAV,NAVIGATION_MAP,443.3,34535.5,145.06,0.42,0.75,28.32,84.6
2026-09-22 12:41:56,CRUISE,CRZ_NAV,NAVIGATION_MAP,443.4,34533.8,145.04,-0.28,0.45,28.21,84.9
2026-09-22 12:41:58,CRUISE,CRZ_NAV,NAVIGATION_MAP,443.6,34535.5,145.05,0.15,-0.03,28.38,84.6
2026-09-22 12:42:00,CRUISE,CRZ_NAV,NAVIGATION_MAP,443.5,34540.5,145.1,-0.18,0.13,28.04,84.6
2026-09-22 12:42:02,CRUISE,CRZ_NAV,NAVIGATION_MAP,443.4,34538.9,145.09,-0.23,-0.77,28.16,84.7
2026-09-22 12:42:04,CRUISE,CRZ_NAV,NAVIGATION_MAP,443.5,34539.7,145.08,-0.09,-0.97,28.31,84.8
2026-09-22 12:42:06,CRUISE,CRZ_NAV,NAVIGATION_MAP,443.4,34541.7,145.12,0.5,0.79,28.1,84.7
2026-09-22 12:42:08,CRUISE,CRZ_NAV,NAVIGATION_MAP,443.5,34543.5,145.11,0.17,-0.08,28.09,84.9
2026-09-22 12:42:10,CRUISE,CRZ_NAV,NAVIGATION_MAP,443.3,34542.6,145.08,-0.22,0.65,28.32,84.7
2026-09-22 12:42:12,CRUISE,CRZ_NAV,NAVIGATION_MAP,443.2,34545.4,145.08,-0.26,0.57,28.35,84.8
2026-09-22 12:42:14,CRUISE,CRZ_NAV,NAVIGATION_MAP,443.1,34547.5,145.06,0.17,0.62,28.02,84.9
2026-09-22 12:42:16,CRUISE,CRZ_NAV,NAVIGATION_MAP,443.2,34543.5,145.05,0.19,0.3,28.27,84.6
2026-09-22 12:42:18,CRUISE,CRZ_NAV,NAVIGATION_MAP,443.1,34545.6,145.08,0.48,-0.99,28.12,84.7
2026-09-22 12:42:20,CRUISE,CRZ_NAV,NAVIGATION_MAP,443.0,34544.4,145.1,-0.17,-0.18,28.24,84.8
2026-09-22 12:42:22,CRUISE,CRZ_NAV,NAVIGATION_MAP,443.0,34546.2,145.09,0.2,-0.06,28.4,84.8
2026-09-22 12:42:24,CRUISE,CRZ_NAV,NAVIGATION_MAP,443.0,34543.1,145.05,0.13,-0.92,28.36,84.6
2026-09-22 12:42:26,CRUISE,CRZ_NAV,NAVIGATION_MAP,443.1,34540.2,145.09,0.39,0.69,28.4,84.9
2026-09-22 12:42:28,CRUISE,CRZ_NAV,NAVIGATION_MAP,443.1,34540.8,145.1,0.44,0.95,28.35,84.5
2026-09-22 12:42:30,CRUISE,CRZ_NAV,NAVIGATION_MAP,442.9,34536.5,145.06,0.16,-0.11,28.05,84.7
2026-09-22 12:42:32,CRUISE,CRZ_NAV,NAVIGATION_MAP,442.9,34536.4,145.11,-0.42,0.99,28.01,84.6
2026-09-22 12:42:34,CRUISE,CRZ_NAV,NAVIGATION_MAP,442.9,34532.3,145.14,0.43,0.97,28.08,84.9
2026-09-22 12:42:36,CRUISE,CRZ_NAV,NAVIGATION_MAP,443.0,34533.9,145.18,0.09,0.82,28.23,84.9
2026-09-22 12:42:38,CRUISE,CRZ_NAV,NAVIGATION_MAP,443.0,34536.0,145.22,0.39,-0.17,28.28,84.5
2026-09-22 12:42:40,CRUISE,CRZ_NAV,NAVIGATION_MAP,443.1,34533.8,145.26,0.33,0.35,28.25,85.0
2026-09-22 12:42:42,CRUISE,CRZ_NAV,NAVIGATION_MAP,443.1,34531.5,145.27,0.38,0.46,28.01,84.7
2026-09-22 12:42:44,CRUISE,CRZ_NAV,NAVIGATION_MAP,443.0,34528.8,145.32,-0.43,-0.49,28.19,84.6
2026-09-22 12:42:46,CRUISE,CRZ_NAV,NAVIGATION_MAP,442.9,34524.7,145.27,-0.46,-0.67,28.07,84.6
2026-09-22 12:42:48,CRUISE,CRZ_NAV,NAVIGATION_MAP,443.0,34521.6,145.23,0.28,0.69,28.21,84.8
2026-09-22 12:42:50,CRUISE,CRZ_NAV,NAVIGATION_MAP,442.8,34524.8,145.27,0.34,-0.08,28.07,84.6
2026-09-22 12:42:52,CRUISE,CRZ_NAV,NAVIGATION_MAP,442.9,34521.5,145.22,-0.32,-0.14,28.15,84.9
2026-09-22 12:42:54,CRUISE,CRZ_NAV,NAVIGATION_MAP,442.9,34525.4,145.22,0.47,0.95,28.34,84.7
2026-09-22 12:42:56,CRUISE,CRZ_NAV,NAVIGATION_MAP,443.0,34527.6,145.2,-0.39,-0.56,28.16,84.8
2026-09-22 12:42:58,CRUISE,CRZ_NAV,NAVIGATION_MAP,443.1,34531.1,145.19,-0.43,0.67,28.17,84.6
2026-09-22 12:43:00,CRUISE,CRZ_NAV,NAVIGATION_MAP,442.9,34529.3,145.21,-0.41,-0.87,28.14,84.9
2026-09-22 12:43:02,CRUISE,CRZ_NAV,NAVIGATION_MAP,443.1,34530.2,145.25,-0.1,-0.0,28.26,84.8
2026-09-22 12:43:04,CRUISE,CRZ_NAV,NAVIGATION_MAP,442.9,34531.2,145.2,-0.08,0.26,28.03,84.9
2026-09-22 12:43:06,CRUISE,CRZ_NAV,NAVIGATION_MAP,442.8,34531.4,145.25,0.2,0.0,28.13,84.7
2026-09-22 12:43:08,CRUISE,CRZ_NAV,NAVIGATION_MAP,442.8,34532.5,145.2,-0.34,-0.52,28.35,84.9
2026-09-22 12:43:10,CRUISE,CRZ_NAV,NAVIGATION_MAP,443.0,34533.4,145.19,-0.04,0.86,28.13,84.9
2026-09-22 12:43:12,CRUISE,CRZ_NAV,NAVIGATION_MAP,442.9,34531.1,145.22,-0.42,-0.85,28.2,84.9
2026-09-22 12:43:14,CRUISE,CRZ_NAV,NAVIGATION_MAP,442.8,34532.3,145.21,0.01,0.24,28.27,84.6
2026-09-22 12:43:16,CRUISE,CRZ_NAV,NAVIGATION_MAP,443.0,34528.7,145.24,0.03,0.23,28.36,84.7
2026-09-22 12:43:18,CRUISE,CRZ_NAV,NAVIGATION_MAP,443.2,34526.9,145.27,0.48,-0.64,28.05,84.9
2026-09-22 12:43:20,CRUISE,CRZ_NAV,NAVIGATION_MAP,443.1,34524.4,145.26,-0.28,-0.42,28.14,84.7
2026-09-22 12:43:22,CRUISE,CRZ_NAV,NAVIGATION_MAP,443.2,34520.4,145.26,0.24,0.76,28.37,84.7
2026-09-22 12:43:24,CRUISE,CRZ_NAV,NAVIGATION_MAP,443.3,34521.4,145.25,-0.31,-0.74,28.31,84.7
2026-09-22 12:43:26,CRUISE,CRZ_NAV,NAVIGATION_MAP,443.3,34525.2,145.25,-0.48,-0.05,28.16,84.7
2026-09-22 12:43:28,CRUISE,CRZ_NAV,NAVIGATION_MAP,443.5,34528.6,145.25,0.42,-0.32,28.06,84.7
2026-09-22 12:43:30,CRUISE,CRZ_NAV,NAVIGATION_MAP,443.7,34523.9,145.24,0.48,0.44,28.37,84.6
2026-09-22 12:43:32,CRUISE,CRZ_NAV,NAVIGATION_MAP,443.7,34527.5,145.2,-0.11,-0.74,28.29,84.8
2026-09-22 12:43:34,CRUISE,CRZ_NAV,NAVIGATION_MAP,443.6,34530.3,145.16,-0.35,0.15,28.26,84.8
2026-09-22 12:43:36,CRUISE,CRZ_NAV,NAVIGATION_MAP,443.7,34534.3,145.14,-0.23,-0.66,28.34,84.7
2026-09-22 12:43:38,CRUISE,CRZ_NAV,NAVIGATION_MAP,443.8,34536.3,145.1,-0.28,-0.63,28.28,84.7
2026-09-22 12:43:40,CRUISE,CRZ_NAV,NAVIGATION_MAP,443.9,34537.7,145.14,-0.01,0.36,28.33,85.0
2026-09-22 12:43:42,CRUISE,CRZ_NAV,NAVIGATION_MAP,443.8,34536.2,145.15,0.15,0.38,28.11,84.7
2026-09-22 12:43:44,LANDING,APP_GS_LOC,WEATHER_RADAR,442.7,34516.3,145.17,2.21,0.38,28.3,84.7
2026-09-22 12:43:46,LANDING,APP_GS_LOC,WEATHER_RADAR,441.5,34496.7,145.21,2.64,0.85,28.14,84.5
2026-09-22 12:43:48,LANDING,APP_GS_LOC,WEATHER_RADAR,440.4,34478.6,145.21,2.51,-0.57,28.4,84.6
2026-09-22 12:43:50,LANDING,APP_GS_LOC,WEATHER_RADAR,439.7,34463.0,145.24,1.83,-0.9,28.35,84.8
2026-09-22 12:43:52,LANDING,APP_GS_LOC,WEATHER_RADAR,438.5,34440.1,145.25,1.38,-0.72,28.04,85.0
2026-09-22 12:43:54,LANDING,APP_GS_LOC,WEATHER_RADAR,437.6,34421.3,145.24,1.73,-0.33,28.01,84.9
2026-09-22 12:43:56,LANDING,APP_GS_LOC,WEATHER_RADAR,436.4,34399.7,145.22,1.27,0.25,28.21,84.7
2026-09-22 12:43:58,LANDING,APP_GS_LOC,WEATHER_RADAR,435.2,34382.0,145.18,2.88,0.38,28.38,85.0
2026-09-22 12:44:00,LANDING,APP_GS_LOC,WEATHER_RADAR,434.7,34360.2,145.17,1.68,0.71,28.12,84.8
2026-09-22 12:44:02,LANDING,APP_GS_LOC,WEATHER_RADAR,434.2,34338.8,145.2,2.08,-0.79,28.01,85.0
2026-09-22 12:44:04,LANDING,APP_GS_LOC,WEATHER_RADAR,433.3,34314.3,145.23,2.1,0.51,28.18,85.0
2026-09-22 12:44:06,LANDING,APP_GS_LOC,WEATHER_RADAR,432.7,34293.7,145.24,2.79,-0.63,28.28,84.5
2026-09-22 12:44:08,LANDING,APP_GS_LOC,WEATHER_RADAR,432.1,34272.4,145.21,2.61,0.65,28.03,84.8
2026-09-22 12:44:10,LANDING,APP_GS_LOC,WEATHER_RADAR,431.5,34257.0,145.19,2.45,-0.96,28.38,84.8
2026-09-22 12:44:12,LANDING,APP_GS_LOC,WEATHER_RADAR,430.6,34239.9,145.19,1.8,0.37,28.1,85.0
2026-09-22 12:44:14,LANDING,APP_GS_LOC,WEATHER_RADAR,429.2,34221.7,145.2,2.26,0.09,28.06,84.5
2026-09-22 12:44:16,LANDING,APP_GS_LOC,WEATHER_RADAR,428.3,34198.4,145.2,2.31,0.58,28.28,84.7
2026-09-22 12:44:18,LANDING,APP_GS_LOC,WEATHER_RADAR,427.1,34180.0,145.22,2.45,0.05,28.24,85.0
2026-09-22 12:44:20,LANDING,APP_GS_LOC,WEATHER_RADAR,425.7,34155.3,145.19,1.83,-0.44,28.03,84.6
2026-09-22 12:44:22,LANDING,APP_GS_LOC,WEATHER_RADAR,424.9,34134.8,145.19,2.13,0.45,28.3,84.7
2026-09-22 12:44:24,LANDING,APP_GS_LOC,WEATHER_RADAR,424.3,34109.9,145.18,2.88,-0.23,28.33,84.7
2026-09-22 12:44:26,LANDING,APP_GS_LOC,WEATHER_RADAR,423.4,34086.4,145.21,2.95,0.77,28.19,84.5
2026-09-22 12:44:28,LANDING,APP_GS_LOC,WEATHER_RADAR,422.0,34064.0,145.25,2.41,-0.59,28.13,84.6
2026-09-22 12:44:30,LANDING,APP_GS_LOC,WEATHER_RADAR,420.8,34043.8,145.29,1.68,-0.05,28.17,85.0
2026-09-22 12:44:32,LANDING,APP_GS_LOC,WEATHER_RADAR,419.7,34025.8,145.27,1.26,-0.23,28.09,84.6
2026-09-22 12:44:34,LANDING,APP_GS_LOC,WEATHER_RADAR,418.5,34009.0,145.25,2.79,0.12,28.11,84.6
2026-09-22 12:44:36,LANDING,APP_GS_LOC,WEATHER_RADAR,417.7,33984.3,145.21,2.19,0.27,28.25,84.9
2026-09-22 12:44:38,LANDING,APP_GS_LOC,WEATHER_RADAR,416.4,33963.1,145.17,1.51,-0.74,28.0,84.9
2026-09-22 12:44:40,LANDING,APP_GS_LOC,WEATHER_RADAR,414.9,33938.2,145.12,1.47,-0.78,28.09,84.5
2026-09-22 12:44:42,LANDING,APP_GS_LOC,WEATHER_RADAR,413.5,33919.6,145.11,1.05,-0.19,28.29,85.0
2026-09-22 12:44:44,LANDING,APP_GS_LOC,WEATHER_RADAR,412.9,33897.4,145.16,1.49,0.2,28.32,84.7
2026-09-22 12:44:46,LANDING,APP_GS_LOC,WEATHER_RADAR,412.1,33875.2,145.19,1.89,0.32,28.37,84.6
2026-09-22 12:44:48,LANDING,APP_GS_LOC,WEATHER_RADAR,411.5,33856.4,145.17,1.39,0.89,28.28,84.7
2026-09-22 12:44:50,LANDING,APP_GS_LOC,WEATHER_RADAR,410.4,33834.4,145.16,2.24,-0.83,28.05,84.6
2026-09-22 12:44:52,LANDING,APP_GS_LOC,WEATHER_RADAR,409.8,33811.8,145.19,1.73,0.07,28.03,84.5
2026-09-22 12:44:54,LANDING,APP_GS_LOC,WEATHER_RADAR,409.0,33796.4,145.23,1.79,0.61,28.07,84.8
2026-09-22 12:44:56,LANDING,APP_GS_LOC,WEATHER_RADAR,408.2,33773.2,145.25,2.53,-0.81,28.38,84.7
2026-09-22 12:44:58,LANDING,APP_GS_LOC,WEATHER_RADAR,406.8,33756.4,145.3,1.44,-0.18,28.34,84.6
2026-09-22 12:45:00,LANDING,APP_GS_LOC,WEATHER_RADAR,405.5,33738.5,145.3,1.36,0.73,28.04,84.9
2026-09-22 12:45:02,LANDING,APP_GS_LOC,WEATHER_RADAR,404.5,33718.3,145.33,1.32,0.14,28.0,84.8
2026-09-22 12:45:04,LANDING,APP_GS_LOC,WEATHER_RADAR,403.3,33695.0,145.3,2.69,0.94,28.13,84.6
2026-09-22 12:45:06,LANDING,APP_GS_LOC,WEATHER_RADAR,402.5,33679.6,145.29,1.27,0.97,28.13,84.7
2026-09-22 12:45:08,LANDING,APP_GS_LOC,WEATHER_RADAR,401.4,33659.0,145.25,1.93,-0.01,28.33,84.5
2026-09-22 12:45:10,LANDING,APP_GS_LOC,WEATHER_RADAR,400.6,33639.5,145.26,2.72,-0.93,28.18,84.7
2026-09-22 12:45:12,LANDING,APP_GS_LOC,WEATHER_RADAR,399.4,33615.5,145.31,2.9,-0.16,28.12,84.5
2026-09-22 12:45:14,LANDING,APP_GS_LOC,WEATHER_RADAR,398.3,33596.4,145.32,2.9,-0.91,28.05,84.5
2026-09-22 12:45:16,LANDING,APP_GS_LOC,WEATHER_RADAR,397.4,33578.7,145.3,2.99,-0.49,28.08,84.9
2026-09-22 12:45:18,LANDING,APP_GS_LOC,WEATHER_RADAR,396.7,33555.5,145.31,1.76,0.32,28.01,84.8
2026-09-22 12:45:20,LANDING,APP_GS_LOC,WEATHER_RADAR,395.3,33533.6,145.32,1.11,0.47,28.39,84.6
2026-09-22 12:45:22,LANDING,APP_GS_LOC,WEATHER_RADAR,394.0,33512.4,145.27,1.16,-0.01,28.11,84.5
2026-09-22 12:45:24,LANDING,APP_GS_LOC,WEATHER_RADAR,392.9,33493.3,145.32,1.25,0.78,28.34,84.8
2026-09-22 12:45:26,LANDING,APP_GS_LOC,WEATHER_RADAR,391.5,33474.2,145.31,2.32,0.45,28.16,84.7
2026-09-22 12:45:28,LANDING,APP_GS_LOC,WEATHER_RADAR,390.0,33450.1,145.27,2.02,0.54,28.02,84.8
2026-09-22 12:45:30,LANDING,APP_GS_LOC,WEATHER_RADAR,388.6,33435.1,145.29,1.72,-0.14,28.13,84.8
2026-09-22 12:45:32,LANDING,APP_GS_LOC,WEATHER_RADAR,387.4,33415.1,145.29,1.67,-0.47,28.15,84.5
2026-09-22 12:45:34,LANDING,APP_GS_LOC,WEATHER_RADAR,385.9,33390.6,145.31,1.57,-0.9,28.22,84.9
2026-09-22 12:45:36,LANDING,APP_GS_LOC,WEATHER_RADAR,385.0,33371.9,145.29,1.5,0.92,28.15,84.9
2026-09-22 12:45:38,LANDING,APP_GS_LOC,WEATHER_RADAR,383.8,33348.3,145.3,2.74,-0.3,28.02,84.7
2026-09-22 12:45:40,LANDING,APP_GS_LOC,WEATHER_RADAR,382.6,33331.5,145.28,2.21,-0.13,28.12,85.0
2026-09-22 12:45:42,LANDING,APP_GS_LOC,WEATHER_RADAR,381.8,33312.1,145.25,1.34,-0.84,28.36,84.6
2026-09-22 12:45:44,LANDING,APP_GS_LOC,WEATHER_RADAR,380.7,33292.1,145.26,1.14,-0.47,28.03,84.8
2026-09-22 12:45:46,LANDING,APP_GS_LOC,WEATHER_RADAR,379.3,33268.0,145.28,1.13,0.51,28.33,84.6
2026-09-22 12:45:48,LANDING,APP_GS_LOC,WEATHER_RADAR,378.6,33244.4,145.27,1.37,-0.35,28.16,84.7
2026-09-22 12:45:50,LANDING,APP_GS_LOC,WEATHER_RADAR,377.6,33225.5,145.28,2.37,-0.57,28.06,85.0
2026-09-22 12:45:52,LANDING,APP_GS_LOC,WEATHER_RADAR,376.4,33202.4,145.31,1.18,0.28,28.11,85.0
2026-09-22 12:45:54,LANDING,APP_GS_LOC,WEATHER_RADAR,375.9,33186.7,145.3,2.45,-0.13,28.36,84.9
2026-09-22 12:45:56,LANDING,APP_GS_LOC,WEATHER_RADAR,374.9,33170.4,145.27,1.63,0.51,28.23,84.8
2026-09-22 12:45:58,LANDING,APP_GS_LOC,WEATHER_RADAR,373.5,33149.7,145.27,1.2,0.82,28.01,84.8
2026-09-22 12:46:00,LANDING,APP_GS_LOC,WEATHER_RADAR,372.6,33132.5,145.29,1.1,0.43,28.13,84.8
2026-09-22 12:46:02,LANDING,APP_GS_LOC,WEATHER_RADAR,372.0,33115.5,145.29,1.82,0.48,28.29,84.9
2026-09-22 12:46:04,LANDING,APP_GS_LOC,WEATHER_RADAR,371.5,33100.5,145.29,2.21,0.54,28.26,84.6
2026-09-22 12:46:06,LANDING,APP_GS_LOC,WEATHER_RADAR,370.4,33082.8,145.26,2.64,0.89,28.08,84.9
2026-09-22 12:46:08,LANDING,APP_GS_LOC,WEATHER_RADAR,369.8,33058.4,145.24,2.69,0.47,28.22,84.9
2026-09-22 12:46:10,LANDING,APP_GS_LOC,WEATHER_RADAR,368.6,33040.3,145.21,1.24,0.76,28.35,84.7
2026-09-22 12:46:12,LANDING,APP_GS_LOC,WEATHER_RADAR,367.9,33022.7,145.21,2.48,0.37,28.19,84.7
2026-09-22 12:46:14,LANDING,APP_GS_LOC,WEATHER_RADAR,367.1,33000.7,145.18,1.67,-0.67,28.24,84.6
2026-09-22 12:46:16,LANDING,APP_GS_LOC,WEATHER_RADAR,366.0,32982.3,145.19,1.96,-0.17,28.36,84.7
2026-09-22 12:46:18,LANDING,APP_GS_LOC,WEATHER_RADAR,364.6,32961.3,145.21,2.29,0.02,28.38,84.7
2026-09-22 12:46:20,LANDING,APP_GS_LOC,WEATHER_RADAR,363.6,32938.0,145.2,2.54,-0.47,28.25,84.8
2026-09-22 12:46:22,LANDING,APP_GS_LOC,WEATHER_RADAR,362.3,32917.1,145.23,1.6,0.26,28.14,84.7
2026-09-22 12:46:24,LANDING,APP_GS_LOC,WEATHER_RADAR,361.6,32893.3,145.25,2.69,-0.05,28.05,84.6
2026-09-22 12:46:26,LANDING,APP_GS_LOC,WEATHER_RADAR,360.8,32868.8,145.24,2.62,0.81,28.32,85.0
2026-09-22 12:46:28,LANDING,APP_GS_LOC,WEATHER_RADAR,359.3,32853.3,145.27,2.52,-0.62,28.12,84.7
2026-09-22 12:46:30,LANDING,APP_GS_LOC,WEATHER_RADAR,357.9,32833.9,145.24,1.17,0.87,28.11,85.0
2026-09-22 12:46:32,LANDING,APP_GS_LOC,WEATHER_RADAR,357.4,32815.6,145.28,1.31,-0.5,28.32,84.5
2026-09-22 12:46:34,LANDING,APP_GS_LOC,WEATHER_RADAR,355.9,32799.6,145.3,2.9,-0.31,28.06,84.7
2026-09-22 12:46:36,LANDING,APP_GS_LOC,WEATHER_RADAR,354.6,32779.0,145.28,1.61,-0.18,28.35,84.5
2026-09-22 12:46:38,LANDING,APP_GS_LOC,WEATHER_RADAR,353.8,32758.6,145.23,2.34,-0.72,28.24,84.8
2026-09-22 12:46:40,LANDING,APP_GS_LOC,WEATHER_RADAR,353.0,32733.7,145.2,2.4,-0.34,28.19,84.6
2026-09-22 12:46:42,LANDING,APP_GS_LOC,WEATHER_RADAR,351.6,32718.3,145.22,2.25,-0.62,28.36,84.7
2026-09-22 12:46:44,LANDING,APP_GS_LOC,WEATHER_RADAR,350.8,32697.9,145.26,1.8,-0.14,28.23,84.8
2026-09-22 12:46:46,LANDING,APP_GS_LOC,WEATHER_RADAR,349.9,32678.5,145.29,2.54,0.75,28.15,84.7
2026-09-22 12:46:48,LANDING,APP_GS_LOC,WEATHER_RADAR,348.9,32655.2,145.32,2.59,0.11,28.13,84.9
2026-09-22 12:46:50,LANDING,APP_GS_LOC,WEATHER_RADAR,347.8,32636.6,145.36,1.74,0.11,28.14,84.8
2026-09-22 12:46:52,LANDING,APP_GS_LOC,WEATHER_RADAR,346.4,32619.5,145.39,1.44,0.68,28.3,84.7
2026-09-22 12:46:54,LANDING,APP_GS_LOC,WEATHER_RADAR,345.7,32601.3,145.34,2.74,0.46,28.12,84.7
2026-09-22 12:46:56,LANDING,APP_GS_LOC,WEATHER_RADAR,344.5,32584.8,145.36,1.35,0.58,28.28,84.8
2026-09-22 12:46:58,LANDING,APP_GS_LOC,WEATHER_RADAR,343.4,32560.4,145.41,1.52,0.42,28.02,84.9
2026-09-22 12:47:00,LANDING,APP_GS_LOC,WEATHER_RADAR,342.8,32536.1,145.39,2.01,-0.46,28.36,84.8
2026-09-22 12:47:02,LANDING,APP_GS_LOC,WEATHER_RADAR,341.6,32520.9,145.4,1.32,-0.8,28.02,84.6
2026-09-22 12:47:04,LANDING,APP_GS_LOC,WEATHER_RADAR,340.1,32505.1,145.37,1.34,0.61,28.13,84.7
2026-09-22 12:47:06,LANDING,APP_GS_LOC,WEATHER_RADAR,338.8,32486.5,145.38,2.14,-0.92,28.05,84.9
2026-09-22 12:47:08,LANDING,APP_GS_LOC,WEATHER_RADAR,337.7,32466.0,145.39,1.3,0.13,28.17,84.6
2026-09-22 12:47:10,LANDING,APP_GS_LOC,WEATHER_RADAR,336.2,32443.1,145.35,1.38,-0.66,28.3,84.8
2026-09-22 12:47:12,LANDING,APP_GS_LOC,WEATHER_RADAR,335.6,32425.9,145.35,1.71,-0.56,28.35,84.7
2026-09-22 12:47:14,LANDING,APP_GS_LOC,WEATHER_RADAR,334.3,32410.8,145.38,1.95,0.55,28.29,84.9
2026-09-22 12:47:16,LANDING,APP_GS_LOC,WEATHER_RADAR,333.0,32392.8,145.4,1.69,0.69,28.15,85.0
2026-09-22 12:47:18,LANDING,APP_GS_LOC,WEATHER_RADAR,332.3,32369.3,145.42,1.24,-0.73,28.16,84.5
2026-09-22 12:47:20,LANDING,APP_GS_LOC,WEATHER_RADAR,331.3,32346.9,145.45,2.9,-0.19,28.24,84.8
2026-09-22 12:47:22,LANDING,APP_GS_LOC,WEATHER_RADAR,330.1,32331.0,145.45,2.74,0.65,28.23,84.5
2026-09-22 12:47:24,LANDING,APP_GS_LOC,WEATHER_RADAR,328.8,32315.0,145.46,1.59,0.67,28.08,84.7
2026-09-22 12:47:26,LANDING,APP_GS_LOC,WEATHER_RADAR,327.3,32290.2,145.49,1.82,-0.72,28.07,84.8
2026-09-22 12:47:28,LANDING,APP_GS_LOC,WEATHER_RADAR,326.6,32271.1,145.53,1.43,-0.3,28.02,84.5
2026-09-22 12:47:30,LANDING,APP_GS_LOC,WEATHER_RADAR,326.0,32253.6,145.5,2.87,-0.13,28.08,84.8
2026-09-22 12:47:32,LANDING,APP_GS_LOC,WEATHER_RADAR,325.2,32238.0,145.48,2.83,-0.49,28.06,84.7
2026-09-22 12:47:34,LANDING,APP_GS_LOC,WEATHER_RADAR,323.7,32219.4,145.45,1.63,0.6,28.14,84.5
2026-09-22 12:47:36,LANDING,APP_GS_LOC,WEATHER_RADAR,322.5,32194.7,145.4,2.77,0.39,28.35,84.9
2026-09-22 12:47:38,LANDING,APP_GS_LOC,WEATHER_RADAR,321.1,32172.2,145.36,2.74,-0.01,28.08,84.7
2026-09-22 12:47:40,LANDING,APP_GS_LOC,WEATHER_RADAR,320.6,32154.4,145.36,1.22,0.52,28.19,84.9
2026-09-22 12:47:42,LANDING,APP_GS_LOC,WEATHER_RADAR,319.1,32134.1,145.38,1.18,-0.88,28.08,84.6
2026-09-22 12:47:44,LANDING,APP_GS_LOC,WEATHER_RADAR,317.9,32114.5,145.37,1.46,-0.85,28.31,85.0
2026-09-22 12:47:46,LANDING,APP_GS_LOC,WEATHER_RADAR,316.7,32096.8,145.34,1.66,0.78,28.16,84.7
2026-09-22 12:47:48,LANDING,APP_GS_LOC,WEATHER_RADAR,315.7,32075.5,145.3,2.48,0.07,28.3,84.7
2026-09-22 12:47:50,LANDING,APP_GS_LOC,WEATHER_RADAR,314.5,32052.8,145.3,2.46,-0.66,28.11,84.8
2026-09-22 12:47:52,LANDING,APP_GS_LOC,WEATHER_RADAR,313.3,32037.7,145.32,1.38,-0.34,28.32,84.6
2026-09-22 12:47:54,LANDING,APP_GS_LOC,WEATHER_RADAR,312.0,32015.0,145.33,1.67,0.69,28.15,84.8
2026-09-22 12:47:56,LANDING,APP_GS_LOC,WEATHER_RADAR,310.8,31990.0,145.31,1.71,0.74,28.25,84.5
2026-09-22 12:47:58,LANDING,APP_GS_LOC,WEATHER_RADAR,309.5,31968.2,145.35,2.1,-0.66,28.35,84.9
2026-09-22 12:48:00,LANDING,APP_GS_LOC,WEATHER_RADAR,308.1,31944.3,145.37,1.09,-0.79,28.33,84.8
2026-09-22 12:48:02,LANDING,APP_GS_LOC,WEATHER_RADAR,307.3,31926.6,145.35,2.79,0.15,28.39,84.9
2026-09-22 12:48:04,LANDING,APP_GS_LOC,WEATHER_RADAR,305.9,31903.6,145.36,1.29,0.9,28.03,84.6
2026-09-22 12:48:06,LANDING,APP_GS_LOC,WEATHER_RADAR,305.4,31879.1,145.33,2.75,0.25,28.03,85.0
2026-09-22 12:48:08,LANDING,APP_GS_LOC,WEATHER_RADAR,304.8,31859.9,145.35,1.14,-0.9,28.28,84.7
2026-09-22 12:48:10,LANDING,APP_GS_LOC,WEATHER_RADAR,303.9,31843.2,145.37,2.5,-0.69,28.38,84.8
2026-09-22 12:48:12,LANDING,APP_GS_LOC,WEATHER_RADAR,303.0,31826.0,145.42,1.43,-0.85,28.27,84.5
2026-09-22 12:48:14,LANDING,APP_GS_LOC,WEATHER_RADAR,301.6,31807.3,145.47,1.79,-0.18,28.2,84.6
2026-09-22 12:48:16,LANDING,APP_GS_LOC,WEATHER_RADAR,301.1,31782.5,145.49,1.79,0.58,28.21,84.9
2026-09-22 12:48:18,LANDING,APP_GS_LOC,WEATHER_RADAR,299.8,31766.7,145.47,2.4,1.0,28.11,84.6
2026-09-22 12:48:20,LANDING,APP_GS_LOC,WEATHER_RADAR,299.2,31745.4,145.47,2.83,-0.4,28.31,84.8
2026-09-22 12:48:22,LANDING,APP_GS_LOC,WEATHER_RADAR,298.7,31725.8,145.45,2.55,0.23,28.22,84.6
2026-09-22 12:48:24,LANDING,APP_GS_LOC,WEATHER_RADAR,297.4,31703.4,145.42,2.95,-0.15,28.03,84.8
2026-09-22 12:48:26,LANDING,APP_GS_LOC,WEATHER_RADAR,296.8,31686.1,145.41,1.42,-0.98,28.3,84.9
2026-09-22 12:48:28,LANDING,APP_GS_LOC,WEATHER_RADAR,295.5,31665.0,145.38,2.29,-0.56,28.38,84.8
2026-09-22 12:48:30,LANDING,APP_GS_LOC,WEATHER_RADAR,294.0,31648.5,145.43,1.69,0.54,28.13,84.6
2026-09-22 12:48:32,LANDING,APP_GS_LOC,WEATHER_RADAR,292.6,31632.6,145.39,1.03,-0.02,28.0,84.7
2026-09-22 12:48:34,LANDING,APP_GS_LOC,WEATHER_RADAR,291.7,31611.8,145.42,1.98,-0.39,28.11,84.7
2026-09-22 12:48:36,LANDING,APP_GS_LOC,WEATHER_RADAR,290.8,31596.0,145.38,1.4,0.42,28.01,84.8
2026-09-22 12:48:38,LANDING,APP_GS_LOC,WEATHER_RADAR,290.2,31576.2,145.35,2.78,0.28,28.24,84.9
2026-09-22 12:48:40,LANDING,APP_GS_LOC,WEATHER_RADAR,289.2,31559.2,145.39,2.46,-0.73,28.12,85.0
2026-09-22 12:48:42,LANDING,APP_GS_LOC,WEATHER_RADAR,288.1,31535.9,145.41,2.6,0.75,28.09,84.9
2026-09-22 12:48:44,LANDING,APP_GS_LOC,WEATHER_RADAR,287.5,31515.6,145.45,1.0,0.16,28.09,84.7
2026-09-22 12:48:46,LANDING,APP_GS_LOC,WEATHER_RADAR,286.8,31493.1,145.49,2.46,0.03,28.03,84.8
2026-09-22 12:48:48,LANDING,APP_GS_LOC,WEATHER_RADAR,286.1,31468.7,145.51,1.2,0.63,28.05,84.6
2026-09-22 12:48:50,LANDING,APP_GS_LOC,WEATHER_RADAR,284.6,31447.0,145.51,2.44,0.33,28.11,85.0
2026-09-22 12:48:52,LANDING,APP_GS_LOC,WEATHER_RADAR,283.8,31430.5,145.49,2.87,0.98,28.01,84.8
2026-09-22 12:48:54,LANDING,APP_GS_LOC,WEATHER_RADAR,283.0,31408.9,145.49,1.5,-0.98,28.25,85.0
2026-09-22 12:48:56,LANDING,APP_GS_LOC,WEATHER_RADAR,282.0,31385.4,145.45,2.13,-0.94,28.02,84.8
2026-09-22 12:48:58,LANDING,APP_GS_LOC,WEATHER_RADAR,281.1,31364.7,145.44,1.96,-0.76,28.27,84.9
2026-09-22 12:49:00,LANDING,APP_GS_LOC,WEATHER_RADAR,280.6,31345.8,145.44,2.13,-0.45,28.11,84.8
2026-09-22 12:49:02,LANDING,APP_GS_LOC,WEATHER_RADAR,279.4,31323.2,145.45,2.15,0.94,28.3,84.9
2026-09-22 12:49:04,LANDING,APP_GS_LOC,WEATHER_RADAR,278.9,31305.1,145.5,1.47,1.0,28.27,84.8
2026-09-22 12:49:06,LANDING,APP_GS_LOC,WEATHER_RADAR,277.6,31281.3,145.48,1.37,0.56,28.37,84.5
2026-09-22 12:49:08,LANDING,APP_GS_LOC,WEATHER_RADAR,276.5,31265.1,145.48,1.98,-0.26,28.11,84.7
2026-09-22 12:49:10,LANDING,APP_GS_LOC,WEATHER_RADAR,275.8,31242.1,145.49,2.05,-0.84,28.19,84.8
2026-09-22 12:49:12,LANDING,APP_GS_LOC,WEATHER_RADAR,274.4,31224.0,145.51,1.29,0.87,28.36,84.6
2026-09-22 12:49:14,LANDING,APP_GS_LOC,WEATHER_RADAR,273.2,31199.9,145.49,2.24,0.99,28.06,84.6
2026-09-22 12:49:16,LANDING,APP_GS_LOC,WEATHER_RADAR,272.6,31184.8,145.44,2.0,0.28,28.02,84.6
2026-09-22 12:49:18,LANDING,APP_GS_LOC,WEATHER_RADAR,271.3,31168.6,145.47,2.91,0.39,28.28,84.7
2026-09-22 12:49:20,LANDING,APP_GS_LOC,WEATHER_RADAR,270.0,31145.4,145.51,2.94,0.77,28.16,84.7
2026-09-22 12:49:22,LANDING,APP_GS_LOC,WEATHER_RADAR,268.8,31124.4,145.55,1.68,0.6,28.21,84.5
2026-09-22 12:49:24,LANDING,APP_GS_LOC,WEATHER_RADAR,267.6,31101.8,145.55,2.11,-0.26,28.05,84.6
2026-09-22 12:49:26,LANDING,APP_GS_LOC,WEATHER_RADAR,267.0,31082.6,145.55,2.7,0.47,28.22,84.6
2026-09-22 12:49:28,LANDING,APP_GS_LOC,WEATHER_RADAR,266.4,31061.4,145.53,1.88,-0.78,28.32,84.7
2026-09-22 12:49:30,LANDING,APP_GS_LOC,WEATHER_RADAR,265.8,31045.3,145.49,1.07,0.51,28.34,84.6
2026-09-22 12:49:32,LANDING,APP_GS_LOC,WEATHER_RADAR,264.8,31029.7,145.47,2.77,0.86,28.07,84.9
2026-09-22 12:49:34,LANDING,APP_GS_LOC,WEATHER_RADAR,264.0,31011.1,145.47,2.13,-0.84,28.3,84.7
2026-09-22 12:49:36,LANDING,APP_GS_LOC,WEATHER_RADAR,262.5,30986.6,145.47,2.37,-0.34,28.07,84.7
2026-09-22 12:49:38,LANDING,APP_GS_LOC,WEATHER_RADAR,261.5,30970.9,145.49,2.32,-0.82,28.19,84.9
2026-09-22 12:49:40,LANDING,APP_GS_LOC,WEATHER_RADAR,260.5,30945.9,145.47,2.8,0.86,28.27,84.8
2026-09-22 12:49:42,LANDING,APP_GS_LOC,WEATHER_RADAR,259.6,30925.9,145.52,2.51,0.34,28.05,84.7
2026-09-22 12:49:44,LANDING,APP_GS_LOC,WEATHER_RADAR,258.8,30908.1,145.51,1.75,-0.58,28.16,84.8
2026-09-22 12:49:46,LANDING,APP_GS_LOC,WEATHER_RADAR,257.4,30888.4,145.47,2.35,0.15,28.1,84.9
2026-09-22 12:49:48,LANDING,APP_GS_LOC,WEATHER_RADAR,256.1,30864.2,145.47,1.62,-0.65,28.17,84.6
2026-09-22 12:49:50,LANDING,APP_GS_LOC,WEATHER_RADAR,255.0,30845.5,145.45,2.59,-0.49,28.26,85.0
2026-09-22 12:49:52,LANDING,APP_GS_LOC,WEATHER_RADAR,253.8,30823.1,145.49,1.89,-0.67,28.2,84.6
2026-09-22 12:49:54,LANDING,APP_GS_LOC,WEATHER_RADAR,253.1,30808.1,145.52,2.03,-0.73,28.29,84.7
2026-09-22 12:49:56,LANDING,APP_GS_LOC,WEATHER_RADAR,252.1,30787.2,145.5,2.88,0.09,28.05,84.7
2026-09-22 12:49:58,LANDING,APP_GS_LOC,WEATHER_RADAR,250.9,30770.3,145.54,1.04,0.43,28.15,84.8
