incident_id,flight_id,aircraft_id,incident_timestamp,incident_type,severity,resolution_status,airport
IN0000001,FL0001880,AC01144,2026-06-16 18:41:00,Brake Issue,Medium,Open,ATL
IN0000002,FL0011845,AC01171,2026-05-17 00:36:00,Brake Issue,Low,Closed,DFW
IN0000003,FL0004677,AC00125,2026-03-17 23:53:00,Brake Issue,Medium,Open,ORD
IN0000004,FL0011860,AC00616,2026-01-14 01:50:00,Brake Issue,Low,Closed,LHR
IN0000005,FL0003427,AC01035,2026-03-05 09:00:00,Turbulence,Medium,Open,DEN
IN0000006,FL0007125,AC01150,2026-05-17 06:03:00,Brake Issue,Medium,Closed,LHR
IN0000007,FL0012236,AC00117,2026-05-04 07:15:00,Hydraulic Leak,Low,Resolved,MIA
IN0000008,FL0011389,AC00417,2026-04-25 12:50:00,Turbulence,Medium,Investigating,DEL
IN0000009,FL0008912,AC00614,2026-01-06 21:52:00,Bird Strike,Low,Closed,ORD
IN0000010,FL0011436,AC00753,2026-05-17 04:03:00,Navigation Error,Low,Open,LAX
IN0000011,FL0003876,AC00895,2026-01-19 08:01:00,Turbulence,Low,Closed,ORD
IN0000012,FL0002098,AC00901,2026-05-08 01:22:00,Engine Alert,High,Closed,SIN
IN0000013,FL0002791,AC00764,2026-04-11 07:05:00,Bird Strike,Low,Closed,SEA
IN0000014,FL0009801,AC01020,2026-01-03 06:36:00,Turbulence,Medium,Investigating,ATL
IN0000015,FL0013826,AC00319,2026-04-29 20:45:00,Bird Strike,Critical,Closed,LHR
IN0000016,FL0002536,AC01194,2026-04-04 12:25:00,Navigation Error,Low,Resolved,LAX
IN0000017,FL0011071,AC00775,2026-01-18 01:37:00,Navigation Error,Critical,Open,DEL
IN0000018,FL0007534,AC01090,2026-02-18 19:32:00,Weather Alert,Low,Open,SFO
IN0000019,FL0014793,AC00329,2026-04-29 19:14:00,Weather Alert,Low,Closed,LAX
IN0000020,FL0014894,AC00821,2026-04-25 23:50:00,Engine Alert,Critical,Resolved,ORD
IN0000021,FL0014346,AC00634,2026-06-16 10:32:00,Bird Strike,Low,Open,DFW
IN0000022,FL0007791,AC00091,2026-06-23 14:05:00,Engine Alert,Low,Closed,SIN
IN0000023,FL0010964,AC00556,2026-04-26 07:19:00,Brake Issue,Low,Closed,SIN
IN0000024,FL0005168,AC00079,2026-02-04 13:30:00,Weather Alert,Medium,Closed,DEL
IN0000025,FL0003649,AC00973,2026-06-13 10:42:00,Hydraulic Leak,Low,Open,DXB
IN0000026,FL0010113,AC00418,2026-05-12 11:08:00,Weather Alert,Low,Closed,BLR
IN0000027,FL0012439,AC00215,2026-05-09 01:20:00,Hydraulic Leak,Medium,Closed,BLR
IN0000028,FL0000519,AC00822,2026-01-07 11:57:00,Engine Alert,Low,Closed,DFW
IN0000029,FL0009581,AC01187,2026-06-07 03:04:00,Turbulence,Medium,Resolved,BLR
IN0000030,FL0009012,AC00391,2026-04-27 16:41:00,Hydraulic Leak,Low,Investigating,SIN
IN0000031,FL0003109,AC00521,2026-03-01 09:16:00,Bird Strike,Medium,Closed,LAX
IN0000032,FL0011876,AC00801,2026-03-20 13:32:00,Bird Strike,Medium,Resolved,LHR
IN0000033,FL0007168,AC00110,2026-01-12 05:17:00,Navigation Error,Low,Closed,ATL
IN0000034,FL0011254,AC00277,2026-04-10 19:59:00,Bird Strike,Low,Open,SEA
IN0000035,FL0006412,AC01156,2026-06-17 12:04:00,Bird Strike,Low,Investigating,DXB
IN0000036,FL0005459,AC00829,2026-03-25 18:26:00,Weather Alert,High,Resolved,LHR
IN0000037,FL0014376,AC00636,2026-04-16 10:55:00,Navigation Error,Low,Investigating,MIA
IN0000038,FL0007193,AC00692,2026-05-20 15:21:00,Navigation Error,High,Open,BOS
IN0000039,FL0003260,AC00362,2026-06-24 23:16:00,Brake Issue,Medium,Open,SEA
IN0000040,FL0004426,AC00210,2026-05-04 19:38:00,Hydraulic Leak,High,Open,SFO
IN0000041,FL0009877,AC00569,2026-02-14 02:15:00,Brake Issue,Low,Resolved,DFW
IN0000042,FL0001392,AC00167,2026-05-14 19:40:00,Hydraulic Leak,Medium,Resolved,DEN
IN0000043,FL0000467,AC00122,2026-03-20 05:40:00,Weather Alert,Low,Resolved,DEN
IN0000044,FL0008252,AC00405,2026-04-02 14:27:00,Brake Issue,Low,Resolved,ORD
IN0000045,FL0011561,AC00153,2026-04-28 07:23:00,Navigation Error,Medium,Resolved,MIA
IN0000046,FL0002171,AC01162,2026-05-27 22:40:00,Brake Issue,Low,Resolved,MIA
IN0000047,FL0011356,AC00128,2026-01-23 08:00:00,Hydraulic Leak,Medium,Open,JFK
IN0000048,FL0012836,AC00401,2026-03-30 22:43:00,Engine Alert,Medium,Resolved,ATL
IN0000049,FL0002627,AC00301,2026-06-12 04:45:00,Brake Issue,Low,Closed,ATL
IN0000050,FL0006800,AC00350,2026-05-03 03:55:00,Hydraulic Leak,Low,Open,DEL
IN0000051,FL0009332,AC00429,2026-03-21 11:03:00,Brake Issue,Low,Resolved,LAX
IN0000052,FL0009723,AC00318,2026-06-06 12:22:00,Bird Strike,Medium,Resolved,DXB
IN0000053,FL0009233,AC01007,2026-06-03 04:42:00,Engine Alert,Low,Closed,LHR
IN0000054,FL0005507,AC01175,2026-06-04 06:14:00,Turbulence,Medium,Open,LAX
IN0000055,FL0006312,AC01144,2026-02-18 23:46:00,Bird Strike,Low,Closed,DEN
IN0000056,FL0009280,AC01198,2026-06-21 14:29:00,Navigation Error,Medium,Resolved,SIN
IN0000057,FL0005547,AC00464,2026-04-12 04:57:00,Turbulence,Low,Closed,DFW
IN0000058,FL0005126,AC00443,2026-02-14 02:19:00,Weather Alert,Medium,Investigating,JFK
IN0000059,FL0007492,AC00655,2026-03-12 19:13:00,Brake Issue,Low,Open,SFO
IN0000060,FL0011531,AC00488,2026-06-30 01:11:00,Navigation Error,Medium,Closed,JFK
IN0000061,FL0010946,AC00357,2026-06-03 09:03:00,Weather Alert,Medium,Closed,BLR
IN0000062,FL0004023,AC00757,2026-01-23 19:13:00,Hydraulic Leak,Low,Closed,LAX
IN0000063,FL0014901,AC00452,2026-05-16 15:57:00,Bird Strike,Low,Closed,DXB
IN0000064,FL0000691,AC00910,2026-02-20 13:44:00,Engine Alert,Low,Closed,DFW
IN0000065,FL0000185,AC00761,2026-04-27 08:09:00,Turbulence,Low,Closed,BOS
IN0000066,FL0000794,AC00317,2026-06-11 00:41:00,Weather Alert,Low,Investigating,DFW
IN0000067,FL0014210,AC00219,2026-05-09 00:59:00,Navigation Error,Low,Open,ORD
IN0000068,FL0002256,AC00736,2026-01-08 12:49:00,Bird Strike,Medium,Resolved,BOS
IN0000069,FL0009223,AC01150,2026-02-14 06:22:00,Engine Alert,Medium,Open,DFW
IN0000070,FL0011207,AC00342,2026-05-02 17:18:00,Navigation Error,High,Closed,ORD
IN0000071,FL0011634,AC00950,2026-02-18 00:52:00,Navigation Error,Low,Resolved,ATL
IN0000072,FL0009794,AC01042,2026-05-23 03:18:00,Engine Alert,Medium,Investigating,BLR
IN0000073,FL0006147,AC00774,2026-03-21 15:13:00,Hydraulic Leak,Low,Closed,SEA
IN0000074,FL0006911,AC00196,2026-05-30 17:27:00,Hydraulic Leak,Low,Open,LAX
IN0000075,FL0008771,AC00722,2026-04-12 02:27:00,Navigation Error,Medium,Resolved,DEL
IN0000076,FL0001973,AC00722,2026-05-26 22:41:00,Bird Strike,Low,Resolved,SEA
IN0000077,FL0008401,AC00497,2026-06-16 06:24:00,Bird Strike,High,Open,DEL
IN0000078,FL0003997,AC00652,2026-06-02 14:30:00,Navigation Error,Medium,Open,SFO
IN0000079,FL0013831,AC01014,2026-06-22 13:46:00,Brake Issue,Low,Open,BLR
IN0000080,FL0010174,AC00261,2026-05-06 11:31:00,Weather Alert,Medium,Resolved,SIN
IN0000081,FL0011253,AC01188,2026-01-29 17:32:00,Hydraulic Leak,Low,Resolved,BLR
IN0000082,FL0013582,AC00780,2026-03-17 03:34:00,Weather Alert,Low,Resolved,LHR
IN0000083,FL0013610,AC00418,2026-01-18 09:59:00,Navigation Error,High,Investigating,ORD
IN0000084,FL0009333,AC00898,2026-05-29 19:14:00,Engine Alert,Medium,Open,DEL
IN0000085,FL0014657,AC01013,2026-01-14 01:47:00,Navigation Error,Low,Closed,JFK
IN0000086,FL0000284,AC01181,2026-01-17 21:36:00,Weather Alert,Medium,Investigating,MIA
IN0000087,FL0009913,AC00719,2026-06-09 19:18:00,Hydraulic Leak,Low,Resolved,ATL
IN0000088,FL0014371,AC01167,2026-03-21 18:24:00,Bird Strike,Low,Open,BLR
IN0000089,FL0011348,AC00296,2026-01-29 05:51:00,Navigation Error,Low,Resolved,SEA
IN0000090,FL0004417,AC00900,2026-02-16 12:26:00,Brake Issue,Medium,Open,DEL
IN0000091,FL0006573,AC00240,2026-05-13 01:32:00,Bird Strike,Medium,Investigating,LAX
IN0000092,FL0005700,AC00503,2026-06-05 03:31:00,Engine Alert,High,Resolved,LAX
IN0000093,FL0000343,AC00342,2026-04-20 22:45:00,Engine Alert,Low,Open,DEN
IN0000094,FL0012354,AC00698,2026-02-06 11:22:00,Weather Alert,Low,Open,DFW
IN0000095,FL0007111,AC00977,2026-01-10 20:24:00,Turbulence,Low,Resolved,SEA
IN0000096,FL0004647,AC00975,2026-06-13 08:31:00,Navigation Error,Low,Closed,ORD
IN0000097,FL0012976,AC00618,2026-03-21 09:03:00,Turbulence,Medium,Investigating,ATL
IN0000098,FL0000740,AC00808,2026-03-23 14:58:00,Hydraulic Leak,Low,Closed,SFO
IN0000099,FL0004719,AC01045,2026-06-04 10:29:00,Navigation Error,Low,Investigating,ATL
IN0000100,FL0003168,AC01075,2026-02-28 19:03:00,Turbulence,Low,Investigating,DEN
IN0000101,FL0004766,AC01158,2026-04-19 21:06:00,Engine Alert,Low,Resolved,ORD
IN0000102,FL0005246,AC00238,2026-04-23 16:13:00,Hydraulic Leak,High,Open,SIN
IN0000103,FL0001752,AC00594,2026-05-29 15:55:00,Engine Alert,Low,Investigating,LAX
IN0000104,FL0002953,AC00038,2026-04-07 23:54:00,Bird Strike,Low,Open,BOS
IN0000105,FL0003548,AC00262,2026-03-11 22:05:00,Engine Alert,Medium,Investigating,DFW
IN0000106,FL0001455,AC01059,2026-01-22 18:35:00,Turbulence,Critical,Investigating,SEA
IN0000107,FL0004008,AC00089,2026-02-11 21:20:00,Engine Alert,Low,Resolved,LAX
IN0000108,FL0013412,AC00294,2026-01-20 18:26:00,Weather Alert,Medium,Closed,SIN
IN0000109,FL0010503,AC01153,2026-06-22 10:19:00,Engine Alert,High,Resolved,DFW
IN0000110,FL0001267,AC00777,2026-01-24 10:04:00,Bird Strike,Medium,Closed,BLR
IN0000111,FL0010967,AC00718,2026-05-07 02:49:00,Engine Alert,Medium,Open,BOS
IN0000112,FL0011353,AC00477,2026-03-13 04:43:00,Weather Alert,High,Closed,ORD
IN0000113,FL0001560,AC00668,2026-06-29 19:26:00,Hydraulic Leak,Low,Investigating,SIN
IN0000114,FL0004866,AC00650,2026-06-09 23:21:00,Weather Alert,Low,Investigating,ORD
IN0000115,FL0014341,AC00115,2026-02-11 22:27:00,Bird Strike,Low,Open,ATL
IN0000116,FL0014570,AC01011,2026-01-02 22:47:00,Bird Strike,Medium,Closed,LHR
IN0000117,FL0002253,AC00756,2026-05-02 11:36:00,Engine Alert,Medium,Closed,DEN
IN0000118,FL0004102,AC00783,2026-04-08 11:29:00,Bird Strike,Low,Resolved,DFW
IN0000119,FL0007158,AC01082,2026-06-01 16:32:00,Turbulence,Low,Open,DEL
IN0000120,FL0003172,AC00414,2026-06-11 05:14:00,Weather Alert,Medium,Investigating,ATL
IN0000121,FL0001195,AC00777,2026-02-07 06:08:00,Weather Alert,Medium,Closed,SFO
IN0000122,FL0012825,AC00598,2026-05-18 03:50:00,Navigation Error,High,Open,SIN
IN0000123,FL0011349,AC00235,2026-03-16 16:44:00,Weather Alert,Low,Resolved,BOS
IN0000124,FL0011039,AC00349,2026-06-25 02:39:00,Brake Issue,Medium,Closed,DEN
IN0000125,FL0006598,AC00645,2026-01-16 22:30:00,Weather Alert,Low,Investigating,LHR
IN0000126,FL0011800,AC00395,2026-02-27 13:07:00,Hydraulic Leak,Low,Resolved,DXB
IN0000127,FL0014821,AC01039,2026-02-27 16:58:00,Engine Alert,Low,Closed,ORD
IN0000128,FL0007381,AC00844,2026-02-26 23:19:00,Bird Strike,Low,Investigating,MIA
IN0000129,FL0013516,AC00724,2026-05-18 23:52:00,Navigation Error,Medium,Investigating,MIA
IN0000130,FL0003383,AC00307,2026-03-25 18:51:00,Hydraulic Leak,Low,Closed,LAX
IN0000131,FL0002636,AC00695,2026-07-01 16:10:00,Turbulence,Low,Open,LAX
IN0000132,FL0012215,AC00907,2026-06-22 21:33:00,Weather Alert,Medium,Investigating,BOS
IN0000133,FL0001919,AC00293,2026-05-14 06:59:00,Engine Alert,Medium,Investigating,DEL
IN0000134,FL0007874,AC00121,2026-06-23 13:51:00,Hydraulic Leak,Low,Open,SFO
IN0000135,FL0011629,AC00988,2026-02-17 23:23:00,Navigation Error,Medium,Closed,MIA
IN0000136,FL0002726,AC00496,2026-06-05 16:17:00,Weather Alert,Low,Resolved,DEL
IN0000137,FL0004193,AC00791,2026-04-16 21:49:00,Turbulence,Low,Open,DXB
IN0000138,FL0007687,AC00447,2026-05-10 12:31:00,Hydraulic Leak,Critical,Investigating,JFK
IN0000139,FL0000089,AC00502,2026-03-15 00:43:00,Hydraulic Leak,Low,Resolved,MIA
IN0000140,FL0011859,AC00839,2026-05-17 15:10:00,Engine Alert,Medium,Open,JFK
IN0000141,FL0008060,AC01154,2026-03-27 20:05:00,Brake Issue,High,Investigating,MIA
IN0000142,FL0005478,AC00312,2026-06-05 20:07:00,Hydraulic Leak,Low,Investigating,SIN
IN0000143,FL0005330,AC00796,2026-03-02 13:52:00,Hydraulic Leak,Medium,Closed,DEN
IN0000144,FL0004551,AC00248,2026-02-07 16:27:00,Weather Alert,High,Investigating,DXB
IN0000145,FL0001644,AC00624,2026-03-08 09:50:00,Navigation Error,Critical,Investigating,JFK
IN0000146,FL0009529,AC00529,2026-04-26 03:52:00,Weather Alert,Low,Investigating,ORD
IN0000147,FL0003038,AC00159,2026-02-21 21:21:00,Engine Alert,Medium,Investigating,ATL
IN0000148,FL0004967,AC00714,2026-02-12 14:55:00,Weather Alert,Medium,Resolved,DXB
IN0000149,FL0002184,AC00263,2026-01-02 15:25:00,Weather Alert,High,Resolved,SEA
IN0000150,FL0011055,AC00585,2026-02-12 16:17:00,Engine Alert,High,Open,SFO
IN0000151,FL0006141,AC00924,2026-02-22 14:53:00,Weather Alert,High,Open,BOS
IN0000152,FL0006411,AC00679,2026-06-09 02:37:00,Navigation Error,Medium,Open,MIA
IN0000153,FL0005960,AC00985,2026-01-22 17:16:00,Bird Strike,Low,Open,SEA
IN0000154,FL0009612,AC00444,2026-01-08 06:23:00,Weather Alert,Low,Investigating,ATL
IN0000155,FL0009463,AC00112,2026-02-03 17:37:00,Navigation Error,Low,Open,JFK
IN0000156,FL0013031,AC00944,2026-05-17 20:59:00,Weather Alert,Medium,Investigating,BOS
IN0000157,FL0002794,AC00685,2026-01-10 02:44:00,Navigation Error,Medium,Investigating,BOS
IN0000158,FL0003733,AC00832,2026-02-10 03:29:00,Engine Alert,Low,Resolved,SFO
IN0000159,FL0014510,AC00002,2026-02-23 23:11:00,Hydraulic Leak,Medium,Open,DXB
IN0000160,FL0003235,AC00748,2026-04-25 14:55:00,Navigation Error,High,Resolved,DFW
IN0000161,FL0007497,AC00721,2026-05-05 08:45:00,Engine Alert,Medium,Closed,LHR
IN0000162,FL0011738,AC00936,2026-01-28 00:28:00,Bird Strike,Low,Resolved,MIA
IN0000163,FL0014643,AC00198,2026-04-26 09:37:00,Hydraulic Leak,Low,Open,LHR
IN0000164,FL0013638,AC00258,2026-06-24 17:23:00,Engine Alert,Medium,Resolved,LHR
IN0000165,FL0008034,AC00126,2026-02-24 13:37:00,Bird Strike,Medium,Investigating,SEA
IN0000166,FL0006176,AC00661,2026-06-27 23:46:00,Bird Strike,High,Investigating,ORD
IN0000167,FL0011687,AC00330,2026-03-09 13:46:00,Engine Alert,Medium,Investigating,DEL
IN0000168,FL0008574,AC00549,2026-01-02 23:47:00,Engine Alert,Low,Closed,SEA
IN0000169,FL0003713,AC00331,2026-03-18 09:25:00,Navigation Error,Medium,Open,LAX
IN0000170,FL0000189,AC01168,2026-01-30 09:04:00,Turbulence,Low,Investigating,BLR
IN0000171,FL0009913,AC00823,2026-01-29 08:06:00,Engine Alert,Low,Closed,SIN
IN0000172,FL0013981,AC00909,2026-05-15 13:30:00,Weather Alert,Medium,Open,DEN
IN0000173,FL0013727,AC00045,2026-02-25 06:46:00,Hydraulic Leak,Low,Closed,DXB
IN0000174,FL0000606,AC00506,2026-01-08 23:15:00,Bird Strike,Medium,Resolved,BOS
IN0000175,FL0012566,AC00087,2026-02-17 11:09:00,Brake Issue,Low,Resolved,ATL
IN0000176,FL0005172,AC00012,2026-04-09 13:25:00,Bird Strike,High,Resolved,ORD
IN0000177,FL0005731,AC01087,2026-06-12 09:26:00,Brake Issue,High,Resolved,ATL
IN0000178,FL0011645,AC00684,2026-04-15 23:18:00,Hydraulic Leak,High,Resolved,LHR
IN0000179,FL0012644,AC00370,2026-04-21 19:34:00,Brake Issue,Low,Open,DEN
IN0000180,FL0010860,AC01142,2026-03-14 23:49:00,Brake Issue,Low,Resolved,SFO
IN0000181,FL0012405,AC00594,2026-02-08 05:51:00,Turbulence,Medium,Closed,DFW
IN0000182,FL0009453,AC00719,2026-01-22 22:57:00,Engine Alert,High,Closed,MIA
IN0000183,FL0006027,AC01089,2026-04-28 05:27:00,Navigation Error,Low,Open,JFK
IN0000184,FL0002500,AC00296,2026-03-30 18:38:00,Engine Alert,Low,Resolved,DFW
IN0000185,FL0009635,AC00853,2026-01-23 02:59:00,Navigation Error,Medium,Resolved,JFK
IN0000186,FL0001321,AC00198,2026-02-03 12:25:00,Brake Issue,Critical,Open,MIA
IN0000187,FL0010803,AC00691,2026-04-04 07:15:00,Brake Issue,Low,Open,SIN
IN0000188,FL0001781,AC00207,2026-03-29 20:21:00,Bird Strike,Medium,Closed,MIA
IN0000189,FL0003576,AC00032,2026-01-06 23:28:00,Bird Strike,Low,Investigating,LHR
IN0000190,FL0005299,AC00698,2026-06-05 18:59:00,Engine Alert,Medium,Closed,MIA
IN0000191,FL0009942,AC01017,2026-04-16 09:12:00,Bird Strike,Medium,Resolved,SFO
IN0000192,FL0009560,AC00003,2026-03-28 14:17:00,Hydraulic Leak,Low,Open,SIN
IN0000193,FL0010534,AC00637,2026-05-03 04:53:00,Brake Issue,Low,Investigating,BLR
IN0000194,FL0000496,AC01031,2026-06-21 07:11:00,Hydraulic Leak,Low,Open,JFK
IN0000195,FL0002072,AC00041,2026-06-22 07:51:00,Turbulence,Low,Open,LAX
IN0000196,FL0004059,AC00251,2026-06-25 00:38:00,Brake Issue,Medium,Resolved,DFW
IN0000197,FL0001540,AC01008,2026-02-06 13:49:00,Weather Alert,Low,Open,SEA
IN0000198,FL0012492,AC00091,2026-04-28 03:14:00,Hydraulic Leak,Medium,Open,ATL
IN0000199,FL0008047,AC00671,2026-02-15 19:59:00,Turbulence,High,Resolved,BLR
IN0000200,FL0014042,AC01179,2026-01-26 08:38:00,Hydraulic Leak,Low,Open,BLR
IN0000201,FL0011060,AC00763,2026-06-28 17:03:00,Bird Strike,High,Open,LHR
IN0000202,FL0004161,AC00092,2026-03-04 15:10:00,Bird Strike,Medium,Investigating,DEL
IN0000203,FL0003034,AC00548,2026-06-13 12:54:00,Brake Issue,Medium,Investigating,DEL
IN0000204,FL0001258,AC01185,2026-05-16 05:51:00,Bird Strike,High,Investigating,SEA
IN0000205,FL0000038,AC01052,2026-03-28 13:46:00,Engine Alert,Low,Resolved,DXB
IN0000206,FL0001551,AC00565,2026-04-15 20:13:00,Navigation Error,Medium,Open,ORD
IN0000207,FL0004615,AC00544,2026-02-27 13:10:00,Turbulence,Low,Resolved,LAX
IN0000208,FL0000033,AC00181,2026-01-21 22:35:00,Brake Issue,Low,Open,BLR
IN0000209,FL0008633,AC01096,2026-01-29 15:37:00,Navigation Error,Low,Closed,LHR
IN0000210,FL0014193,AC00493,2026-04-24 15:06:00,Navigation Error,Low,Investigating,DFW
IN0000211,FL0006339,AC00139,2026-01-01 10:36:00,Hydraulic Leak,Low,Investigating,DEN
IN0000212,FL0000777,AC00641,2026-06-07 15:58:00,Weather Alert,Low,Investigating,LHR
IN0000213,FL0003662,AC00872,2026-04-13 10:38:00,Brake Issue,Low,Investigating,ATL
IN0000214,FL0001760,AC00873,2026-02-04 07:42:00,Brake Issue,High,Open,LAX
IN0000215,FL0000785,AC00747,2026-01-17 17:11:00,Hydraulic Leak,High,Resolved,DEN
IN0000216,FL0010320,AC00035,2026-02-26 09:10:00,Brake Issue,Low,Closed,ATL
IN0000217,FL0014633,AC00849,2026-03-04 01:28:00,Turbulence,Low,Open,DEN
IN0000218,FL0013323,AC00460,2026-06-24 21:24:00,Hydraulic Leak,Low,Resolved,SEA
IN0000219,FL0001372,AC00786,2026-02-11 13:30:00,Turbulence,Medium,Closed,SFO
IN0000220,FL0011555,AC00771,2026-02-24 03:46:00,Hydraulic Leak,Low,Investigating,DEN
IN0000221,FL0005297,AC00146,2026-02-05 20:34:00,Turbulence,Low,Investigating,DXB
IN0000222,FL0008999,AC00714,2026-03-06 10:58:00,Turbulence,Low,Investigating,LAX
IN0000223,FL0000347,AC00820,2026-02-17 12:41:00,Bird Strike,Medium,Resolved,BLR
IN0000224,FL0000672,AC01098,2026-03-30 11:45:00,Brake Issue,Low,Closed,SEA
IN0000225,FL0013274,AC00905,2026-02-19 01:18:00,Hydraulic Leak,Medium,Resolved,BOS
IN0000226,FL0007351,AC00067,2026-06-14 04:53:00,Weather Alert,Low,Open,ORD
IN0000227,FL0005543,AC00316,2026-01-26 07:06:00,Weather Alert,Medium,Investigating,BLR
IN0000228,FL0003775,AC00286,2026-02-08 06:20:00,Weather Alert,Medium,Resolved,SEA
IN0000229,FL0009585,AC00060,2026-04-11 11:01:00,Brake Issue,Medium,Closed,ORD
IN0000230,FL0006331,AC00810,2026-01-22 08:05:00,Bird Strike,Medium,Closed,ATL
IN0000231,FL0004116,AC00072,2026-03-09 04:06:00,Bird Strike,High,Investigating,SFO
IN0000232,FL0008297,AC00953,2026-01-30 15:21:00,Navigation Error,Low,Resolved,BLR
IN0000233,FL0010694,AC00605,2026-05-17 15:29:00,Navigation Error,Low,Resolved,DEN
IN0000234,FL0002460,AC00168,2026-01-27 19:35:00,Engine Alert,Low,Resolved,ORD
IN0000235,FL0009635,AC00393,2026-02-22 18:10:00,Weather Alert,Low,Resolved,ATL
IN0000236,FL0001681,AC00350,2026-01-13 12:20:00,Weather Alert,Low,Resolved,DEN
IN0000237,FL0001689,AC00197,2026-02-20 15:37:00,Bird Strike,Low,Resolved,DEL
IN0000238,FL0011527,AC00160,2026-03-02 18:13:00,Hydraulic Leak,Low,Closed,SFO
IN0000239,FL0013864,AC01103,2026-03-14 06:38:00,Weather Alert,Medium,Investigating,ATL
IN0000240,FL0012665,AC00714,2026-02-06 13:19:00,Turbulence,Low,Open,SFO
IN0000241,FL0013889,AC00230,2026-04-29 02:26:00,Brake Issue,Medium,Resolved,ATL
IN0000242,FL0006147,AC00184,2026-06-07 15:52:00,Turbulence,Medium,Open,BLR
IN0000243,FL0010334,AC00536,2026-04-30 00:21:00,Engine Alert,Low,Open,LHR
IN0000244,FL0010413,AC01097,2026-03-07 18:05:00,Navigation Error,Medium,Investigating,ORD
IN0000245,FL0001870,AC00219,2026-05-02 15:36:00,Hydraulic Leak,Medium,Closed,MIA
IN0000246,FL0006332,AC00449,2026-03-07 23:54:00,Engine Alert,Medium,Open,SEA
IN0000247,FL0012084,AC00681,2026-06-18 17:07:00,Brake Issue,Medium,Investigating,ORD
IN0000248,FL0010902,AC00843,2026-05-30 23:29:00,Brake Issue,High,Closed,DXB
IN0000249,FL0011209,AC00792,2026-06-16 17:22:00,Navigation Error,Critical,Investigating,SEA
IN0000250,FL0003962,AC01141,2026-06-15 17:11:00,Hydraulic Leak,Medium,Resolved,ATL
IN0000251,FL0004169,AC00615,2026-01-20 07:48:00,Turbulence,Low,Resolved,ORD
IN0000252,FL0002969,AC00027,2026-05-23 18:29:00,Bird Strike,Medium,Resolved,DFW
IN0000253,FL0004324,AC01180,2026-05-31 00:58:00,Hydraulic Leak,Low,Resolved,BOS
IN0000254,FL0004922,AC01098,2026-02-27 23:46:00,Weather Alert,Low,Closed,BOS
IN0000255,FL0009300,AC00176,2026-02-17 02:34:00,Weather Alert,High,Open,ATL
IN0000256,FL0009859,AC00352,2026-06-19 10:23:00,Brake Issue,Medium,Resolved,DEL
IN0000257,FL0009700,AC00680,2026-05-05 17:10:00,Brake Issue,Critical,Open,LHR
IN0000258,FL0000303,AC00846,2026-06-18 22:02:00,Bird Strike,Low,Open,BLR
IN0000259,FL0001124,AC01140,2026-06-15 09:48:00,Engine Alert,Medium,Investigating,ORD
IN0000260,FL0008252,AC00244,2026-05-11 01:32:00,Brake Issue,Low,Investigating,BOS
IN0000261,FL0012207,AC00107,2026-06-03 12:37:00,Turbulence,Medium,Resolved,DEN
IN0000262,FL0010737,AC00142,2026-04-03 11:30:00,Navigation Error,Medium,Open,SFO
IN0000263,FL0009396,AC00317,2026-04-21 20:21:00,Weather Alert,Medium,Resolved,MIA
IN0000264,FL0009864,AC00138,2026-04-06 18:24:00,Weather Alert,Medium,Closed,SIN
IN0000265,FL0014475,AC00264,2026-04-01 02:03:00,Weather Alert,Low,Open,ATL
IN0000266,FL0013001,AC00758,2026-06-10 03:21:00,Weather Alert,Low,Investigating,BLR
IN0000267,FL0006660,AC00927,2026-01-16 07:50:00,Bird Strike,Low,Closed,LHR
IN0000268,FL0014292,AC01148,2026-04-05 17:03:00,Navigation Error,High,Closed,DEN
IN0000269,FL0005483,AC00711,2026-04-23 23:16:00,Engine Alert,Critical,Open,JFK
IN0000270,FL0004226,AC00104,2026-04-25 10:45:00,Engine Alert,Medium,Investigating,BOS
IN0000271,FL0000434,AC00034,2026-03-01 03:24:00,Bird Strike,Low,Investigating,BLR
IN0000272,FL0013803,AC00523,2026-03-01 13:28:00,Navigation Error,Medium,Resolved,SFO
IN0000273,FL0006052,AC01129,2026-04-08 02:51:00,Weather Alert,Low,Investigating,SIN
IN0000274,FL0011816,AC00319,2026-04-29 14:44:00,Brake Issue,High,Investigating,SIN
IN0000275,FL0006893,AC00348,2026-04-16 23:02:00,Weather Alert,Low,Investigating,LHR
IN0000276,FL0003094,AC00137,2026-04-10 04:19:00,Turbulence,Low,Open,ORD
IN0000277,FL0003164,AC00704,2026-01-26 05:39:00,Engine Alert,Medium,Investigating,JFK
IN0000278,FL0000101,AC01131,2026-02-23 18:50:00,Engine Alert,Low,Closed,LHR
IN0000279,FL0012815,AC00620,2026-01-29 14:33:00,Hydraulic Leak,Low,Closed,DXB
IN0000280,FL0005432,AC00007,2026-01-21 07:59:00,Weather Alert,Medium,Open,LAX
IN0000281,FL0011577,AC00323,2026-02-12 10:12:00,Engine Alert,Low,Open,DEL
IN0000282,FL0013869,AC01085,2026-03-14 16:53:00,Engine Alert,Low,Investigating,DXB
IN0000283,FL0004359,AC00352,2026-03-06 22:20:00,Bird Strike,Low,Resolved,ATL
IN0000284,FL0008999,AC00365,2026-05-16 16:48:00,Navigation Error,Medium,Investigating,ORD
IN0000285,FL0000366,AC01022,2026-06-07 15:20:00,Weather Alert,High,Closed,ATL
IN0000286,FL0011550,AC00990,2026-01-13 17:51:00,Weather Alert,High,Resolved,ATL
IN0000287,FL0002585,AC00491,2026-03-27 09:11:00,Brake Issue,High,Investigating,DEN
IN0000288,FL0004631,AC00093,2026-03-25 18:33:00,Brake Issue,Medium,Open,JFK
IN0000289,FL0002529,AC00801,2026-06-12 03:00:00,Hydraulic Leak,Low,Resolved,BLR
IN0000290,FL0002609,AC00692,2026-03-23 16:08:00,Bird Strike,Low,Closed,MIA
IN0000291,FL0000108,AC00175,2026-02-16 22:06:00,Engine Alert,Low,Open,JFK
IN0000292,FL0003323,AC00910,2026-03-16 02:49:00,Brake Issue,High,Open,ORD
IN0000293,FL0000437,AC00538,2026-06-01 16:08:00,Turbulence,High,Closed,LHR
IN0000294,FL0002472,AC01096,2026-05-31 02:07:00,Brake Issue,Low,Closed,BLR
IN0000295,FL0012650,AC00222,2026-05-18 01:50:00,Brake Issue,Medium,Open,SFO
IN0000296,FL0003995,AC00985,2026-03-09 12:39:00,Weather Alert,Low,Resolved,BLR
IN0000297,FL0013729,AC00885,2026-04-22 00:05:00,Brake Issue,High,Closed,SEA
IN0000298,FL0011238,AC00950,2026-05-18 13:20:00,Hydraulic Leak,Low,Resolved,SIN
IN0000299,FL0010273,AC00339,2026-02-18 21:05:00,Turbulence,Low,Open,DFW
IN0000300,FL0004143,AC00778,2026-02-07 14:21:00,Engine Alert,Critical,Investigating,JFK
IN0000301,FL0009059,AC00842,2026-04-18 09:10:00,Navigation Error,Low,Closed,MIA
IN0000302,FL0001906,AC00666,2026-05-18 21:57:00,Brake Issue,Medium,Investigating,DFW
IN0000303,FL0012645,AC00830,2026-05-04 23:55:00,Turbulence,Medium,Resolved,DXB
IN0000304,FL0010664,AC00692,2026-01-13 03:15:00,Turbulence,Medium,Resolved,DEN
IN0000305,FL0005130,AC01021,2026-03-04 00:04:00,Brake Issue,Low,Investigating,SIN
IN0000306,FL0012811,AC00498,2026-04-12 03:00:00,Brake Issue,Low,Open,LHR
IN0000307,FL0010405,AC00997,2026-01-19 00:53:00,Engine Alert,Low,Resolved,ORD
IN0000308,FL0005315,AC00245,2026-01-18 19:58:00,Weather Alert,Medium,Resolved,BOS
IN0000309,FL0013817,AC00411,2026-06-08 06:08:00,Turbulence,Low,Resolved,LHR
IN0000310,FL0012651,AC00498,2026-01-14 21:36:00,Brake Issue,Low,Resolved,SEA
IN0000311,FL0001309,AC00696,2026-03-27 12:09:00,Bird Strike,Medium,Open,LHR
IN0000312,FL0008458,AC01008,2026-04-16 17:09:00,Brake Issue,Medium,Investigating,BOS
IN0000313,FL0013406,AC00531,2026-02-26 07:17:00,Brake Issue,Medium,Open,SIN
IN0000314,FL0001926,AC00105,2026-03-10 20:06:00,Hydraulic Leak,Low,Investigating,SEA
IN0000315,FL0013381,AC00233,2026-03-19 06:08:00,Turbulence,Low,Closed,BLR
IN0000316,FL0010462,AC01153,2026-06-09 08:47:00,Weather Alert,Low,Investigating,SFO
IN0000317,FL0005754,AC00458,2026-03-03 21:42:00,Bird Strike,Medium,Open,BOS
IN0000318,FL0006270,AC00782,2026-05-25 04:45:00,Navigation Error,Low,Resolved,DEN
IN0000319,FL0010769,AC01035,2026-04-09 13:58:00,Bird Strike,Medium,Open,ATL
IN0000320,FL0004130,AC01185,2026-06-16 00:21:00,Brake Issue,Low,Open,SIN
IN0000321,FL0013678,AC01188,2026-02-09 20:06:00,Weather Alert,Medium,Resolved,SEA
IN0000322,FL0012159,AC00141,2026-06-10 19:33:00,Weather Alert,Low,Investigating,BLR
IN0000323,FL0006618,AC00440,2026-02-18 01:44:00,Engine Alert,Low,Closed,SFO
IN0000324,FL0010721,AC00983,2026-01-22 09:35:00,Engine Alert,Low,Closed,BOS
IN0000325,FL0011607,AC00188,2026-03-09 20:56:00,Navigation Error,Medium,Investigating,LHR
IN0000326,FL0003846,AC00622,2026-06-25 10:05:00,Navigation Error,Low,Open,DFW
IN0000327,FL0012404,AC00023,2026-01-28 10:10:00,Bird Strike,Low,Investigating,SFO
IN0000328,FL0002786,AC00968,2026-03-28 20:53:00,Engine Alert,Medium,Closed,SEA
IN0000329,FL0000467,AC00408,2026-05-28 08:46:00,Bird Strike,Low,Investigating,DXB
IN0000330,FL0003830,AC00416,2026-03-13 04:34:00,Bird Strike,Low,Open,BLR
IN0000331,FL0009671,AC00543,2026-04-01 15:07:00,Turbulence,Low,Closed,LHR
IN0000332,FL0000753,AC00993,2026-05-30 03:00:00,Navigation Error,Low,Open,SEA
IN0000333,FL0006105,AC00478,2026-01-07 11:51:00,Turbulence,Medium,Resolved,DEL
IN0000334,FL0004362,AC00505,2026-03-04 15:55:00,Hydraulic Leak,Low,Investigating,LAX
IN0000335,FL0006628,AC00511,2026-04-24 22:16:00,Navigation Error,Low,Closed,DFW
IN0000336,FL0014169,AC00768,2026-06-12 11:09:00,Navigation Error,Low,Resolved,JFK
IN0000337,FL0008924,AC00467,2026-06-30 12:25:00,Brake Issue,Low,Closed,JFK
IN0000338,FL0009622,AC00491,2026-05-02 02:27:00,Engine Alert,Medium,Investigating,DFW
IN0000339,FL0000051,AC00572,2026-03-29 04:39:00,Engine Alert,Low,Investigating,DXB
IN0000340,FL0003415,AC00999,2026-04-29 09:22:00,Engine Alert,Low,Resolved,BLR
IN0000341,FL0000402,AC00194,2026-02-04 17:01:00,Bird Strike,Low,Resolved,ATL
IN0000342,FL0011220,AC00153,2026-03-10 04:38:00,Bird Strike,High,Closed,DEL
IN0000343,FL0004850,AC00215,2026-06-13 07:25:00,Turbulence,Medium,Closed,SIN
IN0000344,FL0000550,AC00369,2026-06-21 12:50:00,Engine Alert,Medium,Closed,SEA
IN0000345,FL0007136,AC00046,2026-05-13 09:58:00,Bird Strike,High,Resolved,DEL
IN0000346,FL0014788,AC00399,2026-02-24 00:32:00,Navigation Error,Medium,Investigating,SEA
IN0000347,FL0009259,AC01039,2026-06-14 12:56:00,Navigation Error,Low,Investigating,BOS
IN0000348,FL0009617,AC00134,2026-03-06 12:20:00,Weather Alert,Low,Investigating,ORD
IN0000349,FL0000815,AC00698,2026-04-05 11:06:00,Hydraulic Leak,Medium,Open,SIN
IN0000350,FL0014784,AC00892,2026-01-20 12:06:00,Weather Alert,Medium,Resolved,DFW
IN0000351,FL0008592,AC00639,2026-05-08 05:15:00,Hydraulic Leak,Medium,Investigating,BOS
IN0000352,FL0005053,AC00277,2026-06-03 12:07:00,Navigation Error,Low,Closed,BLR
IN0000353,FL0007723,AC00788,2026-05-21 07:08:00,Bird Strike,Low,Investigating,BLR
IN0000354,FL0000072,AC01044,2026-03-24 07:03:00,Engine Alert,High,Closed,SIN
IN0000355,FL0014820,AC00495,2026-01-21 20:21:00,Turbulence,Low,Open,LHR
IN0000356,FL0004306,AC00505,2026-03-19 19:12:00,Turbulence,Low,Closed,SEA
IN0000357,FL0003002,AC00955,2026-02-25 16:15:00,Engine Alert,Low,Closed,BOS
IN0000358,FL0007097,AC00463,2026-02-06 14:54:00,Bird Strike,Low,Open,SFO
IN0000359,FL0001162,AC00487,2026-03-12 00:51:00,Hydraulic Leak,Medium,Investigating,LAX
IN0000360,FL0000447,AC00951,2026-05-28 15:33:00,Turbulence,Low,Open,BLR
IN0000361,FL0013521,AC01082,2026-03-13 04:54:00,Bird Strike,High,Investigating,BOS
IN0000362,FL0012054,AC01060,2026-03-18 22:49:00,Brake Issue,Medium,Investigating,LHR
IN0000363,FL0005316,AC01051,2026-06-08 03:53:00,Brake Issue,Medium,Closed,DXB
IN0000364,FL0007602,AC00140,2026-03-13 00:19:00,Weather Alert,Medium,Open,ORD
IN0000365,FL0008710,AC00432,2026-04-16 22:01:00,Turbulence,Low,Closed,ATL
IN0000366,FL0007891,AC01103,2026-02-01 08:41:00,Navigation Error,Low,Open,LAX
IN0000367,FL0005900,AC01190,2026-06-01 20:09:00,Weather Alert,Low,Closed,SEA
IN0000368,FL0010413,AC00473,2026-05-17 20:27:00,Turbulence,Medium,Investigating,DEN
IN0000369,FL0013360,AC00878,2026-04-11 16:30:00,Engine Alert,Medium,Closed,MIA
IN0000370,FL0010360,AC00096,2026-01-21 02:40:00,Weather Alert,Medium,Investigating,LAX
IN0000371,FL0009899,AC00401,2026-02-23 07:54:00,Weather Alert,Critical,Open,DFW
IN0000372,FL0011112,AC01114,2026-06-09 17:07:00,Bird Strike,Low,Resolved,SFO
IN0000373,FL0011563,AC00100,2026-06-08 11:34:00,Engine Alert,Medium,Closed,ORD
IN0000374,FL0000336,AC00585,2026-07-02 05:50:00,Bird Strike,Medium,Resolved,LAX
IN0000375,FL0007421,AC00543,2026-04-17 17:18:00,Brake Issue,Medium,Closed,BOS
IN0000376,FL0005103,AC00878,2026-04-04 11:09:00,Hydraulic Leak,Medium,Investigating,DEN
IN0000377,FL0009673,AC00708,2026-03-10 08:53:00,Bird Strike,Low,Resolved,DEN
IN0000378,FL0006977,AC00701,2026-03-02 15:12:00,Engine Alert,Low,Open,ATL
IN0000379,FL0004897,AC00010,2026-05-17 20:05:00,Turbulence,Medium,Investigating,LAX
IN0000380,FL0011553,AC00513,2026-06-29 00:30:00,Brake Issue,Low,Investigating,DEN
IN0000381,FL0004873,AC00135,2026-04-04 01:15:00,Bird Strike,Low,Closed,DEL
IN0000382,FL0014725,AC00293,2026-03-23 16:03:00,Brake Issue,Medium,Resolved,SEA
IN0000383,FL0010037,AC00001,2026-03-16 07:44:00,Turbulence,Medium,Open,MIA
IN0000384,FL0008155,AC00453,2026-05-06 19:30:00,Hydraulic Leak,Low,Closed,DEN
IN0000385,FL0008891,AC00281,2026-03-17 21:00:00,Turbulence,Medium,Open,BOS
IN0000386,FL0000018,AC00834,2026-06-25 05:20:00,Hydraulic Leak,High,Open,BLR
IN0000387,FL0012668,AC00902,2026-03-05 07:26:00,Bird Strike,Medium,Open,ATL
IN0000388,FL0009932,AC00141,2026-05-28 05:05:00,Brake Issue,Low,Resolved,DEN
IN0000389,FL0004669,AC00422,2026-05-12 15:04:00,Hydraulic Leak,Medium,Closed,LAX
IN0000390,FL0008184,AC01003,2026-04-23 23:40:00,Hydraulic Leak,Low,Open,DFW
IN0000391,FL0005055,AC00552,2026-02-03 22:21:00,Engine Alert,Low,Open,ORD
IN0000392,FL0003489,AC00745,2026-06-07 15:39:00,Hydraulic Leak,Medium,Resolved,DEL
IN0000393,FL0005411,AC01023,2026-02-22 16:26:00,Weather Alert,Medium,Closed,LAX
IN0000394,FL0007326,AC00184,2026-06-30 02:23:00,Weather Alert,Low,Investigating,SEA
IN0000395,FL0011146,AC00985,2026-06-30 04:39:00,Turbulence,Low,Open,DEL
IN0000396,FL0012306,AC00467,2026-03-10 11:04:00,Brake Issue,Low,Closed,DEL
IN0000397,FL0011652,AC00556,2026-02-21 05:39:00,Bird Strike,Medium,Investigating,LHR
IN0000398,FL0013054,AC01077,2026-05-04 16:16:00,Weather Alert,Medium,Investigating,JFK
IN0000399,FL0012910,AC00820,2026-06-06 13:29:00,Engine Alert,Medium,Closed,ATL
IN0000400,FL0002409,AC00586,2026-06-23 19:50:00,Bird Strike,Medium,Closed,SEA
IN0000401,FL0002374,AC01007,2026-03-28 01:38:00,Navigation Error,Low,Closed,MIA
IN0000402,FL0004027,AC00910,2026-03-07 00:40:00,Engine Alert,High,Closed,SFO
IN0000403,FL0014247,AC00204,2026-04-27 20:33:00,Bird Strike,High,Open,BOS
IN0000404,FL0008128,AC01022,2026-01-19 13:16:00,Weather Alert,Medium,Investigating,SIN
IN0000405,FL0012794,AC00306,2026-01-22 19:23:00,Engine Alert,Low,Closed,SEA
IN0000406,FL0005591,AC00892,2026-05-14 20:39:00,Bird Strike,Medium,Resolved,DEN
IN0000407,FL0000232,AC00610,2026-04-30 07:02:00,Turbulence,Medium,Resolved,SIN
IN0000408,FL0010109,AC00581,2026-03-22 21:16:00,Engine Alert,Low,Investigating,SIN
IN0000409,FL0003985,AC00678,2026-05-31 03:58:00,Engine Alert,Medium,Resolved,DFW
IN0000410,FL0000754,AC00901,2026-03-30 02:57:00,Bird Strike,High,Investigating,JFK
IN0000411,FL0012075,AC00588,2026-01-19 11:13:00,Bird Strike,Critical,Open,BLR
IN0000412,FL0002550,AC00553,2026-06-06 01:12:00,Hydraulic Leak,Low,Investigating,SEA
IN0000413,FL0002795,AC00776,2026-05-06 07:37:00,Turbulence,Low,Closed,DEL
IN0000414,FL0009504,AC00810,2026-03-07 01:29:00,Weather Alert,Low,Closed,SFO
IN0000415,FL0001235,AC00798,2026-05-29 02:42:00,Engine Alert,Low,Closed,BOS
IN0000416,FL0003806,AC01011,2026-05-06 12:10:00,Hydraulic Leak,Low,Resolved,ATL
IN0000417,FL0009688,AC00991,2026-05-28 06:02:00,Engine Alert,Medium,Resolved,SIN
IN0000418,FL0014974,AC00043,2026-03-18 01:20:00,Brake Issue,Low,Open,DFW
IN0000419,FL0003202,AC00437,2026-03-26 23:04:00,Bird Strike,Low,Resolved,DXB
IN0000420,FL0013801,AC00195,2026-03-04 00:40:00,Navigation Error,Low,Closed,ATL
IN0000421,FL0014821,AC01150,2026-03-11 06:10:00,Weather Alert,Low,Closed,LAX
IN0000422,FL0005517,AC00278,2026-03-02 12:50:00,Navigation Error,Medium,Resolved,BOS
IN0000423,FL0008288,AC00937,2026-06-09 08:04:00,Hydraulic Leak,Medium,Open,LAX
IN0000424,FL0010985,AC00147,2026-01-12 08:09:00,Hydraulic Leak,Medium,Investigating,ATL
IN0000425,FL0003116,AC00750,2026-03-24 21:09:00,Bird Strike,Medium,Investigating,BOS
IN0000426,FL0008374,AC01022,2026-05-18 03:09:00,Bird Strike,Medium,Investigating,LHR
IN0000427,FL0006603,AC00358,2026-03-21 19:02:00,Weather Alert,Medium,Closed,MIA
IN0000428,FL0013115,AC01190,2026-02-13 09:01:00,Bird Strike,High,Resolved,SFO
IN0000429,FL0001758,AC00219,2026-05-06 17:04:00,Turbulence,Medium,Resolved,LAX
IN0000430,FL0008758,AC00394,2026-02-04 15:55:00,Bird Strike,Medium,Investigating,SEA
IN0000431,FL0000505,AC00701,2026-06-10 01:13:00,Engine Alert,Medium,Investigating,DEN
IN0000432,FL0012807,AC00150,2026-05-25 16:20:00,Brake Issue,Low,Investigating,BOS
IN0000433,FL0011978,AC00097,2026-05-30 00:28:00,Navigation Error,Low,Closed,SIN
IN0000434,FL0004197,AC00510,2026-03-16 02:30:00,Engine Alert,Low,Open,DEL
IN0000435,FL0000377,AC00939,2026-03-20 01:12:00,Weather Alert,Low,Closed,SFO
IN0000436,FL0000917,AC00521,2026-03-17 22:33:00,Engine Alert,Medium,Investigating,LHR
IN0000437,FL0006627,AC00117,2026-02-10 03:39:00,Engine Alert,Low,Closed,BLR
IN0000438,FL0000506,AC00901,2026-03-11 00:02:00,Brake Issue,Medium,Resolved,SEA
IN0000439,FL0002188,AC00258,2026-01-04 07:08:00,Engine Alert,Low,Resolved,SFO
IN0000440,FL0008910,AC00551,2026-05-05 01:18:00,Turbulence,Low,Open,SIN
IN0000441,FL0009529,AC00500,2026-02-25 07:54:00,Brake Issue,Medium,Open,DFW
IN0000442,FL0004001,AC00287,2026-02-18 23:35:00,Brake Issue,Low,Resolved,LAX
IN0000443,FL0008955,AC00960,2026-05-15 00:19:00,Brake Issue,High,Closed,SIN
IN0000444,FL0003653,AC01080,2026-05-08 04:03:00,Navigation Error,Low,Investigating,LAX
IN0000445,FL0008390,AC01069,2026-04-16 06:04:00,Brake Issue,Low,Open,JFK
IN0000446,FL0011066,AC00105,2026-02-27 21:43:00,Navigation Error,Medium,Investigating,DEL
IN0000447,FL0008754,AC00741,2026-03-29 03:50:00,Weather Alert,Medium,Open,DEL
IN0000448,FL0012907,AC00776,2026-05-15 03:33:00,Hydraulic Leak,High,Open,DEL
IN0000449,FL0004312,AC00056,2026-03-10 19:48:00,Bird Strike,Low,Resolved,DFW
IN0000450,FL0012157,AC00565,2026-03-24 00:19:00,Turbulence,Low,Resolved,LHR
IN0000451,FL0000935,AC00230,2026-03-24 21:14:00,Engine Alert,Medium,Investigating,BLR
IN0000452,FL0001279,AC00638,2026-06-03 00:23:00,Brake Issue,Low,Open,DEL
IN0000453,FL0006028,AC00225,2026-05-26 10:54:00,Turbulence,Low,Closed,DEN
IN0000454,FL0006169,AC00269,2026-02-07 01:22:00,Navigation Error,Low,Investigating,SIN
IN0000455,FL0000853,AC00800,2026-03-05 07:44:00,Turbulence,Low,Resolved,SFO
IN0000456,FL0012985,AC00453,2026-01-08 22:39:00,Hydraulic Leak,Medium,Resolved,DEN
IN0000457,FL0010786,AC00652,2026-05-02 23:17:00,Brake Issue,High,Closed,ATL
IN0000458,FL0006541,AC00827,2026-02-10 08:52:00,Bird Strike,Medium,Investigating,ORD
IN0000459,FL0006919,AC00750,2026-02-18 15:48:00,Engine Alert,Low,Investigating,BOS
IN0000460,FL0014997,AC01066,2026-06-08 22:10:00,Turbulence,Low,Investigating,DEL
IN0000461,FL0009021,AC00733,2026-01-05 11:48:00,Hydraulic Leak,Low,Investigating,LAX
IN0000462,FL0007485,AC00876,2026-01-25 02:35:00,Turbulence,Low,Resolved,LAX
IN0000463,FL0007841,AC00419,2026-04-03 09:01:00,Brake Issue,Low,Open,ORD
IN0000464,FL0006428,AC00040,2026-03-08 20:16:00,Engine Alert,Low,Open,DFW
IN0000465,FL0010260,AC00455,2026-05-21 16:33:00,Navigation Error,High,Closed,LAX
IN0000466,FL0009828,AC00249,2026-04-24 21:05:00,Turbulence,Medium,Resolved,SFO
IN0000467,FL0008426,AC00452,2026-02-07 06:19:00,Engine Alert,Low,Investigating,DXB
IN0000468,FL0008941,AC00388,2026-02-22 21:58:00,Weather Alert,High,Open,MIA
IN0000469,FL0005898,AC00955,2026-04-15 05:28:00,Weather Alert,Low,Investigating,MIA
IN0000470,FL0004353,AC00962,2026-02-27 12:39:00,Weather Alert,Medium,Open,DEN
IN0000471,FL0008776,AC01163,2026-03-28 15:31:00,Engine Alert,High,Resolved,SIN
IN0000472,FL0012897,AC01195,2026-03-15 08:19:00,Bird Strike,Low,Resolved,SEA
IN0000473,FL0001073,AC00352,2026-07-01 13:16:00,Weather Alert,Low,Closed,LHR
IN0000474,FL0009248,AC00516,2026-01-24 00:44:00,Engine Alert,Medium,Investigating,ATL
IN0000475,FL0009374,AC01098,2026-01-16 21:56:00,Hydraulic Leak,Low,Closed,JFK
IN0000476,FL0012959,AC00337,2026-05-08 01:17:00,Engine Alert,Low,Resolved,DFW
IN0000477,FL0007865,AC00531,2026-04-17 18:59:00,Turbulence,High,Resolved,BLR
IN0000478,FL0005084,AC00114,2026-04-23 17:25:00,Hydraulic Leak,Medium,Resolved,BOS
IN0000479,FL0006404,AC01056,2026-01-07 07:41:00,Brake Issue,Low,Investigating,DEL
IN0000480,FL0003152,AC00544,2026-01-11 19:11:00,Turbulence,High,Investigating,DEL
IN0000481,FL0008204,AC00301,2026-05-16 14:51:00,Navigation Error,Low,Resolved,JFK
IN0000482,FL0010563,AC00908,2026-04-24 18:47:00,Weather Alert,Low,Open,JFK
IN0000483,FL0005708,AC00053,2026-03-13 13:57:00,Navigation Error,Low,Open,SIN
IN0000484,FL0005394,AC00802,2026-02-19 11:51:00,Turbulence,Low,Open,JFK
IN0000485,FL0014105,AC00905,2026-03-21 14:50:00,Brake Issue,Low,Open,ORD
IN0000486,FL0003539,AC00504,2026-05-13 07:06:00,Weather Alert,High,Investigating,DEN
IN0000487,FL0001893,AC00632,2026-01-15 04:40:00,Engine Alert,Medium,Investigating,JFK
IN0000488,FL0000269,AC00633,2026-02-04 21:01:00,Brake Issue,Low,Investigating,DEL
IN0000489,FL0006081,AC00865,2026-01-23 18:37:00,Hydraulic Leak,Medium,Resolved,DEL
IN0000490,FL0008514,AC00727,2026-06-05 12:25:00,Engine Alert,Medium,Resolved,MIA
IN0000491,FL0011352,AC01107,2026-02-26 10:50:00,Bird Strike,Medium,Closed,BLR
IN0000492,FL0009252,AC00003,2026-07-01 02:15:00,Navigation Error,High,Resolved,DEN
IN0000493,FL0007814,AC00582,2026-03-04 01:23:00,Engine Alert,Low,Investigating,DFW
IN0000494,FL0014061,AC01065,2026-05-08 03:04:00,Brake Issue,Low,Investigating,DEL
IN0000495,FL0001755,AC00317,2026-02-03 01:45:00,Bird Strike,Low,Investigating,DFW
IN0000496,FL0013630,AC00914,2026-04-18 18:42:00,Bird Strike,Low,Investigating,DFW
IN0000497,FL0000091,AC00794,2026-06-24 18:18:00,Bird Strike,Medium,Closed,LHR
IN0000498,FL0006982,AC00931,2026-02-06 10:23:00,Brake Issue,Medium,Open,ORD
IN0000499,FL0014814,AC01110,2026-05-12 14:59:00,Bird Strike,High,Closed,SFO
IN0000500,FL0004575,AC00061,2026-05-23 19:30:00,Weather Alert,Medium,Resolved,BLR
IN0000501,FL0003915,AC00394,2026-04-19 17:04:00,Turbulence,Medium,Resolved,JFK
IN0000502,FL0002593,AC01033,2026-01-19 05:25:00,Weather Alert,Medium,Investigating,ORD
IN0000503,FL0001184,AC00952,2026-01-19 21:05:00,Brake Issue,Low,Investigating,SFO
IN0000504,FL0000937,AC00266,2026-06-20 11:50:00,Turbulence,Low,Investigating,DEL
IN0000505,FL0005948,AC00472,2026-01-29 15:09:00,Turbulence,High,Closed,SIN
IN0000506,FL0000918,AC01179,2026-04-17 11:03:00,Engine Alert,Low,Open,DXB
IN0000507,FL0014138,AC00590,2026-07-01 15:57:00,Brake Issue,Medium,Open,SEA
IN0000508,FL0013253,AC01116,2026-01-10 00:26:00,Weather Alert,Medium,Investigating,ATL
IN0000509,FL0006464,AC00609,2026-05-18 15:45:00,Bird Strike,High,Open,DXB
IN0000510,FL0001961,AC01182,2026-05-07 12:32:00,Engine Alert,Low,Investigating,BOS
IN0000511,FL0000568,AC00188,2026-02-17 15:40:00,Hydraulic Leak,Critical,Open,BOS
IN0000512,FL0007764,AC01169,2026-04-19 08:03:00,Navigation Error,Low,Investigating,ORD
IN0000513,FL0006125,AC00144,2026-07-02 05:44:00,Turbulence,Low,Closed,SFO
IN0000514,FL0007467,AC00473,2026-01-25 02:58:00,Weather Alert,Medium,Open,LHR
IN0000515,FL0002812,AC00662,2026-05-25 01:12:00,Turbulence,Low,Investigating,BLR
IN0000516,FL0006839,AC00546,2026-02-26 22:47:00,Bird Strike,Low,Resolved,BOS
IN0000517,FL0001485,AC00557,2026-01-01 02:26:00,Navigation Error,Low,Resolved,BOS
IN0000518,FL0008354,AC00609,2026-05-15 10:03:00,Engine Alert,Low,Open,ATL
IN0000519,FL0000852,AC00700,2026-01-30 00:59:00,Weather Alert,Medium,Closed,DXB
IN0000520,FL0001998,AC00650,2026-05-11 20:51:00,Engine Alert,High,Closed,DEN
IN0000521,FL0006868,AC00778,2026-05-11 03:43:00,Hydraulic Leak,Low,Investigating,SIN
IN0000522,FL0014286,AC01160,2026-01-14 14:46:00,Brake Issue,Medium,Resolved,SIN
IN0000523,FL0012426,AC00684,2026-03-08 18:40:00,Bird Strike,High,Closed,DXB
IN0000524,FL0007148,AC01183,2026-06-20 18:30:00,Engine Alert,Low,Resolved,DEL
IN0000525,FL0010161,AC01102,2026-03-14 09:57:00,Hydraulic Leak,Medium,Closed,SIN
IN0000526,FL0006539,AC00656,2026-06-23 18:14:00,Hydraulic Leak,High,Investigating,ORD
IN0000527,FL0010971,AC01132,2026-06-19 12:21:00,Turbulence,Low,Investigating,BOS
IN0000528,FL0010663,AC00880,2026-01-12 00:57:00,Hydraulic Leak,Low,Resolved,BOS
IN0000529,FL0003638,AC00596,2026-06-28 03:31:00,Bird Strike,Low,Open,DEN
IN0000530,FL0002990,AC01067,2026-05-10 15:16:00,Brake Issue,Medium,Investigating,LHR
IN0000531,FL0001220,AC00852,2026-04-28 13:01:00,Turbulence,High,Investigating,DXB
IN0000532,FL0006123,AC00120,2026-05-16 04:23:00,Brake Issue,Low,Open,DXB
IN0000533,FL0009625,AC00098,2026-03-06 18:05:00,Bird Strike,Medium,Resolved,DEL
IN0000534,FL0003589,AC01103,2026-05-18 20:25:00,Brake Issue,Low,Investigating,MIA
IN0000535,FL0010858,AC00321,2026-01-16 20:36:00,Turbulence,High,Resolved,LHR
IN0000536,FL0011826,AC00050,2026-01-29 17:56:00,Hydraulic Leak,High,Closed,DEL
IN0000537,FL0008708,AC00527,2026-04-10 20:02:00,Bird Strike,Low,Open,SIN
IN0000538,FL0009852,AC00542,2026-02-12 11:43:00,Navigation Error,Medium,Resolved,BOS
IN0000539,FL0003809,AC00007,2026-05-18 11:09:00,Navigation Error,High,Open,SIN
IN0000540,FL0012385,AC00053,2026-05-31 00:47:00,Weather Alert,Medium,Investigating,BOS
IN0000541,FL0004942,AC00713,2026-04-29 11:16:00,Navigation Error,Low,Resolved,SIN
IN0000542,FL0008510,AC00699,2026-06-08 09:32:00,Hydraulic Leak,Low,Closed,DFW
IN0000543,FL0012326,AC00043,2026-01-14 06:06:00,Bird Strike,Low,Resolved,LHR
IN0000544,FL0002052,AC00572,2026-01-04 12:48:00,Weather Alert,Low,Resolved,SEA
IN0000545,FL0008091,AC00078,2026-06-05 16:55:00,Bird Strike,High,Open,DXB
IN0000546,FL0014374,AC00911,2026-03-23 15:18:00,Turbulence,Medium,Closed,BOS
IN0000547,FL0001379,AC00890,2026-04-22 13:10:00,Weather Alert,Medium,Open,ATL
IN0000548,FL0002361,AC00472,2026-06-25 21:58:00,Engine Alert,Medium,Resolved,LAX
IN0000549,FL0001483,AC00505,2026-02-18 23:10:00,Turbulence,High,Resolved,DEL
IN0000550,FL0008008,AC00838,2026-03-23 00:18:00,Brake Issue,Low,Open,SIN
IN0000551,FL0004373,AC01088,2026-06-23 09:49:00,Engine Alert,Low,Closed,ATL
IN0000552,FL0014592,AC00560,2026-02-06 12:24:00,Turbulence,Low,Investigating,DEN
IN0000553,FL0013189,AC01049,2026-02-26 22:21:00,Weather Alert,Low,Resolved,DEN
IN0000554,FL0009422,AC00664,2026-04-09 09:01:00,Hydraulic Leak,Low,Investigating,LHR
IN0000555,FL0003734,AC00700,2026-04-16 01:47:00,Brake Issue,Medium,Open,DEN
IN0000556,FL0007749,AC00115,2026-03-15 06:58:00,Weather Alert,Low,Closed,LAX
IN0000557,FL0006763,AC00784,2026-05-01 06:58:00,Brake Issue,High,Resolved,DEL
IN0000558,FL0002910,AC00123,2026-01-15 18:51:00,Hydraulic Leak,Medium,Open,LAX
IN0000559,FL0014725,AC00456,2026-06-19 06:54:00,Hydraulic Leak,Low,Closed,ORD
IN0000560,FL0005846,AC00444,2026-04-24 02:58:00,Weather Alert,High,Investigating,SIN
IN0000561,FL0011489,AC00593,2026-05-28 07:09:00,Hydraulic Leak,Medium,Investigating,SEA
IN0000562,FL0005236,AC00547,2026-01-15 23:05:00,Hydraulic Leak,Medium,Closed,BOS
IN0000563,FL0002658,AC01190,2026-05-28 03:33:00,Bird Strike,Low,Investigating,DFW
IN0000564,FL0006706,AC00452,2026-02-21 12:20:00,Turbulence,Low,Investigating,DEN
IN0000565,FL0006576,AC00001,2026-03-03 21:51:00,Brake Issue,Low,Investigating,BLR
IN0000566,FL0004861,AC01077,2026-02-21 17:04:00,Turbulence,Low,Resolved,DEL
IN0000567,FL0010381,AC00262,2026-05-21 00:28:00,Engine Alert,Low,Open,SEA
IN0000568,FL0012229,AC00692,2026-03-03 10:19:00,Bird Strike,High,Open,ORD
IN0000569,FL0003000,AC00065,2026-05-13 16:34:00,Bird Strike,Low,Closed,DEL
IN0000570,FL0009737,AC00133,2026-01-08 10:57:00,Weather Alert,Medium,Resolved,BOS
IN0000571,FL0010347,AC00152,2026-03-28 14:38:00,Hydraulic Leak,High,Closed,MIA
IN0000572,FL0000139,AC01093,2026-04-10 10:50:00,Brake Issue,Low,Open,DFW
IN0000573,FL0009116,AC00077,2026-02-09 17:38:00,Weather Alert,Medium,Resolved,ATL
IN0000574,FL0001545,AC00814,2026-01-01 07:54:00,Hydraulic Leak,Critical,Closed,ORD
IN0000575,FL0002148,AC00087,2026-06-23 19:57:00,Navigation Error,Low,Resolved,BOS
IN0000576,FL0003309,AC01088,2026-04-08 12:15:00,Brake Issue,Low,Closed,LHR
IN0000577,FL0004682,AC01180,2026-05-29 01:15:00,Navigation Error,Medium,Resolved,SEA
IN0000578,FL0001680,AC00523,2026-05-01 04:23:00,Bird Strike,High,Investigating,SIN
IN0000579,FL0000918,AC00910,2026-01-14 18:10:00,Bird Strike,Medium,Resolved,MIA
IN0000580,FL0007564,AC00676,2026-03-04 10:26:00,Weather Alert,Low,Investigating,BLR
IN0000581,FL0003574,AC00800,2026-04-04 03:09:00,Engine Alert,Medium,Investigating,ATL
IN0000582,FL0010428,AC00855,2026-02-20 23:51:00,Navigation Error,Medium,Closed,DFW
IN0000583,FL0011164,AC01000,2026-04-29 16:46:00,Hydraulic Leak,High,Resolved,LHR
IN0000584,FL0008668,AC00942,2026-04-20 21:33:00,Bird Strike,Low,Open,SIN
IN0000585,FL0001402,AC01049,2026-05-27 19:38:00,Engine Alert,Low,Closed,SEA
IN0000586,FL0000722,AC00634,2026-03-23 14:31:00,Weather Alert,Low,Resolved,LAX
IN0000587,FL0005269,AC01127,2026-06-21 02:42:00,Hydraulic Leak,High,Open,MIA
IN0000588,FL0006322,AC00634,2026-07-02 10:16:00,Navigation Error,Low,Investigating,SEA
IN0000589,FL0004734,AC00470,2026-02-25 03:16:00,Bird Strike,Low,Open,DEL
IN0000590,FL0006794,AC00863,2026-04-16 20:02:00,Navigation Error,Low,Resolved,DEL
IN0000591,FL0011536,AC00297,2026-05-13 03:21:00,Hydraulic Leak,Medium,Investigating,LHR
IN0000592,FL0007406,AC01050,2026-06-10 04:22:00,Bird Strike,Medium,Investigating,DXB
IN0000593,FL0001358,AC01058,2026-03-06 22:17:00,Hydraulic Leak,Low,Open,DXB
IN0000594,FL0002551,AC00045,2026-05-30 18:54:00,Hydraulic Leak,Medium,Closed,DEL
IN0000595,FL0005203,AC00942,2026-01-12 13:34:00,Weather Alert,Low,Investigating,BOS
IN0000596,FL0000982,AC00983,2026-01-18 09:45:00,Engine Alert,Medium,Closed,SIN
IN0000597,FL0011278,AC01129,2026-03-25 08:18:00,Turbulence,Low,Open,LAX
IN0000598,FL0000946,AC00226,2026-05-27 14:46:00,Navigation Error,High,Open,MIA
IN0000599,FL0004085,AC00458,2026-04-01 05:53:00,Hydraulic Leak,High,Closed,JFK
IN0000600,FL0012317,AC00398,2026-04-22 15:49:00,Weather Alert,High,Resolved,SFO
IN0000601,FL0007793,AC00621,2026-02-22 10:34:00,Turbulence,Low,Closed,BLR
IN0000602,FL0002207,AC00287,2026-02-02 08:53:00,Brake Issue,High,Investigating,DFW
IN0000603,FL0011879,AC00392,2026-06-10 16:15:00,Hydraulic Leak,High,Open,DFW
IN0000604,FL0009490,AC00484,2026-06-08 05:24:00,Hydraulic Leak,Low,Resolved,SFO
IN0000605,FL0001383,AC00037,2026-04-04 11:54:00,Hydraulic Leak,High,Resolved,ORD
IN0000606,FL0014060,AC01026,2026-01-26 10:47:00,Turbulence,Low,Investigating,SEA
IN0000607,FL0006523,AC00959,2026-04-16 03:08:00,Navigation Error,High,Resolved,ATL
IN0000608,FL0000357,AC00566,2026-02-01 17:08:00,Bird Strike,Low,Open,ORD
IN0000609,FL0001859,AC00232,2026-04-28 05:26:00,Weather Alert,Medium,Resolved,MIA
IN0000610,FL0000253,AC00629,2026-01-01 23:31:00,Navigation Error,Medium,Closed,SEA
IN0000611,FL0008127,AC00207,2026-06-08 01:22:00,Engine Alert,High,Resolved,BLR
IN0000612,FL0005577,AC00943,2026-03-07 15:10:00,Engine Alert,Medium,Investigating,SIN
IN0000613,FL0009175,AC00438,2026-01-04 09:51:00,Weather Alert,High,Closed,DXB
IN0000614,FL0000974,AC00810,2026-06-13 11:17:00,Bird Strike,Low,Open,LAX
IN0000615,FL0009835,AC00544,2026-01-26 06:07:00,Brake Issue,Medium,Open,DEL
IN0000616,FL0014749,AC00353,2026-04-17 11:28:00,Brake Issue,Low,Open,JFK
IN0000617,FL0011634,AC00178,2026-04-16 21:02:00,Turbulence,Medium,Open,SIN
IN0000618,FL0010379,AC00370,2026-06-17 12:06:00,Turbulence,Medium,Investigating,DXB
IN0000619,FL0013806,AC00266,2026-05-07 18:45:00,Engine Alert,Medium,Closed,BOS
IN0000620,FL0004221,AC00435,2026-01-18 23:13:00,Engine Alert,Medium,Investigating,DFW
IN0000621,FL0014631,AC00123,2026-06-11 18:52:00,Hydraulic Leak,Low,Open,ORD
IN0000622,FL0012212,AC00844,2026-02-17 10:05:00,Weather Alert,Critical,Investigating,SFO
IN0000623,FL0010086,AC00045,2026-03-14 02:12:00,Bird Strike,Low,Investigating,ATL
IN0000624,FL0000380,AC00839,2026-01-26 19:56:00,Bird Strike,Low,Investigating,ATL
IN0000625,FL0011950,AC00683,2026-03-21 02:08:00,Engine Alert,High,Investigating,BOS
IN0000626,FL0006156,AC00664,2026-03-27 11:50:00,Brake Issue,High,Open,LHR
IN0000627,FL0004893,AC00172,2026-04-22 14:53:00,Brake Issue,Low,Closed,JFK
IN0000628,FL0010506,AC00688,2026-04-10 22:13:00,Turbulence,Low,Investigating,BLR
IN0000629,FL0003497,AC00959,2026-02-24 21:52:00,Brake Issue,Medium,Resolved,BOS
IN0000630,FL0008831,AC00994,2026-01-11 10:03:00,Navigation Error,Medium,Closed,ATL
IN0000631,FL0004108,AC00122,2026-05-25 05:28:00,Turbulence,Low,Investigating,SIN
IN0000632,FL0014401,AC00788,2026-04-05 04:45:00,Bird Strike,Low,Investigating,BOS
IN0000633,FL0013978,AC01168,2026-04-26 20:20:00,Turbulence,Low,Investigating,JFK
IN0000634,FL0012709,AC01097,2026-02-21 05:25:00,Navigation Error,Low,Investigating,SEA
IN0000635,FL0010935,AC00801,2026-01-11 00:26:00,Bird Strike,Medium,Open,DEL
IN0000636,FL0001891,AC01182,2026-03-20 20:41:00,Hydraulic Leak,Medium,Investigating,DEL
IN0000637,FL0004933,AC00948,2026-04-07 00:00:00,Turbulence,Medium,Investigating,SEA
IN0000638,FL0003514,AC00181,2026-06-23 03:09:00,Bird Strike,Medium,Closed,MIA
IN0000639,FL0007353,AC00996,2026-01-08 12:59:00,Hydraulic Leak,Medium,Investigating,ATL
IN0000640,FL0014849,AC01135,2026-03-03 11:07:00,Weather Alert,Low,Resolved,BOS
IN0000641,FL0013977,AC00098,2026-01-19 15:53:00,Navigation Error,Medium,Closed,BOS
IN0000642,FL0011933,AC00925,2026-03-03 01:33:00,Engine Alert,Low,Closed,DEN
IN0000643,FL0013109,AC01076,2026-03-04 08:36:00,Hydraulic Leak,Medium,Closed,BLR
IN0000644,FL0005254,AC00240,2026-05-05 07:46:00,Engine Alert,Medium,Open,DEN
IN0000645,FL0000846,AC00150,2026-05-11 13:10:00,Bird Strike,Low,Closed,ATL
IN0000646,FL0005652,AC00997,2026-06-21 14:04:00,Hydraulic Leak,Medium,Open,BLR
IN0000647,FL0002238,AC00868,2026-06-02 20:03:00,Engine Alert,Medium,Resolved,ATL
IN0000648,FL0001749,AC00759,2026-06-17 15:47:00,Brake Issue,Low,Resolved,BLR
IN0000649,FL0010405,AC00837,2026-03-21 16:59:00,Bird Strike,High,Resolved,BOS
IN0000650,FL0008201,AC01198,2026-04-01 04:19:00,Engine Alert,Medium,Open,DEN
IN0000651,FL0005386,AC00772,2026-03-14 20:10:00,Hydraulic Leak,Low,Open,ATL
IN0000652,FL0006841,AC00570,2026-06-09 05:21:00,Turbulence,High,Resolved,ATL
IN0000653,FL0009165,AC01050,2026-03-26 14:27:00,Navigation Error,Low,Closed,DFW
IN0000654,FL0007890,AC00676,2026-04-13 00:40:00,Weather Alert,Medium,Open,DEL
IN0000655,FL0000948,AC00976,2026-05-05 15:44:00,Turbulence,Medium,Open,MIA
IN0000656,FL0013229,AC00817,2026-03-23 02:49:00,Brake Issue,High,Open,DEN
IN0000657,FL0003727,AC00976,2026-03-25 18:12:00,Turbulence,Low,Closed,JFK
IN0000658,FL0001877,AC00203,2026-02-01 04:43:00,Brake Issue,Low,Resolved,SIN
IN0000659,FL0005154,AC00667,2026-06-06 22:52:00,Navigation Error,Low,Investigating,DFW
IN0000660,FL0007021,AC01138,2026-01-21 02:01:00,Weather Alert,Low,Closed,BOS
IN0000661,FL0010271,AC00548,2026-02-13 12:48:00,Weather Alert,High,Open,SEA
IN0000662,FL0008437,AC00468,2026-04-27 01:00:00,Hydraulic Leak,High,Closed,SEA
IN0000663,FL0005914,AC00677,2026-04-30 20:37:00,Navigation Error,Medium,Closed,SIN
IN0000664,FL0001463,AC00760,2026-04-24 21:42:00,Bird Strike,Low,Closed,DEL
IN0000665,FL0012891,AC01117,2026-04-04 20:22:00,Weather Alert,Medium,Resolved,LHR
IN0000666,FL0002934,AC00200,2026-06-21 07:55:00,Turbulence,Medium,Open,BOS
IN0000667,FL0006474,AC01070,2026-02-28 13:38:00,Brake Issue,Medium,Closed,SEA
IN0000668,FL0007053,AC00607,2026-03-12 13:21:00,Turbulence,Medium,Investigating,ORD
IN0000669,FL0007314,AC00223,2026-05-14 16:51:00,Turbulence,Medium,Resolved,LHR
IN0000670,FL0001990,AC00649,2026-02-14 02:08:00,Brake Issue,Medium,Resolved,DEN
IN0000671,FL0008207,AC00377,2026-01-08 10:00:00,Bird Strike,High,Investigating,SFO
IN0000672,FL0001518,AC01023,2026-05-20 09:16:00,Engine Alert,High,Open,DEN
IN0000673,FL0014557,AC00514,2026-03-21 04:29:00,Bird Strike,Low,Closed,DEN
IN0000674,FL0002219,AC00300,2026-06-17 00:01:00,Weather Alert,Low,Closed,DEL
IN0000675,FL0003465,AC00690,2026-06-03 20:19:00,Engine Alert,Low,Closed,ORD
IN0000676,FL0001752,AC01010,2026-07-01 04:47:00,Bird Strike,High,Resolved,LAX
IN0000677,FL0010231,AC00338,2026-01-23 13:37:00,Brake Issue,High,Resolved,DEL
IN0000678,FL0000962,AC01198,2026-05-04 11:44:00,Weather Alert,Critical,Investigating,LHR
IN0000679,FL0008954,AC00798,2026-01-16 22:55:00,Turbulence,Low,Resolved,ORD
IN0000680,FL0013159,AC00057,2026-04-01 22:34:00,Bird Strike,Medium,Open,DEN
IN0000681,FL0000260,AC00050,2026-03-10 17:34:00,Bird Strike,Low,Investigating,DXB
IN0000682,FL0012949,AC00749,2026-01-06 05:11:00,Brake Issue,Medium,Open,BOS
IN0000683,FL0011562,AC01100,2026-02-24 03:01:00,Navigation Error,Low,Open,DXB
IN0000684,FL0013839,AC01164,2026-01-28 15:19:00,Weather Alert,Low,Closed,BOS
IN0000685,FL0006387,AC00881,2026-06-29 23:45:00,Hydraulic Leak,Low,Resolved,ORD
IN0000686,FL0014002,AC00026,2026-05-10 04:48:00,Bird Strike,Medium,Open,MIA
IN0000687,FL0014131,AC01136,2026-01-14 00:50:00,Weather Alert,Medium,Closed,SFO
IN0000688,FL0009130,AC00868,2026-02-24 06:09:00,Weather Alert,Low,Open,MIA
IN0000689,FL0014715,AC00454,2026-06-09 09:14:00,Hydraulic Leak,Low,Open,DEN
IN0000690,FL0012344,AC00354,2026-01-04 15:44:00,Turbulence,Low,Investigating,SEA
IN0000691,FL0007245,AC00605,2026-02-18 12:46:00,Engine Alert,Low,Resolved,JFK
IN0000692,FL0000940,AC00721,2026-06-01 00:01:00,Bird Strike,Medium,Investigating,DEL
IN0000693,FL0010666,AC00433,2026-05-01 18:07:00,Brake Issue,Low,Investigating,JFK
IN0000694,FL0014402,AC00890,2026-01-30 09:07:00,Hydraulic Leak,Low,Investigating,LAX
IN0000695,FL0010969,AC00515,2026-05-27 15:25:00,Engine Alert,High,Resolved,DEL
IN0000696,FL0007995,AC00969,2026-05-10 12:42:00,Engine Alert,Low,Resolved,BOS
IN0000697,FL0012667,AC01106,2026-03-03 19:13:00,Weather Alert,Low,Investigating,DXB
IN0000698,FL0003939,AC00816,2026-06-26 16:09:00,Navigation Error,Critical,Open,LAX
IN0000699,FL0000852,AC00688,2026-04-29 06:58:00,Navigation Error,Low,Resolved,SFO
IN0000700,FL0009476,AC01157,2026-05-19 01:15:00,Brake Issue,Low,Closed,LAX
IN0000701,FL0008560,AC00769,2026-03-22 08:21:00,Navigation Error,Low,Closed,BLR
IN0000702,FL0007807,AC00695,2026-03-12 02:58:00,Turbulence,Low,Closed,LHR
IN0000703,FL0002327,AC01069,2026-04-01 18:24:00,Weather Alert,Critical,Resolved,BOS
IN0000704,FL0005820,AC00652,2026-02-14 16:18:00,Hydraulic Leak,Low,Open,MIA
IN0000705,FL0005999,AC00017,2026-01-05 03:40:00,Turbulence,Low,Closed,BOS
IN0000706,FL0011707,AC00537,2026-01-09 02:44:00,Hydraulic Leak,High,Open,MIA
IN0000707,FL0009921,AC01058,2026-02-02 00:32:00,Bird Strike,Medium,Resolved,SFO
IN0000708,FL0002298,AC00186,2026-03-11 08:43:00,Weather Alert,Low,Resolved,SEA
IN0000709,FL0004188,AC00008,2026-01-11 11:05:00,Engine Alert,Medium,Open,LAX
IN0000710,FL0013167,AC00928,2026-06-18 03:32:00,Hydraulic Leak,Low,Investigating,SEA
IN0000711,FL0012932,AC00871,2026-05-06 21:33:00,Bird Strike,Low,Resolved,DFW
IN0000712,FL0006742,AC00295,2026-03-18 00:22:00,Turbulence,Low,Investigating,SFO
IN0000713,FL0014158,AC01098,2026-04-13 11:23:00,Brake Issue,Low,Closed,ORD
IN0000714,FL0008096,AC00562,2026-02-17 01:07:00,Bird Strike,Medium,Closed,BLR
IN0000715,FL0013739,AC00206,2026-03-07 14:38:00,Engine Alert,High,Closed,JFK
IN0000716,FL0005378,AC00088,2026-03-03 23:30:00,Weather Alert,Medium,Closed,SFO
IN0000717,FL0009235,AC01075,2026-06-18 02:29:00,Engine Alert,High,Closed,ORD
IN0000718,FL0002160,AC00518,2026-01-24 19:20:00,Engine Alert,High,Closed,ATL
IN0000719,FL0014894,AC00499,2026-01-03 04:53:00,Hydraulic Leak,High,Investigating,MIA
IN0000720,FL0002409,AC00400,2026-05-29 14:40:00,Navigation Error,Medium,Resolved,SFO
IN0000721,FL0009159,AC00256,2026-03-15 13:10:00,Bird Strike,Low,Investigating,DXB
IN0000722,FL0003367,AC01088,2026-05-23 08:47:00,Navigation Error,High,Resolved,DFW
IN0000723,FL0002115,AC00570,2026-05-06 18:30:00,Navigation Error,Low,Resolved,LAX
IN0000724,FL0006503,AC00593,2026-06-21 12:11:00,Hydraulic Leak,Medium,Investigating,ORD
IN0000725,FL0001968,AC01199,2026-05-08 22:04:00,Navigation Error,Medium,Investigating,DEN
IN0000726,FL0011706,AC00048,2026-05-06 03:55:00,Engine Alert,Low,Investigating,DEL
IN0000727,FL0013130,AC00998,2026-05-17 22:12:00,Bird Strike,Medium,Resolved,LAX
IN0000728,FL0007946,AC00569,2026-01-24 14:33:00,Navigation Error,Low,Investigating,ORD
IN0000729,FL0001686,AC00275,2026-02-14 04:40:00,Hydraulic Leak,Medium,Open,BLR
IN0000730,FL0007724,AC00657,2026-04-17 05:42:00,Weather Alert,Medium,Resolved,SIN
IN0000731,FL0013765,AC00987,2026-05-26 13:59:00,Engine Alert,Low,Resolved,JFK
IN0000732,FL0004068,AC00217,2026-01-25 13:27:00,Turbulence,Medium,Investigating,DEL
IN0000733,FL0013619,AC01116,2026-05-09 19:50:00,Weather Alert,Low,Closed,JFK
IN0000734,FL0009107,AC00199,2026-01-20 23:12:00,Hydraulic Leak,Medium,Closed,JFK
IN0000735,FL0012287,AC00224,2026-04-11 18:07:00,Turbulence,Medium,Investigating,ATL
IN0000736,FL0003782,AC00510,2026-04-25 01:11:00,Engine Alert,Medium,Resolved,DXB
IN0000737,FL0006057,AC00309,2026-06-28 06:48:00,Navigation Error,High,Open,BLR
IN0000738,FL0013579,AC00165,2026-05-16 00:30:00,Turbulence,Medium,Investigating,SIN
IN0000739,FL0003911,AC00234,2026-01-10 21:10:00,Engine Alert,Medium,Investigating,ORD
IN0000740,FL0003979,AC00884,2026-03-04 06:17:00,Navigation Error,Medium,Open,LAX
IN0000741,FL0004958,AC00959,2026-02-11 19:23:00,Hydraulic Leak,Low,Open,LAX
IN0000742,FL0006828,AC00458,2026-06-25 10:09:00,Hydraulic Leak,Medium,Resolved,SIN
IN0000743,FL0013737,AC01162,2026-01-06 02:17:00,Hydraulic Leak,High,Closed,ORD
IN0000744,FL0006526,AC00941,2026-03-09 17:03:00,Hydraulic Leak,Medium,Investigating,SEA
IN0000745,FL0011297,AC00395,2026-01-22 13:50:00,Bird Strike,Low,Closed,SFO
IN0000746,FL0001444,AC00474,2026-05-29 09:48:00,Weather Alert,Low,Open,ATL
IN0000747,FL0009994,AC00257,2026-04-26 00:28:00,Engine Alert,Medium,Resolved,DXB
IN0000748,FL0013975,AC00579,2026-02-27 19:54:00,Turbulence,Medium,Open,LAX
IN0000749,FL0003558,AC00483,2026-03-12 00:45:00,Turbulence,Medium,Closed,ATL
IN0000750,FL0006324,AC00868,2026-06-26 06:15:00,Navigation Error,High,Open,BLR
IN0000751,FL0010009,AC00043,2026-06-29 15:35:00,Hydraulic Leak,Low,Resolved,DEL
IN0000752,FL0008419,AC01076,2026-02-28 17:03:00,Hydraulic Leak,Medium,Closed,SIN
IN0000753,FL0007928,AC00196,2026-01-26 18:16:00,Weather Alert,Low,Open,DXB
IN0000754,FL0011413,AC00546,2026-06-24 12:43:00,Weather Alert,Low,Investigating,MIA
IN0000755,FL0007327,AC00333,2026-03-03 06:24:00,Brake Issue,High,Open,JFK
IN0000756,FL0010789,AC00463,2026-03-02 06:19:00,Hydraulic Leak,Low,Investigating,DFW
IN0000757,FL0000793,AC00608,2026-04-24 06:30:00,Engine Alert,Low,Closed,SFO
IN0000758,FL0005339,AC00260,2026-03-17 10:05:00,Turbulence,Medium,Closed,DFW
IN0000759,FL0013508,AC00304,2026-04-13 14:45:00,Weather Alert,Low,Closed,DEL
IN0000760,FL0006895,AC00970,2026-02-24 17:01:00,Brake Issue,Medium,Closed,DEN
IN0000761,FL0007091,AC00776,2026-04-29 20:42:00,Hydraulic Leak,Low,Resolved,DFW
IN0000762,FL0004814,AC00709,2026-05-20 05:02:00,Turbulence,Low,Resolved,LAX
IN0000763,FL0009499,AC00310,2026-02-12 15:45:00,Engine Alert,Low,Investigating,DFW
IN0000764,FL0004492,AC00397,2026-02-28 15:36:00,Navigation Error,Low,Investigating,DEN
IN0000765,FL0001417,AC00894,2026-04-02 23:23:00,Navigation Error,Low,Investigating,LHR
IN0000766,FL0007492,AC00426,2026-06-10 01:44:00,Engine Alert,Medium,Resolved,DEL
IN0000767,FL0003184,AC00247,2026-06-23 09:33:00,Turbulence,Low,Resolved,ORD
IN0000768,FL0014163,AC00062,2026-05-31 12:17:00,Navigation Error,Low,Investigating,SIN
IN0000769,FL0008321,AC00035,2026-01-08 06:37:00,Turbulence,High,Closed,SIN
IN0000770,FL0005098,AC00148,2026-02-16 04:13:00,Weather Alert,Low,Investigating,LAX
IN0000771,FL0004221,AC00916,2026-02-25 13:57:00,Navigation Error,Low,Investigating,ATL
IN0000772,FL0002957,AC01065,2026-05-12 10:14:00,Brake Issue,Low,Resolved,LHR
IN0000773,FL0004595,AC00474,2026-03-08 03:11:00,Navigation Error,Medium,Open,JFK
IN0000774,FL0001678,AC00794,2026-05-20 04:20:00,Navigation Error,Low,Closed,ATL
IN0000775,FL0006659,AC00815,2026-01-20 01:24:00,Brake Issue,Medium,Open,ORD
IN0000776,FL0010727,AC00550,2026-01-20 19:44:00,Bird Strike,Critical,Closed,DXB
IN0000777,FL0008852,AC01167,2026-03-29 02:09:00,Bird Strike,Low,Closed,DFW
IN0000778,FL0014799,AC00923,2026-06-21 14:45:00,Weather Alert,Low,Open,ORD
IN0000779,FL0008142,AC00748,2026-03-23 10:47:00,Weather Alert,Medium,Closed,DFW
IN0000780,FL0006770,AC00169,2026-01-04 20:16:00,Bird Strike,Low,Closed,SFO
IN0000781,FL0006132,AC00786,2026-03-31 17:31:00,Bird Strike,Medium,Open,DEN
IN0000782,FL0011212,AC00166,2026-01-17 16:25:00,Navigation Error,Medium,Closed,LAX
IN0000783,FL0012541,AC00693,2026-05-30 18:37:00,Weather Alert,Low,Investigating,MIA
IN0000784,FL0007378,AC00357,2026-04-13 10:34:00,Weather Alert,Low,Investigating,ATL
IN0000785,FL0005254,AC00736,2026-06-03 17:41:00,Brake Issue,Medium,Open,ORD
IN0000786,FL0013883,AC00128,2026-01-03 08:46:00,Hydraulic Leak,Low,Closed,SEA
IN0000787,FL0007698,AC00430,2026-02-28 15:12:00,Weather Alert,Low,Investigating,DXB
IN0000788,FL0012008,AC00474,2026-06-20 17:55:00,Bird Strike,High,Resolved,SFO
IN0000789,FL0000216,AC01063,2026-01-18 11:03:00,Navigation Error,High,Resolved,LHR
IN0000790,FL0004097,AC01025,2026-05-09 03:29:00,Weather Alert,Low,Closed,SFO
IN0000791,FL0009024,AC00927,2026-03-30 02:28:00,Engine Alert,Medium,Resolved,SIN
IN0000792,FL0004359,AC00893,2026-03-04 17:46:00,Turbulence,Low,Closed,ORD
IN0000793,FL0000126,AC01042,2026-04-26 02:52:00,Turbulence,Medium,Closed,DXB
IN0000794,FL0006419,AC00917,2026-04-10 22:10:00,Weather Alert,Low,Resolved,MIA
IN0000795,FL0011397,AC00836,2026-02-13 22:11:00,Bird Strike,Low,Resolved,DEL
IN0000796,FL0014953,AC00355,2026-02-07 13:52:00,Turbulence,Low,Investigating,BLR
IN0000797,FL0001624,AC01012,2026-06-08 10:46:00,Bird Strike,Medium,Resolved,JFK
IN0000798,FL0005762,AC01052,2026-05-31 22:47:00,Navigation Error,Medium,Resolved,SFO
IN0000799,FL0001537,AC01134,2026-06-12 23:21:00,Turbulence,High,Closed,BLR
IN0000800,FL0005060,AC00930,2026-06-14 03:11:00,Bird Strike,Medium,Resolved,MIA
IN0000801,FL0010005,AC00197,2026-06-25 12:59:00,Engine Alert,Medium,Investigating,SIN
IN0000802,FL0008109,AC00517,2026-03-10 22:11:00,Bird Strike,Low,Closed,DEN
IN0000803,FL0014736,AC00501,2026-04-08 14:18:00,Engine Alert,Medium,Investigating,BOS
IN0000804,FL0014580,AC00256,2026-03-03 09:57:00,Engine Alert,High,Resolved,JFK
IN0000805,FL0005832,AC00687,2026-03-20 09:42:00,Brake Issue,Medium,Investigating,BOS
IN0000806,FL0013288,AC00602,2026-05-25 19:02:00,Hydraulic Leak,Low,Open,ORD
IN0000807,FL0014707,AC00303,2026-04-02 04:35:00,Engine Alert,High,Closed,ATL
IN0000808,FL0011654,AC00533,2026-04-11 15:58:00,Weather Alert,Low,Closed,DEL
IN0000809,FL0000600,AC01102,2026-02-25 18:03:00,Hydraulic Leak,Low,Open,LAX
IN0000810,FL0002471,AC00929,2026-06-08 03:06:00,Navigation Error,Low,Open,DEN
IN0000811,FL0006329,AC00822,2026-02-11 08:07:00,Engine Alert,Low,Investigating,LHR
IN0000812,FL0012856,AC00588,2026-04-23 10:22:00,Brake Issue,Low,Resolved,LHR
IN0000813,FL0012254,AC00767,2026-05-28 04:54:00,Brake Issue,Low,Investigating,SEA
IN0000814,FL0000326,AC00632,2026-01-10 16:21:00,Navigation Error,High,Resolved,JFK
IN0000815,FL0002960,AC00612,2026-05-17 20:02:00,Weather Alert,Low,Closed,BLR
IN0000816,FL0007211,AC00473,2026-05-28 15:36:00,Weather Alert,Low,Open,SFO
IN0000817,FL0002424,AC00595,2026-02-26 01:18:00,Bird Strike,Low,Closed,SFO
IN0000818,FL0001146,AC00535,2026-06-02 11:00:00,Bird Strike,Medium,Resolved,LAX
IN0000819,FL0000225,AC00986,2026-01-27 18:32:00,Hydraulic Leak,Low,Open,BLR
IN0000820,FL0003726,AC00576,2026-02-01 01:42:00,Weather Alert,Low,Resolved,LAX
IN0000821,FL0014127,AC01189,2026-05-08 18:54:00,Bird Strike,Low,Open,ORD
IN0000822,FL0007480,AC00995,2026-01-16 19:54:00,Bird Strike,Low,Resolved,DEN
IN0000823,FL0010621,AC00659,2026-06-03 14:49:00,Bird Strike,Medium,Closed,BLR
IN0000824,FL0006182,AC01070,2026-03-24 09:16:00,Brake Issue,Low,Open,MIA
IN0000825,FL0009455,AC00459,2026-03-27 19:06:00,Weather Alert,Critical,Closed,SEA
IN0000826,FL0013047,AC01057,2026-03-21 19:20:00,Bird Strike,Medium,Investigating,SEA
IN0000827,FL0000728,AC00847,2026-05-02 00:48:00,Navigation Error,High,Closed,SIN
IN0000828,FL0010818,AC00094,2026-04-09 04:16:00,Bird Strike,Medium,Resolved,ATL
IN0000829,FL0001716,AC01067,2026-05-06 00:46:00,Turbulence,Low,Open,ORD
IN0000830,FL0010628,AC00947,2026-02-05 04:00:00,Navigation Error,Low,Closed,ORD
IN0000831,FL0009793,AC00050,2026-06-15 21:40:00,Navigation Error,Medium,Investigating,SEA
IN0000832,FL0009215,AC01080,2026-05-12 02:46:00,Navigation Error,Medium,Resolved,DFW
IN0000833,FL0010545,AC00009,2026-01-31 09:13:00,Brake Issue,Low,Investigating,ORD
IN0000834,FL0000470,AC00160,2026-02-16 15:33:00,Turbulence,Low,Resolved,SFO
IN0000835,FL0009552,AC01049,2026-03-25 06:35:00,Weather Alert,High,Investigating,SFO
IN0000836,FL0013681,AC00922,2026-02-24 16:58:00,Bird Strike,Low,Resolved,DEN
IN0000837,FL0013752,AC01184,2026-05-20 05:07:00,Engine Alert,Low,Open,DFW
IN0000838,FL0002214,AC00731,2026-02-04 02:03:00,Engine Alert,Low,Open,SEA
IN0000839,FL0000339,AC00523,2026-04-19 09:10:00,Navigation Error,Low,Open,SFO
IN0000840,FL0007680,AC00914,2026-03-20 04:00:00,Bird Strike,High,Resolved,DFW
IN0000841,FL0013763,AC00683,2026-06-30 10:07:00,Bird Strike,High,Resolved,DEN
IN0000842,FL0004957,AC00045,2026-06-16 09:45:00,Weather Alert,High,Resolved,LHR
IN0000843,FL0007340,AC01149,2026-06-10 10:34:00,Turbulence,Low,Investigating,SFO
IN0000844,FL0012906,AC00511,2026-03-26 20:17:00,Hydraulic Leak,Medium,Open,LHR
IN0000845,FL0009525,AC00616,2026-04-06 02:28:00,Brake Issue,Low,Open,SFO
IN0000846,FL0012400,AC00725,2026-03-26 01:41:00,Hydraulic Leak,Low,Closed,LAX
IN0000847,FL0011285,AC00510,2026-02-07 03:35:00,Hydraulic Leak,Low,Resolved,ATL
IN0000848,FL0011408,AC00533,2026-01-22 03:20:00,Brake Issue,High,Open,SEA
IN0000849,FL0010426,AC00552,2026-06-04 03:20:00,Bird Strike,Medium,Investigating,ATL
IN0000850,FL0005516,AC00860,2026-03-02 22:02:00,Bird Strike,Medium,Investigating,DEN
IN0000851,FL0009460,AC00055,2026-02-26 23:10:00,Hydraulic Leak,Low,Open,SFO
IN0000852,FL0009187,AC00092,2026-01-26 22:26:00,Brake Issue,Low,Resolved,LAX
IN0000853,FL0002166,AC00374,2026-03-23 08:02:00,Hydraulic Leak,Medium,Open,DXB
IN0000854,FL0013446,AC00974,2026-06-04 16:01:00,Turbulence,Critical,Investigating,LAX
IN0000855,FL0003622,AC00785,2026-06-14 16:09:00,Turbulence,Low,Open,DFW
IN0000856,FL0003641,AC00727,2026-02-23 03:02:00,Engine Alert,Medium,Open,SEA
IN0000857,FL0011318,AC00933,2026-04-27 05:46:00,Brake Issue,High,Resolved,JFK
IN0000858,FL0013479,AC00364,2026-04-18 00:51:00,Engine Alert,Low,Closed,DEN
IN0000859,FL0002128,AC00644,2026-02-09 14:39:00,Engine Alert,High,Resolved,DFW
IN0000860,FL0011464,AC01094,2026-05-08 22:04:00,Navigation Error,Medium,Resolved,BOS
IN0000861,FL0001817,AC01016,2026-05-09 15:11:00,Weather Alert,Medium,Closed,SIN
IN0000862,FL0003221,AC00144,2026-04-10 02:25:00,Weather Alert,Low,Investigating,BLR
IN0000863,FL0008304,AC00760,2026-01-25 01:15:00,Weather Alert,Low,Resolved,DFW
IN0000864,FL0013765,AC00709,2026-05-12 13:54:00,Navigation Error,Low,Open,ORD
IN0000865,FL0004916,AC01060,2026-03-28 21:50:00,Weather Alert,Low,Open,SFO
IN0000866,FL0000560,AC00663,2026-01-07 23:45:00,Hydraulic Leak,Low,Investigating,MIA
IN0000867,FL0005519,AC00470,2026-01-02 23:35:00,Engine Alert,Low,Resolved,DEN
IN0000868,FL0003884,AC00078,2026-05-28 08:16:00,Brake Issue,Low,Closed,SEA
IN0000869,FL0001911,AC00821,2026-03-30 22:27:00,Bird Strike,Low,Resolved,MIA
IN0000870,FL0006987,AC00106,2026-04-24 17:17:00,Engine Alert,Medium,Closed,DXB
IN0000871,FL0013413,AC00327,2026-04-04 08:12:00,Bird Strike,Low,Open,SFO
IN0000872,FL0004930,AC01134,2026-02-15 11:32:00,Bird Strike,Low,Resolved,BOS
IN0000873,FL0011663,AC00678,2026-03-02 05:06:00,Hydraulic Leak,Low,Open,ATL
IN0000874,FL0013624,AC00120,2026-04-26 11:21:00,Brake Issue,High,Resolved,LHR
IN0000875,FL0005398,AC01161,2026-04-01 12:00:00,Hydraulic Leak,Low,Resolved,SIN
IN0000876,FL0001563,AC00675,2026-02-07 22:06:00,Engine Alert,Medium,Closed,SFO
IN0000877,FL0010785,AC01199,2026-06-28 12:58:00,Weather Alert,High,Investigating,DEN
IN0000878,FL0004312,AC00850,2026-05-14 10:05:00,Engine Alert,Low,Closed,ORD
IN0000879,FL0009063,AC00314,2026-06-04 07:47:00,Engine Alert,High,Resolved,ORD
IN0000880,FL0006293,AC00751,2026-06-09 14:30:00,Hydraulic Leak,High,Closed,DEL
IN0000881,FL0012862,AC00610,2026-06-05 12:50:00,Engine Alert,Medium,Open,BOS
IN0000882,FL0014650,AC00112,2026-01-18 19:50:00,Turbulence,Low,Resolved,DXB
IN0000883,FL0006949,AC00775,2026-03-08 02:12:00,Engine Alert,Low,Closed,ATL
IN0000884,FL0006576,AC00494,2026-04-03 12:06:00,Turbulence,Low,Investigating,BLR
IN0000885,FL0012646,AC00233,2026-03-13 16:55:00,Turbulence,High,Investigating,SFO
IN0000886,FL0013307,AC00747,2026-04-12 13:25:00,Navigation Error,Low,Investigating,BOS
IN0000887,FL0008939,AC00341,2026-04-02 15:36:00,Brake Issue,Medium,Investigating,DXB
IN0000888,FL0011402,AC00344,2026-05-18 17:02:00,Brake Issue,High,Open,DEN
IN0000889,FL0011842,AC00057,2026-04-29 05:25:00,Navigation Error,High,Resolved,ORD
IN0000890,FL0010503,AC01033,2026-06-25 18:11:00,Engine Alert,Low,Closed,DEN
IN0000891,FL0002906,AC00532,2026-07-01 15:47:00,Hydraulic Leak,High,Resolved,LAX
IN0000892,FL0006184,AC00580,2026-03-17 06:36:00,Bird Strike,High,Open,BLR
IN0000893,FL0005291,AC01019,2026-05-04 01:54:00,Engine Alert,Medium,Closed,BOS
IN0000894,FL0007253,AC00153,2026-02-19 06:43:00,Bird Strike,Medium,Closed,ORD
IN0000895,FL0012405,AC01161,2026-04-06 19:14:00,Turbulence,Low,Closed,SEA
IN0000896,FL0006249,AC01006,2026-05-29 05:05:00,Engine Alert,Medium,Closed,DXB
IN0000897,FL0011974,AC01052,2026-05-02 06:57:00,Hydraulic Leak,High,Open,DEL
IN0000898,FL0007306,AC00141,2026-04-21 03:34:00,Weather Alert,Low,Open,DEL
IN0000899,FL0012376,AC01110,2026-02-19 07:38:00,Bird Strike,Low,Resolved,ORD
IN0000900,FL0008538,AC01070,2026-01-09 21:58:00,Bird Strike,Low,Open,SEA
IN0000901,FL0008159,AC00019,2026-05-10 00:32:00,Bird Strike,Medium,Resolved,LAX
IN0000902,FL0007898,AC00092,2026-05-13 07:01:00,Bird Strike,Critical,Open,SFO
IN0000903,FL0012971,AC00730,2026-01-04 22:24:00,Brake Issue,Low,Resolved,ORD
IN0000904,FL0004020,AC01079,2026-04-10 13:43:00,Brake Issue,High,Resolved,LAX
IN0000905,FL0004178,AC00458,2026-01-10 19:18:00,Bird Strike,Low,Investigating,BOS
IN0000906,FL0000816,AC00551,2026-05-29 00:40:00,Hydraulic Leak,Low,Resolved,SEA
IN0000907,FL0007045,AC01196,2026-05-28 12:11:00,Turbulence,Medium,Open,ATL
IN0000908,FL0008869,AC00957,2026-04-28 14:22:00,Brake Issue,Low,Investigating,DFW
IN0000909,FL0004572,AC00208,2026-03-19 02:48:00,Navigation Error,Low,Resolved,ORD
IN0000910,FL0000868,AC00257,2026-05-28 12:33:00,Weather Alert,Critical,Resolved,DXB
IN0000911,FL0003836,AC00451,2026-04-15 13:15:00,Turbulence,Low,Closed,SFO
IN0000912,FL0004575,AC00156,2026-03-21 03:42:00,Hydraulic Leak,Low,Open,JFK
IN0000913,FL0006056,AC00576,2026-02-14 14:37:00,Navigation Error,Low,Resolved,SIN
IN0000914,FL0005435,AC00912,2026-01-01 17:43:00,Turbulence,Low,Resolved,ATL
IN0000915,FL0006465,AC00892,2026-05-17 22:39:00,Weather Alert,Low,Resolved,SEA
IN0000916,FL0006181,AC00027,2026-06-06 00:59:00,Brake Issue,Medium,Open,SEA
IN0000917,FL0012573,AC01052,2026-01-04 22:48:00,Navigation Error,Low,Resolved,DEL
IN0000918,FL0005509,AC00662,2026-04-06 11:18:00,Hydraulic Leak,Low,Closed,MIA
IN0000919,FL0001540,AC00655,2026-06-10 18:04:00,Weather Alert,Low,Open,BOS
IN0000920,FL0008994,AC00588,2026-03-04 10:29:00,Turbulence,Medium,Open,BLR
IN0000921,FL0007550,AC00330,2026-03-04 04:28:00,Engine Alert,High,Investigating,SIN
IN0000922,FL0013233,AC00077,2026-04-15 08:09:00,Turbulence,High,Open,SIN
IN0000923,FL0009813,AC00418,2026-01-05 13:37:00,Bird Strike,Medium,Open,SIN
IN0000924,FL0010022,AC01156,2026-05-31 16:50:00,Turbulence,Low,Closed,DFW
IN0000925,FL0013601,AC00636,2026-05-04 02:22:00,Hydraulic Leak,Medium,Open,DEL
IN0000926,FL0006227,AC01001,2026-02-10 16:41:00,Bird Strike,Low,Closed,DFW
IN0000927,FL0000078,AC00116,2026-02-10 14:34:00,Bird Strike,High,Resolved,SIN
IN0000928,FL0014023,AC00838,2026-02-10 20:37:00,Navigation Error,Low,Open,DEN
IN0000929,FL0000469,AC01081,2026-01-30 03:51:00,Hydraulic Leak,Medium,Investigating,BOS
IN0000930,FL0008743,AC00200,2026-01-08 07:32:00,Navigation Error,High,Closed,DFW
IN0000931,FL0014908,AC00769,2026-02-16 15:39:00,Turbulence,Low,Open,SFO
IN0000932,FL0000739,AC00228,2026-03-24 23:26:00,Hydraulic Leak,Low,Open,SEA
IN0000933,FL0007652,AC00131,2026-04-26 08:53:00,Weather Alert,Low,Investigating,ATL
IN0000934,FL0003319,AC01041,2026-02-07 03:15:00,Turbulence,Low,Open,MIA
IN0000935,FL0004667,AC00448,2026-06-28 05:29:00,Hydraulic Leak,High,Open,SIN
IN0000936,FL0005454,AC00423,2026-02-11 13:05:00,Engine Alert,Medium,Open,ATL
IN0000937,FL0012920,AC00429,2026-05-13 12:48:00,Weather Alert,Medium,Investigating,DXB
IN0000938,FL0000506,AC00118,2026-02-20 21:22:00,Brake Issue,Low,Open,BLR
IN0000939,FL0007741,AC01090,2026-03-15 08:50:00,Engine Alert,Medium,Investigating,LAX
IN0000940,FL0013981,AC00294,2026-02-13 07:21:00,Weather Alert,High,Resolved,LAX
IN0000941,FL0004057,AC00239,2026-01-26 23:36:00,Engine Alert,Medium,Investigating,BLR
IN0000942,FL0005836,AC00543,2026-01-03 07:13:00,Bird Strike,Medium,Investigating,SIN
IN0000943,FL0009243,AC01025,2026-05-16 15:33:00,Brake Issue,Medium,Resolved,SIN
IN0000944,FL0008533,AC00265,2026-05-10 08:12:00,Bird Strike,Low,Resolved,ORD
IN0000945,FL0008693,AC00640,2026-03-16 02:54:00,Weather Alert,Low,Open,SFO
IN0000946,FL0001802,AC00579,2026-05-30 23:18:00,Hydraulic Leak,Low,Resolved,SFO
IN0000947,FL0002554,AC01090,2026-01-17 15:12:00,Turbulence,Low,Investigating,ORD
IN0000948,FL0001167,AC00880,2026-05-04 20:23:00,Hydraulic Leak,Medium,Investigating,SEA
IN0000949,FL0010961,AC00559,2026-04-30 10:53:00,Turbulence,Low,Closed,BOS
IN0000950,FL0012682,AC01180,2026-05-09 22:02:00,Turbulence,Medium,Investigating,LAX
IN0000951,FL0005052,AC00723,2026-03-20 02:54:00,Bird Strike,Medium,Resolved,LAX
IN0000952,FL0000674,AC00074,2026-04-16 03:08:00,Turbulence,High,Resolved,JFK
IN0000953,FL0013646,AC01169,2026-01-02 09:39:00,Weather Alert,High,Open,DXB
IN0000954,FL0002656,AC00197,2026-02-16 15:30:00,Brake Issue,Low,Investigating,DFW
IN0000955,FL0012210,AC00081,2026-04-12 06:21:00,Weather Alert,High,Open,DXB
IN0000956,FL0005197,AC00390,2026-02-03 06:22:00,Navigation Error,Low,Resolved,BOS
IN0000957,FL0006392,AC00066,2026-01-24 12:08:00,Brake Issue,Medium,Resolved,LHR
IN0000958,FL0012114,AC00245,2026-05-08 01:01:00,Weather Alert,High,Open,DXB
IN0000959,FL0002515,AC01019,2026-03-29 17:49:00,Engine Alert,Low,Closed,LAX
IN0000960,FL0013286,AC00808,2026-04-20 04:24:00,Hydraulic Leak,Medium,Resolved,DXB
IN0000961,FL0001974,AC00001,2026-05-10 08:52:00,Weather Alert,Medium,Resolved,DXB
IN0000962,FL0005917,AC00938,2026-04-06 03:26:00,Hydraulic Leak,Critical,Investigating,MIA
IN0000963,FL0012109,AC01165,2026-02-20 12:15:00,Weather Alert,Low,Resolved,MIA
IN0000964,FL0001632,AC00106,2026-05-20 21:41:00,Brake Issue,Medium,Closed,DFW
IN0000965,FL0002599,AC00405,2026-05-19 21:11:00,Engine Alert,Low,Resolved,SFO
IN0000966,FL0014568,AC00745,2026-06-30 19:45:00,Engine Alert,Medium,Closed,DXB
IN0000967,FL0006644,AC00352,2026-05-23 16:31:00,Hydraulic Leak,Low,Investigating,DEN
IN0000968,FL0007055,AC00971,2026-05-14 20:57:00,Turbulence,Low,Resolved,SIN
IN0000969,FL0000290,AC00944,2026-06-26 03:08:00,Brake Issue,Low,Resolved,BLR
IN0000970,FL0010307,AC00937,2026-01-11 08:56:00,Bird Strike,Low,Resolved,DEL
IN0000971,FL0004171,AC01016,2026-05-31 01:54:00,Hydraulic Leak,Medium,Investigating,SEA
IN0000972,FL0002914,AC01081,2026-02-08 17:49:00,Turbulence,Critical,Investigating,DEL
IN0000973,FL0014290,AC00136,2026-02-08 02:48:00,Brake Issue,High,Closed,SEA
IN0000974,FL0014128,AC01143,2026-03-19 06:27:00,Hydraulic Leak,Medium,Investigating,ATL
IN0000975,FL0006028,AC00292,2026-04-15 10:39:00,Turbulence,Low,Investigating,BOS
IN0000976,FL0002307,AC00944,2026-06-28 10:19:00,Bird Strike,High,Investigating,BLR
IN0000977,FL0009579,AC00424,2026-01-12 12:04:00,Hydraulic Leak,High,Open,LAX
IN0000978,FL0006339,AC00984,2026-03-18 19:12:00,Brake Issue,Low,Open,JFK
IN0000979,FL0004373,AC00786,2026-02-01 11:01:00,Weather Alert,Medium,Closed,BOS
IN0000980,FL0012644,AC00364,2026-04-21 05:44:00,Navigation Error,Medium,Closed,DFW
IN0000981,FL0001330,AC01099,2026-04-16 10:38:00,Weather Alert,Low,Resolved,BLR
IN0000982,FL0003739,AC00936,2026-06-17 16:24:00,Engine Alert,Low,Resolved,ATL
IN0000983,FL0000250,AC01099,2026-01-04 18:40:00,Turbulence,Low,Closed,LHR
IN0000984,FL0005765,AC00707,2026-04-16 06:09:00,Engine Alert,Medium,Closed,BOS
IN0000985,FL0009685,AC00855,2026-01-18 12:13:00,Weather Alert,Medium,Open,BLR
IN0000986,FL0002715,AC01084,2026-01-06 15:20:00,Bird Strike,Low,Resolved,ATL
IN0000987,FL0011206,AC00710,2026-05-23 21:18:00,Navigation Error,Low,Open,ORD
IN0000988,FL0004075,AC01199,2026-02-17 12:11:00,Engine Alert,Critical,Investigating,DEN
IN0000989,FL0001527,AC00516,2026-01-12 03:20:00,Turbulence,High,Open,ORD
IN0000990,FL0007353,AC00737,2026-01-11 02:20:00,Hydraulic Leak,Low,Investigating,JFK
IN0000991,FL0006410,AC00393,2026-04-29 11:38:00,Navigation Error,Low,Open,DEL
IN0000992,FL0014011,AC00574,2026-04-11 06:06:00,Brake Issue,Low,Resolved,BOS
IN0000993,FL0007691,AC00180,2026-01-21 12:28:00,Brake Issue,Low,Resolved,DEL
IN0000994,FL0004054,AC00478,2026-03-14 18:53:00,Turbulence,Low,Open,SEA
IN0000995,FL0014928,AC00798,2026-03-17 21:00:00,Weather Alert,Low,Investigating,DXB
IN0000996,FL0013955,AC00725,2026-03-18 00:57:00,Brake Issue,Medium,Resolved,DEL
IN0000997,FL0004245,AC00644,2026-06-26 11:52:00,Navigation Error,High,Investigating,DFW
IN0000998,FL0013984,AC00728,2026-04-07 03:01:00,Engine Alert,Medium,Open,LHR
IN0000999,FL0006660,AC00913,2026-03-21 11:05:00,Engine Alert,Low,Investigating,LAX
IN0001000,FL0010764,AC00119,2026-06-23 05:40:00,Weather Alert,Medium,Investigating,ORD
IN0001001,FL0009504,AC00022,2026-06-23 16:13:00,Hydraulic Leak,Low,Closed,SIN
IN0001002,FL0006592,AC00302,2026-06-07 02:43:00,Turbulence,Low,Open,LAX
IN0001003,FL0012172,AC00887,2026-02-21 15:18:00,Turbulence,Medium,Closed,SEA
IN0001004,FL0004215,AC01055,2026-03-31 13:20:00,Engine Alert,High,Open,SFO
IN0001005,FL0004730,AC00385,2026-02-27 22:56:00,Brake Issue,Medium,Resolved,SFO
IN0001006,FL0013985,AC00640,2026-03-20 04:19:00,Bird Strike,Low,Resolved,BLR
IN0001007,FL0005899,AC00890,2026-06-24 12:57:00,Brake Issue,Low,Open,SEA
IN0001008,FL0006083,AC00959,2026-01-06 10:59:00,Bird Strike,Medium,Open,LAX
IN0001009,FL0002257,AC00720,2026-01-06 14:08:00,Engine Alert,Critical,Resolved,BOS
IN0001010,FL0001626,AC01174,2026-07-02 02:53:00,Hydraulic Leak,Medium,Open,DFW
IN0001011,FL0004745,AC00413,2026-04-04 00:41:00,Weather Alert,Medium,Open,ORD
IN0001012,FL0012498,AC00526,2026-02-14 03:48:00,Engine Alert,Low,Investigating,SIN
IN0001013,FL0001587,AC00473,2026-05-09 17:26:00,Weather Alert,Low,Investigating,BOS
IN0001014,FL0011507,AC00921,2026-03-07 07:04:00,Brake Issue,Low,Open,DEL
IN0001015,FL0010461,AC01199,2026-03-30 12:45:00,Bird Strike,Low,Investigating,MIA
IN0001016,FL0012648,AC00443,2026-06-24 09:03:00,Bird Strike,Medium,Investigating,MIA
IN0001017,FL0002319,AC00356,2026-02-11 04:28:00,Bird Strike,Medium,Open,DFW
IN0001018,FL0011157,AC00874,2026-04-18 10:32:00,Turbulence,Medium,Closed,LAX
IN0001019,FL0014832,AC00210,2026-01-29 17:39:00,Hydraulic Leak,Low,Open,SFO
IN0001020,FL0001057,AC00370,2026-03-26 16:32:00,Weather Alert,Low,Resolved,JFK
IN0001021,FL0011741,AC00767,2026-01-11 08:35:00,Turbulence,Low,Open,SIN
IN0001022,FL0011046,AC00215,2026-02-22 13:51:00,Bird Strike,Low,Closed,ATL
IN0001023,FL0006165,AC00661,2026-02-26 15:21:00,Hydraulic Leak,Medium,Closed,ATL
IN0001024,FL0005117,AC00681,2026-01-07 20:01:00,Hydraulic Leak,Medium,Closed,SFO
IN0001025,FL0001588,AC00589,2026-05-19 09:10:00,Brake Issue,Low,Open,DEN
IN0001026,FL0005012,AC01007,2026-06-22 13:51:00,Engine Alert,Low,Investigating,MIA
IN0001027,FL0012070,AC00076,2026-05-17 22:44:00,Engine Alert,Low,Open,DEN
IN0001028,FL0007925,AC00522,2026-05-05 00:59:00,Brake Issue,Low,Resolved,BLR
IN0001029,FL0003781,AC00745,2026-03-02 19:04:00,Engine Alert,Low,Open,DEN
IN0001030,FL0014541,AC00271,2026-03-30 13:23:00,Weather Alert,Medium,Closed,DEL
IN0001031,FL0006038,AC00837,2026-03-19 05:15:00,Navigation Error,Low,Investigating,JFK
IN0001032,FL0013114,AC00991,2026-02-18 07:58:00,Bird Strike,Low,Resolved,DEL
IN0001033,FL0008166,AC00681,2026-06-28 11:50:00,Hydraulic Leak,Low,Closed,MIA
IN0001034,FL0012234,AC00014,2026-04-18 03:10:00,Hydraulic Leak,Medium,Resolved,DEN
IN0001035,FL0002560,AC00381,2026-06-10 13:30:00,Hydraulic Leak,Medium,Resolved,BLR
IN0001036,FL0011647,AC00393,2026-02-22 02:00:00,Navigation Error,Medium,Open,SIN
IN0001037,FL0004245,AC00955,2026-01-29 22:20:00,Bird Strike,Medium,Open,SIN
IN0001038,FL0007708,AC00322,2026-02-14 23:16:00,Weather Alert,Critical,Closed,DXB
IN0001039,FL0009939,AC00843,2026-02-26 18:35:00,Navigation Error,Medium,Open,JFK
IN0001040,FL0006557,AC01140,2026-04-01 11:59:00,Hydraulic Leak,Medium,Closed,DXB
IN0001041,FL0002225,AC00579,2026-06-18 22:22:00,Navigation Error,Medium,Resolved,LAX
IN0001042,FL0011748,AC00715,2026-03-01 14:15:00,Hydraulic Leak,Low,Open,ATL
IN0001043,FL0008455,AC00168,2026-03-09 02:07:00,Engine Alert,Low,Investigating,BOS
IN0001044,FL0004252,AC01000,2026-03-20 23:38:00,Engine Alert,Low,Closed,JFK
IN0001045,FL0006214,AC00695,2026-03-25 00:27:00,Turbulence,Low,Open,BLR
IN0001046,FL0006466,AC01123,2026-02-06 12:37:00,Navigation Error,Medium,Investigating,DEL
IN0001047,FL0003835,AC01187,2026-06-03 05:13:00,Bird Strike,Low,Open,DXB
IN0001048,FL0001443,AC00794,2026-05-30 16:47:00,Brake Issue,Medium,Open,LHR
IN0001049,FL0002813,AC01036,2026-06-05 13:10:00,Engine Alert,Low,Resolved,ORD
IN0001050,FL0013154,AC01086,2026-05-05 21:06:00,Navigation Error,Medium,Closed,BLR
IN0001051,FL0009285,AC00399,2026-03-03 15:27:00,Turbulence,Medium,Investigating,LAX
IN0001052,FL0000380,AC00546,2026-06-13 15:15:00,Engine Alert,Low,Closed,ORD
IN0001053,FL0011674,AC00308,2026-04-26 21:47:00,Brake Issue,Low,Investigating,LHR
IN0001054,FL0008439,AC00872,2026-04-21 14:31:00,Weather Alert,Medium,Open,JFK
IN0001055,FL0008999,AC01023,2026-01-21 21:55:00,Navigation Error,Low,Resolved,DEN
IN0001056,FL0011674,AC00189,2026-05-13 15:43:00,Brake Issue,Low,Resolved,SFO
IN0001057,FL0011126,AC01000,2026-01-16 09:07:00,Brake Issue,Low,Open,DEL
IN0001058,FL0002599,AC00010,2026-06-22 21:54:00,Turbulence,Low,Open,SEA
IN0001059,FL0003901,AC00794,2026-04-20 09:35:00,Turbulence,Medium,Closed,SEA
IN0001060,FL0009047,AC00677,2026-01-15 22:43:00,Bird Strike,Medium,Closed,SFO
IN0001061,FL0011571,AC00270,2026-05-19 03:59:00,Turbulence,Low,Open,ATL
IN0001062,FL0008495,AC00388,2026-01-02 13:53:00,Navigation Error,Low,Resolved,JFK
IN0001063,FL0001012,AC00848,2026-06-01 05:30:00,Bird Strike,Low,Open,SIN
IN0001064,FL0004365,AC00024,2026-06-15 01:25:00,Bird Strike,Medium,Open,ORD
IN0001065,FL0003978,AC00719,2026-03-02 22:41:00,Engine Alert,Medium,Closed,ATL
IN0001066,FL0005364,AC00976,2026-06-26 23:25:00,Bird Strike,Low,Investigating,BOS
IN0001067,FL0014685,AC00033,2026-02-21 21:06:00,Turbulence,Medium,Open,SEA
IN0001068,FL0003882,AC00283,2026-01-07 10:43:00,Navigation Error,Low,Closed,MIA
IN0001069,FL0011644,AC00959,2026-04-13 07:22:00,Weather Alert,Medium,Investigating,LHR
IN0001070,FL0003671,AC00208,2026-03-29 22:18:00,Navigation Error,High,Resolved,DFW
IN0001071,FL0005303,AC01185,2026-05-22 18:25:00,Brake Issue,High,Open,ORD
IN0001072,FL0002346,AC00796,2026-06-08 18:53:00,Turbulence,Low,Open,DEL
IN0001073,FL0008801,AC00315,2026-04-11 07:22:00,Turbulence,Medium,Open,DFW
IN0001074,FL0001367,AC00168,2026-05-18 15:09:00,Brake Issue,High,Resolved,SIN
IN0001075,FL0000865,AC00875,2026-06-23 08:26:00,Weather Alert,Low,Closed,DEL
IN0001076,FL0002505,AC00589,2026-02-18 03:51:00,Weather Alert,Low,Closed,ATL
IN0001077,FL0009507,AC00562,2026-04-04 00:47:00,Brake Issue,Low,Resolved,ORD
IN0001078,FL0011127,AC01180,2026-04-22 00:36:00,Bird Strike,Low,Investigating,ORD
IN0001079,FL0009813,AC00478,2026-01-12 15:26:00,Bird Strike,Low,Investigating,LHR
IN0001080,FL0002298,AC00171,2026-01-24 22:26:00,Weather Alert,Low,Resolved,DEN
IN0001081,FL0001861,AC00509,2026-06-04 16:21:00,Navigation Error,Medium,Open,BLR
IN0001082,FL0002903,AC00791,2026-02-19 04:02:00,Brake Issue,Low,Closed,DXB
IN0001083,FL0003278,AC01200,2026-01-14 02:22:00,Turbulence,Low,Open,MIA
IN0001084,FL0006816,AC00448,2026-03-03 20:13:00,Brake Issue,Low,Closed,LAX
IN0001085,FL0002178,AC00096,2026-04-06 04:37:00,Engine Alert,Low,Investigating,BOS
IN0001086,FL0012392,AC00088,2026-02-11 17:56:00,Weather Alert,Low,Closed,SFO
IN0001087,FL0006148,AC00197,2026-06-13 22:57:00,Bird Strike,Low,Closed,LHR
IN0001088,FL0004043,AC00262,2026-02-12 19:17:00,Engine Alert,Low,Investigating,DEN
IN0001089,FL0004456,AC00873,2026-05-04 06:23:00,Hydraulic Leak,Low,Closed,SEA
IN0001090,FL0013949,AC00364,2026-04-20 19:08:00,Hydraulic Leak,Low,Resolved,DXB
IN0001091,FL0003675,AC00650,2026-03-28 22:30:00,Engine Alert,Low,Investigating,SEA
IN0001092,FL0009743,AC00990,2026-02-01 10:30:00,Bird Strike,Low,Investigating,LAX
IN0001093,FL0014790,AC01045,2026-05-30 20:18:00,Brake Issue,Medium,Open,JFK
IN0001094,FL0003530,AC00692,2026-05-12 19:58:00,Brake Issue,Low,Closed,SIN
IN0001095,FL0014203,AC00187,2026-05-17 07:55:00,Hydraulic Leak,Medium,Open,BOS
IN0001096,FL0001854,AC00073,2026-01-06 08:13:00,Turbulence,Medium,Resolved,SFO
IN0001097,FL0004297,AC00535,2026-01-04 23:52:00,Hydraulic Leak,Medium,Resolved,DEL
IN0001098,FL0008555,AC00754,2026-03-29 00:29:00,Weather Alert,High,Closed,ORD
IN0001099,FL0005468,AC00024,2026-03-25 21:44:00,Weather Alert,Medium,Resolved,DFW
IN0001100,FL0008502,AC00059,2026-06-12 17:37:00,Navigation Error,Low,Closed,ORD
IN0001101,FL0000610,AC01135,2026-04-26 18:50:00,Brake Issue,Low,Resolved,MIA
IN0001102,FL0009491,AC00792,2026-06-05 02:37:00,Hydraulic Leak,Low,Resolved,BOS
IN0001103,FL0007227,AC01182,2026-01-12 06:10:00,Engine Alert,Medium,Resolved,BLR
IN0001104,FL0011049,AC00863,2026-05-11 20:20:00,Engine Alert,Low,Closed,ATL
IN0001105,FL0010384,AC00917,2026-05-09 02:55:00,Navigation Error,Medium,Open,DEL
IN0001106,FL0001798,AC00387,2026-05-02 13:56:00,Brake Issue,Low,Closed,ORD
IN0001107,FL0008902,AC00228,2026-05-19 17:46:00,Navigation Error,Low,Closed,DFW
IN0001108,FL0001087,AC00293,2026-01-07 22:44:00,Turbulence,Low,Open,DFW
IN0001109,FL0007485,AC00406,2026-01-17 08:09:00,Bird Strike,High,Closed,DEN
IN0001110,FL0014729,AC00907,2026-05-30 01:00:00,Weather Alert,Medium,Resolved,MIA
IN0001111,FL0005351,AC00791,2026-03-16 13:14:00,Hydraulic Leak,Low,Open,BLR
IN0001112,FL0008886,AC00952,2026-05-01 11:44:00,Bird Strike,Low,Resolved,MIA
IN0001113,FL0004592,AC00851,2026-04-07 05:22:00,Engine Alert,Medium,Open,JFK
IN0001114,FL0000400,AC00665,2026-03-21 07:59:00,Turbulence,Low,Open,LAX
IN0001115,FL0005019,AC00462,2026-03-25 15:52:00,Weather Alert,Low,Open,MIA
IN0001116,FL0012706,AC01184,2026-03-10 08:20:00,Weather Alert,Medium,Resolved,MIA
IN0001117,FL0013165,AC01088,2026-05-15 18:56:00,Hydraulic Leak,Medium,Investigating,LAX
IN0001118,FL0007389,AC00391,2026-03-15 18:59:00,Brake Issue,High,Open,SIN
IN0001119,FL0012355,AC01137,2026-03-04 22:44:00,Brake Issue,High,Investigating,DXB
IN0001120,FL0002061,AC00893,2026-03-17 09:04:00,Brake Issue,Low,Open,JFK
IN0001121,FL0011614,AC00739,2026-01-31 00:32:00,Weather Alert,Medium,Closed,BOS
IN0001122,FL0014055,AC00745,2026-02-08 09:35:00,Turbulence,Medium,Closed,LHR
IN0001123,FL0011820,AC00527,2026-02-25 11:32:00,Brake Issue,Low,Resolved,LHR
IN0001124,FL0013337,AC00746,2026-02-15 16:03:00,Weather Alert,Low,Resolved,JFK
IN0001125,FL0001273,AC00052,2026-04-24 12:10:00,Navigation Error,Medium,Resolved,MIA
IN0001126,FL0001106,AC00776,2026-02-26 10:58:00,Bird Strike,Low,Open,DEL
IN0001127,FL0005116,AC00807,2026-04-17 11:01:00,Turbulence,Low,Investigating,JFK
IN0001128,FL0013571,AC00316,2026-01-12 14:06:00,Engine Alert,Low,Investigating,DEN
IN0001129,FL0005823,AC01134,2026-01-10 15:19:00,Turbulence,Low,Resolved,LHR
IN0001130,FL0004252,AC00815,2026-04-28 04:17:00,Bird Strike,Low,Investigating,DEN
IN0001131,FL0004102,AC00455,2026-04-11 11:38:00,Hydraulic Leak,Low,Closed,SEA
IN0001132,FL0014697,AC00406,2026-06-25 11:10:00,Brake Issue,Low,Resolved,SIN
IN0001133,FL0000545,AC00341,2026-03-30 04:30:00,Turbulence,Low,Resolved,ORD
IN0001134,FL0001078,AC00997,2026-01-09 09:32:00,Navigation Error,Medium,Resolved,ATL
IN0001135,FL0010429,AC00686,2026-01-10 04:50:00,Turbulence,Low,Open,SIN
IN0001136,FL0002824,AC00311,2026-02-23 17:14:00,Navigation Error,Medium,Closed,DEL
IN0001137,FL0009409,AC00594,2026-03-07 13:57:00,Turbulence,Medium,Open,SFO
IN0001138,FL0001859,AC01157,2026-04-12 07:24:00,Engine Alert,Low,Open,ATL
IN0001139,FL0013188,AC00024,2026-01-26 11:40:00,Brake Issue,Medium,Investigating,BLR
IN0001140,FL0010628,AC00641,2026-05-11 17:42:00,Bird Strike,Low,Resolved,ATL
IN0001141,FL0005486,AC00310,2026-04-07 22:03:00,Navigation Error,Low,Closed,DFW
IN0001142,FL0006443,AC00293,2026-06-15 14:01:00,Brake Issue,Low,Open,JFK
IN0001143,FL0011998,AC00009,2026-03-24 22:10:00,Weather Alert,Medium,Closed,MIA
IN0001144,FL0012741,AC00112,2026-03-13 02:39:00,Hydraulic Leak,High,Open,MIA
IN0001145,FL0013427,AC00482,2026-01-23 20:56:00,Hydraulic Leak,High,Open,JFK
IN0001146,FL0005352,AC00837,2026-06-18 21:28:00,Brake Issue,Low,Resolved,LHR
IN0001147,FL0000762,AC01030,2026-04-22 13:12:00,Bird Strike,Medium,Closed,LHR
IN0001148,FL0001357,AC00951,2026-06-11 18:57:00,Hydraulic Leak,High,Closed,LAX
IN0001149,FL0013785,AC00490,2026-06-22 22:33:00,Weather Alert,Medium,Closed,ORD
IN0001150,FL0013438,AC00460,2026-03-01 00:40:00,Bird Strike,Medium,Open,LHR
IN0001151,FL0011927,AC01061,2026-06-02 21:11:00,Bird Strike,Low,Closed,BLR
IN0001152,FL0014087,AC00912,2026-03-03 20:16:00,Weather Alert,Low,Closed,DEL
IN0001153,FL0006770,AC00538,2026-02-22 01:46:00,Bird Strike,Low,Investigating,SIN
IN0001154,FL0005969,AC01069,2026-02-21 17:14:00,Weather Alert,Low,Closed,DXB
IN0001155,FL0000745,AC01171,2026-01-10 03:27:00,Hydraulic Leak,Medium,Open,MIA
IN0001156,FL0006728,AC01084,2026-07-01 06:14:00,Engine Alert,Low,Resolved,JFK
IN0001157,FL0006257,AC00667,2026-03-23 22:36:00,Navigation Error,Low,Open,SFO
IN0001158,FL0004646,AC00830,2026-05-25 02:46:00,Hydraulic Leak,Low,Closed,DXB
IN0001159,FL0002681,AC00847,2026-02-06 13:55:00,Hydraulic Leak,High,Open,JFK
IN0001160,FL0011103,AC00376,2026-05-12 04:36:00,Bird Strike,Low,Resolved,BOS
IN0001161,FL0000646,AC00059,2026-03-11 11:29:00,Engine Alert,High,Investigating,SIN
IN0001162,FL0007549,AC01106,2026-02-10 20:55:00,Turbulence,Medium,Open,JFK
IN0001163,FL0002064,AC00347,2026-02-27 21:01:00,Brake Issue,Low,Closed,ORD
IN0001164,FL0006385,AC00781,2026-04-24 13:30:00,Brake Issue,Low,Closed,MIA
IN0001165,FL0011943,AC00531,2026-04-16 12:49:00,Brake Issue,Low,Open,ORD
IN0001166,FL0008867,AC01148,2026-06-03 17:53:00,Bird Strike,Medium,Investigating,ATL
IN0001167,FL0012425,AC01174,2026-03-25 10:21:00,Navigation Error,Medium,Closed,DXB
IN0001168,FL0009749,AC00585,2026-05-12 14:22:00,Turbulence,Low,Open,MIA
IN0001169,FL0011796,AC00541,2026-03-17 15:21:00,Bird Strike,Low,Open,SFO
IN0001170,FL0013483,AC00409,2026-01-26 00:14:00,Navigation Error,Medium,Investigating,LHR
IN0001171,FL0006506,AC00777,2026-04-28 09:06:00,Brake Issue,Medium,Open,DEL
IN0001172,FL0013957,AC01134,2026-05-03 01:26:00,Navigation Error,Low,Open,LHR
IN0001173,FL0001431,AC00051,2026-04-14 04:39:00,Hydraulic Leak,Critical,Investigating,ATL
IN0001174,FL0014599,AC00783,2026-06-08 09:43:00,Hydraulic Leak,High,Open,ORD
IN0001175,FL0001567,AC00972,2026-04-16 14:50:00,Engine Alert,Medium,Closed,DFW
IN0001176,FL0008156,AC00585,2026-05-31 20:38:00,Navigation Error,High,Open,MIA
IN0001177,FL0012923,AC00478,2026-03-10 14:48:00,Turbulence,Low,Open,LAX
IN0001178,FL0006338,AC00186,2026-03-31 23:13:00,Hydraulic Leak,Low,Open,JFK
IN0001179,FL0011760,AC00256,2026-01-01 04:32:00,Hydraulic Leak,Low,Resolved,ORD
IN0001180,FL0009910,AC01094,2026-06-25 11:41:00,Navigation Error,Medium,Resolved,SIN
IN0001181,FL0005482,AC00599,2026-05-08 00:34:00,Bird Strike,Medium,Resolved,BOS
IN0001182,FL0014750,AC00206,2026-01-10 07:04:00,Bird Strike,Critical,Open,DEN
IN0001183,FL0010077,AC01179,2026-05-21 03:53:00,Brake Issue,Low,Investigating,BLR
IN0001184,FL0002576,AC00759,2026-04-06 18:26:00,Weather Alert,Medium,Resolved,SEA
IN0001185,FL0005833,AC00648,2026-03-27 21:27:00,Weather Alert,Low,Resolved,LAX
IN0001186,FL0008389,AC00237,2026-04-12 05:08:00,Engine Alert,Medium,Investigating,LAX
IN0001187,FL0000742,AC00422,2026-02-28 03:56:00,Hydraulic Leak,Medium,Open,DXB
IN0001188,FL0010768,AC00253,2026-01-27 02:57:00,Engine Alert,Medium,Open,LHR
IN0001189,FL0006435,AC00905,2026-04-18 19:17:00,Bird Strike,Low,Investigating,DXB
IN0001190,FL0012506,AC00452,2026-04-02 16:24:00,Bird Strike,Medium,Resolved,SIN
IN0001191,FL0014393,AC00258,2026-02-13 18:34:00,Turbulence,High,Resolved,LHR
IN0001192,FL0011113,AC00738,2026-05-29 18:53:00,Turbulence,High,Open,LAX
IN0001193,FL0007837,AC00173,2026-06-30 00:40:00,Navigation Error,Low,Resolved,SFO
IN0001194,FL0013334,AC00200,2026-06-30 04:31:00,Brake Issue,Medium,Closed,ATL
IN0001195,FL0003415,AC00045,2026-04-14 14:54:00,Hydraulic Leak,Low,Investigating,SIN
IN0001196,FL0002336,AC00157,2026-05-11 12:20:00,Engine Alert,Medium,Investigating,JFK
IN0001197,FL0012944,AC00988,2026-02-27 11:11:00,Hydraulic Leak,High,Investigating,DXB
IN0001198,FL0013519,AC01063,2026-01-09 16:07:00,Weather Alert,Low,Closed,BLR
IN0001199,FL0014291,AC00667,2026-03-31 00:14:00,Turbulence,Medium,Closed,SEA
IN0001200,FL0000076,AC00091,2026-01-05 07:50:00,Engine Alert,Low,Closed,SFO
IN0001201,FL0009669,AC00296,2026-04-29 14:27:00,Bird Strike,Low,Resolved,DFW
IN0001202,FL0013205,AC00373,2026-05-14 02:56:00,Brake Issue,Medium,Open,SEA
IN0001203,FL0000963,AC01081,2026-02-16 00:21:00,Navigation Error,Critical,Investigating,SEA
IN0001204,FL0001110,AC00274,2026-04-03 18:11:00,Navigation Error,Medium,Closed,LAX
IN0001205,FL0005304,AC00295,2026-02-24 01:19:00,Brake Issue,Low,Investigating,SFO
IN0001206,FL0009847,AC00578,2026-05-28 08:15:00,Turbulence,Medium,Investigating,DEN
IN0001207,FL0005197,AC00779,2026-05-31 09:01:00,Hydraulic Leak,Low,Resolved,MIA
IN0001208,FL0012451,AC00176,2026-06-08 11:57:00,Turbulence,Low,Closed,SIN
IN0001209,FL0008778,AC00694,2026-03-18 09:35:00,Engine Alert,Low,Closed,DFW
IN0001210,FL0001357,AC00284,2026-05-05 03:23:00,Bird Strike,High,Investigating,LAX
IN0001211,FL0012475,AC01128,2026-06-14 04:44:00,Navigation Error,Medium,Closed,BOS
IN0001212,FL0001476,AC00656,2026-06-18 03:03:00,Navigation Error,Low,Closed,DXB
IN0001213,FL0007997,AC01073,2026-03-13 18:26:00,Engine Alert,High,Closed,LHR
IN0001214,FL0000540,AC00265,2026-07-01 04:17:00,Brake Issue,Low,Resolved,DEN
IN0001215,FL0002174,AC00226,2026-03-22 10:59:00,Bird Strike,High,Investigating,SEA
IN0001216,FL0011278,AC00337,2026-02-04 20:51:00,Brake Issue,Low,Investigating,JFK
IN0001217,FL0002713,AC00675,2026-01-11 08:36:00,Bird Strike,Medium,Open,DEL
IN0001218,FL0011284,AC00019,2026-05-07 03:50:00,Weather Alert,Medium,Closed,JFK
IN0001219,FL0001509,AC00632,2026-01-28 13:39:00,Bird Strike,Critical,Investigating,BOS
IN0001220,FL0011445,AC00455,2026-05-09 09:15:00,Weather Alert,Medium,Open,ORD
IN0001221,FL0009611,AC00562,2026-03-06 03:04:00,Navigation Error,Low,Closed,SIN
IN0001222,FL0003469,AC00839,2026-03-22 00:23:00,Hydraulic Leak,Low,Investigating,ATL
IN0001223,FL0005132,AC00020,2026-07-02 05:42:00,Hydraulic Leak,Medium,Closed,JFK
IN0001224,FL0001071,AC00681,2026-05-17 02:28:00,Brake Issue,Low,Resolved,SEA
IN0001225,FL0007483,AC00883,2026-06-25 09:01:00,Weather Alert,High,Open,SFO
IN0001226,FL0014845,AC00366,2026-06-21 03:59:00,Turbulence,Low,Resolved,BLR
IN0001227,FL0011239,AC01119,2026-06-21 04:05:00,Weather Alert,High,Investigating,SIN
IN0001228,FL0008417,AC00548,2026-01-09 02:24:00,Turbulence,Low,Investigating,SFO
IN0001229,FL0006585,AC00113,2026-05-10 14:03:00,Bird Strike,Medium,Investigating,SIN
IN0001230,FL0005308,AC00195,2026-01-14 01:52:00,Hydraulic Leak,Low,Closed,SEA
IN0001231,FL0009405,AC00917,2026-05-31 02:39:00,Bird Strike,Low,Open,SIN
IN0001232,FL0005048,AC00105,2026-04-29 12:28:00,Brake Issue,Low,Closed,LAX
IN0001233,FL0003558,AC00124,2026-05-06 11:48:00,Bird Strike,Low,Resolved,JFK
IN0001234,FL0003332,AC01184,2026-04-03 20:25:00,Navigation Error,Critical,Open,MIA
IN0001235,FL0014865,AC01125,2026-06-05 06:03:00,Hydraulic Leak,Low,Resolved,LHR
IN0001236,FL0008016,AC00096,2026-06-18 00:50:00,Bird Strike,Medium,Investigating,BOS
IN0001237,FL0009296,AC01107,2026-05-14 20:25:00,Turbulence,Medium,Resolved,SFO
IN0001238,FL0013198,AC00001,2026-04-22 08:00:00,Navigation Error,Low,Resolved,DEL
IN0001239,FL0001186,AC01025,2026-01-09 06:19:00,Weather Alert,Low,Investigating,BOS
IN0001240,FL0003158,AC00032,2026-06-19 04:29:00,Bird Strike,Medium,Resolved,ATL
IN0001241,FL0000940,AC00645,2026-03-14 18:31:00,Navigation Error,Medium,Investigating,BLR
IN0001242,FL0004314,AC00040,2026-05-24 03:53:00,Hydraulic Leak,Low,Closed,SEA
IN0001243,FL0009200,AC00685,2026-01-21 21:30:00,Bird Strike,Medium,Closed,LAX
IN0001244,FL0009057,AC00691,2026-01-04 09:26:00,Weather Alert,Medium,Open,MIA
IN0001245,FL0004811,AC00444,2026-05-20 15:35:00,Hydraulic Leak,Low,Open,DFW
IN0001246,FL0005611,AC00271,2026-05-22 17:47:00,Brake Issue,Low,Investigating,LHR
IN0001247,FL0013731,AC01035,2026-05-15 14:45:00,Bird Strike,Medium,Closed,LHR
IN0001248,FL0012509,AC00982,2026-06-24 13:06:00,Hydraulic Leak,Low,Investigating,DXB
IN0001249,FL0009698,AC01163,2026-02-16 05:44:00,Bird Strike,Medium,Resolved,SFO
IN0001250,FL0012741,AC00071,2026-04-01 11:58:00,Turbulence,Low,Investigating,LHR
IN0001251,FL0004746,AC01029,2026-01-04 03:01:00,Weather Alert,Critical,Resolved,BLR
IN0001252,FL0013145,AC01168,2026-06-02 17:02:00,Bird Strike,Low,Resolved,MIA
IN0001253,FL0012377,AC01115,2026-06-28 22:36:00,Bird Strike,High,Open,ORD
IN0001254,FL0008821,AC00529,2026-03-31 17:50:00,Turbulence,Medium,Resolved,MIA
IN0001255,FL0000747,AC00160,2026-06-30 16:04:00,Brake Issue,Low,Resolved,DFW
IN0001256,FL0004746,AC00281,2026-03-02 09:42:00,Engine Alert,Medium,Open,BOS
IN0001257,FL0014326,AC01003,2026-05-21 18:24:00,Weather Alert,High,Resolved,DFW
IN0001258,FL0005240,AC00951,2026-02-23 22:13:00,Hydraulic Leak,Low,Resolved,SIN
IN0001259,FL0000362,AC00105,2026-05-19 05:26:00,Bird Strike,Medium,Investigating,BOS
IN0001260,FL0014513,AC01151,2026-06-01 18:04:00,Brake Issue,Medium,Investigating,SEA
IN0001261,FL0008259,AC00383,2026-01-19 22:32:00,Turbulence,Low,Open,DFW
IN0001262,FL0002575,AC00518,2026-04-27 11:51:00,Bird Strike,High,Investigating,SFO
IN0001263,FL0010888,AC00885,2026-05-06 08:32:00,Bird Strike,Low,Resolved,DEN
IN0001264,FL0001855,AC00526,2026-01-06 18:28:00,Turbulence,Low,Investigating,LHR
IN0001265,FL0011702,AC00972,2026-02-10 20:17:00,Brake Issue,High,Closed,BLR
IN0001266,FL0009694,AC00330,2026-01-29 09:02:00,Turbulence,Low,Investigating,MIA
IN0001267,FL0002667,AC00809,2026-01-02 15:24:00,Brake Issue,Low,Investigating,BOS
IN0001268,FL0005155,AC00080,2026-01-28 15:52:00,Navigation Error,Medium,Closed,DEL
IN0001269,FL0004900,AC00799,2026-01-24 06:45:00,Turbulence,High,Investigating,DFW
IN0001270,FL0009630,AC00380,2026-03-07 05:49:00,Bird Strike,Low,Open,BLR
IN0001271,FL0008865,AC00999,2026-01-25 01:38:00,Brake Issue,Medium,Investigating,LAX
IN0001272,FL0001815,AC00484,2026-02-24 06:51:00,Navigation Error,Medium,Resolved,LHR
IN0001273,FL0002257,AC00104,2026-04-09 13:04:00,Engine Alert,Low,Resolved,DFW
IN0001274,FL0013193,AC00265,2026-03-15 22:08:00,Hydraulic Leak,Low,Investigating,ATL
IN0001275,FL0009610,AC00711,2026-01-04 19:47:00,Navigation Error,Low,Open,BOS
IN0001276,FL0014197,AC01130,2026-04-25 18:42:00,Weather Alert,Low,Closed,BLR
IN0001277,FL0003796,AC00113,2026-02-27 06:55:00,Turbulence,Medium,Investigating,MIA
IN0001278,FL0001907,AC00428,2026-06-10 06:29:00,Engine Alert,Medium,Investigating,LHR
IN0001279,FL0011165,AC00519,2026-01-16 11:59:00,Brake Issue,Low,Open,ATL
IN0001280,FL0004616,AC00849,2026-05-12 04:32:00,Weather Alert,High,Resolved,DXB
IN0001281,FL0003781,AC00542,2026-05-03 22:48:00,Hydraulic Leak,Low,Closed,MIA
IN0001282,FL0014730,AC00512,2026-02-05 08:41:00,Hydraulic Leak,Low,Investigating,ORD
IN0001283,FL0001580,AC00950,2026-05-20 22:52:00,Navigation Error,Medium,Open,LAX
IN0001284,FL0007101,AC01106,2026-01-06 11:42:00,Engine Alert,Low,Resolved,DEL
IN0001285,FL0001051,AC00884,2026-05-10 10:22:00,Weather Alert,Medium,Closed,DEN
IN0001286,FL0011218,AC01124,2026-03-05 19:19:00,Brake Issue,Low,Resolved,DEL
IN0001287,FL0003886,AC00169,2026-06-28 06:35:00,Hydraulic Leak,Medium,Open,LAX
IN0001288,FL0002365,AC00651,2026-03-12 01:58:00,Hydraulic Leak,High,Investigating,BLR
IN0001289,FL0008780,AC00281,2026-03-16 16:38:00,Turbulence,Low,Open,SEA
IN0001290,FL0005647,AC00769,2026-03-13 13:43:00,Weather Alert,Critical,Investigating,BOS
IN0001291,FL0009627,AC00133,2026-01-23 20:51:00,Engine Alert,Low,Closed,DXB
IN0001292,FL0010907,AC00287,2026-06-24 16:46:00,Brake Issue,Low,Resolved,ORD
IN0001293,FL0012117,AC00177,2026-05-11 22:50:00,Brake Issue,Low,Investigating,SEA
IN0001294,FL0007876,AC01074,2026-01-11 03:24:00,Hydraulic Leak,Low,Closed,ORD
IN0001295,FL0004736,AC00067,2026-04-15 11:00:00,Bird Strike,Low,Resolved,JFK
IN0001296,FL0007371,AC00948,2026-02-27 08:49:00,Bird Strike,Medium,Closed,ORD
IN0001297,FL0001444,AC00846,2026-06-07 13:09:00,Navigation Error,Low,Closed,DEN
IN0001298,FL0013901,AC00110,2026-05-02 13:29:00,Engine Alert,Medium,Closed,MIA
IN0001299,FL0009473,AC01187,2026-02-27 13:15:00,Hydraulic Leak,Low,Resolved,BLR
IN0001300,FL0009248,AC00180,2026-05-11 18:39:00,Brake Issue,Low,Investigating,DEN
IN0001301,FL0007262,AC00227,2026-01-13 10:15:00,Engine Alert,Low,Open,SFO
IN0001302,FL0006915,AC01072,2026-06-22 11:24:00,Bird Strike,Low,Closed,LHR
IN0001303,FL0007840,AC00097,2026-01-24 04:45:00,Hydraulic Leak,Medium,Closed,BOS
IN0001304,FL0001857,AC00609,2026-02-15 06:38:00,Navigation Error,High,Closed,SEA
IN0001305,FL0003580,AC00270,2026-03-04 07:43:00,Hydraulic Leak,Medium,Open,LHR
IN0001306,FL0005416,AC00026,2026-06-22 22:20:00,Turbulence,Medium,Resolved,ATL
IN0001307,FL0001637,AC01096,2026-04-25 17:06:00,Engine Alert,Low,Investigating,SFO
IN0001308,FL0008075,AC00723,2026-05-18 01:51:00,Hydraulic Leak,Low,Investigating,BOS
IN0001309,FL0010565,AC01135,2026-04-29 10:28:00,Navigation Error,Low,Resolved,BLR
IN0001310,FL0000621,AC01187,2026-05-12 06:22:00,Engine Alert,Medium,Open,BOS
IN0001311,FL0001995,AC00178,2026-05-22 02:10:00,Turbulence,Low,Closed,BOS
IN0001312,FL0009913,AC00927,2026-03-12 18:50:00,Engine Alert,Medium,Closed,SFO
IN0001313,FL0002079,AC00726,2026-04-01 05:41:00,Turbulence,Low,Investigating,DEN
IN0001314,FL0002585,AC01168,2026-04-01 08:12:00,Weather Alert,Low,Open,DEL
IN0001315,FL0012427,AC00443,2026-05-21 15:02:00,Bird Strike,Low,Resolved,SEA
IN0001316,FL0001973,AC00300,2026-05-14 01:36:00,Bird Strike,Medium,Resolved,DEL
IN0001317,FL0012858,AC00764,2026-01-07 13:43:00,Weather Alert,Low,Open,ORD
IN0001318,FL0001058,AC00394,2026-01-11 00:20:00,Navigation Error,Low,Investigating,ATL
IN0001319,FL0010841,AC00443,2026-04-25 14:15:00,Weather Alert,High,Investigating,DEL
IN0001320,FL0000087,AC00590,2026-03-31 20:55:00,Engine Alert,Low,Investigating,BLR
IN0001321,FL0001235,AC00472,2026-04-28 03:38:00,Navigation Error,Medium,Investigating,DEL
IN0001322,FL0005452,AC00080,2026-02-06 16:39:00,Hydraulic Leak,Medium,Open,LAX
IN0001323,FL0002558,AC00369,2026-03-19 09:53:00,Navigation Error,Medium,Open,DFW
IN0001324,FL0006005,AC00282,2026-05-05 19:58:00,Brake Issue,Low,Resolved,LAX
IN0001325,FL0007945,AC00382,2026-03-15 19:26:00,Hydraulic Leak,High,Closed,DEL
IN0001326,FL0002414,AC00044,2026-02-15 16:57:00,Hydraulic Leak,Low,Investigating,DEL
IN0001327,FL0004961,AC01024,2026-01-29 18:37:00,Brake Issue,Low,Investigating,DFW
IN0001328,FL0008225,AC00433,2026-04-21 05:26:00,Brake Issue,Medium,Closed,SFO
IN0001329,FL0000218,AC00107,2026-02-17 16:31:00,Navigation Error,Low,Investigating,LHR
IN0001330,FL0004296,AC00792,2026-04-14 08:03:00,Turbulence,Low,Closed,LAX
IN0001331,FL0008586,AC00326,2026-02-01 12:42:00,Weather Alert,High,Investigating,DFW
IN0001332,FL0001307,AC00955,2026-02-01 21:22:00,Hydraulic Leak,Medium,Resolved,ORD
IN0001333,FL0006730,AC00110,2026-01-19 09:48:00,Brake Issue,Low,Open,BLR
IN0001334,FL0011345,AC00592,2026-02-06 21:23:00,Bird Strike,Low,Closed,SFO
IN0001335,FL0011447,AC01180,2026-04-20 02:59:00,Brake Issue,Medium,Resolved,JFK
IN0001336,FL0006050,AC00344,2026-03-30 05:54:00,Turbulence,High,Investigating,MIA
IN0001337,FL0004974,AC00696,2026-04-28 20:16:00,Hydraulic Leak,Medium,Resolved,DEL
IN0001338,FL0007080,AC00464,2026-01-08 07:05:00,Hydraulic Leak,Medium,Open,DEN
IN0001339,FL0004864,AC01011,2026-05-18 01:38:00,Turbulence,Low,Closed,ORD
IN0001340,FL0012750,AC00448,2026-06-02 18:04:00,Bird Strike,Medium,Resolved,SIN
IN0001341,FL0001899,AC00628,2026-01-19 20:47:00,Brake Issue,Low,Investigating,DXB
IN0001342,FL0010047,AC00787,2026-01-11 04:51:00,Brake Issue,Critical,Closed,SIN
IN0001343,FL0010553,AC00105,2026-01-09 01:50:00,Weather Alert,Low,Investigating,SEA
IN0001344,FL0014919,AC00548,2026-06-27 12:25:00,Engine Alert,Medium,Investigating,MIA
IN0001345,FL0007087,AC00502,2026-04-05 20:50:00,Brake Issue,Medium,Investigating,DEL
IN0001346,FL0004172,AC01155,2026-04-22 16:16:00,Bird Strike,High,Investigating,DFW
IN0001347,FL0001326,AC00320,2026-04-15 17:06:00,Navigation Error,High,Open,ORD
IN0001348,FL0005432,AC00387,2026-05-22 00:25:00,Turbulence,Medium,Open,SFO
IN0001349,FL0004739,AC00717,2026-01-15 22:12:00,Engine Alert,Medium,Open,DEL
IN0001350,FL0007040,AC00273,2026-02-27 14:29:00,Bird Strike,Low,Resolved,SFO
IN0001351,FL0009508,AC00401,2026-01-09 02:37:00,Engine Alert,Low,Resolved,LAX
IN0001352,FL0001217,AC00617,2026-04-19 20:59:00,Brake Issue,Medium,Open,DEN
IN0001353,FL0007937,AC00601,2026-06-08 07:55:00,Brake Issue,Low,Investigating,ATL
IN0001354,FL0013562,AC00246,2026-03-14 08:45:00,Weather Alert,Medium,Investigating,MIA
IN0001355,FL0003300,AC01075,2026-06-04 12:03:00,Bird Strike,Low,Investigating,ORD
IN0001356,FL0004113,AC00356,2026-05-19 07:28:00,Brake Issue,Critical,Open,DFW
IN0001357,FL0014854,AC01049,2026-01-27 10:26:00,Engine Alert,Medium,Closed,BLR
IN0001358,FL0010757,AC01037,2026-04-27 03:25:00,Weather Alert,Medium,Investigating,SFO
IN0001359,FL0013557,AC00881,2026-02-02 22:29:00,Brake Issue,Low,Closed,BLR
IN0001360,FL0001333,AC01174,2026-05-06 18:20:00,Hydraulic Leak,Medium,Open,DXB
IN0001361,FL0001295,AC00617,2026-03-11 04:02:00,Navigation Error,Medium,Resolved,DEN
IN0001362,FL0012426,AC00298,2026-01-22 20:54:00,Brake Issue,Low,Resolved,ATL
IN0001363,FL0011987,AC01127,2026-01-05 18:39:00,Engine Alert,Low,Resolved,LAX
IN0001364,FL0002884,AC00353,2026-02-28 00:07:00,Navigation Error,Medium,Open,LHR
IN0001365,FL0013212,AC00741,2026-05-26 06:35:00,Turbulence,Low,Open,BOS
IN0001366,FL0013637,AC01069,2026-01-05 03:38:00,Hydraulic Leak,Low,Investigating,DFW
IN0001367,FL0010177,AC00043,2026-03-23 10:44:00,Engine Alert,Low,Investigating,SFO
IN0001368,FL0004317,AC00497,2026-03-29 17:02:00,Weather Alert,Medium,Investigating,JFK
IN0001369,FL0006156,AC00923,2026-05-09 12:07:00,Hydraulic Leak,Low,Resolved,JFK
IN0001370,FL0005548,AC00021,2026-05-31 01:26:00,Engine Alert,Low,Resolved,BLR
IN0001371,FL0010083,AC00464,2026-06-07 01:16:00,Navigation Error,Low,Resolved,BLR
IN0001372,FL0008035,AC00663,2026-02-09 03:18:00,Turbulence,Low,Open,DXB
IN0001373,FL0000399,AC01126,2026-03-10 07:57:00,Weather Alert,Medium,Closed,ATL
IN0001374,FL0009115,AC00279,2026-04-01 00:50:00,Bird Strike,Medium,Resolved,BOS
IN0001375,FL0006594,AC00442,2026-03-18 10:42:00,Brake Issue,Medium,Investigating,DEN
IN0001376,FL0002188,AC00810,2026-01-25 16:43:00,Engine Alert,Medium,Investigating,JFK
IN0001377,FL0008114,AC00823,2026-02-14 06:35:00,Turbulence,Low,Resolved,JFK
IN0001378,FL0013908,AC00208,2026-03-24 07:59:00,Engine Alert,Low,Investigating,JFK
IN0001379,FL0009131,AC00251,2026-03-13 15:23:00,Navigation Error,Low,Closed,SIN
IN0001380,FL0012481,AC00460,2026-06-01 23:06:00,Hydraulic Leak,Low,Resolved,BLR
IN0001381,FL0000949,AC00176,2026-02-22 18:22:00,Hydraulic Leak,High,Investigating,ATL
IN0001382,FL0008112,AC00617,2026-02-14 10:51:00,Bird Strike,Low,Closed,DXB
IN0001383,FL0002957,AC00341,2026-02-12 19:22:00,Brake Issue,High,Investigating,SEA
IN0001384,FL0013837,AC00118,2026-04-19 16:41:00,Bird Strike,Low,Open,LAX
IN0001385,FL0011550,AC00263,2026-05-08 18:16:00,Hydraulic Leak,Medium,Closed,ORD
IN0001386,FL0003858,AC00711,2026-06-28 13:19:00,Brake Issue,Medium,Resolved,BOS
IN0001387,FL0000583,AC00002,2026-03-05 01:54:00,Bird Strike,High,Resolved,DEN
IN0001388,FL0003286,AC01123,2026-02-13 10:51:00,Navigation Error,Medium,Investigating,BLR
IN0001389,FL0011298,AC00346,2026-01-14 08:30:00,Turbulence,Medium,Closed,DEN
IN0001390,FL0003210,AC00057,2026-01-29 19:03:00,Engine Alert,Medium,Closed,MIA
IN0001391,FL0004172,AC01134,2026-04-05 08:48:00,Weather Alert,Low,Investigating,JFK
IN0001392,FL0013881,AC00853,2026-02-11 02:18:00,Weather Alert,Low,Closed,JFK
IN0001393,FL0013366,AC01170,2026-05-07 02:21:00,Brake Issue,Medium,Investigating,DEN
IN0001394,FL0005679,AC00743,2026-05-25 04:45:00,Engine Alert,Low,Open,LAX
IN0001395,FL0014551,AC00777,2026-03-04 18:45:00,Brake Issue,Low,Open,SIN
IN0001396,FL0000702,AC00577,2026-02-02 12:08:00,Brake Issue,Low,Resolved,BOS
IN0001397,FL0012396,AC00880,2026-01-09 02:27:00,Navigation Error,Medium,Closed,ATL
IN0001398,FL0009686,AC00067,2026-04-24 11:49:00,Brake Issue,Low,Open,SIN
IN0001399,FL0001962,AC01048,2026-01-06 02:27:00,Brake Issue,Medium,Investigating,DFW
IN0001400,FL0010608,AC01129,2026-02-19 08:11:00,Engine Alert,Medium,Investigating,SFO
IN0001401,FL0010092,AC00918,2026-03-22 17:00:00,Engine Alert,Low,Resolved,ATL
IN0001402,FL0005076,AC01172,2026-04-20 07:02:00,Brake Issue,Medium,Investigating,MIA
IN0001403,FL0005439,AC00164,2026-05-17 04:34:00,Navigation Error,Low,Resolved,SFO
IN0001404,FL0014990,AC00969,2026-02-28 23:00:00,Navigation Error,Low,Resolved,MIA
IN0001405,FL0004195,AC01106,2026-05-08 14:17:00,Bird Strike,Medium,Investigating,BLR
IN0001406,FL0001831,AC00098,2026-05-02 22:01:00,Engine Alert,Medium,Resolved,SIN
IN0001407,FL0010474,AC01101,2026-05-12 07:45:00,Turbulence,Low,Closed,SIN
IN0001408,FL0009428,AC00515,2026-01-24 09:03:00,Hydraulic Leak,Low,Investigating,JFK
IN0001409,FL0001825,AC01101,2026-05-09 00:16:00,Weather Alert,Low,Open,DXB
IN0001410,FL0010104,AC01167,2026-07-02 00:22:00,Engine Alert,Medium,Closed,BOS
IN0001411,FL0008708,AC00329,2026-04-29 18:57:00,Bird Strike,Medium,Closed,LAX
IN0001412,FL0004594,AC00111,2026-03-27 15:35:00,Engine Alert,Medium,Resolved,LHR
IN0001413,FL0007433,AC00205,2026-06-21 06:50:00,Weather Alert,Medium,Closed,ORD
IN0001414,FL0007197,AC00320,2026-05-13 00:48:00,Hydraulic Leak,Low,Closed,DFW
IN0001415,FL0001741,AC00853,2026-03-01 13:08:00,Turbulence,High,Closed,SIN
IN0001416,FL0007337,AC00899,2026-05-24 02:16:00,Navigation Error,Medium,Open,ORD
IN0001417,FL0009121,AC00609,2026-06-18 18:23:00,Navigation Error,Medium,Resolved,DFW
IN0001418,FL0006539,AC01195,2026-01-12 12:06:00,Navigation Error,Low,Open,BOS
IN0001419,FL0005624,AC00001,2026-03-05 09:37:00,Navigation Error,High,Open,JFK
IN0001420,FL0012362,AC00962,2026-06-02 00:21:00,Weather Alert,Medium,Investigating,SIN
IN0001421,FL0008843,AC00573,2026-04-13 02:33:00,Weather Alert,Medium,Investigating,DXB
IN0001422,FL0008158,AC00118,2026-02-22 14:18:00,Hydraulic Leak,Medium,Investigating,SIN
IN0001423,FL0001939,AC00571,2026-01-16 04:47:00,Weather Alert,Medium,Resolved,SEA
IN0001424,FL0005172,AC00490,2026-06-28 11:47:00,Turbulence,Medium,Closed,ORD
IN0001425,FL0005650,AC00518,2026-05-26 10:07:00,Turbulence,High,Investigating,BOS
IN0001426,FL0001082,AC00551,2026-06-02 06:09:00,Weather Alert,Medium,Investigating,DFW
IN0001427,FL0013505,AC00071,2026-02-09 09:21:00,Brake Issue,Medium,Closed,DEL
IN0001428,FL0011504,AC00685,2026-06-06 14:31:00,Weather Alert,Low,Investigating,DXB
IN0001429,FL0008805,AC00520,2026-03-02 06:18:00,Turbulence,Low,Closed,ATL
IN0001430,FL0007350,AC00024,2026-03-17 21:39:00,Bird Strike,Medium,Closed,BLR
IN0001431,FL0004188,AC00415,2026-02-05 05:35:00,Bird Strike,Low,Resolved,ORD
IN0001432,FL0008163,AC01098,2026-02-03 04:34:00,Engine Alert,Low,Open,LAX
IN0001433,FL0008306,AC00148,2026-02-10 04:04:00,Brake Issue,Medium,Investigating,BOS
IN0001434,FL0005283,AC00134,2026-01-12 08:16:00,Hydraulic Leak,Medium,Open,SEA
IN0001435,FL0007625,AC00864,2026-06-17 08:50:00,Bird Strike,Low,Investigating,JFK
IN0001436,FL0000091,AC00893,2026-06-16 04:00:00,Bird Strike,Low,Open,SFO
IN0001437,FL0004226,AC00175,2026-05-28 18:47:00,Hydraulic Leak,Medium,Closed,DEL
IN0001438,FL0007071,AC00204,2026-02-19 01:00:00,Navigation Error,Low,Investigating,SFO
IN0001439,FL0005490,AC00763,2026-03-22 07:09:00,Bird Strike,Low,Closed,SIN
IN0001440,FL0012105,AC00647,2026-01-30 00:38:00,Hydraulic Leak,Low,Closed,DEN
IN0001441,FL0000104,AC00364,2026-05-29 09:13:00,Hydraulic Leak,Low,Open,BOS
IN0001442,FL0010590,AC00264,2026-02-15 04:06:00,Weather Alert,Critical,Open,MIA
IN0001443,FL0013418,AC00150,2026-06-19 18:36:00,Brake Issue,High,Closed,JFK
IN0001444,FL0001042,AC00721,2026-02-16 23:59:00,Engine Alert,Low,Resolved,ORD
IN0001445,FL0006763,AC00144,2026-03-08 01:00:00,Hydraulic Leak,Low,Open,ORD
IN0001446,FL0006697,AC01103,2026-02-06 06:42:00,Navigation Error,Low,Resolved,BLR
IN0001447,FL0002549,AC00256,2026-06-03 04:37:00,Brake Issue,Medium,Closed,BLR
IN0001448,FL0003836,AC00452,2026-01-07 01:30:00,Brake Issue,Low,Investigating,MIA
IN0001449,FL0011045,AC00479,2026-05-25 07:50:00,Weather Alert,High,Resolved,DEN
IN0001450,FL0008899,AC00754,2026-01-14 06:54:00,Hydraulic Leak,Low,Open,DFW
IN0001451,FL0011174,AC00693,2026-02-01 03:25:00,Brake Issue,Medium,Resolved,BOS
IN0001452,FL0004863,AC00640,2026-03-18 19:51:00,Turbulence,Medium,Resolved,SEA
IN0001453,FL0007431,AC00609,2026-06-05 07:56:00,Turbulence,Low,Open,LHR
IN0001454,FL0003810,AC00171,2026-06-10 00:00:00,Engine Alert,Low,Resolved,DFW
IN0001455,FL0005016,AC00233,2026-05-19 21:35:00,Bird Strike,Medium,Closed,MIA
IN0001456,FL0006823,AC00592,2026-01-21 14:51:00,Bird Strike,Medium,Closed,SEA
IN0001457,FL0000962,AC00505,2026-03-13 02:28:00,Navigation Error,High,Resolved,SFO
IN0001458,FL0006328,AC00337,2026-04-11 01:20:00,Weather Alert,Low,Open,ORD
IN0001459,FL0006040,AC00714,2026-02-22 01:25:00,Turbulence,Medium,Closed,LHR
IN0001460,FL0002540,AC00255,2026-03-28 11:56:00,Brake Issue,Low,Open,ORD
IN0001461,FL0000311,AC00099,2026-03-09 01:20:00,Weather Alert,Low,Investigating,DXB
IN0001462,FL0004616,AC01107,2026-04-14 23:58:00,Weather Alert,Medium,Open,JFK
IN0001463,FL0014996,AC01046,2026-05-26 13:05:00,Hydraulic Leak,Low,Resolved,SEA
IN0001464,FL0000069,AC00211,2026-07-01 08:34:00,Turbulence,Medium,Open,LHR
IN0001465,FL0002529,AC00268,2026-03-16 03:47:00,Hydraulic Leak,High,Open,DEN
IN0001466,FL0011404,AC01174,2026-02-06 10:31:00,Hydraulic Leak,Low,Closed,DXB
IN0001467,FL0003785,AC00043,2026-03-14 13:29:00,Turbulence,Medium,Resolved,JFK
IN0001468,FL0003181,AC00217,2026-06-19 03:29:00,Weather Alert,High,Closed,JFK
IN0001469,FL0005894,AC00215,2026-04-10 08:24:00,Hydraulic Leak,Low,Resolved,DXB
IN0001470,FL0001394,AC00283,2026-04-24 19:46:00,Turbulence,Low,Closed,DFW
IN0001471,FL0007468,AC01121,2026-06-21 16:04:00,Bird Strike,Low,Resolved,MIA
IN0001472,FL0013416,AC00433,2026-03-08 23:21:00,Hydraulic Leak,Low,Investigating,DFW
IN0001473,FL0007162,AC00325,2026-03-24 12:12:00,Navigation Error,Low,Open,SIN
IN0001474,FL0005995,AC00450,2026-06-18 20:47:00,Bird Strike,Medium,Open,SIN
IN0001475,FL0004995,AC01021,2026-04-28 12:56:00,Engine Alert,Medium,Investigating,MIA
IN0001476,FL0004999,AC00067,2026-02-19 10:09:00,Navigation Error,Medium,Closed,BOS
IN0001477,FL0005568,AC01161,2026-05-08 12:14:00,Weather Alert,Low,Closed,SIN
IN0001478,FL0013014,AC00964,2026-02-22 22:42:00,Engine Alert,Low,Open,DFW
IN0001479,FL0009726,AC01162,2026-05-12 04:53:00,Turbulence,Medium,Resolved,BLR
IN0001480,FL0001813,AC00115,2026-02-14 12:24:00,Navigation Error,Medium,Investigating,JFK
IN0001481,FL0011168,AC00556,2026-02-17 20:01:00,Weather Alert,Low,Investigating,SFO
IN0001482,FL0014752,AC00575,2026-01-29 22:38:00,Hydraulic Leak,Medium,Resolved,LHR
IN0001483,FL0011460,AC00555,2026-01-03 09:50:00,Turbulence,Low,Closed,LAX
IN0001484,FL0001286,AC00446,2026-05-13 07:01:00,Turbulence,Low,Open,SIN
IN0001485,FL0011916,AC01098,2026-04-29 00:40:00,Turbulence,Low,Closed,BOS
IN0001486,FL0001833,AC00152,2026-01-01 08:18:00,Hydraulic Leak,Low,Open,JFK
IN0001487,FL0002334,AC00298,2026-01-24 20:53:00,Hydraulic Leak,Low,Closed,DXB
IN0001488,FL0011802,AC00264,2026-03-02 07:48:00,Engine Alert,Low,Resolved,SIN
IN0001489,FL0006818,AC00328,2026-01-14 15:00:00,Bird Strike,Medium,Resolved,BLR
IN0001490,FL0011674,AC00577,2026-01-21 06:10:00,Turbulence,Critical,Resolved,SEA
IN0001491,FL0011374,AC01059,2026-03-08 15:19:00,Navigation Error,Low,Open,BOS
IN0001492,FL0010978,AC01171,2026-01-30 15:19:00,Bird Strike,Medium,Open,BLR
IN0001493,FL0007391,AC00535,2026-05-19 09:51:00,Navigation Error,Medium,Resolved,ATL
IN0001494,FL0002804,AC00613,2026-04-10 03:29:00,Bird Strike,Low,Resolved,DEL
IN0001495,FL0005248,AC00423,2026-06-23 10:32:00,Hydraulic Leak,Medium,Closed,ATL
IN0001496,FL0000068,AC00655,2026-02-26 23:07:00,Weather Alert,Low,Resolved,SEA
IN0001497,FL0012976,AC00278,2026-02-02 10:47:00,Navigation Error,Low,Open,DEL
IN0001498,FL0014452,AC00537,2026-03-26 18:58:00,Hydraulic Leak,High,Open,LHR
IN0001499,FL0004273,AC01102,2026-04-22 21:36:00,Navigation Error,Medium,Closed,JFK
IN0001500,FL0013187,AC00543,2026-02-01 19:09:00,Weather Alert,Low,Closed,LAX
IN0001501,FL0005248,AC00319,2026-07-01 15:41:00,Engine Alert,Medium,Resolved,SIN
IN0001502,FL0000630,AC00591,2026-05-31 00:58:00,Turbulence,Medium,Investigating,BLR
IN0001503,FL0007850,AC00681,2026-02-07 08:35:00,Navigation Error,Low,Investigating,DFW
IN0001504,FL0008932,AC00658,2026-01-05 19:59:00,Turbulence,Low,Closed,SFO
IN0001505,FL0009136,AC00765,2026-05-12 02:31:00,Hydraulic Leak,High,Closed,DEN
IN0001506,FL0002631,AC01025,2026-02-23 14:17:00,Brake Issue,Low,Investigating,BOS
IN0001507,FL0011085,AC00115,2026-04-14 08:33:00,Bird Strike,Medium,Resolved,LAX
IN0001508,FL0014962,AC00026,2026-03-27 12:34:00,Turbulence,Low,Closed,DEL
IN0001509,FL0003851,AC00773,2026-01-12 01:43:00,Brake Issue,Low,Investigating,ATL
IN0001510,FL0009831,AC01166,2026-05-16 23:24:00,Weather Alert,Low,Open,DFW
IN0001511,FL0012907,AC00057,2026-01-30 00:53:00,Brake Issue,High,Investigating,BOS
IN0001512,FL0013894,AC00799,2026-05-30 23:32:00,Hydraulic Leak,Low,Resolved,BOS
IN0001513,FL0004826,AC00342,2026-02-25 21:03:00,Turbulence,High,Resolved,DEL
IN0001514,FL0004629,AC00401,2026-02-10 13:33:00,Engine Alert,Low,Resolved,DFW
IN0001515,FL0000705,AC00581,2026-03-24 16:38:00,Brake Issue,High,Open,ORD
IN0001516,FL0014498,AC00881,2026-01-12 04:33:00,Hydraulic Leak,Low,Resolved,BOS
IN0001517,FL0004502,AC01089,2026-03-05 18:44:00,Bird Strike,Medium,Investigating,BLR
IN0001518,FL0006979,AC00026,2026-04-07 23:13:00,Weather Alert,High,Resolved,ATL
IN0001519,FL0000765,AC00832,2026-04-19 07:23:00,Bird Strike,Low,Closed,SIN
IN0001520,FL0010096,AC00591,2026-02-19 21:12:00,Hydraulic Leak,Low,Closed,JFK
IN0001521,FL0010035,AC00451,2026-06-22 11:20:00,Bird Strike,Low,Closed,SFO
IN0001522,FL0002174,AC00480,2026-01-17 04:01:00,Brake Issue,Medium,Resolved,LHR
IN0001523,FL0012159,AC00389,2026-01-14 09:30:00,Brake Issue,High,Resolved,SIN
IN0001524,FL0013264,AC00094,2026-03-19 01:46:00,Engine Alert,Critical,Investigating,BOS
IN0001525,FL0008029,AC00019,2026-07-01 13:57:00,Navigation Error,Low,Closed,SEA
IN0001526,FL0014528,AC00559,2026-05-04 19:04:00,Weather Alert,Low,Investigating,BLR
IN0001527,FL0014049,AC00980,2026-02-21 10:08:00,Brake Issue,High,Investigating,ORD
IN0001528,FL0003123,AC00960,2026-06-10 19:17:00,Engine Alert,Low,Investigating,DEL
IN0001529,FL0002515,AC00615,2026-04-16 12:44:00,Engine Alert,Low,Open,SIN
IN0001530,FL0003903,AC00211,2026-06-26 09:55:00,Weather Alert,Low,Investigating,DEN
IN0001531,FL0004314,AC00509,2026-06-24 02:37:00,Navigation Error,Medium,Open,SIN
IN0001532,FL0001314,AC00424,2026-03-01 17:46:00,Engine Alert,Low,Resolved,DEN
IN0001533,FL0009671,AC00751,2026-06-01 15:10:00,Bird Strike,Low,Open,LHR
IN0001534,FL0005601,AC01082,2026-04-04 15:22:00,Bird Strike,Low,Investigating,BOS
IN0001535,FL0002611,AC00140,2026-05-24 13:30:00,Weather Alert,Medium,Resolved,DXB
IN0001536,FL0009880,AC00160,2026-07-01 22:49:00,Turbulence,Medium,Resolved,DEL
IN0001537,FL0002052,AC00547,2026-02-24 19:55:00,Brake Issue,Medium,Investigating,LAX
IN0001538,FL0013192,AC00170,2026-04-06 04:30:00,Brake Issue,Medium,Investigating,SIN
IN0001539,FL0007030,AC01194,2026-06-30 09:09:00,Navigation Error,Low,Closed,DEL
IN0001540,FL0003678,AC00606,2026-06-07 21:03:00,Weather Alert,High,Resolved,SIN
IN0001541,FL0006202,AC00833,2026-03-25 05:03:00,Bird Strike,Critical,Closed,ATL
IN0001542,FL0012915,AC00630,2026-05-03 01:31:00,Navigation Error,Medium,Resolved,DEL
IN0001543,FL0001686,AC01200,2026-05-03 23:26:00,Engine Alert,Low,Resolved,SFO
IN0001544,FL0014941,AC00231,2026-04-02 19:20:00,Engine Alert,Low,Investigating,DFW
IN0001545,FL0006687,AC01121,2026-02-22 15:50:00,Bird Strike,Medium,Closed,BOS
IN0001546,FL0013376,AC00506,2026-04-26 10:39:00,Navigation Error,Low,Closed,DEL
IN0001547,FL0005116,AC00552,2026-02-15 23:04:00,Hydraulic Leak,Medium,Closed,DEN
IN0001548,FL0007595,AC00833,2026-05-30 17:58:00,Bird Strike,Low,Resolved,BOS
IN0001549,FL0002986,AC00948,2026-02-26 04:32:00,Turbulence,Low,Closed,SFO
IN0001550,FL0003297,AC01103,2026-04-13 09:46:00,Weather Alert,Low,Closed,SEA
IN0001551,FL0002488,AC00621,2026-06-03 13:55:00,Brake Issue,Medium,Closed,SIN
IN0001552,FL0014546,AC00547,2026-04-06 11:48:00,Bird Strike,High,Open,BOS
IN0001553,FL0005603,AC00672,2026-01-22 10:27:00,Hydraulic Leak,Medium,Closed,BOS
IN0001554,FL0003512,AC00260,2026-06-13 20:05:00,Engine Alert,Medium,Resolved,DEL
IN0001555,FL0009092,AC01092,2026-01-04 04:17:00,Navigation Error,High,Investigating,MIA
IN0001556,FL0009624,AC00937,2026-01-23 01:00:00,Turbulence,Low,Resolved,JFK
IN0001557,FL0013010,AC00356,2026-05-19 20:22:00,Hydraulic Leak,Medium,Investigating,SIN
IN0001558,FL0001697,AC00883,2026-04-09 00:53:00,Engine Alert,Low,Resolved,MIA
IN0001559,FL0013417,AC00747,2026-06-27 06:44:00,Engine Alert,Low,Resolved,JFK
IN0001560,FL0007514,AC00282,2026-02-12 14:21:00,Navigation Error,Medium,Closed,ATL
IN0001561,FL0001201,AC00109,2026-05-29 06:23:00,Bird Strike,Low,Investigating,DEL
IN0001562,FL0003772,AC00194,2026-03-13 20:55:00,Weather Alert,Medium,Investigating,ATL
IN0001563,FL0014624,AC00128,2026-05-28 11:42:00,Navigation Error,Low,Closed,BLR
IN0001564,FL0013237,AC00780,2026-03-09 13:09:00,Engine Alert,Low,Open,SEA
IN0001565,FL0010430,AC00157,2026-05-07 14:15:00,Navigation Error,Low,Closed,DXB
IN0001566,FL0007615,AC00787,2026-06-07 15:57:00,Brake Issue,Medium,Closed,DXB
IN0001567,FL0009505,AC01133,2026-06-06 18:01:00,Engine Alert,Medium,Resolved,ORD
IN0001568,FL0003799,AC01138,2026-04-27 19:55:00,Turbulence,Medium,Open,SIN
IN0001569,FL0004207,AC00811,2026-02-02 18:16:00,Navigation Error,Low,Open,ATL
IN0001570,FL0014092,AC00750,2026-07-02 09:47:00,Navigation Error,Medium,Investigating,SIN
IN0001571,FL0004182,AC00282,2026-06-18 17:50:00,Engine Alert,Low,Closed,DFW
IN0001572,FL0003604,AC00073,2026-06-15 17:25:00,Weather Alert,High,Open,JFK
IN0001573,FL0012993,AC00904,2026-04-11 01:44:00,Bird Strike,Low,Closed,ATL
IN0001574,FL0014853,AC00167,2026-02-07 02:05:00,Navigation Error,Medium,Investigating,DXB
IN0001575,FL0006470,AC00689,2026-03-12 15:13:00,Navigation Error,Medium,Closed,BLR
IN0001576,FL0004283,AC00766,2026-03-27 05:45:00,Bird Strike,Medium,Closed,BLR
IN0001577,FL0011448,AC00969,2026-04-04 21:04:00,Hydraulic Leak,Medium,Open,LAX
IN0001578,FL0011890,AC00803,2026-06-16 15:53:00,Turbulence,Medium,Investigating,DFW
IN0001579,FL0013959,AC01184,2026-06-04 14:30:00,Weather Alert,Low,Resolved,ATL
IN0001580,FL0011000,AC00347,2026-05-30 10:46:00,Engine Alert,High,Open,BLR
IN0001581,FL0003592,AC00377,2026-03-11 13:26:00,Brake Issue,Low,Investigating,JFK
IN0001582,FL0001124,AC00127,2026-03-02 22:11:00,Engine Alert,Low,Closed,DEN
IN0001583,FL0004958,AC00743,2026-02-23 12:17:00,Brake Issue,Low,Resolved,DXB
IN0001584,FL0012138,AC00752,2026-05-14 17:22:00,Engine Alert,Medium,Resolved,BLR
IN0001585,FL0014257,AC00444,2026-01-09 21:44:00,Engine Alert,Low,Closed,BLR
IN0001586,FL0003590,AC00086,2026-04-12 11:36:00,Hydraulic Leak,Medium,Resolved,DEN
IN0001587,FL0001963,AC00476,2026-02-18 10:14:00,Turbulence,Low,Closed,MIA
IN0001588,FL0008002,AC00647,2026-01-08 19:17:00,Bird Strike,Medium,Resolved,SIN
IN0001589,FL0004019,AC00011,2026-01-23 05:22:00,Navigation Error,High,Resolved,LHR
IN0001590,FL0004673,AC01070,2026-01-29 18:23:00,Turbulence,Low,Resolved,DEL
IN0001591,FL0003116,AC00741,2026-06-02 11:03:00,Engine Alert,Low,Closed,LAX
IN0001592,FL0004548,AC01186,2026-01-28 22:38:00,Brake Issue,Low,Resolved,DEN
IN0001593,FL0003862,AC00332,2026-04-23 22:51:00,Bird Strike,Low,Open,DEL
IN0001594,FL0003638,AC00200,2026-06-13 08:01:00,Brake Issue,Medium,Resolved,BLR
IN0001595,FL0008723,AC00004,2026-06-28 05:31:00,Brake Issue,Medium,Open,MIA
IN0001596,FL0010842,AC00516,2026-05-30 01:45:00,Hydraulic Leak,High,Closed,DXB
IN0001597,FL0014030,AC00601,2026-01-23 21:34:00,Turbulence,Low,Investigating,SEA
IN0001598,FL0011302,AC00418,2026-01-28 14:00:00,Engine Alert,Medium,Closed,DXB
IN0001599,FL0007505,AC00171,2026-04-09 11:51:00,Brake Issue,Medium,Investigating,BLR
IN0001600,FL0013103,AC00270,2026-03-16 18:33:00,Engine Alert,Low,Resolved,BOS
IN0001601,FL0008061,AC00598,2026-03-18 05:05:00,Brake Issue,Low,Investigating,ATL
IN0001602,FL0001369,AC00999,2026-05-27 04:35:00,Engine Alert,Low,Resolved,MIA
IN0001603,FL0007586,AC00161,2026-02-05 06:03:00,Brake Issue,High,Open,DEL
IN0001604,FL0010203,AC00823,2026-06-14 10:29:00,Navigation Error,Medium,Open,DXB
IN0001605,FL0014732,AC00607,2026-01-03 02:54:00,Brake Issue,Medium,Investigating,DXB
IN0001606,FL0011293,AC01087,2026-04-14 04:10:00,Brake Issue,High,Open,BLR
IN0001607,FL0005641,AC00952,2026-03-27 13:07:00,Engine Alert,Low,Closed,SEA
IN0001608,FL0013211,AC00807,2026-02-28 12:19:00,Brake Issue,Medium,Open,MIA
IN0001609,FL0000085,AC00547,2026-05-27 01:30:00,Engine Alert,Low,Resolved,LHR
IN0001610,FL0003443,AC00104,2026-04-15 12:55:00,Weather Alert,Medium,Investigating,ORD
IN0001611,FL0005839,AC00864,2026-06-03 01:03:00,Brake Issue,Medium,Investigating,DEN
IN0001612,FL0008511,AC00962,2026-03-18 04:08:00,Bird Strike,Low,Resolved,SEA
IN0001613,FL0001415,AC00009,2026-05-11 04:55:00,Navigation Error,Low,Resolved,DFW
IN0001614,FL0001608,AC00978,2026-04-10 21:58:00,Brake Issue,Low,Investigating,ATL
IN0001615,FL0001560,AC00266,2026-02-06 02:11:00,Weather Alert,High,Open,SFO
IN0001616,FL0014763,AC00572,2026-03-20 03:27:00,Navigation Error,High,Open,ATL
IN0001617,FL0011176,AC00344,2026-04-26 19:06:00,Turbulence,Low,Closed,DEN
IN0001618,FL0000933,AC00455,2026-02-12 03:15:00,Hydraulic Leak,High,Closed,DEL
IN0001619,FL0010422,AC00557,2026-05-23 06:17:00,Navigation Error,Low,Closed,JFK
IN0001620,FL0010231,AC00099,2026-01-13 16:37:00,Bird Strike,Low,Resolved,DXB
IN0001621,FL0003045,AC00702,2026-06-28 11:05:00,Navigation Error,High,Resolved,JFK
IN0001622,FL0008054,AC00444,2026-05-12 21:01:00,Engine Alert,Medium,Open,DXB
IN0001623,FL0004224,AC00829,2026-03-15 01:18:00,Brake Issue,Low,Closed,MIA
IN0001624,FL0014839,AC01181,2026-04-24 09:02:00,Brake Issue,Medium,Investigating,BOS
IN0001625,FL0009396,AC00839,2026-05-17 10:12:00,Hydraulic Leak,Low,Closed,LAX
IN0001626,FL0011449,AC00402,2026-03-16 07:29:00,Hydraulic Leak,Low,Open,ORD
IN0001627,FL0008769,AC00127,2026-02-08 17:56:00,Bird Strike,Low,Closed,SIN
IN0001628,FL0003105,AC00112,2026-01-17 13:45:00,Hydraulic Leak,Critical,Closed,DXB
IN0001629,FL0008405,AC00686,2026-02-26 09:12:00,Engine Alert,Low,Resolved,ATL
IN0001630,FL0005744,AC00563,2026-02-01 10:57:00,Navigation Error,Low,Resolved,LAX
IN0001631,FL0006766,AC00779,2026-04-28 19:10:00,Hydraulic Leak,Low,Open,BLR
IN0001632,FL0007251,AC01070,2026-01-24 17:11:00,Weather Alert,Low,Resolved,DXB
IN0001633,FL0005266,AC00308,2026-04-09 02:29:00,Engine Alert,Low,Open,DXB
IN0001634,FL0007767,AC00697,2026-05-02 07:27:00,Bird Strike,Medium,Open,BLR
IN0001635,FL0012673,AC00971,2026-06-08 08:42:00,Brake Issue,Medium,Resolved,BLR
IN0001636,FL0010603,AC00545,2026-03-14 10:01:00,Hydraulic Leak,Low,Investigating,JFK
IN0001637,FL0001092,AC00764,2026-01-03 12:46:00,Engine Alert,Low,Investigating,MIA
IN0001638,FL0011256,AC00432,2026-06-29 22:00:00,Bird Strike,Medium,Investigating,ORD
IN0001639,FL0011896,AC00263,2026-03-05 03:07:00,Hydraulic Leak,Medium,Investigating,BOS
IN0001640,FL0010377,AC00087,2026-06-24 06:30:00,Navigation Error,Medium,Closed,DXB
IN0001641,FL0006731,AC00603,2026-02-14 03:03:00,Brake Issue,Medium,Resolved,LHR
IN0001642,FL0005562,AC00111,2026-04-10 10:27:00,Brake Issue,High,Investigating,ATL
IN0001643,FL0006821,AC00788,2026-06-26 23:00:00,Weather Alert,Low,Resolved,SEA
IN0001644,FL0012326,AC00914,2026-02-24 13:34:00,Navigation Error,Medium,Open,DEL
IN0001645,FL0004205,AC01155,2026-01-27 01:43:00,Weather Alert,High,Closed,MIA
IN0001646,FL0002619,AC01092,2026-03-09 06:17:00,Engine Alert,High,Closed,ORD
IN0001647,FL0010599,AC00736,2026-03-23 05:30:00,Brake Issue,Low,Investigating,DFW
IN0001648,FL0011073,AC00877,2026-01-17 08:24:00,Turbulence,Medium,Investigating,DEL
IN0001649,FL0007763,AC00255,2026-01-17 07:25:00,Weather Alert,Critical,Open,JFK
IN0001650,FL0002093,AC01093,2026-05-09 02:47:00,Bird Strike,Low,Resolved,MIA
IN0001651,FL0009707,AC00019,2026-01-07 17:45:00,Turbulence,Low,Open,MIA
IN0001652,FL0002519,AC00923,2026-05-06 01:51:00,Navigation Error,High,Open,ATL
IN0001653,FL0013898,AC00019,2026-02-06 18:09:00,Engine Alert,Medium,Closed,LAX
IN0001654,FL0013195,AC00029,2026-04-07 16:10:00,Brake Issue,Medium,Resolved,ATL
IN0001655,FL0011489,AC00475,2026-02-04 20:00:00,Turbulence,Medium,Closed,BOS
IN0001656,FL0012857,AC00135,2026-01-22 20:58:00,Engine Alert,High,Resolved,MIA
IN0001657,FL0007914,AC00149,2026-05-13 08:46:00,Weather Alert,Low,Closed,SIN
IN0001658,FL0002284,AC00593,2026-05-05 00:26:00,Bird Strike,Medium,Investigating,DFW
IN0001659,FL0011291,AC01028,2026-02-08 01:41:00,Engine Alert,High,Open,BOS
IN0001660,FL0010225,AC00425,2026-03-11 20:14:00,Hydraulic Leak,Low,Resolved,JFK
IN0001661,FL0011370,AC00757,2026-06-29 01:25:00,Weather Alert,Medium,Closed,DFW
IN0001662,FL0005672,AC00971,2026-05-28 22:14:00,Turbulence,Low,Investigating,DXB
IN0001663,FL0014573,AC00957,2026-05-01 08:40:00,Navigation Error,Low,Closed,SFO
IN0001664,FL0010894,AC00475,2026-04-14 04:51:00,Navigation Error,Low,Closed,SIN
IN0001665,FL0014772,AC00198,2026-05-07 03:05:00,Engine Alert,Medium,Resolved,LAX
IN0001666,FL0005439,AC00877,2026-06-22 06:14:00,Bird Strike,Critical,Resolved,SEA
IN0001667,FL0004154,AC01031,2026-04-12 10:08:00,Bird Strike,Low,Resolved,LAX
IN0001668,FL0006512,AC00295,2026-01-16 03:20:00,Brake Issue,Medium,Open,LHR
IN0001669,FL0003778,AC00088,2026-06-22 10:36:00,Engine Alert,Medium,Open,LHR
IN0001670,FL0012651,AC01152,2026-04-12 15:25:00,Hydraulic Leak,Medium,Closed,DXB
IN0001671,FL0011703,AC00746,2026-03-10 10:52:00,Turbulence,Medium,Open,LAX
IN0001672,FL0001295,AC00310,2026-05-31 02:21:00,Navigation Error,Low,Resolved,BOS
IN0001673,FL0014594,AC00889,2026-01-16 06:42:00,Turbulence,Medium,Open,SFO
IN0001674,FL0013647,AC00798,2026-06-15 10:08:00,Bird Strike,Low,Open,LHR
IN0001675,FL0000186,AC01184,2026-02-02 13:04:00,Weather Alert,Critical,Investigating,SIN
IN0001676,FL0008590,AC01195,2026-02-08 23:44:00,Engine Alert,Low,Resolved,DEN
IN0001677,FL0011785,AC00649,2026-06-05 07:51:00,Engine Alert,Low,Closed,MIA
IN0001678,FL0006350,AC00503,2026-04-05 14:37:00,Bird Strike,High,Closed,DXB
IN0001679,FL0003870,AC00328,2026-04-27 15:54:00,Engine Alert,Medium,Investigating,DEN
IN0001680,FL0005008,AC00761,2026-02-07 15:40:00,Engine Alert,High,Resolved,SIN
IN0001681,FL0010841,AC00144,2026-03-11 12:13:00,Weather Alert,Low,Open,DEL
IN0001682,FL0002067,AC00349,2026-01-05 03:56:00,Engine Alert,Medium,Open,BOS
IN0001683,FL0012848,AC01071,2026-04-16 02:39:00,Navigation Error,Low,Open,LHR
IN0001684,FL0005416,AC01198,2026-05-15 06:34:00,Hydraulic Leak,Critical,Investigating,ATL
IN0001685,FL0011310,AC00808,2026-02-07 17:49:00,Engine Alert,Low,Resolved,DFW
IN0001686,FL0000773,AC01131,2026-04-14 18:11:00,Hydraulic Leak,Critical,Resolved,SIN
IN0001687,FL0011930,AC00788,2026-05-08 01:12:00,Weather Alert,Low,Investigating,LHR
IN0001688,FL0005386,AC00021,2026-02-02 01:24:00,Brake Issue,Medium,Resolved,BOS
IN0001689,FL0002714,AC00478,2026-06-21 08:09:00,Brake Issue,Critical,Resolved,ORD
IN0001690,FL0002875,AC00221,2026-04-17 04:06:00,Turbulence,Medium,Investigating,SFO
IN0001691,FL0001949,AC00058,2026-03-08 23:42:00,Turbulence,Low,Resolved,JFK
IN0001692,FL0012548,AC00468,2026-05-28 19:43:00,Hydraulic Leak,Medium,Closed,DFW
IN0001693,FL0004666,AC00812,2026-02-28 08:59:00,Hydraulic Leak,High,Resolved,BOS
IN0001694,FL0008074,AC00260,2026-01-25 13:40:00,Weather Alert,Low,Closed,SFO
IN0001695,FL0010875,AC01042,2026-02-26 20:53:00,Navigation Error,Medium,Resolved,MIA
IN0001696,FL0005925,AC01189,2026-01-24 16:13:00,Turbulence,Medium,Resolved,LAX
IN0001697,FL0003578,AC00381,2026-03-12 02:34:00,Navigation Error,Low,Open,ATL
IN0001698,FL0008303,AC00088,2026-05-21 17:23:00,Navigation Error,Low,Resolved,BOS
IN0001699,FL0001376,AC00577,2026-03-09 14:35:00,Weather Alert,Low,Open,MIA
IN0001700,FL0003065,AC00321,2026-06-06 18:12:00,Weather Alert,Low,Resolved,SFO
IN0001701,FL0002433,AC00843,2026-04-23 18:52:00,Weather Alert,Medium,Closed,BOS
IN0001702,FL0013914,AC00014,2026-01-27 14:04:00,Navigation Error,Medium,Investigating,JFK
IN0001703,FL0009811,AC01051,2026-03-14 08:55:00,Hydraulic Leak,Medium,Open,MIA
IN0001704,FL0009447,AC00589,2026-06-20 05:14:00,Hydraulic Leak,Medium,Open,SFO
IN0001705,FL0012465,AC00752,2026-04-08 04:42:00,Engine Alert,High,Resolved,SIN
IN0001706,FL0008853,AC00819,2026-06-11 15:26:00,Bird Strike,High,Closed,DEL
IN0001707,FL0014094,AC01107,2026-01-17 01:39:00,Hydraulic Leak,Medium,Resolved,BLR
IN0001708,FL0011212,AC00764,2026-06-05 21:29:00,Turbulence,Low,Investigating,BLR
IN0001709,FL0006320,AC00753,2026-04-27 07:04:00,Hydraulic Leak,Low,Open,SEA
IN0001710,FL0008862,AC00786,2026-03-12 15:37:00,Navigation Error,Low,Investigating,ATL
IN0001711,FL0003319,AC00179,2026-03-23 00:29:00,Turbulence,Medium,Investigating,ATL
IN0001712,FL0013487,AC00259,2026-03-05 15:22:00,Navigation Error,Medium,Resolved,DFW
IN0001713,FL0005425,AC01100,2026-01-11 02:32:00,Navigation Error,Medium,Closed,ORD
IN0001714,FL0002064,AC00062,2026-04-18 04:58:00,Turbulence,Low,Investigating,JFK
IN0001715,FL0000839,AC00127,2026-06-10 17:22:00,Brake Issue,Medium,Resolved,SFO
IN0001716,FL0009428,AC00720,2026-01-16 09:55:00,Engine Alert,High,Closed,BOS
IN0001717,FL0004426,AC00503,2026-01-11 02:23:00,Bird Strike,Medium,Investigating,SEA
IN0001718,FL0014571,AC00228,2026-06-24 23:57:00,Hydraulic Leak,Low,Investigating,DEL
IN0001719,FL0010339,AC00732,2026-06-16 03:19:00,Bird Strike,High,Investigating,ORD
IN0001720,FL0009026,AC00403,2026-02-26 02:50:00,Hydraulic Leak,Medium,Resolved,JFK
IN0001721,FL0012397,AC01014,2026-06-07 23:10:00,Brake Issue,Low,Closed,DEL
IN0001722,FL0007622,AC00441,2026-05-16 08:27:00,Turbulence,Critical,Closed,JFK
IN0001723,FL0011502,AC00959,2026-05-28 18:18:00,Weather Alert,Medium,Closed,DEL
IN0001724,FL0001236,AC01021,2026-01-02 21:41:00,Bird Strike,Medium,Investigating,ORD
IN0001725,FL0000609,AC00785,2026-01-31 13:16:00,Engine Alert,Low,Investigating,BLR
IN0001726,FL0002297,AC00041,2026-05-26 10:56:00,Weather Alert,Low,Investigating,DEL
IN0001727,FL0013941,AC00627,2026-03-26 17:10:00,Bird Strike,Low,Resolved,DEL
IN0001728,FL0012346,AC01192,2026-06-19 14:59:00,Bird Strike,Low,Open,DXB
IN0001729,FL0009258,AC00190,2026-03-26 04:20:00,Engine Alert,Medium,Open,LHR
IN0001730,FL0005693,AC00458,2026-06-20 17:40:00,Turbulence,Critical,Closed,JFK
IN0001731,FL0006928,AC01188,2026-06-06 08:17:00,Turbulence,Medium,Open,BOS
IN0001732,FL0006306,AC00022,2026-02-08 23:27:00,Brake Issue,Low,Resolved,LHR
IN0001733,FL0012459,AC01184,2026-02-20 09:19:00,Brake Issue,Low,Investigating,ORD
IN0001734,FL0013387,AC00510,2026-06-19 21:45:00,Navigation Error,Medium,Resolved,DFW
IN0001735,FL0006011,AC01155,2026-06-19 02:42:00,Bird Strike,Medium,Investigating,LAX
IN0001736,FL0013785,AC00740,2026-05-22 11:53:00,Hydraulic Leak,Low,Closed,JFK
IN0001737,FL0004108,AC00605,2026-04-30 20:18:00,Turbulence,Medium,Closed,BLR
IN0001738,FL0000961,AC00499,2026-05-25 02:28:00,Turbulence,Medium,Closed,SFO
IN0001739,FL0001638,AC00730,2026-02-15 13:51:00,Brake Issue,Critical,Open,SIN
IN0001740,FL0002286,AC00339,2026-04-10 11:27:00,Weather Alert,Low,Investigating,SIN
IN0001741,FL0011719,AC00865,2026-06-29 09:30:00,Bird Strike,Medium,Resolved,BOS
IN0001742,FL0003934,AC00456,2026-01-02 13:37:00,Weather Alert,Low,Resolved,LAX
IN0001743,FL0003827,AC00341,2026-06-04 12:13:00,Navigation Error,Medium,Closed,DEL
IN0001744,FL0001024,AC00783,2026-06-08 06:09:00,Brake Issue,Medium,Open,BLR
IN0001745,FL0003653,AC01175,2026-03-29 19:42:00,Navigation Error,High,Closed,DEL
IN0001746,FL0012482,AC00925,2026-06-16 01:15:00,Hydraulic Leak,High,Investigating,MIA
IN0001747,FL0004700,AC01065,2026-05-30 23:18:00,Brake Issue,High,Investigating,MIA
IN0001748,FL0007325,AC00119,2026-05-05 05:48:00,Bird Strike,Low,Closed,MIA
IN0001749,FL0004259,AC01137,2026-02-25 07:33:00,Navigation Error,High,Resolved,DEL
IN0001750,FL0002277,AC00906,2026-06-08 05:55:00,Turbulence,Low,Open,SFO
IN0001751,FL0007964,AC00226,2026-03-25 15:00:00,Turbulence,Low,Investigating,DEN
IN0001752,FL0000967,AC00280,2026-06-12 02:58:00,Engine Alert,Medium,Investigating,ORD
IN0001753,FL0005513,AC00740,2026-06-19 07:13:00,Turbulence,Medium,Open,ORD
IN0001754,FL0010175,AC00442,2026-03-15 04:40:00,Weather Alert,Low,Closed,BOS
IN0001755,FL0004237,AC00369,2026-03-25 11:51:00,Brake Issue,Low,Closed,DFW
IN0001756,FL0007611,AC00760,2026-01-27 06:46:00,Engine Alert,Low,Investigating,JFK
IN0001757,FL0003804,AC01038,2026-04-06 20:17:00,Navigation Error,Medium,Open,BOS
IN0001758,FL0009366,AC00790,2026-03-07 02:54:00,Brake Issue,Low,Investigating,ATL
IN0001759,FL0003712,AC00065,2026-03-19 21:04:00,Brake Issue,Low,Open,ORD
IN0001760,FL0014859,AC00256,2026-04-30 18:55:00,Navigation Error,Medium,Open,BOS
IN0001761,FL0013795,AC00426,2026-05-31 19:45:00,Turbulence,Low,Resolved,DFW
IN0001762,FL0005195,AC00096,2026-03-16 13:53:00,Bird Strike,Low,Resolved,MIA
IN0001763,FL0000684,AC00171,2026-05-14 16:24:00,Brake Issue,Medium,Closed,SIN
IN0001764,FL0005607,AC00064,2026-05-01 17:53:00,Navigation Error,Low,Resolved,DEN
IN0001765,FL0002386,AC00044,2026-05-17 23:44:00,Brake Issue,Low,Closed,ORD
IN0001766,FL0004996,AC00314,2026-03-07 13:48:00,Bird Strike,Medium,Open,JFK
IN0001767,FL0004946,AC00695,2026-05-13 04:50:00,Bird Strike,Low,Resolved,SEA
IN0001768,FL0010342,AC00065,2026-01-14 08:52:00,Bird Strike,Low,Investigating,JFK
IN0001769,FL0010678,AC00538,2026-06-18 13:33:00,Brake Issue,Low,Resolved,LHR
IN0001770,FL0006992,AC01195,2026-05-23 16:05:00,Navigation Error,Medium,Closed,SFO
IN0001771,FL0013900,AC00611,2026-01-11 19:05:00,Navigation Error,Low,Closed,BOS
IN0001772,FL0009595,AC01165,2026-01-23 15:59:00,Engine Alert,Critical,Investigating,ATL
IN0001773,FL0011390,AC00947,2026-06-06 14:00:00,Brake Issue,Low,Closed,ATL
IN0001774,FL0006398,AC00276,2026-04-10 21:52:00,Engine Alert,Medium,Resolved,DXB
IN0001775,FL0001855,AC00467,2026-04-29 14:47:00,Hydraulic Leak,Medium,Investigating,ATL
IN0001776,FL0013211,AC00725,2026-02-08 13:21:00,Turbulence,Medium,Open,JFK
IN0001777,FL0001940,AC00750,2026-01-25 23:32:00,Bird Strike,Medium,Open,SEA
IN0001778,FL0000129,AC00387,2026-02-04 15:06:00,Engine Alert,Low,Resolved,BOS
IN0001779,FL0001049,AC00176,2026-01-16 07:36:00,Engine Alert,Low,Closed,DEL
IN0001780,FL0001380,AC00178,2026-05-02 17:09:00,Navigation Error,Low,Open,ORD
IN0001781,FL0001848,AC00247,2026-05-31 05:30:00,Bird Strike,Low,Open,DEL
IN0001782,FL0009261,AC00597,2026-07-01 20:39:00,Navigation Error,High,Closed,DXB
IN0001783,FL0007357,AC00685,2026-03-19 10:00:00,Bird Strike,High,Investigating,LHR
IN0001784,FL0002174,AC00725,2026-04-06 18:44:00,Engine Alert,Medium,Resolved,MIA
IN0001785,FL0006017,AC00133,2026-03-29 20:19:00,Navigation Error,Low,Open,DXB
IN0001786,FL0005861,AC00871,2026-07-01 09:23:00,Brake Issue,Low,Investigating,LHR
IN0001787,FL0010234,AC00129,2026-05-16 03:37:00,Hydraulic Leak,Low,Resolved,DEN
IN0001788,FL0013613,AC00023,2026-01-22 09:35:00,Bird Strike,Low,Investigating,SEA
IN0001789,FL0002055,AC00746,2026-01-14 03:34:00,Weather Alert,Low,Open,MIA
IN0001790,FL0007886,AC01025,2026-04-19 18:50:00,Navigation Error,Low,Investigating,LHR
IN0001791,FL0013975,AC00900,2026-06-26 20:51:00,Brake Issue,High,Open,ORD
IN0001792,FL0011541,AC01066,2026-03-20 10:30:00,Brake Issue,Low,Open,SIN
IN0001793,FL0010766,AC00611,2026-05-14 21:12:00,Brake Issue,Critical,Investigating,JFK
IN0001794,FL0004983,AC00845,2026-06-27 19:27:00,Brake Issue,Medium,Investigating,JFK
IN0001795,FL0010366,AC00827,2026-04-22 03:19:00,Weather Alert,Medium,Open,DFW
IN0001796,FL0005083,AC00839,2026-05-07 17:47:00,Hydraulic Leak,Medium,Investigating,JFK
IN0001797,FL0009379,AC00271,2026-06-01 23:24:00,Engine Alert,Medium,Resolved,DXB
IN0001798,FL0006291,AC01157,2026-06-22 05:31:00,Brake Issue,Medium,Investigating,LAX
IN0001799,FL0005686,AC00400,2026-06-18 12:14:00,Engine Alert,High,Open,DXB
IN0001800,FL0013682,AC00810,2026-01-11 08:31:00,Hydraulic Leak,Low,Resolved,SEA
IN0001801,FL0000258,AC01125,2026-03-08 08:42:00,Engine Alert,Low,Investigating,ORD
IN0001802,FL0010025,AC00514,2026-04-06 21:37:00,Hydraulic Leak,High,Investigating,JFK
IN0001803,FL0010413,AC01158,2026-03-17 01:46:00,Engine Alert,Low,Investigating,LAX
IN0001804,FL0007189,AC00169,2026-05-29 15:14:00,Engine Alert,Medium,Closed,DEL
IN0001805,FL0007430,AC00629,2026-06-13 21:13:00,Brake Issue,High,Resolved,DFW
IN0001806,FL0012140,AC00219,2026-05-23 16:24:00,Navigation Error,Low,Closed,ATL
IN0001807,FL0008578,AC00261,2026-04-28 05:02:00,Bird Strike,Medium,Closed,ATL
IN0001808,FL0012952,AC00828,2026-01-26 00:32:00,Weather Alert,Low,Resolved,ATL
IN0001809,FL0011648,AC00438,2026-02-15 03:11:00,Hydraulic Leak,Medium,Investigating,BOS
IN0001810,FL0000542,AC00069,2026-01-15 05:05:00,Brake Issue,Low,Closed,ATL
IN0001811,FL0005523,AC01191,2026-01-07 19:16:00,Turbulence,Critical,Closed,DEL
IN0001812,FL0005082,AC00628,2026-06-12 16:12:00,Weather Alert,High,Resolved,SEA
IN0001813,FL0000526,AC00636,2026-04-16 02:24:00,Hydraulic Leak,Low,Closed,BLR
IN0001814,FL0009801,AC00962,2026-06-05 15:08:00,Weather Alert,Critical,Closed,SIN
IN0001815,FL0010494,AC01089,2026-06-01 15:17:00,Weather Alert,Low,Resolved,MIA
IN0001816,FL0008637,AC00728,2026-01-22 04:31:00,Engine Alert,High,Resolved,SFO
IN0001817,FL0013159,AC00464,2026-06-22 14:01:00,Hydraulic Leak,Low,Resolved,ATL
IN0001818,FL0014473,AC00385,2026-05-30 04:42:00,Turbulence,High,Investigating,JFK
IN0001819,FL0012461,AC00070,2026-02-26 01:11:00,Navigation Error,Low,Closed,SIN
IN0001820,FL0005234,AC00868,2026-01-02 06:31:00,Turbulence,High,Closed,SEA
IN0001821,FL0011452,AC00344,2026-01-12 17:48:00,Navigation Error,Low,Open,DXB
IN0001822,FL0009433,AC00058,2026-06-03 10:32:00,Engine Alert,Low,Closed,DFW
IN0001823,FL0001971,AC00294,2026-06-13 03:40:00,Turbulence,Medium,Closed,ORD
IN0001824,FL0002328,AC00409,2026-05-25 13:20:00,Engine Alert,Medium,Resolved,LHR
IN0001825,FL0010210,AC01097,2026-06-17 10:12:00,Weather Alert,Low,Open,LHR
IN0001826,FL0002138,AC00038,2026-05-31 12:23:00,Bird Strike,Low,Closed,DEN
IN0001827,FL0008041,AC00966,2026-06-05 14:45:00,Engine Alert,Low,Closed,DFW
IN0001828,FL0000277,AC00397,2026-04-04 12:45:00,Turbulence,Low,Resolved,DEL
IN0001829,FL0003680,AC00303,2026-02-01 14:22:00,Weather Alert,Medium,Closed,DEN
IN0001830,FL0013855,AC00885,2026-05-04 14:25:00,Hydraulic Leak,High,Investigating,LHR
IN0001831,FL0005653,AC00478,2026-04-13 04:45:00,Navigation Error,High,Resolved,DFW
IN0001832,FL0000381,AC01149,2026-04-03 03:39:00,Navigation Error,Medium,Investigating,DEN
IN0001833,FL0011856,AC01024,2026-03-28 01:46:00,Brake Issue,High,Investigating,MIA
IN0001834,FL0000366,AC00287,2026-02-18 00:49:00,Hydraulic Leak,High,Open,ATL
IN0001835,FL0012642,AC00863,2026-06-24 07:15:00,Navigation Error,Medium,Closed,SEA
IN0001836,FL0000654,AC00004,2026-05-17 00:47:00,Bird Strike,Low,Closed,DXB
IN0001837,FL0001340,AC00982,2026-06-15 20:54:00,Bird Strike,Medium,Open,SFO
IN0001838,FL0008600,AC00895,2026-03-09 04:59:00,Bird Strike,Low,Resolved,LAX
IN0001839,FL0013436,AC00316,2026-02-17 18:22:00,Turbulence,Low,Open,DXB
IN0001840,FL0011979,AC00882,2026-01-11 10:26:00,Bird Strike,Low,Closed,DXB
IN0001841,FL0006264,AC00026,2026-01-20 21:22:00,Navigation Error,Medium,Closed,DEN
IN0001842,FL0011408,AC01153,2026-01-24 11:18:00,Hydraulic Leak,Medium,Resolved,DEN
IN0001843,FL0001244,AC00762,2026-06-03 17:35:00,Engine Alert,Medium,Open,BOS
IN0001844,FL0004325,AC00119,2026-05-23 15:23:00,Engine Alert,Low,Resolved,DEL
IN0001845,FL0005216,AC00315,2026-05-07 13:14:00,Brake Issue,High,Resolved,DFW
IN0001846,FL0012339,AC01065,2026-05-09 23:15:00,Weather Alert,Medium,Investigating,DFW
IN0001847,FL0011621,AC00240,2026-01-14 05:05:00,Hydraulic Leak,Low,Resolved,MIA
IN0001848,FL0011367,AC01067,2026-01-17 23:44:00,Engine Alert,Medium,Open,MIA
IN0001849,FL0010742,AC00196,2026-06-14 20:14:00,Engine Alert,Low,Resolved,SFO
IN0001850,FL0007892,AC00397,2026-01-28 03:34:00,Turbulence,Low,Resolved,ATL
IN0001851,FL0006702,AC00674,2026-03-30 11:39:00,Weather Alert,Low,Investigating,ATL
IN0001852,FL0004812,AC00065,2026-03-26 06:22:00,Bird Strike,Medium,Open,MIA
IN0001853,FL0010100,AC00754,2026-04-10 08:40:00,Turbulence,Low,Closed,DXB
IN0001854,FL0006159,AC00484,2026-06-25 01:29:00,Navigation Error,Medium,Investigating,BOS
IN0001855,FL0003513,AC00081,2026-02-16 18:30:00,Brake Issue,Low,Open,BLR
IN0001856,FL0013279,AC00769,2026-03-16 14:55:00,Turbulence,Low,Closed,SEA
IN0001857,FL0002290,AC00525,2026-04-09 08:03:00,Navigation Error,Low,Investigating,SFO
IN0001858,FL0006842,AC01200,2026-03-27 09:33:00,Navigation Error,Medium,Investigating,BLR
IN0001859,FL0006050,AC00242,2026-06-29 00:24:00,Weather Alert,High,Open,DEN
IN0001860,FL0002772,AC00624,2026-01-02 14:25:00,Engine Alert,Medium,Closed,LHR
IN0001861,FL0000626,AC01146,2026-02-02 09:28:00,Turbulence,Low,Resolved,BLR
IN0001862,FL0007975,AC00929,2026-01-12 20:42:00,Bird Strike,Low,Resolved,SFO
IN0001863,FL0010168,AC00555,2026-06-19 04:11:00,Engine Alert,Low,Open,ATL
IN0001864,FL0003129,AC01120,2026-06-12 10:05:00,Hydraulic Leak,Low,Investigating,LAX
IN0001865,FL0007260,AC00242,2026-04-25 09:28:00,Bird Strike,High,Investigating,JFK
IN0001866,FL0003310,AC01053,2026-03-04 03:46:00,Navigation Error,Low,Open,SFO
IN0001867,FL0000682,AC00240,2026-02-20 03:50:00,Weather Alert,Low,Resolved,ATL
IN0001868,FL0011068,AC00147,2026-05-05 18:15:00,Hydraulic Leak,Medium,Open,BLR
IN0001869,FL0011489,AC00443,2026-03-19 09:58:00,Engine Alert,Low,Closed,BOS
IN0001870,FL0006611,AC01066,2026-02-13 06:41:00,Brake Issue,High,Closed,SEA
IN0001871,FL0011353,AC00402,2026-02-27 08:58:00,Navigation Error,Low,Resolved,SIN
IN0001872,FL0012610,AC01090,2026-04-28 22:19:00,Hydraulic Leak,High,Investigating,DEN
IN0001873,FL0014180,AC00765,2026-02-27 16:54:00,Engine Alert,Low,Closed,DEL
IN0001874,FL0010131,AC01110,2026-06-27 12:51:00,Brake Issue,High,Open,ATL
IN0001875,FL0008146,AC00411,2026-05-18 15:59:00,Engine Alert,Medium,Closed,DEN
IN0001876,FL0012278,AC00118,2026-05-07 02:38:00,Bird Strike,Low,Closed,DEL
IN0001877,FL0002145,AC00251,2026-05-23 01:04:00,Engine Alert,Low,Open,DFW
IN0001878,FL0004518,AC00564,2026-01-05 03:38:00,Hydraulic Leak,High,Resolved,DEN
IN0001879,FL0010867,AC00445,2026-03-15 02:55:00,Engine Alert,Low,Closed,ORD
IN0001880,FL0005864,AC00447,2026-04-16 14:07:00,Hydraulic Leak,Medium,Open,JFK
IN0001881,FL0014599,AC00258,2026-04-26 03:15:00,Brake Issue,Low,Closed,DEL
IN0001882,FL0009761,AC00909,2026-01-07 13:14:00,Hydraulic Leak,Low,Open,MIA
IN0001883,FL0004236,AC00622,2026-03-26 19:25:00,Brake Issue,High,Open,SFO
IN0001884,FL0005215,AC00040,2026-01-10 06:03:00,Turbulence,Medium,Investigating,BOS
IN0001885,FL0008460,AC00505,2026-03-28 14:02:00,Hydraulic Leak,Low,Resolved,SEA
IN0001886,FL0006892,AC00995,2026-01-14 05:07:00,Engine Alert,Low,Open,DEL
IN0001887,FL0004458,AC01010,2026-01-11 10:37:00,Bird Strike,High,Closed,DEN
IN0001888,FL0005618,AC00477,2026-06-25 01:30:00,Bird Strike,Medium,Resolved,MIA
IN0001889,FL0007047,AC00894,2026-03-22 20:30:00,Weather Alert,Low,Resolved,LAX
IN0001890,FL0012255,AC00656,2026-03-26 21:01:00,Hydraulic Leak,Critical,Open,DFW
IN0001891,FL0006259,AC00236,2026-01-18 19:14:00,Hydraulic Leak,Low,Closed,ORD
IN0001892,FL0006940,AC00232,2026-02-09 20:04:00,Engine Alert,Medium,Investigating,ATL
IN0001893,FL0005624,AC00321,2026-03-24 07:34:00,Engine Alert,Low,Investigating,MIA
IN0001894,FL0007141,AC00739,2026-05-03 11:10:00,Engine Alert,Medium,Closed,MIA
IN0001895,FL0004787,AC00782,2026-02-20 12:22:00,Hydraulic Leak,Medium,Open,DXB
IN0001896,FL0010493,AC00766,2026-05-03 21:25:00,Brake Issue,Low,Open,LHR
IN0001897,FL0000457,AC00930,2026-04-30 08:59:00,Hydraulic Leak,Medium,Open,SEA
IN0001898,FL0004500,AC01039,2026-04-28 07:17:00,Brake Issue,High,Resolved,DEN
IN0001899,FL0013166,AC00373,2026-06-04 02:11:00,Engine Alert,Critical,Resolved,SEA
IN0001900,FL0004834,AC00979,2026-03-15 03:04:00,Weather Alert,Low,Investigating,SEA
IN0001901,FL0001415,AC01184,2026-04-17 22:59:00,Engine Alert,Critical,Closed,ATL
IN0001902,FL0007304,AC00659,2026-02-04 06:57:00,Engine Alert,Medium,Open,BLR
IN0001903,FL0001602,AC01047,2026-06-08 18:43:00,Turbulence,Low,Resolved,BOS
IN0001904,FL0001838,AC01191,2026-05-12 03:22:00,Bird Strike,Critical,Resolved,LAX
IN0001905,FL0010489,AC00742,2026-05-08 04:53:00,Bird Strike,Low,Investigating,BOS
IN0001906,FL0005417,AC00615,2026-02-17 05:19:00,Bird Strike,Medium,Open,DFW
IN0001907,FL0006983,AC00113,2026-04-20 11:38:00,Engine Alert,Medium,Closed,SEA
IN0001908,FL0010040,AC00333,2026-05-14 22:00:00,Brake Issue,Low,Open,BLR
IN0001909,FL0013313,AC00998,2026-04-25 03:18:00,Navigation Error,Medium,Closed,DEN
IN0001910,FL0013252,AC00699,2026-03-02 19:35:00,Turbulence,Low,Investigating,LAX
IN0001911,FL0002377,AC00095,2026-01-29 22:15:00,Hydraulic Leak,Medium,Closed,LAX
IN0001912,FL0003629,AC00812,2026-06-11 08:39:00,Turbulence,Critical,Resolved,LAX
IN0001913,FL0001322,AC00655,2026-04-21 03:04:00,Turbulence,High,Investigating,SEA
IN0001914,FL0006970,AC00407,2026-02-15 12:54:00,Bird Strike,High,Resolved,ORD
IN0001915,FL0011997,AC00730,2026-05-04 12:12:00,Navigation Error,Medium,Investigating,DEN
IN0001916,FL0006215,AC00248,2026-01-09 00:24:00,Weather Alert,Medium,Open,LAX
IN0001917,FL0014937,AC00157,2026-01-14 12:02:00,Hydraulic Leak,High,Resolved,BLR
IN0001918,FL0008634,AC00110,2026-04-30 13:09:00,Weather Alert,Low,Closed,DEL
IN0001919,FL0003667,AC00170,2026-06-08 00:19:00,Brake Issue,High,Resolved,ATL
IN0001920,FL0002540,AC00662,2026-05-24 07:41:00,Navigation Error,Medium,Closed,LAX
IN0001921,FL0000280,AC00076,2026-03-03 03:07:00,Navigation Error,Medium,Open,MIA
IN0001922,FL0011592,AC00261,2026-02-05 20:11:00,Brake Issue,Low,Closed,SFO
IN0001923,FL0005064,AC01090,2026-02-10 09:11:00,Brake Issue,Medium,Open,DXB
IN0001924,FL0006367,AC00331,2026-03-19 03:21:00,Bird Strike,Medium,Investigating,SIN
IN0001925,FL0014463,AC00036,2026-06-01 23:57:00,Brake Issue,Low,Investigating,BOS
IN0001926,FL0004765,AC00397,2026-03-15 15:32:00,Turbulence,High,Investigating,DEL
IN0001927,FL0011601,AC01026,2026-06-04 21:33:00,Bird Strike,High,Open,SIN
IN0001928,FL0000501,AC00113,2026-05-27 17:36:00,Navigation Error,High,Investigating,LAX
IN0001929,FL0014872,AC01009,2026-03-19 01:02:00,Weather Alert,Low,Investigating,JFK
IN0001930,FL0005137,AC00848,2026-02-16 08:58:00,Bird Strike,Low,Investigating,DXB
IN0001931,FL0008439,AC01142,2026-02-06 14:44:00,Turbulence,Medium,Resolved,ORD
IN0001932,FL0011492,AC00615,2026-01-14 21:02:00,Engine Alert,Low,Investigating,ORD
IN0001933,FL0001070,AC00270,2026-05-31 17:05:00,Navigation Error,Low,Investigating,DXB
IN0001934,FL0009714,AC00636,2026-04-10 19:16:00,Bird Strike,Low,Resolved,ORD
IN0001935,FL0008689,AC00982,2026-03-24 13:33:00,Brake Issue,Low,Open,JFK
IN0001936,FL0003650,AC00444,2026-04-08 13:55:00,Weather Alert,Low,Closed,ATL
IN0001937,FL0009910,AC00188,2026-03-08 02:18:00,Navigation Error,Medium,Open,BOS
IN0001938,FL0005065,AC00587,2026-06-14 02:54:00,Brake Issue,Medium,Investigating,MIA
IN0001939,FL0006696,AC00038,2026-04-09 22:13:00,Engine Alert,Low,Open,MIA
IN0001940,FL0010397,AC01037,2026-03-23 23:40:00,Brake Issue,Low,Closed,BLR
IN0001941,FL0007753,AC00760,2026-04-24 10:09:00,Brake Issue,Low,Open,MIA
IN0001942,FL0001910,AC00449,2026-05-10 22:40:00,Weather Alert,Low,Closed,DEN
IN0001943,FL0001069,AC00238,2026-04-12 02:36:00,Hydraulic Leak,Low,Resolved,BOS
IN0001944,FL0006368,AC00800,2026-04-14 22:21:00,Brake Issue,High,Closed,ORD
IN0001945,FL0012852,AC01101,2026-02-22 09:24:00,Bird Strike,Medium,Investigating,LAX
IN0001946,FL0004475,AC00673,2026-07-01 12:06:00,Hydraulic Leak,High,Open,BLR
IN0001947,FL0013288,AC00571,2026-02-12 03:52:00,Navigation Error,High,Resolved,ORD
IN0001948,FL0014506,AC00106,2026-03-16 03:32:00,Engine Alert,Medium,Closed,DEN
IN0001949,FL0001809,AC01156,2026-04-24 22:12:00,Brake Issue,Medium,Resolved,DXB
IN0001950,FL0013784,AC00291,2026-06-10 00:05:00,Turbulence,Low,Investigating,DFW
IN0001951,FL0012751,AC00781,2026-02-11 19:48:00,Navigation Error,Low,Investigating,MIA
IN0001952,FL0014544,AC00001,2026-03-04 04:38:00,Hydraulic Leak,Low,Open,ORD
IN0001953,FL0010471,AC01096,2026-05-28 09:25:00,Hydraulic Leak,Medium,Open,BLR
IN0001954,FL0008648,AC00397,2026-04-09 22:23:00,Weather Alert,Low,Resolved,BOS
IN0001955,FL0008309,AC00839,2026-01-30 23:39:00,Navigation Error,Low,Investigating,DFW
IN0001956,FL0010117,AC00324,2026-05-24 09:40:00,Bird Strike,Medium,Investigating,SIN
IN0001957,FL0006848,AC01095,2026-02-22 20:22:00,Brake Issue,Medium,Resolved,DXB
IN0001958,FL0014927,AC00028,2026-02-24 21:59:00,Weather Alert,Low,Investigating,BOS
IN0001959,FL0002891,AC00240,2026-01-21 09:00:00,Bird Strike,Low,Resolved,DEL
IN0001960,FL0005338,AC00729,2026-01-27 07:42:00,Engine Alert,High,Closed,DEL
IN0001961,FL0005098,AC00192,2026-04-28 21:41:00,Hydraulic Leak,Medium,Investigating,LHR
IN0001962,FL0014909,AC00556,2026-03-17 04:09:00,Brake Issue,Low,Investigating,JFK
IN0001963,FL0001140,AC00571,2026-03-10 02:56:00,Navigation Error,Low,Closed,LHR
IN0001964,FL0010959,AC00010,2026-02-28 16:26:00,Weather Alert,Low,Investigating,LHR
IN0001965,FL0012490,AC00207,2026-02-27 02:52:00,Navigation Error,Low,Investigating,SFO
IN0001966,FL0003738,AC01065,2026-01-19 23:35:00,Hydraulic Leak,Medium,Open,LHR
IN0001967,FL0003593,AC00083,2026-03-15 00:48:00,Navigation Error,High,Closed,SFO
IN0001968,FL0000854,AC00964,2026-05-26 04:46:00,Hydraulic Leak,Low,Open,LAX
IN0001969,FL0000220,AC00555,2026-03-07 08:59:00,Engine Alert,Low,Investigating,BOS
IN0001970,FL0002556,AC01079,2026-06-27 04:35:00,Brake Issue,Low,Open,ORD
IN0001971,FL0006956,AC01058,2026-05-08 10:53:00,Engine Alert,Medium,Open,DFW
IN0001972,FL0009093,AC00001,2026-03-09 23:19:00,Hydraulic Leak,Medium,Resolved,DXB
IN0001973,FL0012962,AC00023,2026-04-15 15:32:00,Hydraulic Leak,Medium,Investigating,LAX
IN0001974,FL0006820,AC00413,2026-05-11 03:24:00,Hydraulic Leak,Low,Investigating,LHR
IN0001975,FL0007274,AC00894,2026-05-25 13:30:00,Weather Alert,Low,Resolved,SIN
IN0001976,FL0001115,AC00341,2026-03-16 17:01:00,Turbulence,Low,Closed,BLR
IN0001977,FL0010431,AC00275,2026-04-30 12:26:00,Navigation Error,Medium,Investigating,LHR
IN0001978,FL0009573,AC00167,2026-04-19 12:00:00,Hydraulic Leak,Low,Resolved,JFK
IN0001979,FL0011973,AC00085,2026-06-29 03:31:00,Weather Alert,Low,Closed,SFO
IN0001980,FL0001576,AC00749,2026-06-06 15:17:00,Weather Alert,High,Open,ORD
IN0001981,FL0003566,AC01166,2026-02-09 18:23:00,Hydraulic Leak,Medium,Resolved,MIA
IN0001982,FL0012242,AC00031,2026-06-16 18:05:00,Weather Alert,Low,Investigating,DEN
IN0001983,FL0006346,AC00473,2026-06-21 05:21:00,Hydraulic Leak,Medium,Resolved,BLR
IN0001984,FL0013197,AC00684,2026-03-02 11:23:00,Weather Alert,Low,Investigating,JFK
IN0001985,FL0000017,AC00450,2026-01-09 20:56:00,Brake Issue,Low,Investigating,SIN
IN0001986,FL0002901,AC01070,2026-05-03 14:25:00,Turbulence,Low,Investigating,SFO
IN0001987,FL0002304,AC00417,2026-03-27 02:56:00,Weather Alert,Medium,Resolved,BLR
IN0001988,FL0003389,AC01173,2026-05-15 15:22:00,Hydraulic Leak,Low,Resolved,BLR
IN0001989,FL0005105,AC00123,2026-06-13 14:19:00,Navigation Error,Low,Closed,SEA
IN0001990,FL0010347,AC00655,2026-04-25 19:11:00,Bird Strike,Low,Resolved,BLR
IN0001991,FL0004652,AC00324,2026-04-25 08:14:00,Brake Issue,Low,Open,DXB
IN0001992,FL0000621,AC00162,2026-03-26 20:06:00,Engine Alert,Medium,Resolved,DEL
IN0001993,FL0010539,AC00380,2026-06-11 13:44:00,Brake Issue,Low,Open,DEL
IN0001994,FL0013003,AC00236,2026-03-21 13:47:00,Brake Issue,High,Closed,DXB
IN0001995,FL0013992,AC00812,2026-03-20 01:15:00,Weather Alert,Low,Resolved,DEL
IN0001996,FL0008403,AC00066,2026-05-24 01:46:00,Turbulence,Low,Closed,DXB
IN0001997,FL0000691,AC01120,2026-02-05 21:48:00,Navigation Error,Low,Closed,SFO
IN0001998,FL0012113,AC00791,2026-01-26 11:10:00,Navigation Error,Critical,Open,MIA
IN0001999,FL0007348,AC01187,2026-01-29 06:43:00,Turbulence,Low,Resolved,SEA
IN0002000,FL0013986,AC00552,2026-03-22 08:00:00,Brake Issue,Low,Resolved,SEA
IN0002001,FL0003562,AC00666,2026-01-26 19:22:00,Bird Strike,Low,Resolved,SEA
IN0002002,FL0001936,AC01143,2026-03-31 11:19:00,Hydraulic Leak,High,Closed,ORD
IN0002003,FL0010590,AC00148,2026-01-14 19:54:00,Hydraulic Leak,Medium,Investigating,DEN
IN0002004,FL0000441,AC01123,2026-05-14 03:16:00,Brake Issue,Medium,Investigating,DXB
IN0002005,FL0014136,AC00008,2026-05-20 21:31:00,Bird Strike,Medium,Open,ORD
IN0002006,FL0001691,AC01080,2026-05-18 22:30:00,Bird Strike,High,Investigating,JFK
IN0002007,FL0011401,AC00410,2026-05-29 05:00:00,Engine Alert,Low,Investigating,MIA
IN0002008,FL0005841,AC00690,2026-04-07 21:59:00,Weather Alert,Low,Resolved,ATL
IN0002009,FL0004505,AC00802,2026-04-22 17:40:00,Weather Alert,Medium,Open,MIA
IN0002010,FL0007886,AC00559,2026-06-19 12:42:00,Weather Alert,Critical,Resolved,SFO
IN0002011,FL0013891,AC00360,2026-01-02 02:33:00,Navigation Error,High,Open,DXB
IN0002012,FL0010503,AC00157,2026-04-20 00:08:00,Bird Strike,Low,Investigating,DEN
IN0002013,FL0009216,AC00160,2026-06-25 12:49:00,Engine Alert,Low,Investigating,JFK
IN0002014,FL0013544,AC00338,2026-03-13 23:54:00,Bird Strike,Low,Resolved,BOS
IN0002015,FL0003735,AC00805,2026-01-27 14:45:00,Weather Alert,High,Closed,DXB
IN0002016,FL0007129,AC01050,2026-03-29 14:43:00,Hydraulic Leak,Low,Open,LHR
IN0002017,FL0002013,AC00068,2026-05-13 16:26:00,Navigation Error,Low,Investigating,LAX
IN0002018,FL0009579,AC00438,2026-01-25 09:19:00,Hydraulic Leak,High,Resolved,ORD
IN0002019,FL0008705,AC00404,2026-03-24 02:18:00,Navigation Error,Low,Resolved,SEA
IN0002020,FL0012993,AC01048,2026-02-06 14:49:00,Weather Alert,Medium,Open,LHR
IN0002021,FL0012630,AC00254,2026-04-18 04:30:00,Hydraulic Leak,Low,Resolved,JFK
IN0002022,FL0000287,AC00618,2026-05-22 15:37:00,Weather Alert,Low,Closed,DEN
IN0002023,FL0014827,AC01016,2026-05-07 04:21:00,Weather Alert,Critical,Open,SFO
IN0002024,FL0004699,AC01084,2026-06-14 01:12:00,Navigation Error,Low,Closed,DXB
IN0002025,FL0005820,AC01045,2026-01-05 04:34:00,Turbulence,High,Open,LHR
IN0002026,FL0006361,AC00659,2026-02-05 19:31:00,Turbulence,Medium,Resolved,SEA
IN0002027,FL0006410,AC00704,2026-04-05 22:02:00,Brake Issue,Low,Open,DEN
IN0002028,FL0005112,AC00440,2026-03-12 07:35:00,Brake Issue,Medium,Investigating,SIN
IN0002029,FL0012685,AC00859,2026-04-06 20:32:00,Navigation Error,High,Resolved,LHR
IN0002030,FL0002748,AC00578,2026-06-18 08:17:00,Engine Alert,Low,Open,DFW
IN0002031,FL0000388,AC00251,2026-04-20 07:19:00,Turbulence,Medium,Resolved,BOS
IN0002032,FL0011330,AC00465,2026-01-31 14:18:00,Bird Strike,Low,Closed,SEA
IN0002033,FL0009855,AC00619,2026-03-21 09:20:00,Navigation Error,Low,Investigating,DFW
IN0002034,FL0006898,AC00943,2026-02-22 08:00:00,Weather Alert,Low,Investigating,BOS
IN0002035,FL0013730,AC00302,2026-03-13 23:20:00,Navigation Error,Low,Investigating,LHR
IN0002036,FL0002580,AC00792,2026-04-15 22:33:00,Hydraulic Leak,Medium,Resolved,SIN
IN0002037,FL0014515,AC00300,2026-03-08 08:58:00,Engine Alert,Low,Resolved,JFK
IN0002038,FL0003409,AC00618,2026-04-01 14:15:00,Turbulence,Low,Open,SIN
IN0002039,FL0002868,AC01018,2026-01-17 04:59:00,Weather Alert,High,Closed,SFO
IN0002040,FL0001238,AC01197,2026-03-04 18:31:00,Navigation Error,Low,Resolved,LAX
IN0002041,FL0011157,AC00125,2026-04-22 15:33:00,Hydraulic Leak,Critical,Closed,DXB
IN0002042,FL0013306,AC00775,2026-03-05 01:29:00,Navigation Error,Low,Closed,ATL
IN0002043,FL0001682,AC00553,2026-05-23 09:55:00,Turbulence,Medium,Open,LAX
IN0002044,FL0002678,AC01169,2026-02-23 13:58:00,Weather Alert,High,Closed,ORD
IN0002045,FL0000375,AC00479,2026-02-01 21:27:00,Turbulence,Low,Resolved,SEA
IN0002046,FL0012107,AC00374,2026-04-16 11:42:00,Turbulence,Low,Resolved,ORD
IN0002047,FL0009656,AC00481,2026-01-09 15:08:00,Weather Alert,Low,Closed,SEA
IN0002048,FL0005423,AC01041,2026-01-01 20:12:00,Hydraulic Leak,Low,Closed,ATL
IN0002049,FL0012671,AC00271,2026-01-30 13:48:00,Bird Strike,Medium,Closed,SFO
IN0002050,FL0003552,AC00760,2026-01-13 15:50:00,Navigation Error,Low,Closed,SFO
IN0002051,FL0011628,AC01026,2026-02-03 16:35:00,Weather Alert,Medium,Resolved,MIA
IN0002052,FL0004278,AC00062,2026-05-05 03:33:00,Turbulence,Medium,Investigating,BLR
IN0002053,FL0006560,AC01019,2026-01-25 21:49:00,Turbulence,Medium,Resolved,DFW
IN0002054,FL0005286,AC00017,2026-04-28 08:16:00,Brake Issue,Medium,Investigating,LAX
IN0002055,FL0005665,AC00380,2026-02-02 14:54:00,Navigation Error,Medium,Investigating,LHR
IN0002056,FL0007865,AC00891,2026-06-14 19:48:00,Navigation Error,Medium,Resolved,BOS
IN0002057,FL0006022,AC00693,2026-03-08 08:06:00,Bird Strike,Low,Investigating,JFK
IN0002058,FL0007162,AC00041,2026-04-02 09:05:00,Brake Issue,Medium,Investigating,ATL
IN0002059,FL0001254,AC00011,2026-03-19 01:19:00,Engine Alert,Medium,Open,JFK
IN0002060,FL0013810,AC00026,2026-05-16 04:37:00,Turbulence,High,Open,SIN
IN0002061,FL0013983,AC00403,2026-04-28 00:18:00,Bird Strike,Medium,Open,LHR
IN0002062,FL0007689,AC00338,2026-02-13 06:02:00,Engine Alert,Critical,Open,JFK
IN0002063,FL0000246,AC00409,2026-04-20 08:56:00,Engine Alert,Medium,Closed,ORD
IN0002064,FL0002999,AC00858,2026-01-03 02:33:00,Hydraulic Leak,Medium,Closed,JFK
IN0002065,FL0001482,AC01125,2026-05-16 17:00:00,Brake Issue,High,Resolved,BOS
IN0002066,FL0010250,AC00020,2026-01-04 12:12:00,Hydraulic Leak,High,Investigating,LHR
IN0002067,FL0009101,AC00740,2026-06-04 23:54:00,Bird Strike,Low,Closed,SIN
IN0002068,FL0013391,AC00296,2026-05-17 01:22:00,Navigation Error,Low,Open,BLR
IN0002069,FL0012263,AC00494,2026-05-14 12:12:00,Brake Issue,Low,Investigating,JFK
IN0002070,FL0004707,AC00866,2026-04-01 12:41:00,Hydraulic Leak,Medium,Investigating,ATL
IN0002071,FL0009124,AC00366,2026-01-29 13:51:00,Bird Strike,Low,Open,BLR
IN0002072,FL0007900,AC00232,2026-04-12 10:05:00,Engine Alert,Low,Open,BLR
IN0002073,FL0014959,AC01197,2026-02-12 18:55:00,Hydraulic Leak,Medium,Resolved,BLR
IN0002074,FL0012305,AC00271,2026-05-15 07:14:00,Engine Alert,Low,Open,DEN
IN0002075,FL0013892,AC00646,2026-01-30 11:48:00,Hydraulic Leak,Medium,Investigating,DEN
IN0002076,FL0001634,AC01019,2026-04-29 17:55:00,Hydraulic Leak,Low,Open,LAX
IN0002077,FL0004048,AC00832,2026-04-13 19:16:00,Brake Issue,Low,Open,DXB
IN0002078,FL0005664,AC00536,2026-04-27 22:14:00,Hydraulic Leak,Low,Investigating,MIA
IN0002079,FL0008897,AC00189,2026-03-04 11:18:00,Engine Alert,Medium,Closed,LAX
IN0002080,FL0009347,AC00960,2026-02-21 01:34:00,Navigation Error,High,Closed,SIN
IN0002081,FL0004008,AC01079,2026-04-15 11:24:00,Brake Issue,Medium,Closed,BOS
IN0002082,FL0011808,AC00611,2026-06-04 02:30:00,Bird Strike,Low,Resolved,JFK
IN0002083,FL0009052,AC00407,2026-04-10 09:04:00,Navigation Error,High,Open,ORD
IN0002084,FL0003678,AC00848,2026-04-24 03:53:00,Weather Alert,Low,Open,DEN
IN0002085,FL0004195,AC00777,2026-05-11 02:56:00,Bird Strike,High,Open,ATL
IN0002086,FL0012264,AC00052,2026-04-21 23:04:00,Brake Issue,Medium,Resolved,ATL
IN0002087,FL0003755,AC01080,2026-05-10 13:31:00,Hydraulic Leak,Medium,Open,DEL
IN0002088,FL0009452,AC01064,2026-04-08 09:09:00,Brake Issue,High,Investigating,BOS
IN0002089,FL0012003,AC00865,2026-05-16 06:15:00,Brake Issue,Low,Closed,SIN
IN0002090,FL0010736,AC00273,2026-03-28 10:28:00,Bird Strike,Medium,Resolved,LAX
IN0002091,FL0003767,AC00729,2026-03-09 01:20:00,Bird Strike,Medium,Open,SEA
IN0002092,FL0010840,AC01065,2026-02-17 15:05:00,Engine Alert,Low,Open,SFO
IN0002093,FL0001638,AC00546,2026-05-25 21:07:00,Weather Alert,Low,Investigating,JFK
IN0002094,FL0010451,AC00064,2026-03-05 11:03:00,Hydraulic Leak,Low,Resolved,DXB
IN0002095,FL0009932,AC00728,2026-06-17 01:42:00,Brake Issue,Medium,Resolved,BLR
IN0002096,FL0004030,AC00932,2026-06-03 01:35:00,Brake Issue,Medium,Closed,MIA
IN0002097,FL0010284,AC01172,2026-01-02 09:23:00,Navigation Error,Low,Closed,SEA
IN0002098,FL0008896,AC00248,2026-02-22 16:46:00,Weather Alert,Medium,Resolved,JFK
IN0002099,FL0003549,AC00830,2026-01-28 08:41:00,Engine Alert,Low,Open,DEN
IN0002100,FL0004394,AC00961,2026-05-06 16:38:00,Engine Alert,Medium,Closed,DEL
IN0002101,FL0005577,AC00233,2026-05-27 16:15:00,Turbulence,Low,Resolved,ORD
IN0002102,FL0009233,AC01065,2026-06-08 12:25:00,Navigation Error,Medium,Resolved,LHR
IN0002103,FL0010467,AC00566,2026-05-28 18:28:00,Navigation Error,Low,Resolved,LHR
IN0002104,FL0007833,AC01130,2026-01-11 16:27:00,Engine Alert,High,Investigating,ATL
IN0002105,FL0011195,AC00090,2026-01-31 18:42:00,Bird Strike,Low,Resolved,DXB
IN0002106,FL0000847,AC00405,2026-02-02 07:32:00,Brake Issue,Critical,Resolved,LAX
IN0002107,FL0011003,AC00917,2026-03-04 00:24:00,Engine Alert,Low,Open,DEL
IN0002108,FL0002593,AC00816,2026-04-03 17:58:00,Bird Strike,Medium,Resolved,DEL
IN0002109,FL0012691,AC00762,2026-02-16 06:14:00,Hydraulic Leak,Low,Investigating,DFW
IN0002110,FL0002144,AC00162,2026-04-14 21:58:00,Hydraulic Leak,Low,Closed,DFW
IN0002111,FL0004665,AC00388,2026-05-27 08:01:00,Hydraulic Leak,Medium,Investigating,LHR
IN0002112,FL0009394,AC01117,2026-05-17 12:15:00,Engine Alert,High,Open,ATL
IN0002113,FL0005418,AC00585,2026-05-30 08:41:00,Turbulence,Low,Closed,LAX
IN0002114,FL0007607,AC00997,2026-01-11 23:23:00,Turbulence,High,Open,BLR
IN0002115,FL0008732,AC00292,2026-06-04 05:43:00,Engine Alert,High,Investigating,MIA
IN0002116,FL0001495,AC00693,2026-03-19 19:00:00,Turbulence,Medium,Open,LHR
IN0002117,FL0005847,AC00376,2026-03-27 02:30:00,Bird Strike,High,Open,DXB
IN0002118,FL0008047,AC00075,2026-01-28 08:24:00,Engine Alert,Low,Open,JFK
IN0002119,FL0008646,AC00633,2026-02-15 10:52:00,Turbulence,Medium,Resolved,SEA
IN0002120,FL0014612,AC00567,2026-05-20 04:38:00,Brake Issue,Medium,Open,SIN
IN0002121,FL0007917,AC01064,2026-02-09 23:23:00,Hydraulic Leak,High,Closed,DEN
IN0002122,FL0011305,AC01125,2026-04-18 13:31:00,Hydraulic Leak,Critical,Closed,DXB
IN0002123,FL0007325,AC00023,2026-04-10 17:46:00,Hydraulic Leak,Low,Open,SFO
IN0002124,FL0003903,AC00510,2026-04-25 20:18:00,Hydraulic Leak,High,Open,DEL
IN0002125,FL0005506,AC00432,2026-05-26 13:25:00,Weather Alert,Low,Resolved,BOS
IN0002126,FL0005056,AC00504,2026-04-07 07:46:00,Brake Issue,High,Investigating,JFK
IN0002127,FL0008358,AC00976,2026-05-22 09:08:00,Bird Strike,Medium,Resolved,SIN
IN0002128,FL0001152,AC00648,2026-02-02 12:23:00,Turbulence,High,Closed,SFO
IN0002129,FL0007082,AC01168,2026-06-29 00:06:00,Weather Alert,Low,Resolved,SIN
IN0002130,FL0002765,AC00044,2026-06-18 12:27:00,Bird Strike,High,Open,BLR
IN0002131,FL0012112,AC01026,2026-06-04 18:55:00,Bird Strike,Low,Investigating,SEA
IN0002132,FL0010521,AC00485,2026-03-30 01:52:00,Brake Issue,High,Closed,DXB
IN0002133,FL0000953,AC00893,2026-06-10 20:05:00,Engine Alert,Medium,Investigating,DXB
IN0002134,FL0012678,AC00352,2026-03-20 07:52:00,Hydraulic Leak,High,Resolved,DEN
IN0002135,FL0000021,AC00494,2026-06-21 02:06:00,Weather Alert,Low,Resolved,DEL
IN0002136,FL0003006,AC00659,2026-02-04 14:32:00,Engine Alert,High,Investigating,DEL
IN0002137,FL0010908,AC00543,2026-02-27 17:11:00,Navigation Error,Low,Open,DFW
IN0002138,FL0001747,AC00925,2026-04-22 00:21:00,Turbulence,Medium,Closed,BOS
IN0002139,FL0009812,AC00554,2026-03-10 16:51:00,Hydraulic Leak,Low,Open,SEA
IN0002140,FL0010481,AC00340,2026-04-06 09:07:00,Engine Alert,Medium,Investigating,ORD
IN0002141,FL0010884,AC00432,2026-02-03 09:32:00,Navigation Error,Medium,Closed,MIA
IN0002142,FL0004199,AC01120,2026-02-05 19:48:00,Engine Alert,Medium,Open,BLR
IN0002143,FL0004528,AC00200,2026-06-11 16:56:00,Brake Issue,High,Investigating,BLR
IN0002144,FL0001871,AC00560,2026-01-10 02:11:00,Turbulence,Low,Investigating,DFW
IN0002145,FL0001461,AC00026,2026-05-14 21:06:00,Weather Alert,Low,Open,LHR
IN0002146,FL0013941,AC00831,2026-05-27 22:40:00,Weather Alert,Low,Closed,ATL
IN0002147,FL0010016,AC00835,2026-03-03 23:10:00,Hydraulic Leak,High,Closed,SEA
IN0002148,FL0008943,AC01029,2026-01-27 05:23:00,Navigation Error,Medium,Closed,DXB
IN0002149,FL0012132,AC00921,2026-01-30 17:10:00,Hydraulic Leak,Critical,Closed,LHR
IN0002150,FL0004519,AC00884,2026-05-29 15:51:00,Navigation Error,Medium,Investigating,MIA
IN0002151,FL0009714,AC00075,2026-03-31 15:06:00,Engine Alert,Low,Resolved,DEL
IN0002152,FL0003567,AC00398,2026-03-07 17:15:00,Navigation Error,Low,Investigating,SFO
IN0002153,FL0012511,AC00034,2026-06-04 11:52:00,Navigation Error,Low,Resolved,BLR
IN0002154,FL0009387,AC01185,2026-03-02 09:21:00,Brake Issue,Medium,Closed,LAX
IN0002155,FL0001070,AC00293,2026-06-29 21:39:00,Engine Alert,Low,Open,DEN
IN0002156,FL0002029,AC00117,2026-03-29 14:22:00,Hydraulic Leak,Low,Resolved,SEA
IN0002157,FL0013811,AC00561,2026-03-25 19:40:00,Navigation Error,Low,Closed,BOS
IN0002158,FL0013456,AC00303,2026-05-30 06:41:00,Engine Alert,Medium,Investigating,DXB
IN0002159,FL0009980,AC01058,2026-06-16 21:11:00,Navigation Error,High,Open,DEN
IN0002160,FL0008979,AC00053,2026-02-01 18:05:00,Bird Strike,Low,Open,DXB
IN0002161,FL0006263,AC00336,2026-01-13 16:39:00,Hydraulic Leak,Low,Investigating,ATL
IN0002162,FL0000082,AC00583,2026-01-14 16:48:00,Brake Issue,High,Investigating,DXB
IN0002163,FL0002837,AC00231,2026-05-06 11:34:00,Navigation Error,Low,Investigating,SFO
IN0002164,FL0009083,AC00187,2026-05-12 22:33:00,Navigation Error,Low,Open,DFW
IN0002165,FL0009455,AC01193,2026-03-28 08:04:00,Turbulence,Low,Closed,ORD
IN0002166,FL0005776,AC00485,2026-02-04 08:43:00,Brake Issue,Low,Open,MIA
IN0002167,FL0007863,AC00451,2026-03-26 18:02:00,Bird Strike,Low,Open,LAX
IN0002168,FL0011531,AC00918,2026-05-24 23:25:00,Hydraulic Leak,Medium,Open,SIN
IN0002169,FL0014268,AC00150,2026-01-04 23:15:00,Bird Strike,Medium,Investigating,MIA
IN0002170,FL0005414,AC00467,2026-04-07 12:20:00,Navigation Error,Low,Resolved,LAX
IN0002171,FL0003966,AC00403,2026-03-16 18:03:00,Hydraulic Leak,High,Closed,DEL
IN0002172,FL0012828,AC01142,2026-02-03 07:29:00,Turbulence,High,Resolved,DEL
IN0002173,FL0006745,AC00559,2026-02-10 06:27:00,Navigation Error,Low,Investigating,DEN
IN0002174,FL0013906,AC00658,2026-03-28 23:59:00,Weather Alert,Low,Closed,ORD
IN0002175,FL0010963,AC00550,2026-06-01 01:19:00,Engine Alert,Medium,Open,LHR
IN0002176,FL0010198,AC01193,2026-02-18 21:30:00,Bird Strike,Low,Closed,LHR
IN0002177,FL0000310,AC00408,2026-04-29 15:09:00,Engine Alert,Medium,Open,SEA
IN0002178,FL0011972,AC00971,2026-04-29 17:45:00,Brake Issue,High,Resolved,DFW
IN0002179,FL0010657,AC00620,2026-04-29 16:14:00,Bird Strike,Low,Investigating,SFO
IN0002180,FL0001088,AC00129,2026-01-30 10:37:00,Engine Alert,Low,Closed,DXB
IN0002181,FL0013508,AC00203,2026-06-16 18:03:00,Hydraulic Leak,Low,Investigating,DEN
IN0002182,FL0013203,AC01018,2026-01-23 08:52:00,Hydraulic Leak,Low,Investigating,DEL
IN0002183,FL0013446,AC00450,2026-06-01 18:33:00,Navigation Error,Medium,Resolved,DEL
IN0002184,FL0009922,AC01087,2026-02-05 08:14:00,Navigation Error,Medium,Open,MIA
IN0002185,FL0005358,AC00488,2026-04-05 18:07:00,Weather Alert,Low,Closed,DXB
IN0002186,FL0006950,AC00846,2026-03-23 08:58:00,Navigation Error,High,Closed,BLR
IN0002187,FL0011348,AC00824,2026-03-26 18:13:00,Brake Issue,Medium,Open,LAX
IN0002188,FL0004362,AC00883,2026-03-07 18:04:00,Turbulence,Low,Resolved,BOS
IN0002189,FL0010516,AC00639,2026-05-31 22:24:00,Engine Alert,Low,Closed,SIN
IN0002190,FL0006582,AC00003,2026-03-11 06:48:00,Turbulence,Medium,Open,SEA
IN0002191,FL0009633,AC00594,2026-05-01 07:51:00,Turbulence,Low,Resolved,DXB
IN0002192,FL0000562,AC00553,2026-03-05 05:10:00,Brake Issue,Medium,Resolved,ATL
IN0002193,FL0000262,AC01174,2026-02-13 22:23:00,Turbulence,Low,Closed,BOS
IN0002194,FL0008991,AC00297,2026-02-17 19:12:00,Hydraulic Leak,Low,Resolved,SFO
IN0002195,FL0013908,AC00213,2026-04-17 22:32:00,Turbulence,Low,Open,DEL
IN0002196,FL0005389,AC00824,2026-03-31 01:53:00,Hydraulic Leak,Medium,Closed,MIA
IN0002197,FL0005269,AC00350,2026-02-26 20:58:00,Engine Alert,Low,Resolved,SFO
IN0002198,FL0003818,AC00224,2026-06-06 07:44:00,Hydraulic Leak,Low,Open,LAX
IN0002199,FL0000984,AC00735,2026-02-13 13:34:00,Hydraulic Leak,Low,Closed,DEL
IN0002200,FL0004026,AC00490,2026-04-21 21:37:00,Engine Alert,Medium,Investigating,SFO
IN0002201,FL0013999,AC00241,2026-01-11 14:54:00,Turbulence,Low,Closed,ORD
IN0002202,FL0010347,AC00888,2026-04-29 11:45:00,Bird Strike,Low,Closed,LAX
IN0002203,FL0014991,AC00568,2026-05-31 07:27:00,Engine Alert,Medium,Resolved,LAX
IN0002204,FL0001838,AC00481,2026-05-10 04:44:00,Turbulence,Low,Open,LAX
IN0002205,FL0003782,AC00097,2026-03-14 16:28:00,Bird Strike,Low,Open,DXB
IN0002206,FL0002346,AC00195,2026-01-01 03:59:00,Brake Issue,Low,Open,BOS
IN0002207,FL0002707,AC01148,2026-05-10 20:45:00,Bird Strike,Low,Closed,MIA
IN0002208,FL0010459,AC01089,2026-05-20 20:16:00,Navigation Error,Low,Closed,ATL
IN0002209,FL0014486,AC00487,2026-03-11 19:50:00,Hydraulic Leak,Low,Open,MIA
IN0002210,FL0010986,AC00849,2026-01-09 19:30:00,Bird Strike,Low,Open,MIA
IN0002211,FL0004019,AC00714,2026-04-22 21:45:00,Weather Alert,Medium,Open,LHR
IN0002212,FL0010053,AC00097,2026-05-30 10:21:00,Weather Alert,Low,Resolved,DEL
IN0002213,FL0009637,AC00132,2026-01-28 11:58:00,Turbulence,Medium,Resolved,DXB
IN0002214,FL0009746,AC00218,2026-04-24 13:01:00,Hydraulic Leak,Low,Open,BOS
IN0002215,FL0001725,AC00771,2026-03-23 00:29:00,Brake Issue,Low,Resolved,BLR
IN0002216,FL0014500,AC00010,2026-01-17 18:13:00,Turbulence,Medium,Open,DEL
IN0002217,FL0014429,AC00116,2026-03-19 15:49:00,Bird Strike,Low,Open,MIA
IN0002218,FL0007232,AC00250,2026-03-27 16:49:00,Hydraulic Leak,Low,Investigating,ATL
IN0002219,FL0008464,AC00647,2026-03-11 19:23:00,Engine Alert,Medium,Closed,DFW
IN0002220,FL0006075,AC00774,2026-02-16 07:21:00,Brake Issue,Medium,Open,DFW
IN0002221,FL0007711,AC01162,2026-02-01 22:28:00,Engine Alert,Low,Investigating,LAX
IN0002222,FL0001014,AC00826,2026-01-24 01:10:00,Navigation Error,Low,Open,LHR
IN0002223,FL0010811,AC00973,2026-03-25 00:13:00,Engine Alert,Low,Resolved,MIA
IN0002224,FL0003533,AC00432,2026-02-25 03:35:00,Turbulence,Medium,Investigating,SEA
IN0002225,FL0008107,AC01066,2026-04-12 21:28:00,Navigation Error,Low,Resolved,SIN
IN0002226,FL0001622,AC00543,2026-05-29 23:15:00,Hydraulic Leak,High,Investigating,LHR
IN0002227,FL0001201,AC01044,2026-03-22 06:10:00,Turbulence,High,Investigating,DEL
IN0002228,FL0006090,AC00766,2026-03-03 20:41:00,Weather Alert,Medium,Open,MIA
IN0002229,FL0000171,AC00770,2026-05-07 20:09:00,Hydraulic Leak,Medium,Resolved,DFW
IN0002230,FL0002386,AC00935,2026-02-23 00:01:00,Weather Alert,Low,Resolved,SIN
IN0002231,FL0009052,AC00770,2026-06-24 10:27:00,Navigation Error,Medium,Resolved,BOS
IN0002232,FL0011659,AC01169,2026-02-17 20:55:00,Navigation Error,Low,Resolved,ORD
IN0002233,FL0013464,AC00467,2026-06-12 00:48:00,Navigation Error,Medium,Investigating,ORD
IN0002234,FL0009840,AC00501,2026-02-25 00:57:00,Navigation Error,Low,Resolved,SEA
IN0002235,FL0011054,AC00433,2026-02-17 18:24:00,Turbulence,Critical,Open,ATL
IN0002236,FL0010990,AC00369,2026-01-25 05:52:00,Hydraulic Leak,High,Investigating,DFW
IN0002237,FL0005471,AC00301,2026-02-07 10:02:00,Weather Alert,High,Resolved,SIN
IN0002238,FL0002208,AC00767,2026-06-30 07:18:00,Navigation Error,Low,Open,SEA
IN0002239,FL0008110,AC00010,2026-05-03 13:24:00,Bird Strike,Medium,Open,ORD
IN0002240,FL0012167,AC00195,2026-04-08 14:05:00,Navigation Error,Low,Investigating,SFO
IN0002241,FL0002310,AC00300,2026-03-31 12:59:00,Bird Strike,Medium,Resolved,LAX
IN0002242,FL0007316,AC00335,2026-04-28 03:15:00,Turbulence,High,Resolved,MIA
IN0002243,FL0010779,AC00452,2026-02-04 08:51:00,Weather Alert,Low,Closed,BOS
IN0002244,FL0005671,AC00079,2026-03-09 09:15:00,Bird Strike,Medium,Investigating,LAX
IN0002245,FL0009485,AC00384,2026-02-17 01:34:00,Weather Alert,Low,Closed,JFK
IN0002246,FL0013213,AC00072,2026-01-18 07:22:00,Engine Alert,Low,Open,DFW
IN0002247,FL0006475,AC00595,2026-02-02 17:36:00,Hydraulic Leak,Medium,Open,DFW
IN0002248,FL0002129,AC00742,2026-03-18 13:40:00,Hydraulic Leak,Medium,Closed,LAX
IN0002249,FL0009255,AC00458,2026-04-26 22:30:00,Hydraulic Leak,Low,Open,LAX
IN0002250,FL0002206,AC00781,2026-02-04 08:14:00,Navigation Error,Low,Investigating,JFK
IN0002251,FL0007747,AC01099,2026-04-10 14:15:00,Engine Alert,Low,Open,JFK
IN0002252,FL0005318,AC00058,2026-06-03 06:58:00,Bird Strike,Medium,Closed,DEL
IN0002253,FL0001606,AC00772,2026-05-29 07:44:00,Weather Alert,Low,Closed,DEL
IN0002254,FL0007569,AC00539,2026-05-01 15:22:00,Navigation Error,Low,Closed,DEN
IN0002255,FL0011943,AC00244,2026-03-06 20:19:00,Weather Alert,High,Resolved,ATL
IN0002256,FL0005437,AC00348,2026-01-18 09:46:00,Turbulence,Medium,Resolved,LHR
IN0002257,FL0008660,AC00157,2026-01-15 12:02:00,Weather Alert,High,Open,BLR
IN0002258,FL0002555,AC01078,2026-02-20 00:59:00,Weather Alert,Medium,Closed,MIA
IN0002259,FL0003832,AC01094,2026-01-20 14:10:00,Weather Alert,Low,Open,BLR
IN0002260,FL0009364,AC00186,2026-04-18 16:05:00,Brake Issue,Medium,Open,LHR
IN0002261,FL0014026,AC00955,2026-01-10 12:15:00,Weather Alert,Low,Closed,MIA
IN0002262,FL0005615,AC00715,2026-05-24 16:16:00,Hydraulic Leak,High,Resolved,DEN
IN0002263,FL0004118,AC00898,2026-06-06 22:24:00,Engine Alert,Low,Closed,DEL
IN0002264,FL0003160,AC00952,2026-01-31 18:10:00,Turbulence,High,Open,LAX
IN0002265,FL0012661,AC00019,2026-05-28 23:01:00,Brake Issue,Critical,Investigating,JFK
IN0002266,FL0006833,AC00072,2026-04-09 05:40:00,Hydraulic Leak,High,Resolved,DFW
IN0002267,FL0003921,AC00788,2026-01-31 23:48:00,Bird Strike,High,Investigating,LAX
IN0002268,FL0001807,AC00864,2026-03-05 19:04:00,Weather Alert,High,Resolved,BOS
IN0002269,FL0011394,AC00028,2026-02-16 14:36:00,Hydraulic Leak,High,Closed,BLR
IN0002270,FL0009248,AC00247,2026-01-22 04:58:00,Engine Alert,High,Closed,DFW
IN0002271,FL0000603,AC00528,2026-05-15 02:52:00,Bird Strike,Medium,Open,SEA
IN0002272,FL0009907,AC00465,2026-05-23 09:10:00,Engine Alert,Low,Closed,JFK
IN0002273,FL0003432,AC00151,2026-02-28 07:47:00,Hydraulic Leak,Low,Open,DEL
IN0002274,FL0001423,AC00477,2026-06-24 15:35:00,Brake Issue,Low,Investigating,DXB
IN0002275,FL0001493,AC01133,2026-06-21 03:28:00,Hydraulic Leak,Medium,Closed,BLR
IN0002276,FL0010712,AC01060,2026-03-23 05:30:00,Brake Issue,Low,Closed,DXB
IN0002277,FL0000151,AC00403,2026-06-23 01:54:00,Bird Strike,Low,Resolved,DEL
IN0002278,FL0011120,AC01133,2026-03-19 21:42:00,Brake Issue,Medium,Closed,DEL
IN0002279,FL0004242,AC00448,2026-04-28 05:14:00,Turbulence,Medium,Investigating,DEN
IN0002280,FL0006639,AC00971,2026-06-21 22:35:00,Navigation Error,Medium,Open,ORD
IN0002281,FL0000938,AC01040,2026-05-23 18:54:00,Bird Strike,Medium,Open,LHR
IN0002282,FL0004746,AC00146,2026-03-15 00:51:00,Brake Issue,Low,Closed,ORD
IN0002283,FL0001656,AC00630,2026-04-18 20:26:00,Brake Issue,Medium,Resolved,DFW
IN0002284,FL0000711,AC00382,2026-02-11 17:26:00,Turbulence,Low,Investigating,ATL
IN0002285,FL0012626,AC00951,2026-03-23 16:59:00,Navigation Error,Low,Closed,JFK
IN0002286,FL0001282,AC00574,2026-05-01 07:44:00,Bird Strike,Low,Open,DXB
IN0002287,FL0011672,AC01080,2026-04-25 23:19:00,Hydraulic Leak,Medium,Closed,MIA
IN0002288,FL0004454,AC00478,2026-03-02 09:22:00,Bird Strike,Low,Open,JFK
IN0002289,FL0004270,AC00645,2026-03-08 02:00:00,Engine Alert,Medium,Resolved,ORD
IN0002290,FL0000376,AC00482,2026-06-03 10:35:00,Brake Issue,Low,Resolved,LAX
IN0002291,FL0000333,AC00158,2026-06-22 02:59:00,Bird Strike,Low,Resolved,SFO
IN0002292,FL0012378,AC00839,2026-06-10 14:37:00,Bird Strike,High,Investigating,LHR
IN0002293,FL0005908,AC00551,2026-05-27 03:07:00,Engine Alert,Low,Open,DEN
IN0002294,FL0001258,AC00124,2026-02-13 00:12:00,Hydraulic Leak,Low,Closed,JFK
IN0002295,FL0008761,AC00168,2026-06-09 23:59:00,Turbulence,Low,Closed,DXB
IN0002296,FL0012842,AC01041,2026-03-05 12:58:00,Bird Strike,Medium,Resolved,SFO
IN0002297,FL0003350,AC01193,2026-05-26 00:18:00,Bird Strike,Low,Closed,LHR
IN0002298,FL0010155,AC00293,2026-01-06 00:17:00,Hydraulic Leak,Medium,Open,DEL
IN0002299,FL0009163,AC00104,2026-02-17 21:10:00,Bird Strike,Medium,Investigating,DFW
IN0002300,FL0005951,AC00231,2026-01-30 06:09:00,Turbulence,Low,Investigating,DEN
IN0002301,FL0011566,AC00836,2026-05-21 09:09:00,Bird Strike,Low,Investigating,LHR
IN0002302,FL0002542,AC00848,2026-01-18 09:15:00,Engine Alert,Low,Closed,DEL
IN0002303,FL0007300,AC00467,2026-06-10 12:51:00,Hydraulic Leak,Critical,Investigating,DXB
IN0002304,FL0001101,AC00489,2026-05-21 07:58:00,Navigation Error,Low,Closed,LHR
IN0002305,FL0009004,AC00877,2026-01-17 21:29:00,Weather Alert,Low,Investigating,SIN
IN0002306,FL0008615,AC00041,2026-02-03 22:13:00,Navigation Error,Medium,Investigating,SEA
IN0002307,FL0006289,AC00913,2026-03-31 22:27:00,Hydraulic Leak,Low,Closed,SIN
IN0002308,FL0008396,AC00952,2026-01-08 02:57:00,Hydraulic Leak,Medium,Closed,SFO
IN0002309,FL0000113,AC00101,2026-03-15 06:12:00,Engine Alert,Low,Open,ORD
IN0002310,FL0006525,AC00119,2026-05-27 16:26:00,Engine Alert,Medium,Investigating,LHR
IN0002311,FL0005244,AC00032,2026-06-01 13:54:00,Hydraulic Leak,Low,Investigating,DFW
IN0002312,FL0012705,AC00548,2026-05-24 18:44:00,Hydraulic Leak,Low,Closed,DEN
IN0002313,FL0001045,AC00257,2026-05-24 22:46:00,Turbulence,Low,Open,DEN
IN0002314,FL0000466,AC00820,2026-03-30 20:13:00,Turbulence,Low,Closed,LHR
IN0002315,FL0008636,AC00267,2026-04-04 10:02:00,Engine Alert,Medium,Investigating,DXB
IN0002316,FL0011156,AC01085,2026-04-30 09:00:00,Brake Issue,Medium,Open,DEN
IN0002317,FL0004987,AC00064,2026-01-30 03:37:00,Engine Alert,Low,Closed,LHR
IN0002318,FL0014600,AC00450,2026-06-28 15:02:00,Weather Alert,Medium,Open,SIN
IN0002319,FL0002559,AC01137,2026-02-23 20:33:00,Hydraulic Leak,Low,Investigating,SIN
IN0002320,FL0009740,AC00368,2026-01-19 13:33:00,Navigation Error,Low,Open,DXB
IN0002321,FL0001036,AC00354,2026-04-28 05:26:00,Engine Alert,Low,Open,MIA
IN0002322,FL0007665,AC00270,2026-06-03 09:50:00,Navigation Error,Medium,Resolved,MIA
IN0002323,FL0012563,AC00199,2026-01-03 15:27:00,Engine Alert,Low,Closed,DXB
IN0002324,FL0008374,AC00553,2026-04-11 04:33:00,Weather Alert,Low,Resolved,ATL
IN0002325,FL0012544,AC00838,2026-05-03 03:05:00,Turbulence,Low,Resolved,ATL
IN0002326,FL0000075,AC00132,2026-02-14 09:02:00,Engine Alert,Low,Open,SIN
IN0002327,FL0001293,AC00197,2026-03-20 04:22:00,Turbulence,Low,Open,LHR
IN0002328,FL0010329,AC00911,2026-03-31 11:15:00,Engine Alert,High,Closed,ORD
IN0002329,FL0004382,AC00224,2026-04-17 20:32:00,Weather Alert,Low,Resolved,DEN
IN0002330,FL0006827,AC00009,2026-05-29 06:44:00,Hydraulic Leak,High,Resolved,DXB
IN0002331,FL0005628,AC00488,2026-02-19 20:30:00,Turbulence,Medium,Resolved,BLR
IN0002332,FL0008795,AC00494,2026-01-08 12:45:00,Hydraulic Leak,Low,Resolved,BLR
IN0002333,FL0014482,AC00214,2026-01-30 07:18:00,Hydraulic Leak,Low,Closed,SFO
IN0002334,FL0008330,AC00468,2026-06-28 20:18:00,Navigation Error,Low,Closed,JFK
IN0002335,FL0006082,AC00247,2026-03-09 23:58:00,Navigation Error,High,Open,BOS
IN0002336,FL0007538,AC00452,2026-06-04 04:43:00,Engine Alert,Low,Closed,SIN
IN0002337,FL0000056,AC00952,2026-04-16 10:07:00,Bird Strike,Medium,Resolved,ORD
IN0002338,FL0012871,AC00361,2026-06-25 17:20:00,Brake Issue,Medium,Investigating,BOS
IN0002339,FL0010253,AC00709,2026-05-14 16:32:00,Hydraulic Leak,Medium,Open,DFW
IN0002340,FL0006602,AC00276,2026-04-06 18:39:00,Bird Strike,Low,Closed,SEA
IN0002341,FL0014240,AC00687,2026-02-18 08:57:00,Navigation Error,Low,Resolved,MIA
IN0002342,FL0001188,AC00965,2026-02-28 03:11:00,Weather Alert,Low,Open,JFK
IN0002343,FL0009687,AC00269,2026-03-09 13:14:00,Navigation Error,Low,Resolved,MIA
IN0002344,FL0007475,AC00856,2026-02-21 22:17:00,Bird Strike,Low,Resolved,LAX
IN0002345,FL0013559,AC00742,2026-01-13 06:58:00,Navigation Error,Low,Closed,SFO
IN0002346,FL0006928,AC00366,2026-02-11 08:11:00,Navigation Error,High,Closed,ORD
IN0002347,FL0012704,AC01004,2026-04-27 21:35:00,Hydraulic Leak,Low,Open,DEL
IN0002348,FL0003495,AC00484,2026-06-04 15:28:00,Navigation Error,Low,Closed,DXB
IN0002349,FL0009544,AC00391,2026-06-09 15:06:00,Bird Strike,Low,Open,DFW
IN0002350,FL0003699,AC00861,2026-05-23 04:30:00,Brake Issue,Low,Open,LAX
IN0002351,FL0000971,AC00107,2026-05-22 16:24:00,Brake Issue,High,Open,SEA
IN0002352,FL0009074,AC00927,2026-06-13 14:56:00,Brake Issue,Low,Closed,LAX
IN0002353,FL0005221,AC00423,2026-02-16 18:11:00,Bird Strike,High,Open,BOS
IN0002354,FL0010782,AC01188,2026-03-16 12:48:00,Weather Alert,Low,Investigating,BOS
IN0002355,FL0000210,AC01171,2026-07-01 06:19:00,Brake Issue,Medium,Open,BLR
IN0002356,FL0004209,AC00602,2026-06-30 02:27:00,Bird Strike,High,Investigating,SEA
IN0002357,FL0005692,AC00598,2026-06-02 02:15:00,Bird Strike,Low,Investigating,LAX
IN0002358,FL0007539,AC00176,2026-03-10 05:31:00,Engine Alert,Low,Closed,DFW
IN0002359,FL0003806,AC00102,2026-04-06 12:38:00,Bird Strike,Low,Resolved,DXB
IN0002360,FL0013781,AC00922,2026-02-10 20:28:00,Hydraulic Leak,Critical,Closed,ATL
IN0002361,FL0000223,AC00082,2026-02-12 10:14:00,Engine Alert,Low,Investigating,SIN
IN0002362,FL0011214,AC00880,2026-04-03 09:01:00,Hydraulic Leak,Low,Investigating,BLR
IN0002363,FL0011450,AC00842,2026-05-17 19:13:00,Weather Alert,High,Closed,ORD
IN0002364,FL0002361,AC00366,2026-05-20 13:56:00,Turbulence,High,Resolved,BOS
IN0002365,FL0003661,AC00081,2026-01-26 00:05:00,Turbulence,High,Resolved,LAX
IN0002366,FL0013730,AC00396,2026-01-07 20:42:00,Hydraulic Leak,Medium,Closed,ORD
IN0002367,FL0004104,AC00627,2026-06-25 08:58:00,Navigation Error,High,Closed,LHR
IN0002368,FL0001844,AC00579,2026-06-30 16:27:00,Turbulence,High,Open,SFO
IN0002369,FL0003447,AC00929,2026-02-10 19:12:00,Bird Strike,Low,Resolved,SIN
IN0002370,FL0014460,AC00711,2026-05-01 07:35:00,Turbulence,High,Resolved,DEL
IN0002371,FL0014380,AC00161,2026-01-16 11:20:00,Weather Alert,Low,Resolved,JFK
IN0002372,FL0014368,AC00686,2026-04-16 09:21:00,Brake Issue,Low,Open,DEN
IN0002373,FL0007960,AC00152,2026-03-31 06:16:00,Bird Strike,Medium,Investigating,DEL
IN0002374,FL0013412,AC01148,2026-02-19 07:28:00,Turbulence,Low,Open,SFO
IN0002375,FL0013317,AC00515,2026-05-09 12:55:00,Weather Alert,High,Investigating,ORD
IN0002376,FL0007074,AC00346,2026-04-19 23:24:00,Weather Alert,Medium,Open,DEL
IN0002377,FL0005509,AC00627,2026-06-03 07:54:00,Brake Issue,Medium,Resolved,LAX
IN0002378,FL0013078,AC01168,2026-06-26 15:25:00,Engine Alert,Low,Investigating,DXB
IN0002379,FL0008713,AC01136,2026-06-24 06:07:00,Weather Alert,Low,Resolved,DEN
IN0002380,FL0004936,AC00327,2026-03-05 16:57:00,Engine Alert,Low,Resolved,SFO
IN0002381,FL0011258,AC00868,2026-02-26 14:31:00,Engine Alert,High,Resolved,JFK
IN0002382,FL0013550,AC00499,2026-03-02 05:40:00,Navigation Error,High,Investigating,DEL
IN0002383,FL0006369,AC00092,2026-01-21 19:20:00,Engine Alert,Medium,Open,DEN
IN0002384,FL0010257,AC00081,2026-05-12 05:33:00,Turbulence,Medium,Closed,JFK
IN0002385,FL0005140,AC00959,2026-05-16 23:41:00,Hydraulic Leak,Low,Resolved,DEL
IN0002386,FL0006685,AC00019,2026-03-14 21:29:00,Turbulence,Medium,Closed,DEN
IN0002387,FL0007265,AC00247,2026-05-24 20:20:00,Navigation Error,Medium,Open,DFW
IN0002388,FL0011634,AC00780,2026-03-16 00:13:00,Brake Issue,High,Closed,MIA
IN0002389,FL0009552,AC00230,2026-04-21 21:53:00,Engine Alert,Medium,Resolved,BLR
IN0002390,FL0012158,AC00023,2026-06-10 04:03:00,Weather Alert,Medium,Open,DFW
IN0002391,FL0009904,AC00357,2026-05-28 16:19:00,Hydraulic Leak,Low,Investigating,DXB
IN0002392,FL0012255,AC00625,2026-01-21 16:40:00,Bird Strike,Low,Open,DEN
IN0002393,FL0013737,AC00509,2026-01-22 04:57:00,Bird Strike,High,Investigating,DEL
IN0002394,FL0014729,AC00234,2026-01-05 04:57:00,Hydraulic Leak,Medium,Resolved,SEA
IN0002395,FL0010788,AC00007,2026-02-08 01:12:00,Bird Strike,Low,Open,SFO
IN0002396,FL0011474,AC00585,2026-02-10 15:34:00,Navigation Error,Low,Resolved,DFW
IN0002397,FL0006127,AC00093,2026-06-04 16:32:00,Navigation Error,Low,Closed,LAX
IN0002398,FL0012107,AC00126,2026-04-28 03:55:00,Bird Strike,Medium,Investigating,BLR
IN0002399,FL0007871,AC00965,2026-05-01 21:32:00,Brake Issue,High,Open,SIN
IN0002400,FL0008151,AC00068,2026-03-03 15:21:00,Hydraulic Leak,Low,Investigating,ATL
IN0002401,FL0003888,AC00931,2026-01-23 12:33:00,Weather Alert,Low,Closed,SIN
IN0002402,FL0004841,AC00906,2026-05-15 20:50:00,Weather Alert,Low,Open,DEN
IN0002403,FL0008958,AC00352,2026-02-27 01:37:00,Brake Issue,Medium,Resolved,BLR
IN0002404,FL0013602,AC01048,2026-06-25 20:58:00,Navigation Error,Low,Investigating,DXB
IN0002405,FL0003350,AC00779,2026-04-28 02:20:00,Weather Alert,High,Investigating,JFK
IN0002406,FL0004891,AC00711,2026-01-05 11:17:00,Brake Issue,Low,Open,BOS
IN0002407,FL0003162,AC00936,2026-03-09 22:30:00,Bird Strike,Low,Resolved,SFO
IN0002408,FL0001585,AC00677,2026-05-25 03:42:00,Turbulence,Low,Open,SIN
IN0002409,FL0013368,AC00697,2026-01-27 03:39:00,Turbulence,Medium,Resolved,JFK
IN0002410,FL0013384,AC00877,2026-02-10 08:27:00,Navigation Error,Low,Open,MIA
IN0002411,FL0004584,AC00505,2026-01-16 16:49:00,Engine Alert,Medium,Investigating,SIN
IN0002412,FL0009657,AC01190,2026-04-02 21:26:00,Engine Alert,Low,Open,ORD
IN0002413,FL0010411,AC00627,2026-06-04 01:14:00,Hydraulic Leak,Medium,Investigating,ORD
IN0002414,FL0004944,AC00044,2026-03-22 20:34:00,Engine Alert,Low,Investigating,ATL
IN0002415,FL0007583,AC00243,2026-07-01 23:13:00,Brake Issue,Low,Investigating,SEA
IN0002416,FL0014855,AC00830,2026-01-17 00:37:00,Turbulence,Medium,Resolved,DXB
IN0002417,FL0005796,AC01195,2026-05-31 16:54:00,Bird Strike,Low,Resolved,DEN
IN0002418,FL0005744,AC00593,2026-03-12 03:57:00,Engine Alert,Medium,Investigating,SIN
IN0002419,FL0009337,AC00877,2026-01-15 05:30:00,Weather Alert,Low,Resolved,DFW
IN0002420,FL0005009,AC00723,2026-02-20 02:58:00,Turbulence,High,Closed,SIN
IN0002421,FL0002713,AC00912,2026-05-17 15:43:00,Brake Issue,Medium,Investigating,ORD
IN0002422,FL0003823,AC00485,2026-01-21 12:49:00,Turbulence,Low,Closed,DEN
IN0002423,FL0002255,AC00718,2026-02-14 10:18:00,Hydraulic Leak,High,Open,DXB
IN0002424,FL0013529,AC00224,2026-01-02 15:50:00,Bird Strike,Low,Open,ATL
IN0002425,FL0012017,AC00694,2026-05-26 15:22:00,Hydraulic Leak,Medium,Resolved,BOS
IN0002426,FL0000357,AC00195,2026-06-10 06:39:00,Turbulence,Low,Open,DEN
IN0002427,FL0005143,AC01013,2026-05-14 03:53:00,Engine Alert,Medium,Open,BOS
IN0002428,FL0013572,AC00900,2026-05-10 09:25:00,Navigation Error,High,Closed,BOS
IN0002429,FL0000395,AC01090,2026-06-15 09:14:00,Turbulence,Medium,Investigating,MIA
IN0002430,FL0012017,AC01027,2026-01-23 04:22:00,Weather Alert,High,Open,DXB
IN0002431,FL0009420,AC00453,2026-04-22 18:05:00,Brake Issue,High,Closed,DEN
IN0002432,FL0007730,AC00993,2026-06-14 20:37:00,Turbulence,High,Closed,SFO
IN0002433,FL0010615,AC00652,2026-04-05 15:19:00,Hydraulic Leak,Medium,Closed,DEN
IN0002434,FL0008430,AC00786,2026-04-14 19:33:00,Brake Issue,Low,Investigating,DEL
IN0002435,FL0001709,AC00195,2026-03-22 18:03:00,Weather Alert,Critical,Open,LHR
IN0002436,FL0010094,AC00132,2026-06-15 18:38:00,Navigation Error,Medium,Investigating,DXB
IN0002437,FL0004691,AC00674,2026-05-14 21:19:00,Engine Alert,Medium,Closed,MIA
IN0002438,FL0001436,AC00875,2026-03-07 14:32:00,Bird Strike,Medium,Closed,ORD
IN0002439,FL0013021,AC00916,2026-04-03 16:38:00,Turbulence,Low,Resolved,BOS
IN0002440,FL0005100,AC00127,2026-06-14 05:45:00,Navigation Error,High,Investigating,ORD
IN0002441,FL0010558,AC00437,2026-03-09 01:06:00,Turbulence,Low,Open,SFO
IN0002442,FL0003211,AC01005,2026-03-05 17:19:00,Engine Alert,Medium,Open,DFW
IN0002443,FL0007334,AC00653,2026-02-28 14:12:00,Bird Strike,Low,Closed,BLR
IN0002444,FL0013447,AC00816,2026-01-30 12:22:00,Weather Alert,Low,Investigating,ATL
IN0002445,FL0001145,AC00608,2026-06-03 01:56:00,Bird Strike,Low,Closed,LHR
IN0002446,FL0012306,AC00414,2026-02-02 15:37:00,Weather Alert,Low,Open,LHR
IN0002447,FL0004129,AC01168,2026-04-24 17:37:00,Navigation Error,High,Closed,DEN
IN0002448,FL0012693,AC00988,2026-01-12 15:31:00,Navigation Error,Medium,Investigating,BLR
IN0002449,FL0011385,AC01169,2026-01-25 14:55:00,Engine Alert,Low,Investigating,BOS
IN0002450,FL0002016,AC00879,2026-06-30 17:41:00,Navigation Error,Medium,Resolved,MIA
IN0002451,FL0008498,AC01067,2026-03-09 17:27:00,Weather Alert,Low,Resolved,LAX
IN0002452,FL0008951,AC00590,2026-03-12 12:54:00,Hydraulic Leak,Critical,Open,DEL
IN0002453,FL0000701,AC00630,2026-03-12 09:52:00,Bird Strike,Low,Closed,DFW
IN0002454,FL0006553,AC00134,2026-05-11 16:31:00,Engine Alert,Low,Resolved,DXB
IN0002455,FL0009551,AC00328,2026-04-07 11:58:00,Turbulence,High,Open,DEN
IN0002456,FL0014266,AC00368,2026-01-22 17:51:00,Engine Alert,Medium,Resolved,SEA
IN0002457,FL0013778,AC00043,2026-06-15 01:47:00,Weather Alert,Medium,Investigating,BOS
IN0002458,FL0001795,AC00462,2026-02-02 11:42:00,Navigation Error,High,Investigating,ATL
IN0002459,FL0002515,AC01011,2026-03-03 14:51:00,Brake Issue,Medium,Investigating,MIA
IN0002460,FL0013481,AC01144,2026-06-11 11:24:00,Hydraulic Leak,Medium,Resolved,DXB
IN0002461,FL0001037,AC00827,2026-01-27 09:42:00,Engine Alert,Medium,Resolved,ATL
IN0002462,FL0014448,AC00303,2026-04-21 10:53:00,Hydraulic Leak,Low,Resolved,LAX
IN0002463,FL0003353,AC01030,2026-03-22 14:50:00,Engine Alert,Low,Open,SIN
IN0002464,FL0010093,AC00093,2026-03-19 01:05:00,Engine Alert,Medium,Resolved,MIA
IN0002465,FL0007340,AC00909,2026-05-04 00:42:00,Turbulence,Critical,Investigating,SIN
IN0002466,FL0002487,AC00256,2026-01-30 03:58:00,Weather Alert,Medium,Resolved,ATL
IN0002467,FL0014808,AC00793,2026-05-04 18:08:00,Weather Alert,Critical,Open,ATL
IN0002468,FL0013295,AC00630,2026-05-02 00:23:00,Engine Alert,Low,Investigating,DXB
IN0002469,FL0012647,AC00143,2026-03-21 16:21:00,Navigation Error,Medium,Open,DEL
IN0002470,FL0011421,AC00666,2026-06-18 05:09:00,Brake Issue,High,Open,BOS
IN0002471,FL0003313,AC00822,2026-04-06 02:56:00,Brake Issue,Low,Resolved,SFO
IN0002472,FL0013452,AC00278,2026-04-06 04:24:00,Brake Issue,Low,Open,DXB
IN0002473,FL0011560,AC00621,2026-03-20 15:23:00,Bird Strike,Low,Open,DEN
IN0002474,FL0002419,AC00158,2026-02-26 16:36:00,Weather Alert,Low,Closed,DFW
IN0002475,FL0009771,AC00721,2026-02-15 13:03:00,Hydraulic Leak,Medium,Investigating,MIA
IN0002476,FL0011461,AC00143,2026-06-29 12:31:00,Weather Alert,Low,Open,DEL
IN0002477,FL0003322,AC00499,2026-05-19 00:11:00,Brake Issue,Medium,Resolved,SIN
IN0002478,FL0012945,AC01155,2026-03-03 21:22:00,Bird Strike,Medium,Resolved,ORD
IN0002479,FL0004550,AC00007,2026-05-09 04:05:00,Brake Issue,Critical,Investigating,SEA
IN0002480,FL0004989,AC00222,2026-02-23 04:52:00,Hydraulic Leak,Medium,Closed,SIN
IN0002481,FL0003451,AC00432,2026-01-02 08:19:00,Hydraulic Leak,Medium,Closed,LAX
IN0002482,FL0008460,AC00311,2026-04-21 06:12:00,Navigation Error,Medium,Open,ORD
IN0002483,FL0004178,AC00270,2026-01-08 07:58:00,Bird Strike,Low,Resolved,DFW
IN0002484,FL0011984,AC01142,2026-07-02 06:26:00,Turbulence,Medium,Resolved,SEA
IN0002485,FL0004647,AC00597,2026-06-30 11:52:00,Bird Strike,Medium,Closed,ATL
IN0002486,FL0011465,AC00248,2026-05-29 17:49:00,Engine Alert,High,Open,BOS
IN0002487,FL0003662,AC00776,2026-01-25 02:47:00,Navigation Error,Medium,Closed,BLR
IN0002488,FL0008620,AC01121,2026-04-28 02:26:00,Navigation Error,Low,Open,JFK
IN0002489,FL0013261,AC00936,2026-01-29 18:27:00,Brake Issue,High,Investigating,DEN
IN0002490,FL0012558,AC00589,2026-06-29 05:28:00,Turbulence,Low,Open,LAX
IN0002491,FL0014415,AC00703,2026-05-22 15:05:00,Weather Alert,Low,Closed,ATL
IN0002492,FL0011276,AC01192,2026-01-27 12:00:00,Engine Alert,Low,Investigating,MIA
IN0002493,FL0003242,AC00747,2026-06-17 10:02:00,Hydraulic Leak,Low,Investigating,JFK
IN0002494,FL0013346,AC00522,2026-01-20 01:06:00,Engine Alert,Medium,Resolved,ORD
IN0002495,FL0003045,AC00292,2026-02-27 01:40:00,Navigation Error,Low,Investigating,JFK
IN0002496,FL0005135,AC00602,2026-06-16 18:58:00,Engine Alert,High,Resolved,JFK
IN0002497,FL0000591,AC00108,2026-03-06 06:49:00,Bird Strike,Critical,Investigating,LHR
IN0002498,FL0002201,AC00380,2026-04-30 21:15:00,Weather Alert,Medium,Resolved,DFW
IN0002499,FL0003672,AC00559,2026-05-08 19:50:00,Hydraulic Leak,High,Resolved,SEA
IN0002500,FL0001018,AC00770,2026-04-11 19:47:00,Bird Strike,Medium,Investigating,DEN
IN0002501,FL0001305,AC01031,2026-07-01 16:15:00,Hydraulic Leak,Low,Resolved,SFO
IN0002502,FL0013903,AC00960,2026-06-23 10:21:00,Turbulence,Low,Closed,DXB
IN0002503,FL0004308,AC00437,2026-04-12 04:11:00,Bird Strike,Low,Open,LAX
IN0002504,FL0009390,AC00757,2026-03-18 19:19:00,Bird Strike,Low,Closed,SEA
IN0002505,FL0005045,AC00542,2026-04-23 04:30:00,Brake Issue,Critical,Investigating,DFW
IN0002506,FL0014338,AC01031,2026-01-25 20:08:00,Turbulence,Low,Investigating,SEA
IN0002507,FL0013471,AC00678,2026-07-01 19:39:00,Engine Alert,High,Investigating,DEL
IN0002508,FL0006375,AC00336,2026-01-23 07:06:00,Engine Alert,Low,Investigating,DEN
IN0002509,FL0012757,AC00608,2026-06-30 08:48:00,Engine Alert,Low,Closed,DEL
IN0002510,FL0013847,AC00846,2026-04-01 17:43:00,Turbulence,Low,Open,DXB
IN0002511,FL0006352,AC00102,2026-04-27 18:40:00,Turbulence,Critical,Investigating,BOS
IN0002512,FL0006034,AC00897,2026-03-12 21:14:00,Turbulence,Low,Open,MIA
IN0002513,FL0003488,AC00408,2026-05-03 13:39:00,Turbulence,Low,Investigating,SFO
IN0002514,FL0002694,AC00150,2026-02-05 17:45:00,Hydraulic Leak,Low,Open,LAX
IN0002515,FL0010452,AC00630,2026-04-21 06:34:00,Turbulence,Low,Investigating,ORD
IN0002516,FL0002164,AC00420,2026-01-30 23:54:00,Engine Alert,Medium,Resolved,SFO
IN0002517,FL0010866,AC00426,2026-02-27 12:28:00,Navigation Error,Medium,Closed,SIN
IN0002518,FL0008224,AC01139,2026-02-22 07:49:00,Engine Alert,Low,Closed,DXB
IN0002519,FL0012184,AC00818,2026-02-02 03:10:00,Hydraulic Leak,Low,Open,BOS
IN0002520,FL0000359,AC00565,2026-06-30 12:11:00,Turbulence,Medium,Resolved,DFW
IN0002521,FL0010331,AC00243,2026-04-27 18:48:00,Engine Alert,High,Open,LAX
IN0002522,FL0006124,AC00005,2026-01-27 13:18:00,Navigation Error,Medium,Open,SFO
IN0002523,FL0009766,AC00826,2026-01-18 04:33:00,Bird Strike,High,Closed,DFW
IN0002524,FL0010697,AC00170,2026-03-21 17:35:00,Weather Alert,Low,Investigating,JFK
IN0002525,FL0013550,AC00308,2026-01-15 21:18:00,Navigation Error,Medium,Resolved,ATL
IN0002526,FL0009538,AC00317,2026-03-23 21:06:00,Bird Strike,High,Open,DEL
IN0002527,FL0014376,AC00566,2026-02-27 10:46:00,Brake Issue,High,Investigating,DEN
IN0002528,FL0010554,AC01055,2026-02-07 14:53:00,Brake Issue,Medium,Closed,LHR
IN0002529,FL0013250,AC00314,2026-04-07 02:39:00,Turbulence,Low,Resolved,DEL
IN0002530,FL0012654,AC00947,2026-03-25 21:01:00,Navigation Error,Medium,Closed,SFO
IN0002531,FL0011905,AC00025,2026-01-29 21:31:00,Engine Alert,Low,Open,SEA
IN0002532,FL0008204,AC00625,2026-02-28 19:54:00,Bird Strike,Low,Open,MIA
IN0002533,FL0004286,AC00454,2026-01-11 23:23:00,Navigation Error,Critical,Investigating,ORD
IN0002534,FL0001769,AC00889,2026-03-23 12:54:00,Turbulence,Medium,Resolved,ORD
IN0002535,FL0007411,AC00105,2026-06-01 13:45:00,Navigation Error,Low,Resolved,SIN
IN0002536,FL0002673,AC00778,2026-05-09 07:02:00,Turbulence,High,Investigating,ORD
IN0002537,FL0003126,AC00753,2026-06-10 10:38:00,Weather Alert,High,Closed,BLR
IN0002538,FL0014130,AC00522,2026-06-03 17:35:00,Turbulence,Low,Open,DEN
IN0002539,FL0005268,AC00800,2026-02-12 23:11:00,Turbulence,Medium,Open,BOS
IN0002540,FL0005791,AC00485,2026-02-05 04:25:00,Bird Strike,Low,Open,BOS
IN0002541,FL0014695,AC00960,2026-01-09 17:34:00,Brake Issue,Low,Investigating,SIN
IN0002542,FL0010291,AC00167,2026-04-27 23:16:00,Engine Alert,Low,Open,DFW
IN0002543,FL0000358,AC00070,2026-03-17 14:54:00,Brake Issue,Low,Closed,DFW
IN0002544,FL0004201,AC00478,2026-06-24 02:02:00,Weather Alert,High,Closed,BLR
IN0002545,FL0006328,AC00789,2026-02-04 07:10:00,Hydraulic Leak,Medium,Open,SFO
IN0002546,FL0009113,AC00371,2026-02-25 11:18:00,Turbulence,Medium,Open,LHR
IN0002547,FL0003951,AC00161,2026-03-27 13:12:00,Navigation Error,Medium,Resolved,SFO
IN0002548,FL0006615,AC01002,2026-04-18 16:45:00,Brake Issue,Low,Investigating,BOS
IN0002549,FL0008838,AC01172,2026-01-04 18:55:00,Brake Issue,Low,Open,DXB
IN0002550,FL0013998,AC00162,2026-01-04 01:59:00,Engine Alert,Low,Investigating,JFK
IN0002551,FL0006247,AC00643,2026-02-16 21:15:00,Brake Issue,Low,Open,DEL
IN0002552,FL0000934,AC01072,2026-04-28 11:15:00,Bird Strike,Low,Open,SEA
IN0002553,FL0009216,AC00710,2026-07-01 10:21:00,Navigation Error,Low,Investigating,ORD
IN0002554,FL0003884,AC00042,2026-01-28 12:48:00,Navigation Error,Low,Resolved,DEN
IN0002555,FL0000220,AC00789,2026-01-05 04:44:00,Engine Alert,Medium,Investigating,DFW
IN0002556,FL0013863,AC00825,2026-03-25 07:54:00,Bird Strike,Low,Resolved,DEL
IN0002557,FL0011408,AC00189,2026-05-23 20:50:00,Bird Strike,Medium,Closed,LHR
IN0002558,FL0008639,AC00315,2026-03-31 06:19:00,Brake Issue,High,Closed,BLR
IN0002559,FL0012422,AC00385,2026-01-21 01:10:00,Bird Strike,Medium,Investigating,LHR
IN0002560,FL0013192,AC00211,2026-03-09 10:28:00,Weather Alert,Medium,Closed,BOS
IN0002561,FL0010389,AC00414,2026-03-08 23:13:00,Bird Strike,Medium,Investigating,BOS
IN0002562,FL0001275,AC00224,2026-02-16 15:39:00,Bird Strike,Low,Investigating,SFO
IN0002563,FL0004784,AC00436,2026-02-27 09:25:00,Hydraulic Leak,Medium,Investigating,SIN
IN0002564,FL0003771,AC00064,2026-03-13 16:35:00,Weather Alert,Low,Closed,DEN
IN0002565,FL0004449,AC01173,2026-05-30 10:33:00,Navigation Error,Medium,Closed,LHR
IN0002566,FL0013626,AC00103,2026-04-07 22:08:00,Weather Alert,High,Resolved,LAX
IN0002567,FL0002386,AC00863,2026-06-30 12:34:00,Engine Alert,Low,Investigating,DFW
IN0002568,FL0011882,AC00437,2026-06-18 09:43:00,Weather Alert,Low,Investigating,BOS
IN0002569,FL0002432,AC00147,2026-03-22 18:05:00,Bird Strike,Low,Open,ORD
IN0002570,FL0002175,AC00208,2026-01-12 20:16:00,Hydraulic Leak,Low,Open,BLR
IN0002571,FL0001254,AC00755,2026-03-11 00:47:00,Turbulence,Low,Investigating,LAX
IN0002572,FL0004635,AC01135,2026-02-20 17:41:00,Hydraulic Leak,Medium,Resolved,LHR
IN0002573,FL0003723,AC00714,2026-04-09 06:09:00,Navigation Error,High,Investigating,MIA
IN0002574,FL0013362,AC00541,2026-04-21 22:05:00,Engine Alert,High,Investigating,DEN
IN0002575,FL0014235,AC00066,2026-02-26 20:42:00,Bird Strike,Low,Investigating,DEN
IN0002576,FL0004702,AC00129,2026-06-22 10:56:00,Engine Alert,Medium,Closed,ATL
IN0002577,FL0013916,AC00750,2026-01-09 20:16:00,Turbulence,Low,Closed,DXB
IN0002578,FL0001730,AC00716,2026-06-03 09:05:00,Brake Issue,High,Investigating,LAX
IN0002579,FL0001759,AC00924,2026-05-17 20:46:00,Weather Alert,Low,Resolved,DXB
IN0002580,FL0005735,AC01005,2026-06-27 09:24:00,Weather Alert,Low,Open,BLR
IN0002581,FL0001930,AC00288,2026-02-20 05:03:00,Bird Strike,Medium,Open,DFW
IN0002582,FL0004447,AC00064,2026-06-27 22:03:00,Turbulence,Medium,Closed,SFO
IN0002583,FL0000899,AC00222,2026-02-12 03:11:00,Hydraulic Leak,Low,Resolved,JFK
IN0002584,FL0005962,AC00037,2026-05-01 08:17:00,Weather Alert,Low,Open,SIN
IN0002585,FL0009443,AC00751,2026-03-09 06:30:00,Weather Alert,Medium,Closed,SEA
IN0002586,FL0014225,AC00664,2026-02-05 17:59:00,Weather Alert,Critical,Resolved,ORD
IN0002587,FL0005573,AC00413,2026-03-26 00:55:00,Turbulence,Low,Closed,DXB
IN0002588,FL0012304,AC00663,2026-01-06 14:27:00,Navigation Error,Low,Open,LAX
IN0002589,FL0012271,AC00780,2026-04-26 13:04:00,Navigation Error,Critical,Closed,SEA
IN0002590,FL0009206,AC00389,2026-04-25 06:59:00,Hydraulic Leak,Low,Investigating,SFO
IN0002591,FL0001297,AC00621,2026-01-18 21:40:00,Navigation Error,Low,Closed,BOS
IN0002592,FL0005173,AC01147,2026-05-28 07:08:00,Brake Issue,Low,Resolved,ATL
IN0002593,FL0007020,AC00067,2026-02-26 07:02:00,Bird Strike,Medium,Resolved,MIA
IN0002594,FL0010748,AC01135,2026-06-27 18:21:00,Engine Alert,Low,Resolved,SEA
IN0002595,FL0013320,AC00209,2026-01-26 04:36:00,Turbulence,Low,Resolved,SIN
IN0002596,FL0000350,AC00229,2026-05-30 14:04:00,Engine Alert,Low,Open,ATL
IN0002597,FL0005795,AC01071,2026-04-27 09:49:00,Brake Issue,Low,Resolved,LHR
IN0002598,FL0000142,AC01086,2026-01-23 17:04:00,Engine Alert,Low,Resolved,LHR
IN0002599,FL0014065,AC00282,2026-04-03 21:21:00,Hydraulic Leak,High,Resolved,SIN
IN0002600,FL0012984,AC00005,2026-04-14 05:00:00,Bird Strike,Low,Open,LAX
IN0002601,FL0001037,AC00973,2026-06-25 15:28:00,Engine Alert,Medium,Resolved,JFK
IN0002602,FL0012637,AC01147,2026-03-03 08:21:00,Engine Alert,Low,Closed,SEA
IN0002603,FL0013044,AC00870,2026-01-03 08:47:00,Bird Strike,Low,Investigating,JFK
IN0002604,FL0005708,AC00329,2026-05-21 21:00:00,Turbulence,High,Investigating,SEA
IN0002605,FL0000084,AC00826,2026-05-30 10:25:00,Bird Strike,Low,Resolved,DEN
IN0002606,FL0004539,AC00893,2026-01-08 17:51:00,Bird Strike,Medium,Investigating,DEN
IN0002607,FL0008967,AC00056,2026-06-02 15:00:00,Bird Strike,Critical,Open,DFW
IN0002608,FL0009728,AC00660,2026-05-11 04:44:00,Bird Strike,Low,Closed,LHR
IN0002609,FL0004813,AC00326,2026-01-17 10:27:00,Bird Strike,High,Closed,BOS
IN0002610,FL0002439,AC00461,2026-05-14 04:30:00,Engine Alert,Low,Resolved,LAX
IN0002611,FL0011771,AC00361,2026-05-22 03:31:00,Turbulence,Low,Open,DEL
IN0002612,FL0002921,AC00323,2026-01-11 19:32:00,Weather Alert,Low,Resolved,ORD
IN0002613,FL0004349,AC00096,2026-05-15 15:53:00,Hydraulic Leak,Low,Investigating,SFO
IN0002614,FL0010792,AC00277,2026-01-13 04:57:00,Weather Alert,Medium,Closed,MIA
IN0002615,FL0002036,AC00853,2026-04-17 16:25:00,Hydraulic Leak,Medium,Open,SFO
IN0002616,FL0002694,AC00203,2026-02-23 03:14:00,Hydraulic Leak,Low,Closed,SIN
IN0002617,FL0008456,AC00160,2026-06-16 00:46:00,Navigation Error,Low,Resolved,LHR
IN0002618,FL0000162,AC00862,2026-02-13 11:57:00,Turbulence,Low,Open,LHR
IN0002619,FL0005024,AC00101,2026-03-19 19:37:00,Brake Issue,Low,Resolved,ATL
IN0002620,FL0008019,AC00662,2026-04-09 04:51:00,Navigation Error,Low,Open,LAX
IN0002621,FL0001463,AC00817,2026-06-07 23:10:00,Bird Strike,High,Investigating,SEA
IN0002622,FL0003282,AC00849,2026-06-04 20:22:00,Navigation Error,Low,Open,DEL
IN0002623,FL0012125,AC00241,2026-04-17 10:52:00,Navigation Error,Low,Closed,DEN
IN0002624,FL0000800,AC00331,2026-04-19 13:14:00,Hydraulic Leak,Medium,Closed,JFK
IN0002625,FL0002333,AC01047,2026-05-30 21:56:00,Engine Alert,Low,Resolved,DEL
IN0002626,FL0010882,AC00614,2026-04-23 02:01:00,Navigation Error,Low,Closed,DFW
IN0002627,FL0006737,AC00104,2026-04-05 23:30:00,Brake Issue,Medium,Open,DXB
IN0002628,FL0009453,AC00654,2026-02-18 04:15:00,Weather Alert,Low,Resolved,SIN
IN0002629,FL0004614,AC00966,2026-06-29 01:11:00,Hydraulic Leak,Low,Closed,ATL
IN0002630,FL0002350,AC00161,2026-03-23 08:39:00,Navigation Error,High,Open,DEL
IN0002631,FL0010445,AC01012,2026-02-21 23:18:00,Weather Alert,Low,Investigating,SEA
IN0002632,FL0009538,AC01021,2026-01-15 04:41:00,Bird Strike,Critical,Open,ORD
IN0002633,FL0011846,AC00376,2026-01-11 21:21:00,Navigation Error,Low,Resolved,SEA
IN0002634,FL0006411,AC00699,2026-01-20 12:08:00,Hydraulic Leak,Low,Resolved,DEN
IN0002635,FL0006547,AC00782,2026-01-07 12:21:00,Navigation Error,Medium,Closed,LHR
IN0002636,FL0006986,AC00732,2026-06-17 17:21:00,Bird Strike,Low,Open,DEL
IN0002637,FL0011260,AC01128,2026-01-20 01:25:00,Engine Alert,Low,Closed,DEL
IN0002638,FL0010689,AC00306,2026-07-01 12:30:00,Brake Issue,Medium,Investigating,DEN
IN0002639,FL0012059,AC00709,2026-04-15 13:04:00,Turbulence,Low,Resolved,ATL
IN0002640,FL0000030,AC01153,2026-03-25 10:36:00,Brake Issue,Medium,Closed,SIN
IN0002641,FL0010153,AC00795,2026-01-02 11:23:00,Brake Issue,Low,Investigating,DEL
IN0002642,FL0003667,AC01083,2026-03-26 14:06:00,Turbulence,Low,Resolved,DFW
IN0002643,FL0013506,AC00849,2026-06-11 13:41:00,Weather Alert,Medium,Closed,DEN
IN0002644,FL0000819,AC00535,2026-01-04 20:13:00,Navigation Error,Medium,Resolved,LHR
IN0002645,FL0013080,AC00888,2026-04-25 20:56:00,Engine Alert,Low,Resolved,DFW
IN0002646,FL0006334,AC00310,2026-03-22 21:33:00,Engine Alert,High,Investigating,DEN
IN0002647,FL0012399,AC00168,2026-04-08 08:18:00,Weather Alert,Low,Closed,SFO
IN0002648,FL0004075,AC01179,2026-03-30 15:28:00,Engine Alert,Medium,Investigating,DFW
IN0002649,FL0012738,AC00161,2026-05-27 20:36:00,Bird Strike,Medium,Closed,SFO
IN0002650,FL0008496,AC00098,2026-05-05 15:08:00,Weather Alert,Medium,Open,MIA
IN0002651,FL0001079,AC00444,2026-04-08 16:35:00,Engine Alert,High,Investigating,JFK
IN0002652,FL0010189,AC00592,2026-07-02 07:29:00,Engine Alert,Medium,Investigating,LAX
IN0002653,FL0003207,AC00837,2026-01-01 09:41:00,Weather Alert,Low,Resolved,BOS
IN0002654,FL0006532,AC00204,2026-03-13 13:10:00,Hydraulic Leak,Low,Open,DXB
IN0002655,FL0003835,AC00241,2026-03-31 13:58:00,Turbulence,Low,Closed,MIA
IN0002656,FL0011465,AC00480,2026-04-17 01:00:00,Hydraulic Leak,Low,Open,BOS
IN0002657,FL0013076,AC00948,2026-05-27 01:00:00,Brake Issue,Low,Open,LAX
IN0002658,FL0013019,AC00289,2026-02-02 15:56:00,Brake Issue,Medium,Closed,DEN
IN0002659,FL0008158,AC00612,2026-01-11 08:37:00,Navigation Error,Low,Investigating,ORD
IN0002660,FL0012666,AC00500,2026-02-13 16:36:00,Navigation Error,Low,Open,SIN
IN0002661,FL0006495,AC00346,2026-05-07 11:55:00,Navigation Error,Low,Resolved,MIA
IN0002662,FL0010578,AC00619,2026-01-29 13:01:00,Turbulence,Low,Investigating,JFK
IN0002663,FL0003806,AC00461,2026-01-13 01:42:00,Navigation Error,Low,Investigating,LHR
IN0002664,FL0012682,AC00173,2026-01-27 08:24:00,Weather Alert,Low,Investigating,BLR
IN0002665,FL0011128,AC01119,2026-04-09 18:18:00,Navigation Error,Low,Investigating,DEN
IN0002666,FL0001223,AC01151,2026-04-08 20:44:00,Turbulence,Critical,Resolved,DFW
IN0002667,FL0012415,AC00842,2026-05-01 18:06:00,Engine Alert,High,Closed,LHR
IN0002668,FL0010553,AC00608,2026-02-11 14:21:00,Brake Issue,Medium,Closed,LHR
IN0002669,FL0013758,AC00083,2026-01-05 12:55:00,Brake Issue,Low,Resolved,DFW
IN0002670,FL0000476,AC00167,2026-01-03 03:53:00,Turbulence,Medium,Resolved,BOS
IN0002671,FL0013422,AC00845,2026-06-10 10:36:00,Hydraulic Leak,High,Closed,ORD
IN0002672,FL0014916,AC00740,2026-03-12 13:37:00,Weather Alert,Low,Open,BOS
IN0002673,FL0003609,AC00872,2026-02-02 01:10:00,Weather Alert,Critical,Closed,ATL
IN0002674,FL0009333,AC00754,2026-01-21 16:39:00,Hydraulic Leak,Low,Open,DXB
IN0002675,FL0006740,AC00785,2026-02-18 14:19:00,Engine Alert,Medium,Resolved,MIA
IN0002676,FL0010541,AC00891,2026-06-27 07:02:00,Engine Alert,High,Resolved,DXB
IN0002677,FL0004123,AC00751,2026-03-06 00:18:00,Navigation Error,Medium,Open,MIA
IN0002678,FL0012373,AC00231,2026-03-25 04:25:00,Navigation Error,Low,Closed,SEA
IN0002679,FL0005319,AC00151,2026-05-19 21:36:00,Engine Alert,Medium,Closed,BOS
IN0002680,FL0007020,AC00482,2026-04-13 12:48:00,Engine Alert,Low,Investigating,DFW
IN0002681,FL0003620,AC00987,2026-05-27 17:11:00,Weather Alert,Low,Open,MIA
IN0002682,FL0004630,AC00722,2026-03-06 21:54:00,Turbulence,Low,Resolved,BOS
IN0002683,FL0007797,AC00444,2026-02-13 01:22:00,Turbulence,Medium,Resolved,DEN
IN0002684,FL0004044,AC01162,2026-05-08 18:47:00,Hydraulic Leak,Low,Closed,DXB
IN0002685,FL0002185,AC00845,2026-02-19 03:36:00,Hydraulic Leak,Medium,Open,DFW
IN0002686,FL0014194,AC00467,2026-02-27 14:20:00,Engine Alert,Low,Closed,BOS
IN0002687,FL0009937,AC01188,2026-03-08 04:32:00,Turbulence,Low,Open,SEA
IN0002688,FL0005720,AC00276,2026-04-03 17:43:00,Hydraulic Leak,Low,Closed,SIN
IN0002689,FL0005619,AC01031,2026-05-30 17:48:00,Navigation Error,Medium,Investigating,DXB
IN0002690,FL0007243,AC00463,2026-05-30 07:56:00,Bird Strike,High,Open,ORD
IN0002691,FL0006145,AC00051,2026-05-06 00:48:00,Hydraulic Leak,Critical,Open,DEN
IN0002692,FL0010641,AC00145,2026-04-28 13:38:00,Weather Alert,Low,Investigating,ORD
IN0002693,FL0014162,AC00021,2026-01-05 00:46:00,Brake Issue,Medium,Resolved,SIN
IN0002694,FL0011466,AC01195,2026-03-15 00:25:00,Weather Alert,High,Investigating,DXB
IN0002695,FL0007597,AC00509,2026-04-04 19:54:00,Navigation Error,Medium,Open,SIN
IN0002696,FL0000873,AC00983,2026-06-20 08:33:00,Engine Alert,High,Closed,DXB
IN0002697,FL0003862,AC00739,2026-03-30 11:03:00,Weather Alert,Low,Resolved,SEA
IN0002698,FL0004420,AC00824,2026-01-14 23:10:00,Brake Issue,High,Investigating,DEL
IN0002699,FL0002826,AC00287,2026-03-14 21:54:00,Brake Issue,Medium,Investigating,DEL
IN0002700,FL0012252,AC01017,2026-02-20 12:18:00,Bird Strike,Medium,Resolved,BLR
IN0002701,FL0013120,AC00070,2026-03-16 23:30:00,Engine Alert,Medium,Open,MIA
IN0002702,FL0006496,AC00484,2026-03-25 12:39:00,Weather Alert,Low,Open,ATL
IN0002703,FL0013963,AC00488,2026-02-07 22:43:00,Bird Strike,Low,Investigating,SFO
IN0002704,FL0007133,AC00769,2026-01-08 18:55:00,Engine Alert,Low,Resolved,DXB
IN0002705,FL0013807,AC00712,2026-04-22 17:13:00,Hydraulic Leak,High,Resolved,ATL
IN0002706,FL0000408,AC00332,2026-03-22 01:05:00,Engine Alert,Low,Resolved,LAX
IN0002707,FL0005795,AC00057,2026-01-22 21:53:00,Bird Strike,Critical,Closed,ATL
IN0002708,FL0013881,AC00652,2026-04-07 05:12:00,Hydraulic Leak,Low,Closed,DEN
IN0002709,FL0002978,AC00697,2026-05-06 21:57:00,Weather Alert,Low,Closed,ATL
IN0002710,FL0002130,AC01051,2026-02-23 23:12:00,Bird Strike,Low,Resolved,DEL
IN0002711,FL0002229,AC00963,2026-07-02 09:33:00,Hydraulic Leak,Medium,Resolved,LHR
IN0002712,FL0012043,AC00695,2026-02-01 15:22:00,Turbulence,High,Closed,ATL
IN0002713,FL0007588,AC00086,2026-06-20 07:54:00,Hydraulic Leak,High,Open,DFW
IN0002714,FL0008604,AC00782,2026-02-28 20:28:00,Engine Alert,Low,Investigating,DEN
IN0002715,FL0013611,AC00585,2026-03-08 01:30:00,Weather Alert,Medium,Resolved,SFO
IN0002716,FL0004250,AC01007,2026-04-07 10:15:00,Brake Issue,Low,Closed,ATL
IN0002717,FL0002303,AC00291,2026-01-05 02:36:00,Navigation Error,Medium,Open,BLR
IN0002718,FL0002335,AC00643,2026-03-22 09:32:00,Turbulence,Medium,Open,JFK
IN0002719,FL0001055,AC00293,2026-02-04 19:02:00,Turbulence,Low,Investigating,SIN
IN0002720,FL0010787,AC00137,2026-01-29 14:59:00,Bird Strike,Low,Closed,SFO
IN0002721,FL0013662,AC00578,2026-02-11 09:34:00,Bird Strike,Medium,Resolved,DFW
IN0002722,FL0002408,AC00362,2026-04-26 13:44:00,Weather Alert,High,Closed,LAX
IN0002723,FL0011149,AC00023,2026-05-18 20:40:00,Navigation Error,Low,Investigating,MIA
IN0002724,FL0000827,AC00960,2026-01-24 18:47:00,Turbulence,Medium,Closed,JFK
IN0002725,FL0010487,AC00160,2026-06-09 11:29:00,Hydraulic Leak,Low,Resolved,DEN
IN0002726,FL0007684,AC01193,2026-03-18 22:41:00,Navigation Error,Low,Resolved,DFW
IN0002727,FL0000748,AC00368,2026-03-11 19:50:00,Turbulence,Low,Open,SIN
IN0002728,FL0011742,AC00177,2026-02-02 10:09:00,Turbulence,High,Investigating,DEN
IN0002729,FL0002496,AC00156,2026-07-01 13:43:00,Navigation Error,Low,Investigating,ORD
IN0002730,FL0012078,AC01003,2026-01-26 10:36:00,Weather Alert,Medium,Closed,ATL
IN0002731,FL0002742,AC00432,2026-03-19 13:20:00,Turbulence,Low,Closed,BLR
IN0002732,FL0000381,AC00367,2026-04-11 13:57:00,Brake Issue,Low,Closed,MIA
IN0002733,FL0009366,AC00502,2026-03-01 16:18:00,Weather Alert,Low,Resolved,MIA
IN0002734,FL0013827,AC01010,2026-01-17 09:17:00,Bird Strike,Low,Investigating,DEL
IN0002735,FL0004046,AC00205,2026-03-06 13:52:00,Navigation Error,Low,Resolved,ORD
IN0002736,FL0008917,AC00128,2026-06-28 22:52:00,Hydraulic Leak,Medium,Closed,ORD
IN0002737,FL0007342,AC00714,2026-05-17 02:29:00,Turbulence,Medium,Open,JFK
IN0002738,FL0011612,AC00061,2026-01-22 01:31:00,Brake Issue,Critical,Investigating,DEN
IN0002739,FL0000599,AC00186,2026-06-11 18:12:00,Weather Alert,Medium,Investigating,BLR
IN0002740,FL0006454,AC00389,2026-01-11 00:18:00,Navigation Error,Low,Open,DXB
IN0002741,FL0011323,AC00733,2026-03-31 01:27:00,Bird Strike,High,Investigating,MIA
IN0002742,FL0007014,AC00286,2026-05-25 08:13:00,Brake Issue,High,Open,DFW
IN0002743,FL0007177,AC01053,2026-01-06 00:22:00,Bird Strike,Low,Resolved,JFK
IN0002744,FL0010673,AC00751,2026-06-30 00:09:00,Turbulence,Low,Closed,SIN
IN0002745,FL0012804,AC00354,2026-06-03 16:32:00,Bird Strike,Low,Open,SIN
IN0002746,FL0002930,AC00201,2026-03-24 01:29:00,Hydraulic Leak,Low,Resolved,SEA
IN0002747,FL0013614,AC00540,2026-02-16 12:50:00,Weather Alert,Medium,Closed,BOS
IN0002748,FL0000979,AC01044,2026-02-07 14:50:00,Engine Alert,Medium,Open,SIN
IN0002749,FL0006182,AC00770,2026-04-10 22:37:00,Bird Strike,Medium,Open,BOS
IN0002750,FL0014641,AC00386,2026-06-30 07:05:00,Hydraulic Leak,Medium,Investigating,SFO
IN0002751,FL0003753,AC00483,2026-03-25 17:48:00,Bird Strike,High,Open,DEL
IN0002752,FL0009309,AC00479,2026-04-19 00:39:00,Turbulence,High,Closed,DFW
IN0002753,FL0006621,AC00450,2026-04-19 09:21:00,Hydraulic Leak,High,Investigating,SFO
IN0002754,FL0000754,AC01063,2026-01-27 17:40:00,Hydraulic Leak,Low,Closed,DEL
IN0002755,FL0011740,AC00852,2026-06-04 14:01:00,Weather Alert,Low,Investigating,LAX
IN0002756,FL0008615,AC00795,2026-04-14 04:32:00,Hydraulic Leak,Low,Closed,ATL
IN0002757,FL0006963,AC00685,2026-05-12 21:46:00,Hydraulic Leak,Medium,Resolved,ORD
IN0002758,FL0001119,AC00020,2026-06-24 07:42:00,Bird Strike,Critical,Investigating,SFO
IN0002759,FL0010540,AC00582,2026-01-20 16:23:00,Turbulence,Low,Resolved,SIN
IN0002760,FL0011536,AC00348,2026-04-10 08:15:00,Weather Alert,Medium,Open,SIN
IN0002761,FL0002445,AC00212,2026-05-05 20:29:00,Bird Strike,High,Open,LHR
IN0002762,FL0006243,AC00488,2026-06-01 10:32:00,Hydraulic Leak,Medium,Open,SEA
IN0002763,FL0002587,AC00999,2026-02-27 00:01:00,Bird Strike,Low,Open,SIN
IN0002764,FL0008002,AC00552,2026-05-24 07:09:00,Bird Strike,Low,Resolved,SEA
IN0002765,FL0004579,AC00247,2026-02-27 00:51:00,Bird Strike,Medium,Open,DXB
IN0002766,FL0003380,AC01068,2026-03-14 00:20:00,Engine Alert,Low,Resolved,DXB
IN0002767,FL0004237,AC01168,2026-05-06 21:28:00,Brake Issue,Low,Resolved,BOS
IN0002768,FL0008002,AC00016,2026-01-26 21:06:00,Weather Alert,Critical,Resolved,MIA
IN0002769,FL0002059,AC00035,2026-02-08 22:32:00,Bird Strike,Low,Investigating,BLR
IN0002770,FL0010492,AC00595,2026-04-12 04:26:00,Engine Alert,Medium,Open,DXB
IN0002771,FL0001242,AC00949,2026-02-06 15:18:00,Turbulence,Medium,Open,SEA
IN0002772,FL0006986,AC00781,2026-03-17 07:54:00,Brake Issue,Medium,Open,LAX
IN0002773,FL0014168,AC00159,2026-04-01 11:43:00,Navigation Error,Low,Open,BOS
IN0002774,FL0000592,AC01114,2026-04-28 02:33:00,Weather Alert,Low,Open,MIA
IN0002775,FL0002753,AC00147,2026-05-05 14:21:00,Navigation Error,Low,Closed,LHR
IN0002776,FL0007337,AC00132,2026-06-10 10:46:00,Brake Issue,Medium,Open,LHR
IN0002777,FL0006430,AC00098,2026-03-01 23:14:00,Bird Strike,Medium,Resolved,LAX
IN0002778,FL0008911,AC00805,2026-01-22 12:01:00,Brake Issue,Low,Investigating,SIN
IN0002779,FL0013552,AC00197,2026-05-31 07:30:00,Weather Alert,High,Resolved,SFO
IN0002780,FL0013457,AC00378,2026-03-21 14:28:00,Weather Alert,Low,Closed,ATL
IN0002781,FL0013861,AC00247,2026-01-16 02:27:00,Engine Alert,Low,Closed,SIN
IN0002782,FL0012209,AC00304,2026-04-22 16:48:00,Turbulence,Low,Closed,ATL
IN0002783,FL0011311,AC00059,2026-01-24 08:17:00,Engine Alert,Medium,Closed,JFK
IN0002784,FL0011993,AC00110,2026-02-01 06:09:00,Turbulence,Medium,Resolved,SIN
IN0002785,FL0012727,AC00484,2026-02-16 20:58:00,Bird Strike,Medium,Investigating,LAX
IN0002786,FL0002516,AC00703,2026-02-08 16:22:00,Turbulence,High,Resolved,LHR
IN0002787,FL0005742,AC00285,2026-01-01 16:21:00,Bird Strike,High,Closed,JFK
IN0002788,FL0010206,AC00671,2026-04-21 05:45:00,Brake Issue,Low,Resolved,SEA
IN0002789,FL0009357,AC00874,2026-01-20 13:58:00,Navigation Error,High,Investigating,DEL
IN0002790,FL0011126,AC00849,2026-03-14 14:47:00,Engine Alert,Medium,Closed,LAX
IN0002791,FL0006562,AC01167,2026-04-05 20:05:00,Engine Alert,Low,Open,JFK
IN0002792,FL0006837,AC00188,2026-05-18 07:35:00,Bird Strike,Low,Open,MIA
IN0002793,FL0008902,AC00173,2026-02-22 12:18:00,Weather Alert,Low,Investigating,ATL
IN0002794,FL0004041,AC00609,2026-01-29 16:24:00,Hydraulic Leak,Critical,Resolved,LHR
IN0002795,FL0003579,AC00431,2026-04-04 07:38:00,Bird Strike,Medium,Closed,ORD
IN0002796,FL0010343,AC00842,2026-06-02 18:13:00,Navigation Error,Low,Open,SIN
IN0002797,FL0010030,AC00123,2026-04-26 13:23:00,Turbulence,Medium,Investigating,DXB
IN0002798,FL0014226,AC00286,2026-01-29 05:30:00,Turbulence,Low,Investigating,DEN
IN0002799,FL0009179,AC01140,2026-01-26 06:58:00,Brake Issue,Low,Resolved,LAX
IN0002800,FL0007556,AC00834,2026-05-07 07:39:00,Weather Alert,Medium,Investigating,MIA
IN0002801,FL0014015,AC00634,2026-06-23 09:58:00,Navigation Error,Medium,Open,DXB
IN0002802,FL0002912,AC01110,2026-07-01 02:18:00,Bird Strike,Low,Resolved,LHR
IN0002803,FL0014046,AC00584,2026-02-12 11:18:00,Hydraulic Leak,Low,Closed,DEN
IN0002804,FL0014410,AC00071,2026-03-19 02:27:00,Bird Strike,Low,Resolved,DEN
IN0002805,FL0010580,AC00253,2026-03-07 15:15:00,Hydraulic Leak,Low,Open,ORD
IN0002806,FL0009263,AC00982,2026-02-13 07:02:00,Engine Alert,Medium,Resolved,SFO
IN0002807,FL0013517,AC00441,2026-01-28 02:51:00,Engine Alert,Low,Resolved,DFW
IN0002808,FL0013017,AC00679,2026-06-11 12:39:00,Bird Strike,Low,Resolved,SFO
IN0002809,FL0007652,AC01185,2026-01-05 09:57:00,Bird Strike,Low,Open,SFO
IN0002810,FL0003954,AC00126,2026-02-01 22:11:00,Navigation Error,Low,Closed,JFK
IN0002811,FL0012857,AC00086,2026-05-07 01:35:00,Engine Alert,Medium,Open,MIA
IN0002812,FL0001078,AC01026,2026-03-03 23:49:00,Bird Strike,Medium,Resolved,LHR
IN0002813,FL0011192,AC00522,2026-06-20 20:08:00,Weather Alert,High,Open,DXB
IN0002814,FL0011181,AC00300,2026-05-30 08:38:00,Brake Issue,Critical,Investigating,DFW
IN0002815,FL0004839,AC00692,2026-06-22 19:22:00,Bird Strike,Medium,Resolved,BOS
IN0002816,FL0002626,AC00617,2026-01-01 21:02:00,Turbulence,Low,Closed,DFW
IN0002817,FL0000595,AC00937,2026-03-12 07:21:00,Turbulence,High,Closed,BLR
IN0002818,FL0007001,AC01160,2026-01-11 15:23:00,Turbulence,Low,Resolved,DXB
IN0002819,FL0004683,AC00533,2026-03-13 15:24:00,Turbulence,Medium,Investigating,BOS
IN0002820,FL0005534,AC00778,2026-04-11 20:23:00,Brake Issue,Low,Investigating,BOS
IN0002821,FL0003861,AC00923,2026-06-16 10:58:00,Hydraulic Leak,Medium,Closed,LHR
IN0002822,FL0013874,AC00331,2026-02-27 23:26:00,Turbulence,High,Open,BLR
IN0002823,FL0001205,AC00866,2026-04-23 20:32:00,Engine Alert,Low,Open,MIA
IN0002824,FL0008080,AC00727,2026-04-30 04:42:00,Brake Issue,Medium,Closed,JFK
IN0002825,FL0014723,AC00184,2026-05-07 15:07:00,Navigation Error,Low,Closed,DEL
IN0002826,FL0000999,AC00660,2026-04-26 12:49:00,Engine Alert,Medium,Closed,SIN
IN0002827,FL0008868,AC00303,2026-02-03 14:04:00,Weather Alert,High,Investigating,BOS
IN0002828,FL0010977,AC00041,2026-03-24 20:39:00,Engine Alert,Low,Resolved,MIA
IN0002829,FL0005503,AC00639,2026-03-13 02:10:00,Bird Strike,Low,Closed,DXB
IN0002830,FL0009653,AC00100,2026-04-19 20:06:00,Engine Alert,High,Resolved,BLR
IN0002831,FL0012597,AC00456,2026-02-09 04:59:00,Weather Alert,Low,Investigating,ATL
IN0002832,FL0009587,AC00194,2026-03-06 04:26:00,Turbulence,High,Open,SFO
IN0002833,FL0011649,AC00812,2026-03-22 01:02:00,Navigation Error,Critical,Investigating,SIN
IN0002834,FL0005716,AC01097,2026-04-24 02:35:00,Brake Issue,Low,Resolved,LAX
IN0002835,FL0004309,AC00272,2026-03-10 09:54:00,Weather Alert,Medium,Closed,SFO
IN0002836,FL0004245,AC00642,2026-01-18 14:06:00,Engine Alert,High,Investigating,ORD
IN0002837,FL0002651,AC00381,2026-02-22 12:43:00,Navigation Error,Low,Investigating,ATL
IN0002838,FL0004178,AC00184,2026-06-22 19:55:00,Navigation Error,Medium,Resolved,DFW
IN0002839,FL0013339,AC00169,2026-04-13 10:41:00,Weather Alert,High,Open,SIN
IN0002840,FL0014380,AC00458,2026-01-16 02:25:00,Navigation Error,Low,Open,DEL
IN0002841,FL0009105,AC00683,2026-04-16 15:17:00,Hydraulic Leak,Low,Open,BLR
IN0002842,FL0000786,AC01189,2026-01-23 19:29:00,Turbulence,High,Resolved,BOS
IN0002843,FL0003470,AC00242,2026-03-22 21:33:00,Navigation Error,Medium,Closed,DEN
IN0002844,FL0002317,AC00713,2026-01-15 22:33:00,Turbulence,Low,Resolved,SEA
IN0002845,FL0014209,AC00244,2026-03-16 10:15:00,Navigation Error,Medium,Closed,LHR
IN0002846,FL0010086,AC00817,2026-04-26 05:15:00,Bird Strike,High,Investigating,BLR
IN0002847,FL0004315,AC00119,2026-05-12 10:00:00,Navigation Error,Low,Investigating,BOS
IN0002848,FL0009684,AC01163,2026-01-12 06:31:00,Bird Strike,Low,Resolved,LAX
IN0002849,FL0009826,AC01000,2026-05-04 19:26:00,Hydraulic Leak,Medium,Investigating,DXB
IN0002850,FL0013376,AC00707,2026-04-24 18:43:00,Weather Alert,Medium,Open,SEA
IN0002851,FL0001166,AC00179,2026-02-26 19:43:00,Turbulence,Low,Investigating,MIA
IN0002852,FL0000314,AC00731,2026-04-30 02:43:00,Hydraulic Leak,Medium,Resolved,ATL
IN0002853,FL0012007,AC00974,2026-02-17 02:37:00,Engine Alert,Low,Closed,DEL
IN0002854,FL0008292,AC01121,2026-01-03 17:31:00,Brake Issue,High,Closed,LHR
IN0002855,FL0008473,AC01175,2026-04-27 15:50:00,Engine Alert,Low,Resolved,BOS
IN0002856,FL0012815,AC00917,2026-03-28 04:46:00,Brake Issue,Medium,Resolved,DXB
IN0002857,FL0002573,AC00764,2026-02-06 14:58:00,Navigation Error,Medium,Closed,JFK
IN0002858,FL0009382,AC00898,2026-02-06 23:24:00,Bird Strike,Medium,Investigating,ATL
IN0002859,FL0005292,AC01001,2026-04-29 12:51:00,Navigation Error,Low,Open,ORD
IN0002860,FL0010076,AC00598,2026-04-23 22:37:00,Hydraulic Leak,High,Investigating,DEL
IN0002861,FL0012639,AC00523,2026-02-07 09:35:00,Navigation Error,Medium,Closed,BLR
IN0002862,FL0009973,AC00759,2026-04-09 01:02:00,Brake Issue,Low,Investigating,LAX
IN0002863,FL0001766,AC00109,2026-05-26 21:57:00,Brake Issue,Medium,Open,LAX
IN0002864,FL0012556,AC00917,2026-05-24 08:10:00,Turbulence,Low,Closed,DFW
IN0002865,FL0003797,AC00752,2026-01-04 18:04:00,Navigation Error,Low,Resolved,SIN
IN0002866,FL0011429,AC00079,2026-04-29 01:52:00,Hydraulic Leak,Medium,Closed,LAX
IN0002867,FL0003345,AC01001,2026-03-28 20:48:00,Brake Issue,Medium,Closed,DEN
IN0002868,FL0005393,AC00991,2026-05-03 20:34:00,Hydraulic Leak,High,Open,JFK
IN0002869,FL0012567,AC00269,2026-03-25 15:29:00,Engine Alert,Low,Open,LAX
IN0002870,FL0001609,AC00773,2026-04-22 21:39:00,Turbulence,High,Closed,SFO
IN0002871,FL0000103,AC00735,2026-06-10 19:51:00,Engine Alert,Medium,Resolved,DXB
IN0002872,FL0005257,AC00628,2026-03-24 00:09:00,Bird Strike,Medium,Closed,DFW
IN0002873,FL0008753,AC00593,2026-02-28 14:10:00,Navigation Error,Medium,Open,DEN
IN0002874,FL0010687,AC00528,2026-03-27 04:22:00,Weather Alert,High,Open,BLR
IN0002875,FL0012779,AC01057,2026-02-02 13:21:00,Brake Issue,Low,Investigating,ATL
IN0002876,FL0004030,AC00034,2026-05-22 22:46:00,Turbulence,Low,Resolved,ORD
IN0002877,FL0002867,AC00569,2026-05-26 09:44:00,Bird Strike,High,Resolved,JFK
IN0002878,FL0014086,AC00455,2026-01-03 06:51:00,Turbulence,Medium,Open,DEN
IN0002879,FL0000002,AC00350,2026-05-07 22:47:00,Turbulence,Low,Closed,BLR
IN0002880,FL0004570,AC00766,2026-05-22 12:42:00,Brake Issue,Medium,Open,BLR
IN0002881,FL0005103,AC00645,2026-02-10 06:09:00,Engine Alert,Low,Closed,DEN
IN0002882,FL0011199,AC00056,2026-05-29 07:25:00,Bird Strike,High,Resolved,SFO
IN0002883,FL0011271,AC01004,2026-02-10 16:37:00,Hydraulic Leak,Low,Resolved,DEL
IN0002884,FL0012708,AC00373,2026-06-22 06:27:00,Bird Strike,High,Closed,SFO
IN0002885,FL0000199,AC01181,2026-04-17 06:09:00,Brake Issue,Low,Resolved,LHR
IN0002886,FL0011978,AC00946,2026-03-11 19:41:00,Weather Alert,High,Closed,DFW
IN0002887,FL0001018,AC00638,2026-03-05 21:28:00,Engine Alert,Medium,Investigating,MIA
IN0002888,FL0008555,AC00552,2026-03-20 17:18:00,Brake Issue,Low,Resolved,DFW
IN0002889,FL0008506,AC00784,2026-04-25 06:57:00,Navigation Error,Low,Open,SFO
IN0002890,FL0003201,AC00717,2026-03-10 21:18:00,Bird Strike,Low,Investigating,DXB
IN0002891,FL0012478,AC01011,2026-06-06 08:40:00,Bird Strike,High,Investigating,SIN
IN0002892,FL0007258,AC00366,2026-02-27 02:46:00,Brake Issue,Low,Resolved,DFW
IN0002893,FL0004265,AC00709,2026-06-05 10:33:00,Navigation Error,Low,Investigating,SEA
IN0002894,FL0003143,AC01049,2026-05-24 09:12:00,Brake Issue,Low,Resolved,DEL
IN0002895,FL0000089,AC00496,2026-05-21 05:18:00,Navigation Error,Low,Closed,LHR
IN0002896,FL0005515,AC00501,2026-05-01 01:17:00,Weather Alert,High,Investigating,BLR
IN0002897,FL0011215,AC00092,2026-05-11 09:55:00,Weather Alert,High,Closed,ATL
IN0002898,FL0012727,AC01069,2026-03-04 23:52:00,Engine Alert,Low,Investigating,ATL
IN0002899,FL0007001,AC00601,2026-01-15 17:12:00,Hydraulic Leak,Low,Investigating,DXB
IN0002900,FL0011867,AC00555,2026-03-04 12:50:00,Brake Issue,Medium,Resolved,LAX
IN0002901,FL0010698,AC00730,2026-02-18 15:55:00,Bird Strike,Low,Open,BLR
IN0002902,FL0007462,AC00505,2026-04-10 17:22:00,Hydraulic Leak,High,Resolved,BOS
IN0002903,FL0003053,AC00869,2026-03-25 18:21:00,Navigation Error,Medium,Investigating,LAX
IN0002904,FL0014143,AC00531,2026-04-15 15:37:00,Hydraulic Leak,Low,Resolved,SEA
IN0002905,FL0005588,AC00259,2026-01-23 19:54:00,Turbulence,Low,Resolved,DEL
IN0002906,FL0000136,AC00714,2026-03-16 12:19:00,Hydraulic Leak,Medium,Closed,JFK
IN0002907,FL0009752,AC00135,2026-04-11 04:21:00,Turbulence,Medium,Investigating,DEL
IN0002908,FL0014369,AC00223,2026-04-28 16:32:00,Hydraulic Leak,Low,Closed,JFK
IN0002909,FL0000865,AC00153,2026-01-06 03:18:00,Bird Strike,Low,Investigating,JFK
IN0002910,FL0004948,AC00118,2026-03-05 13:07:00,Hydraulic Leak,Low,Resolved,LHR
IN0002911,FL0013543,AC00956,2026-05-25 05:53:00,Engine Alert,Medium,Resolved,SIN
IN0002912,FL0000797,AC00953,2026-04-27 06:04:00,Brake Issue,Medium,Resolved,MIA
IN0002913,FL0006384,AC00362,2026-05-10 01:54:00,Navigation Error,High,Closed,SFO
IN0002914,FL0002487,AC00386,2026-05-08 20:10:00,Bird Strike,Low,Resolved,DEN
IN0002915,FL0014177,AC00727,2026-06-01 14:25:00,Hydraulic Leak,Medium,Closed,LAX
IN0002916,FL0008481,AC00254,2026-01-03 17:37:00,Turbulence,Medium,Open,DXB
IN0002917,FL0002760,AC01149,2026-03-21 21:44:00,Bird Strike,Low,Closed,ORD
IN0002918,FL0003848,AC00315,2026-02-23 14:04:00,Weather Alert,Low,Resolved,JFK
IN0002919,FL0011323,AC00616,2026-06-25 08:23:00,Weather Alert,High,Closed,DXB
IN0002920,FL0007285,AC00229,2026-01-27 05:47:00,Engine Alert,Low,Open,BLR
IN0002921,FL0008268,AC00190,2026-05-27 00:36:00,Hydraulic Leak,Low,Closed,LHR
IN0002922,FL0009836,AC00159,2026-04-01 01:28:00,Hydraulic Leak,Low,Closed,ATL
IN0002923,FL0009225,AC00373,2026-04-23 09:34:00,Navigation Error,Low,Resolved,SFO
IN0002924,FL0003339,AC00800,2026-01-07 00:12:00,Hydraulic Leak,High,Investigating,DFW
IN0002925,FL0008187,AC00053,2026-01-03 13:54:00,Brake Issue,Low,Open,SEA
IN0002926,FL0000533,AC00829,2026-01-01 19:28:00,Hydraulic Leak,Low,Closed,DXB
IN0002927,FL0013832,AC00470,2026-02-22 16:29:00,Bird Strike,Critical,Open,SFO
IN0002928,FL0003018,AC00152,2026-03-25 01:28:00,Bird Strike,Medium,Closed,SIN
IN0002929,FL0014644,AC00883,2026-02-09 14:32:00,Brake Issue,Low,Investigating,SEA
IN0002930,FL0008491,AC01189,2026-02-01 16:27:00,Brake Issue,Medium,Resolved,LAX
IN0002931,FL0007426,AC00338,2026-04-01 02:17:00,Navigation Error,Medium,Resolved,DEN
IN0002932,FL0000221,AC00155,2026-06-06 21:59:00,Hydraulic Leak,Medium,Open,LHR
IN0002933,FL0007438,AC00858,2026-01-22 16:05:00,Brake Issue,Medium,Investigating,BLR
IN0002934,FL0007441,AC00369,2026-03-10 15:08:00,Engine Alert,Medium,Closed,SEA
IN0002935,FL0004690,AC00890,2026-06-23 04:48:00,Bird Strike,Low,Investigating,SFO
IN0002936,FL0003872,AC00615,2026-01-08 01:18:00,Navigation Error,Low,Resolved,DFW
IN0002937,FL0014287,AC00282,2026-03-27 12:39:00,Brake Issue,High,Closed,ATL
IN0002938,FL0014267,AC00775,2026-05-08 08:30:00,Hydraulic Leak,Critical,Investigating,BLR
IN0002939,FL0014667,AC01166,2026-06-01 15:10:00,Navigation Error,Low,Resolved,DEN
IN0002940,FL0004026,AC00770,2026-03-21 08:23:00,Bird Strike,Low,Resolved,SIN
IN0002941,FL0006989,AC00319,2026-02-16 01:15:00,Engine Alert,Medium,Closed,ORD
IN0002942,FL0007145,AC00066,2026-05-02 22:35:00,Bird Strike,Medium,Closed,BOS
IN0002943,FL0007077,AC00710,2026-04-06 19:18:00,Engine Alert,High,Closed,LAX
IN0002944,FL0013272,AC00235,2026-04-24 00:45:00,Hydraulic Leak,High,Resolved,DXB
IN0002945,FL0014746,AC00354,2026-06-22 01:05:00,Hydraulic Leak,Critical,Investigating,SFO
IN0002946,FL0002756,AC00085,2026-04-02 01:10:00,Hydraulic Leak,Medium,Open,DEN
IN0002947,FL0007684,AC00598,2026-01-08 10:56:00,Brake Issue,Low,Resolved,DEL
IN0002948,FL0009731,AC00376,2026-03-17 21:13:00,Brake Issue,Medium,Investigating,DFW
IN0002949,FL0001350,AC00947,2026-04-11 12:07:00,Navigation Error,High,Investigating,DXB
IN0002950,FL0007113,AC00251,2026-02-08 14:14:00,Brake Issue,Medium,Open,LHR
IN0002951,FL0006827,AC00096,2026-03-09 12:58:00,Navigation Error,Low,Open,LAX
IN0002952,FL0008795,AC00840,2026-05-16 13:50:00,Hydraulic Leak,Low,Investigating,DFW
IN0002953,FL0009156,AC01184,2026-02-23 12:29:00,Brake Issue,Low,Resolved,LHR
IN0002954,FL0009409,AC00708,2026-05-22 06:04:00,Bird Strike,Low,Closed,SEA
IN0002955,FL0007450,AC00658,2026-06-11 06:03:00,Bird Strike,Low,Investigating,SFO
IN0002956,FL0012372,AC01109,2026-06-23 12:17:00,Hydraulic Leak,Low,Open,MIA
IN0002957,FL0006533,AC00425,2026-04-18 01:56:00,Bird Strike,High,Open,JFK
IN0002958,FL0000452,AC00872,2026-04-11 10:41:00,Weather Alert,Low,Investigating,DXB
IN0002959,FL0010639,AC00006,2026-03-21 09:47:00,Turbulence,Low,Open,BLR
IN0002960,FL0008575,AC01045,2026-05-12 02:48:00,Navigation Error,Medium,Investigating,ORD
IN0002961,FL0007139,AC01122,2026-01-23 00:14:00,Weather Alert,Low,Open,DFW
IN0002962,FL0003088,AC00922,2026-01-17 10:32:00,Bird Strike,High,Open,BOS
IN0002963,FL0014623,AC00083,2026-02-15 13:52:00,Engine Alert,Critical,Investigating,DEL
IN0002964,FL0000701,AC00394,2026-06-17 02:18:00,Navigation Error,Medium,Open,DEL
IN0002965,FL0001297,AC00685,2026-05-28 18:58:00,Bird Strike,Low,Open,LHR
IN0002966,FL0005226,AC00026,2026-05-21 10:44:00,Navigation Error,High,Open,SIN
IN0002967,FL0000579,AC00004,2026-06-20 09:49:00,Bird Strike,Low,Investigating,SEA
IN0002968,FL0003858,AC00612,2026-05-01 18:35:00,Navigation Error,Low,Investigating,DFW
IN0002969,FL0014414,AC00431,2026-03-31 10:03:00,Bird Strike,High,Open,ATL
IN0002970,FL0014667,AC00700,2026-05-09 21:47:00,Brake Issue,Low,Open,ORD
IN0002971,FL0004497,AC00027,2026-06-02 21:14:00,Brake Issue,Medium,Open,SIN
IN0002972,FL0005141,AC00763,2026-05-20 20:12:00,Hydraulic Leak,Low,Open,BLR
IN0002973,FL0011450,AC00535,2026-02-22 02:19:00,Weather Alert,Low,Resolved,MIA
IN0002974,FL0012352,AC00052,2026-02-19 22:15:00,Hydraulic Leak,High,Investigating,SEA
IN0002975,FL0013953,AC00468,2026-01-05 17:17:00,Hydraulic Leak,Medium,Resolved,DFW
IN0002976,FL0004171,AC00825,2026-01-10 03:46:00,Weather Alert,Medium,Open,SEA
IN0002977,FL0007153,AC00984,2026-01-13 13:17:00,Navigation Error,High,Resolved,BOS
IN0002978,FL0001954,AC00306,2026-03-20 01:06:00,Brake Issue,High,Resolved,LHR
IN0002979,FL0007836,AC01157,2026-05-22 07:04:00,Hydraulic Leak,Low,Open,SIN
IN0002980,FL0006743,AC00616,2026-04-05 00:41:00,Weather Alert,Medium,Closed,DEN
IN0002981,FL0011746,AC00458,2026-01-02 14:14:00,Bird Strike,High,Resolved,ORD
IN0002982,FL0012707,AC00469,2026-04-19 03:51:00,Weather Alert,Medium,Closed,DFW
IN0002983,FL0007167,AC00107,2026-06-24 16:07:00,Hydraulic Leak,Low,Closed,ORD
IN0002984,FL0006062,AC00565,2026-04-12 16:35:00,Brake Issue,Medium,Investigating,ORD
IN0002985,FL0011002,AC00727,2026-03-06 07:37:00,Engine Alert,Medium,Closed,SIN
IN0002986,FL0012790,AC00715,2026-05-09 15:30:00,Engine Alert,Low,Resolved,LAX
IN0002987,FL0007401,AC01163,2026-03-03 12:32:00,Engine Alert,Medium,Open,SFO
IN0002988,FL0009063,AC00732,2026-05-13 14:07:00,Navigation Error,Low,Closed,BOS
IN0002989,FL0001047,AC00968,2026-01-10 09:22:00,Bird Strike,Medium,Open,SIN
IN0002990,FL0007765,AC00780,2026-01-02 18:11:00,Bird Strike,High,Closed,SEA
IN0002991,FL0014542,AC00909,2026-04-19 00:38:00,Hydraulic Leak,Low,Resolved,ATL
IN0002992,FL0000611,AC00447,2026-03-16 09:58:00,Navigation Error,Medium,Investigating,ATL
IN0002993,FL0010900,AC00378,2026-06-26 14:32:00,Engine Alert,High,Closed,ATL
IN0002994,FL0014193,AC00046,2026-02-10 22:00:00,Weather Alert,Low,Investigating,DXB
IN0002995,FL0014037,AC01157,2026-02-03 07:25:00,Brake Issue,Low,Resolved,SFO
IN0002996,FL0009634,AC01072,2026-02-03 19:09:00,Turbulence,Low,Open,BOS
IN0002997,FL0010591,AC01165,2026-02-19 10:43:00,Navigation Error,High,Resolved,SEA
IN0002998,FL0012769,AC00369,2026-05-28 01:39:00,Brake Issue,High,Investigating,JFK
IN0002999,FL0005611,AC00060,2026-03-25 23:30:00,Engine Alert,Low,Resolved,SEA
IN0003000,FL0009495,AC00098,2026-03-18 07:49:00,Engine Alert,Medium,Investigating,SIN
IN0003001,FL0002778,AC00734,2026-01-19 05:18:00,Brake Issue,Low,Closed,SFO
IN0003002,FL0002651,AC01097,2026-04-02 19:57:00,Turbulence,Medium,Investigating,DEN
IN0003003,FL0004246,AC00249,2026-03-24 16:30:00,Brake Issue,Medium,Investigating,DEL
IN0003004,FL0011312,AC00330,2026-05-09 21:10:00,Weather Alert,Low,Resolved,SEA
IN0003005,FL0007955,AC01198,2026-03-04 20:13:00,Weather Alert,Critical,Resolved,SEA
IN0003006,FL0005211,AC00272,2026-06-15 16:51:00,Brake Issue,Low,Open,BLR
IN0003007,FL0011651,AC00295,2026-02-20 22:30:00,Turbulence,Low,Open,DXB
IN0003008,FL0007169,AC01010,2026-04-09 16:03:00,Engine Alert,Low,Investigating,DEN
IN0003009,FL0004094,AC00832,2026-02-01 09:36:00,Navigation Error,High,Closed,LHR
IN0003010,FL0009422,AC00751,2026-04-09 06:14:00,Navigation Error,Low,Open,MIA
IN0003011,FL0013976,AC00189,2026-06-23 02:17:00,Brake Issue,Medium,Closed,LHR
IN0003012,FL0013214,AC00257,2026-03-19 07:04:00,Bird Strike,Low,Open,MIA
IN0003013,FL0009880,AC00083,2026-01-06 00:35:00,Engine Alert,Low,Resolved,SIN
IN0003014,FL0011805,AC00206,2026-05-14 20:35:00,Weather Alert,Low,Investigating,LAX
IN0003015,FL0008980,AC01150,2026-03-31 20:04:00,Engine Alert,Low,Open,BOS
IN0003016,FL0008492,AC00487,2026-03-01 14:47:00,Hydraulic Leak,High,Closed,LHR
IN0003017,FL0011778,AC01120,2026-02-03 16:24:00,Bird Strike,Low,Resolved,LAX
IN0003018,FL0013559,AC00296,2026-06-18 20:55:00,Navigation Error,Critical,Investigating,SIN
IN0003019,FL0001503,AC01162,2026-04-06 20:09:00,Turbulence,Low,Closed,SFO
IN0003020,FL0007610,AC00956,2026-03-18 21:38:00,Navigation Error,Medium,Resolved,DEN
IN0003021,FL0008982,AC01143,2026-05-12 23:32:00,Turbulence,Medium,Open,BLR
IN0003022,FL0011008,AC00872,2026-06-24 16:55:00,Bird Strike,High,Resolved,DEN
IN0003023,FL0013685,AC01141,2026-01-04 03:28:00,Navigation Error,Low,Closed,BLR
IN0003024,FL0004995,AC00035,2026-06-08 21:49:00,Engine Alert,Low,Closed,DXB
IN0003025,FL0013962,AC00583,2026-03-02 08:07:00,Weather Alert,Low,Resolved,LHR
IN0003026,FL0013022,AC00059,2026-05-28 14:00:00,Turbulence,Medium,Closed,DEL
IN0003027,FL0014933,AC00910,2026-01-31 00:48:00,Navigation Error,Medium,Closed,JFK
IN0003028,FL0000041,AC00251,2026-04-29 06:06:00,Navigation Error,High,Resolved,SEA
IN0003029,FL0001815,AC00377,2026-05-25 00:13:00,Weather Alert,Low,Resolved,MIA
IN0003030,FL0013099,AC00844,2026-05-23 11:24:00,Brake Issue,Medium,Investigating,ATL
IN0003031,FL0012592,AC01141,2026-04-28 15:47:00,Hydraulic Leak,High,Resolved,LHR
IN0003032,FL0008741,AC00650,2026-01-30 14:41:00,Weather Alert,Low,Investigating,DFW
IN0003033,FL0010210,AC00132,2026-02-17 15:36:00,Navigation Error,Medium,Closed,ATL
IN0003034,FL0006623,AC00204,2026-05-24 00:26:00,Bird Strike,Low,Resolved,LAX
IN0003035,FL0014630,AC00199,2026-03-03 18:32:00,Hydraulic Leak,Low,Open,DFW
IN0003036,FL0002720,AC01091,2026-03-07 02:29:00,Weather Alert,High,Resolved,BOS
IN0003037,FL0013199,AC00150,2026-02-15 01:39:00,Hydraulic Leak,Medium,Resolved,BLR
IN0003038,FL0009219,AC00907,2026-03-07 05:27:00,Engine Alert,Low,Open,DEN
IN0003039,FL0009902,AC00728,2026-01-23 00:40:00,Engine Alert,Low,Investigating,SFO
IN0003040,FL0014896,AC00010,2026-03-23 22:38:00,Weather Alert,High,Investigating,DEN
IN0003041,FL0007251,AC00960,2026-04-14 21:38:00,Brake Issue,Low,Closed,DEL
IN0003042,FL0012223,AC00412,2026-04-04 00:40:00,Engine Alert,Medium,Open,JFK
IN0003043,FL0004479,AC00615,2026-01-03 08:30:00,Weather Alert,Low,Resolved,SFO
IN0003044,FL0007953,AC01046,2026-01-25 12:27:00,Engine Alert,Low,Closed,LAX
IN0003045,FL0013898,AC00975,2026-06-27 13:44:00,Engine Alert,Medium,Closed,ATL
IN0003046,FL0008480,AC00592,2026-06-21 03:57:00,Turbulence,Low,Investigating,DEL
IN0003047,FL0000064,AC00336,2026-06-05 16:08:00,Weather Alert,Low,Closed,ATL
IN0003048,FL0012464,AC01031,2026-05-28 07:23:00,Weather Alert,Medium,Open,BOS
IN0003049,FL0007396,AC01155,2026-03-08 16:59:00,Brake Issue,Low,Resolved,LHR
IN0003050,FL0002533,AC00204,2026-04-29 17:57:00,Turbulence,High,Closed,ORD
IN0003051,FL0009733,AC00722,2026-03-15 11:40:00,Navigation Error,Low,Open,BOS
IN0003052,FL0011111,AC01049,2026-03-28 12:33:00,Bird Strike,Medium,Resolved,DEN
IN0003053,FL0007448,AC00842,2026-04-22 13:46:00,Engine Alert,Medium,Closed,MIA
IN0003054,FL0007953,AC00790,2026-05-26 09:42:00,Engine Alert,High,Resolved,DEL
IN0003055,FL0005259,AC01012,2026-03-11 15:27:00,Turbulence,Low,Closed,DFW
IN0003056,FL0013052,AC00210,2026-01-28 06:11:00,Navigation Error,Low,Resolved,BLR
IN0003057,FL0011410,AC00314,2026-02-08 16:28:00,Brake Issue,Low,Resolved,DEN
IN0003058,FL0010810,AC00070,2026-02-10 21:36:00,Navigation Error,Low,Resolved,SEA
IN0003059,FL0005207,AC01088,2026-03-25 00:56:00,Brake Issue,Low,Investigating,SFO
IN0003060,FL0000719,AC00534,2026-01-09 22:05:00,Brake Issue,Low,Investigating,DEN
IN0003061,FL0002276,AC00428,2026-01-24 03:16:00,Brake Issue,Low,Resolved,SFO
IN0003062,FL0012400,AC00658,2026-06-12 03:03:00,Hydraulic Leak,Low,Resolved,DFW
IN0003063,FL0010732,AC01045,2026-02-08 12:58:00,Weather Alert,High,Closed,JFK
IN0003064,FL0003608,AC00032,2026-01-19 15:55:00,Weather Alert,Medium,Resolved,LAX
IN0003065,FL0013058,AC00476,2026-02-27 12:27:00,Weather Alert,Low,Resolved,JFK
IN0003066,FL0001897,AC00812,2026-05-31 14:10:00,Hydraulic Leak,Medium,Open,SEA
IN0003067,FL0013685,AC00962,2026-05-08 13:24:00,Engine Alert,Low,Resolved,DEL
IN0003068,FL0000245,AC00352,2026-01-17 06:26:00,Hydraulic Leak,Low,Investigating,BLR
IN0003069,FL0014172,AC00488,2026-01-11 19:40:00,Engine Alert,High,Closed,DEN
IN0003070,FL0012753,AC00911,2026-02-16 08:16:00,Brake Issue,Low,Open,LHR
IN0003071,FL0014790,AC00927,2026-04-10 08:31:00,Bird Strike,Medium,Open,BLR
IN0003072,FL0011971,AC00357,2026-06-26 16:33:00,Weather Alert,Medium,Closed,DFW
IN0003073,FL0007152,AC00805,2026-04-25 23:36:00,Turbulence,Low,Open,LHR
IN0003074,FL0012867,AC00202,2026-01-30 10:23:00,Engine Alert,Low,Resolved,SFO
IN0003075,FL0014764,AC00858,2026-01-21 22:51:00,Turbulence,Medium,Resolved,BOS
IN0003076,FL0000235,AC00490,2026-02-24 10:21:00,Turbulence,Medium,Resolved,ATL
IN0003077,FL0011659,AC00013,2026-03-29 10:21:00,Bird Strike,Medium,Open,JFK
IN0003078,FL0006632,AC00080,2026-01-01 01:47:00,Hydraulic Leak,High,Closed,SIN
IN0003079,FL0012788,AC00877,2026-06-01 11:16:00,Bird Strike,Low,Open,DXB
IN0003080,FL0003313,AC00058,2026-01-21 10:32:00,Weather Alert,Low,Closed,SFO
IN0003081,FL0012880,AC00518,2026-01-01 23:18:00,Brake Issue,Low,Investigating,SIN
IN0003082,FL0014731,AC01075,2026-02-24 10:41:00,Navigation Error,Low,Resolved,MIA
IN0003083,FL0014485,AC00809,2026-01-06 16:12:00,Bird Strike,High,Resolved,LHR
IN0003084,FL0005448,AC00735,2026-03-27 08:37:00,Brake Issue,Critical,Closed,ORD
IN0003085,FL0003509,AC00682,2026-04-08 15:14:00,Bird Strike,High,Resolved,BOS
IN0003086,FL0003486,AC01183,2026-02-12 04:13:00,Engine Alert,Medium,Closed,SFO
IN0003087,FL0004772,AC00058,2026-06-03 18:02:00,Weather Alert,Low,Closed,SFO
IN0003088,FL0004339,AC01102,2026-01-29 10:51:00,Navigation Error,Low,Closed,LHR
IN0003089,FL0014992,AC00913,2026-06-17 03:43:00,Brake Issue,Medium,Investigating,SEA
IN0003090,FL0004637,AC01175,2026-06-25 02:02:00,Turbulence,Medium,Investigating,BLR
IN0003091,FL0007884,AC00864,2026-02-21 09:20:00,Engine Alert,Low,Open,LHR
IN0003092,FL0004562,AC00687,2026-03-09 13:29:00,Bird Strike,High,Closed,LAX
IN0003093,FL0003104,AC00084,2026-04-15 22:21:00,Navigation Error,Low,Open,SFO
IN0003094,FL0014851,AC00995,2026-04-17 23:36:00,Brake Issue,Critical,Closed,BLR
IN0003095,FL0004261,AC00227,2026-02-20 18:17:00,Weather Alert,Medium,Resolved,MIA
IN0003096,FL0000348,AC00310,2026-06-12 10:04:00,Hydraulic Leak,Medium,Investigating,MIA
IN0003097,FL0007710,AC00135,2026-04-18 11:19:00,Weather Alert,Low,Investigating,BLR
IN0003098,FL0007170,AC00361,2026-02-25 01:41:00,Weather Alert,High,Closed,SIN
IN0003099,FL0001730,AC01164,2026-04-03 03:59:00,Brake Issue,Low,Open,DFW
IN0003100,FL0001793,AC00881,2026-03-08 13:21:00,Turbulence,High,Investigating,SIN
IN0003101,FL0009859,AC00574,2026-04-14 04:31:00,Weather Alert,High,Closed,DFW
IN0003102,FL0001655,AC01077,2026-03-08 00:45:00,Brake Issue,Low,Closed,BLR
IN0003103,FL0010801,AC01074,2026-03-01 09:46:00,Navigation Error,Medium,Closed,LHR
IN0003104,FL0005651,AC00512,2026-01-23 09:30:00,Navigation Error,Low,Closed,BLR
IN0003105,FL0007749,AC01067,2026-03-31 08:44:00,Engine Alert,Low,Open,BLR
IN0003106,FL0007071,AC00255,2026-06-29 10:29:00,Engine Alert,Low,Open,SIN
IN0003107,FL0009413,AC00557,2026-02-02 16:22:00,Turbulence,Medium,Open,ORD
IN0003108,FL0013324,AC00450,2026-03-13 19:28:00,Brake Issue,Low,Resolved,JFK
IN0003109,FL0013631,AC01032,2026-02-24 11:04:00,Bird Strike,Medium,Closed,JFK
IN0003110,FL0008723,AC01183,2026-04-18 11:23:00,Engine Alert,High,Resolved,DEL
IN0003111,FL0005927,AC00588,2026-07-01 18:58:00,Navigation Error,Low,Resolved,ATL
IN0003112,FL0011610,AC00240,2026-02-10 09:04:00,Brake Issue,Low,Investigating,SFO
IN0003113,FL0010058,AC01062,2026-01-21 17:53:00,Navigation Error,Low,Open,SIN
IN0003114,FL0000286,AC00452,2026-06-24 14:22:00,Engine Alert,Low,Resolved,ATL
IN0003115,FL0008131,AC01043,2026-06-25 15:03:00,Weather Alert,Low,Resolved,BOS
IN0003116,FL0011213,AC00387,2026-06-21 04:18:00,Bird Strike,Low,Resolved,LAX
IN0003117,FL0011966,AC00083,2026-06-10 09:58:00,Engine Alert,High,Resolved,LAX
IN0003118,FL0006722,AC00002,2026-02-07 02:39:00,Turbulence,High,Investigating,SIN
IN0003119,FL0000175,AC00144,2026-05-18 18:55:00,Bird Strike,Low,Resolved,LHR
IN0003120,FL0009780,AC00919,2026-02-15 23:08:00,Brake Issue,Low,Investigating,LAX
IN0003121,FL0008720,AC00158,2026-05-06 12:58:00,Turbulence,Medium,Resolved,DEL
IN0003122,FL0010676,AC00985,2026-04-23 14:41:00,Hydraulic Leak,Medium,Closed,BOS
IN0003123,FL0014340,AC00077,2026-04-07 23:16:00,Turbulence,Low,Closed,ATL
IN0003124,FL0002173,AC00843,2026-04-02 11:06:00,Navigation Error,Low,Closed,BOS
IN0003125,FL0003199,AC01039,2026-01-12 08:01:00,Brake Issue,Medium,Open,DEN
IN0003126,FL0000706,AC00951,2026-06-19 01:18:00,Weather Alert,Medium,Closed,MIA
IN0003127,FL0010218,AC00256,2026-06-22 19:01:00,Bird Strike,High,Investigating,SFO
IN0003128,FL0007967,AC00269,2026-02-07 10:52:00,Engine Alert,High,Investigating,ATL
IN0003129,FL0003080,AC01120,2026-01-24 21:31:00,Hydraulic Leak,Medium,Investigating,ATL
IN0003130,FL0003061,AC00675,2026-05-16 22:02:00,Weather Alert,Medium,Resolved,JFK
IN0003131,FL0008007,AC00620,2026-01-24 13:34:00,Weather Alert,Medium,Closed,SFO
IN0003132,FL0003620,AC00374,2026-02-22 00:14:00,Bird Strike,Low,Investigating,ATL
IN0003133,FL0009873,AC01000,2026-01-27 10:11:00,Engine Alert,Low,Investigating,SIN
IN0003134,FL0000110,AC00986,2026-05-03 20:42:00,Weather Alert,Low,Open,LAX
IN0003135,FL0013617,AC00503,2026-05-05 00:55:00,Turbulence,Low,Closed,BOS
IN0003136,FL0011394,AC01066,2026-02-21 04:11:00,Navigation Error,Medium,Resolved,LAX
IN0003137,FL0006881,AC00559,2026-07-02 11:53:00,Bird Strike,High,Investigating,DEN
IN0003138,FL0007230,AC00681,2026-04-26 18:15:00,Engine Alert,Critical,Resolved,SFO
IN0003139,FL0001346,AC00024,2026-05-05 10:39:00,Engine Alert,Medium,Investigating,MIA
IN0003140,FL0007103,AC00878,2026-03-09 01:25:00,Navigation Error,Medium,Resolved,SFO
IN0003141,FL0014704,AC01141,2026-02-09 03:28:00,Brake Issue,Medium,Open,JFK
IN0003142,FL0009364,AC01164,2026-05-26 21:26:00,Brake Issue,Medium,Resolved,BLR
IN0003143,FL0009364,AC00182,2026-02-28 22:46:00,Navigation Error,Low,Closed,JFK
IN0003144,FL0010668,AC00106,2026-06-24 17:46:00,Hydraulic Leak,High,Investigating,ORD
IN0003145,FL0001586,AC00742,2026-03-25 14:14:00,Engine Alert,Low,Investigating,JFK
IN0003146,FL0007593,AC00084,2026-05-25 19:44:00,Turbulence,Low,Open,DXB
IN0003147,FL0007649,AC00565,2026-06-27 20:38:00,Engine Alert,Low,Resolved,LAX
IN0003148,FL0001109,AC00760,2026-05-01 06:34:00,Bird Strike,Low,Resolved,JFK
IN0003149,FL0006828,AC00558,2026-06-25 02:47:00,Brake Issue,High,Closed,JFK
IN0003150,FL0001955,AC00037,2026-04-11 05:45:00,Turbulence,Medium,Closed,ORD
IN0003151,FL0010759,AC00067,2026-05-22 18:07:00,Weather Alert,Low,Resolved,SIN
IN0003152,FL0010919,AC01116,2026-04-21 17:18:00,Weather Alert,Low,Investigating,LAX
IN0003153,FL0009959,AC00398,2026-05-09 05:38:00,Engine Alert,High,Open,SFO
IN0003154,FL0002945,AC00232,2026-01-18 14:05:00,Hydraulic Leak,Low,Investigating,DEN
IN0003155,FL0005317,AC01163,2026-06-14 00:17:00,Brake Issue,Medium,Closed,DEN
IN0003156,FL0014350,AC00085,2026-04-27 01:01:00,Bird Strike,Medium,Resolved,LHR
IN0003157,FL0008932,AC00560,2026-03-15 02:52:00,Weather Alert,Low,Closed,JFK
IN0003158,FL0009436,AC00762,2026-01-27 02:52:00,Engine Alert,Medium,Closed,MIA
IN0003159,FL0013473,AC00103,2026-05-17 01:15:00,Turbulence,Low,Resolved,JFK
IN0003160,FL0008219,AC00949,2026-05-15 18:40:00,Engine Alert,Low,Investigating,DXB
IN0003161,FL0013900,AC00984,2026-02-15 15:53:00,Engine Alert,Low,Open,ORD
IN0003162,FL0003451,AC00133,2026-06-25 19:04:00,Navigation Error,Low,Investigating,SFO
IN0003163,FL0002816,AC00927,2026-03-15 18:13:00,Engine Alert,High,Open,BLR
IN0003164,FL0011838,AC00630,2026-03-02 23:34:00,Weather Alert,Low,Investigating,SIN
IN0003165,FL0010064,AC00216,2026-06-23 00:22:00,Brake Issue,High,Investigating,JFK
IN0003166,FL0002811,AC00660,2026-06-23 07:41:00,Turbulence,Low,Investigating,JFK
IN0003167,FL0000291,AC00577,2026-06-14 15:25:00,Hydraulic Leak,Medium,Open,JFK
IN0003168,FL0014068,AC00822,2026-06-01 08:02:00,Brake Issue,Medium,Open,MIA
IN0003169,FL0002811,AC00235,2026-06-07 21:39:00,Hydraulic Leak,Low,Open,DXB
IN0003170,FL0003750,AC00918,2026-03-27 22:51:00,Brake Issue,Low,Closed,LAX
IN0003171,FL0001904,AC00788,2026-03-24 10:27:00,Engine Alert,High,Investigating,DEL
IN0003172,FL0001929,AC00748,2026-04-07 11:42:00,Turbulence,Medium,Open,ORD
IN0003173,FL0014315,AC00478,2026-01-23 10:04:00,Engine Alert,Medium,Closed,DXB
IN0003174,FL0010388,AC00293,2026-06-01 23:02:00,Navigation Error,Medium,Closed,ATL
IN0003175,FL0001588,AC00295,2026-01-16 20:17:00,Brake Issue,Medium,Open,ORD
IN0003176,FL0002679,AC00146,2026-06-20 03:31:00,Weather Alert,Low,Investigating,DFW
IN0003177,FL0001263,AC01077,2026-04-29 10:24:00,Hydraulic Leak,High,Resolved,JFK
IN0003178,FL0014495,AC00196,2026-03-17 22:27:00,Hydraulic Leak,Low,Investigating,BOS
IN0003179,FL0011510,AC00084,2026-02-27 00:02:00,Weather Alert,Medium,Investigating,BLR
IN0003180,FL0002842,AC00555,2026-01-04 16:22:00,Weather Alert,Low,Resolved,LHR
IN0003181,FL0005909,AC00198,2026-06-04 13:18:00,Navigation Error,High,Open,LAX
IN0003182,FL0007013,AC01197,2026-05-16 20:44:00,Bird Strike,Low,Investigating,ORD
IN0003183,FL0004794,AC00318,2026-04-08 12:14:00,Weather Alert,Medium,Open,MIA
IN0003184,FL0010967,AC00130,2026-02-25 02:07:00,Hydraulic Leak,Low,Closed,DFW
IN0003185,FL0004724,AC00864,2026-06-12 20:15:00,Navigation Error,Medium,Closed,SFO
IN0003186,FL0004419,AC00935,2026-04-13 15:41:00,Brake Issue,Low,Closed,DXB
IN0003187,FL0009677,AC00261,2026-06-06 18:34:00,Brake Issue,Medium,Resolved,SIN
IN0003188,FL0007005,AC00176,2026-03-28 21:29:00,Turbulence,Low,Closed,SIN
IN0003189,FL0013938,AC00574,2026-04-17 15:04:00,Hydraulic Leak,Low,Resolved,DFW
IN0003190,FL0000062,AC00820,2026-05-13 12:47:00,Navigation Error,High,Closed,DXB
IN0003191,FL0005471,AC00163,2026-02-20 02:28:00,Bird Strike,Low,Closed,MIA
IN0003192,FL0001659,AC01020,2026-06-06 07:43:00,Turbulence,Low,Investigating,BLR
IN0003193,FL0002299,AC00838,2026-05-03 15:28:00,Brake Issue,Low,Closed,MIA
IN0003194,FL0005891,AC00291,2026-05-29 22:59:00,Navigation Error,Low,Resolved,ATL
IN0003195,FL0012039,AC00278,2026-06-08 21:06:00,Navigation Error,Critical,Resolved,ORD
IN0003196,FL0003605,AC00773,2026-01-08 05:15:00,Bird Strike,Medium,Resolved,LHR
IN0003197,FL0006002,AC00850,2026-06-17 06:39:00,Engine Alert,Low,Resolved,MIA
IN0003198,FL0003023,AC00628,2026-02-18 22:01:00,Engine Alert,Medium,Closed,ORD
IN0003199,FL0000958,AC00481,2026-01-03 17:07:00,Weather Alert,High,Resolved,MIA
IN0003200,FL0008044,AC00142,2026-02-05 07:28:00,Bird Strike,Medium,Resolved,SEA
IN0003201,FL0013418,AC00602,2026-03-12 12:04:00,Bird Strike,Medium,Open,JFK
IN0003202,FL0013560,AC00604,2026-03-04 01:57:00,Navigation Error,High,Open,DEN
IN0003203,FL0011001,AC01124,2026-01-29 07:37:00,Brake Issue,Medium,Investigating,SFO
IN0003204,FL0002866,AC01068,2026-01-01 09:59:00,Engine Alert,Medium,Open,DXB
IN0003205,FL0003595,AC00387,2026-03-01 21:31:00,Bird Strike,Low,Resolved,DEL
IN0003206,FL0011042,AC00366,2026-04-13 08:14:00,Weather Alert,Low,Resolved,BOS
IN0003207,FL0003859,AC00300,2026-03-09 10:53:00,Navigation Error,Medium,Investigating,DFW
IN0003208,FL0010360,AC00495,2026-06-26 04:14:00,Turbulence,Low,Resolved,LHR
IN0003209,FL0014028,AC00713,2026-04-14 20:44:00,Brake Issue,High,Resolved,LAX
IN0003210,FL0009216,AC01173,2026-03-22 06:39:00,Engine Alert,Low,Closed,BOS
IN0003211,FL0007188,AC00556,2026-05-29 07:04:00,Hydraulic Leak,High,Investigating,ATL
IN0003212,FL0006089,AC00969,2026-05-28 05:32:00,Turbulence,Low,Open,DFW
IN0003213,FL0002366,AC00754,2026-03-03 08:20:00,Turbulence,Medium,Open,DXB
IN0003214,FL0013632,AC00647,2026-06-05 15:44:00,Brake Issue,Low,Resolved,ATL
IN0003215,FL0010328,AC00483,2026-05-18 12:48:00,Brake Issue,Low,Resolved,DEN
IN0003216,FL0006719,AC00123,2026-02-24 19:54:00,Bird Strike,High,Open,SFO
IN0003217,FL0014845,AC00713,2026-01-12 06:08:00,Navigation Error,Low,Open,DXB
IN0003218,FL0001452,AC00261,2026-01-21 20:23:00,Brake Issue,Medium,Open,DFW
IN0003219,FL0013019,AC00097,2026-03-19 23:07:00,Bird Strike,Low,Closed,DXB
IN0003220,FL0012326,AC00709,2026-04-19 15:43:00,Turbulence,Low,Investigating,DEN
IN0003221,FL0000256,AC00718,2026-04-04 20:23:00,Navigation Error,Low,Investigating,BOS
IN0003222,FL0004014,AC00237,2026-01-04 07:38:00,Brake Issue,Low,Closed,JFK
IN0003223,FL0009862,AC00228,2026-01-29 08:51:00,Bird Strike,Medium,Resolved,SFO
IN0003224,FL0014367,AC00051,2026-04-29 18:22:00,Weather Alert,Low,Open,SIN
IN0003225,FL0009808,AC00521,2026-07-01 01:40:00,Hydraulic Leak,Medium,Closed,DEN
IN0003226,FL0007999,AC01130,2026-03-07 05:40:00,Engine Alert,High,Open,DXB
IN0003227,FL0009740,AC01022,2026-02-26 22:55:00,Brake Issue,Medium,Investigating,ORD
IN0003228,FL0013922,AC00506,2026-01-15 09:38:00,Bird Strike,Low,Investigating,BLR
IN0003229,FL0005937,AC00472,2026-04-23 10:16:00,Weather Alert,Low,Open,DXB
IN0003230,FL0010114,AC00977,2026-04-13 23:54:00,Engine Alert,Low,Closed,DEL
IN0003231,FL0001530,AC01190,2026-02-17 15:07:00,Turbulence,Low,Closed,DFW
IN0003232,FL0010822,AC00995,2026-01-17 20:04:00,Weather Alert,Medium,Resolved,BLR
IN0003233,FL0003408,AC00330,2026-05-14 09:15:00,Hydraulic Leak,High,Investigating,LHR
IN0003234,FL0013838,AC00147,2026-06-15 12:38:00,Bird Strike,Low,Closed,SEA
IN0003235,FL0014423,AC01026,2026-05-15 08:23:00,Hydraulic Leak,Low,Open,SEA
IN0003236,FL0000676,AC00920,2026-03-16 10:17:00,Bird Strike,Low,Resolved,DXB
IN0003237,FL0013008,AC00576,2026-03-22 04:39:00,Brake Issue,Low,Investigating,DEN
IN0003238,FL0013011,AC01114,2026-01-10 19:03:00,Navigation Error,High,Resolved,BOS
IN0003239,FL0014405,AC01100,2026-02-06 07:13:00,Brake Issue,Medium,Open,DEL
IN0003240,FL0009405,AC00290,2026-03-22 19:05:00,Brake Issue,Medium,Investigating,SEA
IN0003241,FL0008233,AC01026,2026-02-05 03:39:00,Brake Issue,Critical,Closed,DEL
IN0003242,FL0012609,AC00596,2026-04-29 09:03:00,Navigation Error,Low,Closed,MIA
IN0003243,FL0000241,AC00121,2026-02-20 19:22:00,Bird Strike,Medium,Closed,MIA
IN0003244,FL0004375,AC00405,2026-05-23 21:22:00,Turbulence,Low,Closed,JFK
IN0003245,FL0001383,AC00209,2026-01-24 00:39:00,Navigation Error,High,Resolved,LAX
IN0003246,FL0010704,AC00010,2026-05-01 11:39:00,Weather Alert,Low,Closed,LHR
IN0003247,FL0013453,AC00614,2026-04-28 16:57:00,Hydraulic Leak,Low,Investigating,JFK
IN0003248,FL0009372,AC00524,2026-06-10 01:01:00,Brake Issue,Low,Closed,BLR
IN0003249,FL0008626,AC00700,2026-04-29 15:22:00,Bird Strike,High,Resolved,DEN
IN0003250,FL0010407,AC01170,2026-06-30 05:37:00,Bird Strike,Low,Closed,LHR
IN0003251,FL0009898,AC00635,2026-02-15 03:05:00,Navigation Error,Low,Closed,DXB
IN0003252,FL0012292,AC00047,2026-04-18 03:30:00,Brake Issue,High,Closed,LHR
IN0003253,FL0001029,AC00842,2026-05-27 04:52:00,Weather Alert,Medium,Open,BLR
IN0003254,FL0000604,AC00393,2026-01-05 12:45:00,Weather Alert,Medium,Closed,SEA
IN0003255,FL0013063,AC00551,2026-04-19 00:24:00,Bird Strike,High,Closed,MIA
IN0003256,FL0007082,AC00234,2026-03-12 00:36:00,Brake Issue,Low,Resolved,BOS
IN0003257,FL0013770,AC00104,2026-04-10 17:01:00,Engine Alert,Medium,Closed,LHR
IN0003258,FL0011268,AC00562,2026-04-26 20:11:00,Hydraulic Leak,Low,Resolved,BOS
IN0003259,FL0013941,AC00252,2026-02-05 08:33:00,Turbulence,Medium,Investigating,ORD
IN0003260,FL0011565,AC00144,2026-03-09 03:30:00,Hydraulic Leak,Low,Closed,LHR
IN0003261,FL0014310,AC01156,2026-06-09 00:55:00,Navigation Error,Critical,Open,SFO
IN0003262,FL0000448,AC00495,2026-03-31 07:49:00,Engine Alert,Critical,Investigating,BLR
IN0003263,FL0009800,AC00836,2026-04-12 20:22:00,Brake Issue,Low,Open,BLR
IN0003264,FL0014450,AC00801,2026-04-02 02:04:00,Weather Alert,Low,Open,JFK
IN0003265,FL0010485,AC00363,2026-06-30 04:58:00,Hydraulic Leak,Medium,Resolved,SFO
IN0003266,FL0001024,AC01114,2026-05-16 21:05:00,Navigation Error,Medium,Closed,SIN
IN0003267,FL0009303,AC00448,2026-05-25 12:34:00,Turbulence,Critical,Resolved,BLR
IN0003268,FL0011131,AC00261,2026-06-10 14:30:00,Weather Alert,Medium,Closed,BOS
IN0003269,FL0000427,AC00321,2026-02-11 22:02:00,Engine Alert,Low,Investigating,BLR
IN0003270,FL0014399,AC00520,2026-02-17 04:54:00,Hydraulic Leak,Low,Closed,SEA
IN0003271,FL0001308,AC00634,2026-01-17 10:31:00,Brake Issue,Low,Closed,DXB
IN0003272,FL0003469,AC00989,2026-04-03 21:20:00,Turbulence,Low,Closed,MIA
IN0003273,FL0001631,AC00030,2026-05-21 22:01:00,Hydraulic Leak,Medium,Closed,SIN
IN0003274,FL0005017,AC00994,2026-01-19 09:37:00,Navigation Error,Low,Closed,DEN
IN0003275,FL0006166,AC00405,2026-02-15 03:17:00,Navigation Error,Low,Resolved,DXB
IN0003276,FL0008706,AC00659,2026-03-09 06:39:00,Hydraulic Leak,Medium,Open,ATL
IN0003277,FL0011802,AC00225,2026-02-28 01:57:00,Turbulence,Low,Investigating,SIN
IN0003278,FL0010457,AC00154,2026-03-22 20:37:00,Brake Issue,Low,Resolved,LHR
IN0003279,FL0005322,AC00987,2026-06-25 17:04:00,Navigation Error,Low,Investigating,LHR
IN0003280,FL0003498,AC00521,2026-01-10 21:55:00,Weather Alert,Low,Closed,DEL
IN0003281,FL0006704,AC00407,2026-01-07 00:01:00,Bird Strike,Low,Open,DFW
IN0003282,FL0013973,AC00652,2026-04-18 17:42:00,Hydraulic Leak,High,Open,ORD
IN0003283,FL0012499,AC00804,2026-03-04 23:47:00,Bird Strike,Low,Closed,BLR
IN0003284,FL0009006,AC01104,2026-01-18 14:56:00,Hydraulic Leak,Medium,Investigating,ORD
IN0003285,FL0008119,AC01154,2026-02-23 01:08:00,Weather Alert,Medium,Closed,SEA
IN0003286,FL0003589,AC00400,2026-03-03 14:39:00,Brake Issue,Low,Closed,SEA
IN0003287,FL0000824,AC00043,2026-06-15 15:42:00,Hydraulic Leak,Medium,Resolved,SIN
IN0003288,FL0012327,AC01096,2026-03-04 08:26:00,Weather Alert,Low,Resolved,SIN
IN0003289,FL0012665,AC00816,2026-06-13 15:59:00,Hydraulic Leak,Low,Open,DFW
IN0003290,FL0009778,AC00369,2026-06-02 04:19:00,Weather Alert,Low,Resolved,SIN
IN0003291,FL0011985,AC00373,2026-03-25 10:54:00,Navigation Error,Low,Resolved,DEN
IN0003292,FL0010239,AC01178,2026-01-29 07:01:00,Bird Strike,Low,Closed,DXB
IN0003293,FL0004001,AC00938,2026-06-19 02:54:00,Weather Alert,Low,Closed,DXB
IN0003294,FL0006814,AC00440,2026-01-31 21:06:00,Navigation Error,Low,Resolved,LHR
IN0003295,FL0002255,AC00877,2026-03-21 14:49:00,Turbulence,Low,Resolved,LAX
IN0003296,FL0013508,AC01154,2026-02-10 05:13:00,Engine Alert,High,Open,BLR
IN0003297,FL0007609,AC00446,2026-03-20 05:12:00,Navigation Error,Low,Resolved,MIA
IN0003298,FL0011603,AC00915,2026-05-16 19:32:00,Weather Alert,Low,Resolved,ORD
IN0003299,FL0007112,AC00763,2026-03-01 16:46:00,Turbulence,Low,Resolved,JFK
IN0003300,FL0005552,AC01169,2026-04-04 12:26:00,Weather Alert,High,Open,LAX
IN0003301,FL0014042,AC01136,2026-06-17 23:24:00,Brake Issue,Low,Investigating,SIN
IN0003302,FL0002452,AC00307,2026-04-15 07:16:00,Brake Issue,Low,Open,MIA
IN0003303,FL0003692,AC00743,2026-03-01 21:02:00,Weather Alert,Low,Closed,BLR
IN0003304,FL0006103,AC00060,2026-02-02 16:55:00,Engine Alert,High,Closed,ATL
IN0003305,FL0006865,AC00193,2026-05-01 02:47:00,Brake Issue,Low,Closed,MIA
IN0003306,FL0001520,AC00066,2026-05-15 03:41:00,Brake Issue,Low,Closed,SFO
IN0003307,FL0001926,AC00235,2026-05-12 06:56:00,Turbulence,Low,Investigating,BLR
IN0003308,FL0012909,AC00425,2026-06-06 11:28:00,Engine Alert,Low,Investigating,ATL
IN0003309,FL0001841,AC00061,2026-04-03 23:51:00,Weather Alert,High,Open,SIN
IN0003310,FL0009202,AC00310,2026-01-13 06:06:00,Engine Alert,Medium,Investigating,DXB
IN0003311,FL0010350,AC00972,2026-06-11 14:52:00,Navigation Error,High,Resolved,DEN
IN0003312,FL0002014,AC00373,2026-04-26 22:54:00,Bird Strike,High,Open,DFW
IN0003313,FL0006166,AC00041,2026-03-18 17:13:00,Weather Alert,Medium,Closed,DFW
IN0003314,FL0014753,AC01065,2026-05-16 17:45:00,Brake Issue,Medium,Closed,LAX
IN0003315,FL0011541,AC00064,2026-05-05 15:43:00,Weather Alert,Low,Closed,MIA
IN0003316,FL0004626,AC00176,2026-05-02 14:26:00,Navigation Error,Medium,Resolved,SIN
IN0003317,FL0001716,AC00385,2026-04-24 15:48:00,Bird Strike,Low,Closed,JFK
IN0003318,FL0003342,AC01085,2026-06-02 05:10:00,Turbulence,Low,Resolved,JFK
IN0003319,FL0001881,AC00833,2026-04-24 20:38:00,Hydraulic Leak,Medium,Investigating,SEA
IN0003320,FL0007367,AC00555,2026-02-19 04:32:00,Hydraulic Leak,Low,Investigating,SEA
IN0003321,FL0013444,AC01116,2026-04-02 09:51:00,Hydraulic Leak,Low,Resolved,SEA
IN0003322,FL0006736,AC01055,2026-04-21 14:23:00,Navigation Error,Medium,Open,MIA
IN0003323,FL0011794,AC00591,2026-01-06 15:19:00,Bird Strike,Low,Closed,LAX
IN0003324,FL0009289,AC00403,2026-03-09 21:12:00,Weather Alert,Low,Investigating,DEL
IN0003325,FL0007689,AC00214,2026-04-15 04:23:00,Engine Alert,Low,Resolved,DEL
IN0003326,FL0009586,AC01003,2026-03-30 14:32:00,Hydraulic Leak,High,Investigating,DEN
IN0003327,FL0014590,AC01081,2026-01-06 13:58:00,Weather Alert,Medium,Open,JFK
IN0003328,FL0009959,AC00592,2026-02-04 10:15:00,Navigation Error,High,Closed,DFW
IN0003329,FL0009761,AC00874,2026-05-09 20:42:00,Bird Strike,Medium,Closed,SFO
IN0003330,FL0000111,AC00793,2026-02-28 12:29:00,Brake Issue,Medium,Investigating,SIN
IN0003331,FL0011695,AC01127,2026-04-25 19:27:00,Hydraulic Leak,Medium,Investigating,SEA
IN0003332,FL0014445,AC00884,2026-03-23 06:30:00,Brake Issue,Low,Resolved,DEN
IN0003333,FL0005088,AC00904,2026-04-26 03:53:00,Brake Issue,Medium,Investigating,SIN
IN0003334,FL0007208,AC00495,2026-04-14 13:00:00,Engine Alert,Low,Resolved,SEA
IN0003335,FL0005978,AC00947,2026-03-18 06:42:00,Navigation Error,Low,Resolved,DEL
IN0003336,FL0005089,AC00426,2026-05-29 23:21:00,Turbulence,Low,Investigating,SFO
IN0003337,FL0010980,AC00929,2026-04-23 08:47:00,Weather Alert,Low,Resolved,LAX
IN0003338,FL0006646,AC00661,2026-04-21 12:17:00,Navigation Error,Medium,Investigating,ORD
IN0003339,FL0006463,AC00864,2026-06-20 04:38:00,Bird Strike,Low,Resolved,ATL
IN0003340,FL0009851,AC00244,2026-02-04 08:31:00,Engine Alert,Low,Resolved,BOS
IN0003341,FL0001942,AC00863,2026-03-04 17:55:00,Turbulence,Low,Open,LHR
IN0003342,FL0013296,AC00648,2026-06-25 17:15:00,Navigation Error,Low,Investigating,LAX
IN0003343,FL0013914,AC00732,2026-05-10 10:34:00,Hydraulic Leak,Low,Closed,LHR
IN0003344,FL0009425,AC00355,2026-05-04 11:35:00,Engine Alert,Low,Closed,JFK
IN0003345,FL0003951,AC01146,2026-01-29 04:07:00,Turbulence,Low,Open,LAX
IN0003346,FL0004626,AC00183,2026-05-01 07:08:00,Turbulence,Medium,Investigating,SEA
IN0003347,FL0004991,AC00001,2026-01-26 11:02:00,Hydraulic Leak,Low,Closed,SIN
IN0003348,FL0012950,AC00308,2026-04-25 14:52:00,Brake Issue,Medium,Closed,ATL
IN0003349,FL0013699,AC00182,2026-05-14 11:08:00,Engine Alert,Low,Open,DFW
IN0003350,FL0000390,AC01061,2026-01-03 13:55:00,Turbulence,Low,Investigating,BOS
IN0003351,FL0012075,AC01153,2026-03-02 19:58:00,Engine Alert,Medium,Open,DFW
IN0003352,FL0012798,AC00174,2026-03-22 01:51:00,Bird Strike,Low,Closed,JFK
IN0003353,FL0006249,AC01088,2026-05-12 22:03:00,Navigation Error,Low,Resolved,JFK
IN0003354,FL0004144,AC00114,2026-05-23 12:24:00,Hydraulic Leak,Medium,Investigating,ORD
IN0003355,FL0002516,AC00554,2026-02-22 19:32:00,Bird Strike,Low,Closed,DXB
IN0003356,FL0007302,AC00004,2026-04-23 16:23:00,Brake Issue,Medium,Open,DEN
IN0003357,FL0011286,AC00970,2026-01-05 11:46:00,Hydraulic Leak,Low,Investigating,LAX
IN0003358,FL0008543,AC00984,2026-05-30 23:01:00,Hydraulic Leak,Low,Investigating,DEN
IN0003359,FL0011676,AC00984,2026-04-23 16:38:00,Bird Strike,Critical,Resolved,DEN
IN0003360,FL0003512,AC00001,2026-05-04 23:41:00,Navigation Error,Low,Investigating,DXB
IN0003361,FL0009785,AC00826,2026-02-14 00:06:00,Bird Strike,Low,Open,BLR
IN0003362,FL0002815,AC00102,2026-03-12 04:35:00,Bird Strike,Medium,Open,DEN
IN0003363,FL0000806,AC00019,2026-06-01 15:20:00,Brake Issue,Low,Open,JFK
IN0003364,FL0013240,AC00039,2026-05-25 20:55:00,Bird Strike,Low,Closed,DEL
IN0003365,FL0006376,AC00774,2026-04-03 22:23:00,Engine Alert,Low,Open,BLR
IN0003366,FL0002397,AC00846,2026-05-15 07:59:00,Weather Alert,Critical,Open,BOS
IN0003367,FL0001624,AC01059,2026-01-17 22:06:00,Turbulence,High,Closed,ORD
IN0003368,FL0011314,AC00321,2026-05-02 14:12:00,Weather Alert,Low,Open,DXB
IN0003369,FL0008275,AC00159,2026-05-20 09:50:00,Turbulence,Low,Investigating,JFK
IN0003370,FL0011721,AC00748,2026-06-11 10:25:00,Brake Issue,Medium,Open,DEL
IN0003371,FL0009958,AC00621,2026-04-20 23:44:00,Bird Strike,High,Investigating,ORD
IN0003372,FL0007620,AC00848,2026-06-15 15:16:00,Turbulence,Low,Closed,DEL
IN0003373,FL0003719,AC00045,2026-05-26 03:06:00,Turbulence,Medium,Closed,JFK
IN0003374,FL0011896,AC00666,2026-01-24 08:54:00,Hydraulic Leak,Low,Resolved,SIN
IN0003375,FL0011125,AC00856,2026-02-08 12:32:00,Turbulence,High,Closed,LAX
IN0003376,FL0008141,AC00891,2026-03-08 21:29:00,Brake Issue,Low,Resolved,ATL
IN0003377,FL0008382,AC00849,2026-01-30 13:50:00,Turbulence,Low,Investigating,ATL
IN0003378,FL0013312,AC00639,2026-02-08 19:25:00,Weather Alert,High,Resolved,SFO
IN0003379,FL0007997,AC00290,2026-02-11 05:19:00,Hydraulic Leak,Low,Resolved,MIA
IN0003380,FL0002905,AC00878,2026-05-04 19:58:00,Bird Strike,High,Closed,LAX
IN0003381,FL0010260,AC00310,2026-06-27 23:59:00,Brake Issue,Medium,Resolved,SEA
IN0003382,FL0008173,AC01191,2026-04-13 02:23:00,Bird Strike,Medium,Investigating,JFK
IN0003383,FL0009995,AC00457,2026-05-29 15:57:00,Brake Issue,Low,Open,DEN
IN0003384,FL0006956,AC00812,2026-03-22 22:32:00,Hydraulic Leak,Medium,Resolved,DEN
IN0003385,FL0001652,AC00855,2026-01-14 07:56:00,Weather Alert,Low,Investigating,SIN
IN0003386,FL0000694,AC00911,2026-01-06 00:50:00,Navigation Error,Low,Resolved,BLR
IN0003387,FL0006526,AC00466,2026-04-25 11:26:00,Weather Alert,Medium,Open,DEL
IN0003388,FL0006008,AC00544,2026-06-02 03:15:00,Brake Issue,Medium,Investigating,DFW
IN0003389,FL0002096,AC00041,2026-03-27 00:52:00,Hydraulic Leak,Low,Open,ATL
IN0003390,FL0004953,AC00829,2026-04-11 03:49:00,Bird Strike,Low,Investigating,DXB
IN0003391,FL0003432,AC00816,2026-05-10 20:07:00,Bird Strike,Critical,Closed,MIA
IN0003392,FL0008654,AC00838,2026-03-11 13:27:00,Bird Strike,Medium,Investigating,DEL
IN0003393,FL0011070,AC00341,2026-05-16 07:58:00,Bird Strike,Medium,Closed,DFW
IN0003394,FL0008457,AC01128,2026-03-09 20:50:00,Weather Alert,Medium,Closed,ORD
IN0003395,FL0014923,AC00823,2026-01-21 23:55:00,Brake Issue,Medium,Investigating,SFO
IN0003396,FL0006891,AC00244,2026-03-01 11:53:00,Turbulence,Low,Resolved,SIN
IN0003397,FL0002190,AC00260,2026-02-24 07:46:00,Brake Issue,Medium,Open,SFO
IN0003398,FL0013621,AC00711,2026-06-20 17:01:00,Turbulence,Low,Investigating,JFK
IN0003399,FL0011961,AC00895,2026-04-13 11:59:00,Bird Strike,Medium,Resolved,BLR
IN0003400,FL0004387,AC00193,2026-06-26 08:08:00,Turbulence,Low,Closed,ATL
IN0003401,FL0001958,AC00945,2026-01-09 11:47:00,Navigation Error,High,Open,BLR
IN0003402,FL0009453,AC00605,2026-01-31 07:29:00,Turbulence,Low,Open,MIA
IN0003403,FL0001152,AC00702,2026-02-14 09:23:00,Hydraulic Leak,Low,Resolved,BOS
IN0003404,FL0013633,AC00484,2026-06-29 22:46:00,Turbulence,Medium,Resolved,SFO
IN0003405,FL0014992,AC00475,2026-05-09 23:09:00,Weather Alert,Low,Open,ATL
IN0003406,FL0012669,AC01025,2026-05-03 22:38:00,Turbulence,Medium,Open,DXB
IN0003407,FL0012603,AC00060,2026-06-03 13:09:00,Hydraulic Leak,Low,Closed,JFK
IN0003408,FL0008323,AC00813,2026-05-27 14:58:00,Engine Alert,Medium,Investigating,MIA
IN0003409,FL0009729,AC00786,2026-02-11 14:04:00,Bird Strike,Medium,Open,DEL
IN0003410,FL0003041,AC01172,2026-04-20 07:38:00,Hydraulic Leak,Medium,Closed,LAX
IN0003411,FL0010064,AC00642,2026-06-16 18:41:00,Engine Alert,Medium,Resolved,BLR
IN0003412,FL0002266,AC00252,2026-01-12 02:26:00,Hydraulic Leak,Low,Investigating,DEL
IN0003413,FL0004748,AC00605,2026-05-20 17:01:00,Hydraulic Leak,Low,Closed,BLR
IN0003414,FL0004030,AC00668,2026-01-22 18:39:00,Navigation Error,Low,Closed,LAX
IN0003415,FL0009148,AC00921,2026-01-17 02:16:00,Weather Alert,High,Investigating,SIN
IN0003416,FL0009702,AC00764,2026-01-17 02:40:00,Hydraulic Leak,Low,Investigating,LAX
IN0003417,FL0008574,AC00468,2026-06-26 19:40:00,Navigation Error,Medium,Closed,BOS
IN0003418,FL0009547,AC00836,2026-01-17 03:48:00,Brake Issue,Medium,Closed,DEN
IN0003419,FL0001861,AC01057,2026-05-02 05:36:00,Hydraulic Leak,Low,Resolved,BLR
IN0003420,FL0002142,AC00540,2026-02-16 09:30:00,Hydraulic Leak,Medium,Open,JFK
IN0003421,FL0010689,AC01030,2026-06-14 21:34:00,Bird Strike,Low,Open,LHR
IN0003422,FL0001937,AC00646,2026-03-29 01:12:00,Hydraulic Leak,Critical,Closed,BOS
IN0003423,FL0011292,AC01115,2026-05-17 21:21:00,Navigation Error,Low,Closed,SFO
IN0003424,FL0013332,AC00947,2026-01-21 03:12:00,Brake Issue,Low,Resolved,MIA
IN0003425,FL0013368,AC00767,2026-01-06 09:15:00,Weather Alert,Medium,Resolved,SIN
IN0003426,FL0001424,AC00231,2026-04-18 03:11:00,Navigation Error,Low,Open,SFO
IN0003427,FL0003226,AC00653,2026-05-21 12:56:00,Navigation Error,Critical,Investigating,SFO
IN0003428,FL0011793,AC00426,2026-05-14 03:05:00,Bird Strike,Medium,Investigating,DEN
IN0003429,FL0013546,AC00266,2026-03-22 08:08:00,Brake Issue,Medium,Open,DXB
IN0003430,FL0002814,AC00124,2026-05-14 15:52:00,Hydraulic Leak,Low,Open,BLR
IN0003431,FL0008327,AC00562,2026-07-01 10:40:00,Weather Alert,Low,Investigating,JFK
IN0003432,FL0005782,AC00387,2026-02-23 12:52:00,Engine Alert,High,Investigating,DEN
IN0003433,FL0008048,AC00070,2026-01-24 08:17:00,Turbulence,Low,Investigating,SIN
IN0003434,FL0013240,AC00296,2026-04-30 11:56:00,Brake Issue,High,Resolved,BOS
IN0003435,FL0000516,AC00112,2026-02-22 04:54:00,Navigation Error,Low,Closed,BOS
IN0003436,FL0005585,AC00135,2026-03-17 06:28:00,Bird Strike,High,Investigating,SFO
IN0003437,FL0009713,AC00006,2026-04-10 14:17:00,Turbulence,Critical,Investigating,BOS
IN0003438,FL0008978,AC00658,2026-04-09 13:50:00,Turbulence,Low,Open,DXB
IN0003439,FL0002927,AC00646,2026-02-15 04:28:00,Weather Alert,Low,Resolved,DEN
IN0003440,FL0014720,AC01030,2026-01-28 20:15:00,Hydraulic Leak,Low,Resolved,MIA
IN0003441,FL0005881,AC00488,2026-03-16 07:51:00,Weather Alert,Medium,Open,DXB
IN0003442,FL0012074,AC00607,2026-05-26 03:41:00,Weather Alert,Low,Resolved,BLR
IN0003443,FL0010495,AC01015,2026-03-09 04:07:00,Turbulence,Medium,Resolved,SFO
IN0003444,FL0004843,AC00583,2026-03-01 10:31:00,Brake Issue,Medium,Open,ATL
IN0003445,FL0001240,AC00590,2026-02-04 20:40:00,Hydraulic Leak,Low,Open,JFK
IN0003446,FL0002759,AC00577,2026-05-15 18:50:00,Weather Alert,Medium,Closed,ORD
IN0003447,FL0008852,AC00747,2026-05-06 00:46:00,Weather Alert,Low,Open,DXB
IN0003448,FL0000083,AC00508,2026-01-19 11:08:00,Bird Strike,Low,Investigating,ORD
IN0003449,FL0010701,AC01011,2026-04-14 21:00:00,Engine Alert,Medium,Resolved,SIN
IN0003450,FL0005615,AC00102,2026-05-14 02:26:00,Engine Alert,Low,Investigating,LHR
IN0003451,FL0011598,AC00353,2026-07-01 00:10:00,Turbulence,Low,Investigating,DXB
IN0003452,FL0012222,AC00766,2026-01-21 16:40:00,Engine Alert,High,Investigating,DEN
IN0003453,FL0011648,AC00805,2026-05-21 14:58:00,Navigation Error,Medium,Closed,ORD
IN0003454,FL0004456,AC00006,2026-05-02 16:11:00,Navigation Error,Medium,Resolved,BLR
IN0003455,FL0011655,AC00250,2026-01-26 15:05:00,Bird Strike,Low,Open,MIA
IN0003456,FL0005753,AC00241,2026-06-14 00:21:00,Engine Alert,Low,Closed,ATL
IN0003457,FL0011982,AC00714,2026-04-02 03:35:00,Brake Issue,High,Resolved,LHR
IN0003458,FL0003575,AC01011,2026-03-31 00:32:00,Turbulence,Low,Resolved,ATL
IN0003459,FL0011412,AC00403,2026-04-22 01:29:00,Hydraulic Leak,Low,Investigating,LHR
IN0003460,FL0011081,AC00640,2026-05-02 13:56:00,Turbulence,Low,Open,ORD
IN0003461,FL0014789,AC00160,2026-06-26 09:27:00,Weather Alert,Low,Open,MIA
IN0003462,FL0009723,AC00134,2026-01-19 12:22:00,Hydraulic Leak,Low,Investigating,MIA
IN0003463,FL0011845,AC00295,2026-05-24 06:24:00,Turbulence,Low,Closed,DXB
IN0003464,FL0014271,AC00319,2026-05-11 18:12:00,Engine Alert,Low,Closed,JFK
IN0003465,FL0003659,AC00394,2026-05-19 13:02:00,Engine Alert,Low,Investigating,SIN
IN0003466,FL0002737,AC00881,2026-03-18 00:42:00,Navigation Error,Low,Open,BOS
IN0003467,FL0014099,AC00510,2026-01-15 07:54:00,Engine Alert,Medium,Open,LAX
IN0003468,FL0009741,AC00874,2026-03-29 12:40:00,Hydraulic Leak,High,Investigating,SEA
IN0003469,FL0005651,AC00209,2026-06-27 23:05:00,Bird Strike,Medium,Open,DEL
IN0003470,FL0013739,AC00627,2026-06-16 03:36:00,Navigation Error,Low,Open,ATL
IN0003471,FL0011924,AC00766,2026-03-26 06:20:00,Engine Alert,Medium,Open,BLR
IN0003472,FL0007379,AC00103,2026-01-22 01:08:00,Bird Strike,Low,Investigating,DFW
IN0003473,FL0003451,AC00433,2026-02-04 13:44:00,Bird Strike,Medium,Resolved,DFW
IN0003474,FL0011917,AC01122,2026-06-24 21:55:00,Bird Strike,Low,Closed,LAX
IN0003475,FL0003151,AC00933,2026-03-28 22:15:00,Navigation Error,Low,Open,SIN
IN0003476,FL0012909,AC00772,2026-05-15 04:37:00,Engine Alert,Critical,Closed,DEN
IN0003477,FL0004459,AC00067,2026-01-18 00:13:00,Weather Alert,Medium,Investigating,SIN
IN0003478,FL0007996,AC00214,2026-03-06 01:56:00,Hydraulic Leak,High,Resolved,BLR
IN0003479,FL0008271,AC00234,2026-03-28 23:18:00,Hydraulic Leak,High,Closed,MIA
IN0003480,FL0013503,AC00103,2026-06-22 12:12:00,Weather Alert,Low,Investigating,ORD
IN0003481,FL0002113,AC00853,2026-06-07 20:14:00,Turbulence,Medium,Resolved,LAX
IN0003482,FL0002544,AC00549,2026-04-13 19:14:00,Bird Strike,Medium,Investigating,LHR
IN0003483,FL0012019,AC00371,2026-03-21 16:22:00,Engine Alert,Low,Resolved,LHR
IN0003484,FL0010899,AC00184,2026-05-22 23:27:00,Engine Alert,High,Open,DEL
IN0003485,FL0004136,AC00911,2026-07-01 18:29:00,Weather Alert,Low,Investigating,SIN
IN0003486,FL0005571,AC01058,2026-04-01 23:16:00,Navigation Error,Medium,Open,JFK
IN0003487,FL0009376,AC00425,2026-04-20 11:54:00,Bird Strike,High,Investigating,BLR
IN0003488,FL0013830,AC00680,2026-02-24 08:41:00,Engine Alert,High,Closed,LHR
IN0003489,FL0010849,AC00299,2026-06-25 11:38:00,Navigation Error,Medium,Open,SIN
IN0003490,FL0006956,AC00030,2026-06-10 20:10:00,Weather Alert,Low,Investigating,BLR
IN0003491,FL0014783,AC00436,2026-03-23 01:41:00,Navigation Error,Low,Closed,DXB
IN0003492,FL0004554,AC00716,2026-05-12 00:07:00,Hydraulic Leak,Low,Open,ORD
IN0003493,FL0014402,AC00491,2026-01-01 13:10:00,Weather Alert,Low,Resolved,DXB
IN0003494,FL0013540,AC00826,2026-04-23 14:05:00,Navigation Error,High,Closed,JFK
IN0003495,FL0002299,AC00811,2026-03-30 23:59:00,Bird Strike,High,Open,SEA
IN0003496,FL0008602,AC00116,2026-05-12 21:01:00,Bird Strike,Medium,Open,ORD
IN0003497,FL0006548,AC00719,2026-05-27 16:21:00,Weather Alert,Medium,Closed,DEN
IN0003498,FL0005957,AC00801,2026-03-06 19:14:00,Navigation Error,Medium,Closed,BOS
IN0003499,FL0005018,AC00748,2026-02-22 19:16:00,Navigation Error,Low,Investigating,LAX
IN0003500,FL0014258,AC00531,2026-06-05 22:27:00,Engine Alert,Low,Closed,SFO
IN0003501,FL0011788,AC00806,2026-05-13 22:20:00,Weather Alert,Medium,Investigating,DEN
IN0003502,FL0012845,AC00928,2026-06-26 11:39:00,Weather Alert,Low,Closed,MIA
IN0003503,FL0001286,AC01157,2026-03-13 14:41:00,Brake Issue,Medium,Investigating,DXB
IN0003504,FL0009227,AC00634,2026-03-13 03:37:00,Hydraulic Leak,Medium,Open,SFO
IN0003505,FL0000601,AC01175,2026-03-06 10:31:00,Turbulence,Low,Open,DFW
IN0003506,FL0004548,AC00914,2026-05-24 07:53:00,Navigation Error,Critical,Investigating,DFW
IN0003507,FL0014218,AC00608,2026-01-23 01:14:00,Bird Strike,Low,Resolved,SFO
IN0003508,FL0008768,AC00626,2026-06-05 20:43:00,Weather Alert,Low,Open,ORD
IN0003509,FL0008794,AC00477,2026-06-15 06:27:00,Navigation Error,High,Closed,LAX
IN0003510,FL0000054,AC00495,2026-05-14 15:34:00,Weather Alert,Medium,Open,MIA
IN0003511,FL0013376,AC00242,2026-04-07 01:41:00,Turbulence,Medium,Open,JFK
IN0003512,FL0001334,AC00325,2026-02-04 06:35:00,Brake Issue,High,Open,SIN
IN0003513,FL0011669,AC00892,2026-02-18 15:31:00,Weather Alert,Low,Resolved,ATL
IN0003514,FL0002319,AC00567,2026-06-17 11:25:00,Turbulence,Low,Closed,ORD
IN0003515,FL0014672,AC00717,2026-06-06 17:04:00,Hydraulic Leak,Low,Resolved,LHR
IN0003516,FL0014499,AC00420,2026-04-28 20:59:00,Bird Strike,Low,Closed,LAX
IN0003517,FL0010869,AC01018,2026-01-14 06:59:00,Weather Alert,Low,Investigating,JFK
IN0003518,FL0001287,AC00420,2026-01-18 14:49:00,Turbulence,Low,Open,ATL
IN0003519,FL0005824,AC00057,2026-06-20 16:19:00,Navigation Error,Low,Resolved,BLR
IN0003520,FL0007354,AC00441,2026-01-16 04:42:00,Navigation Error,Low,Open,SFO
IN0003521,FL0013833,AC00225,2026-03-05 01:29:00,Weather Alert,Low,Closed,LHR
IN0003522,FL0014387,AC00878,2026-03-10 19:55:00,Bird Strike,Low,Open,DFW
IN0003523,FL0012877,AC00111,2026-04-23 18:39:00,Navigation Error,High,Resolved,BLR
IN0003524,FL0007306,AC00232,2026-03-28 09:24:00,Hydraulic Leak,Low,Closed,ORD
IN0003525,FL0003255,AC00126,2026-03-31 15:32:00,Brake Issue,Medium,Closed,JFK
IN0003526,FL0004804,AC00874,2026-06-29 10:39:00,Turbulence,Low,Closed,DEL
IN0003527,FL0004795,AC01162,2026-02-18 15:35:00,Weather Alert,Low,Investigating,DFW
IN0003528,FL0000050,AC00880,2026-05-20 04:26:00,Hydraulic Leak,Medium,Closed,LAX
IN0003529,FL0014562,AC00050,2026-01-21 03:48:00,Navigation Error,Low,Closed,DEL
IN0003530,FL0007398,AC01129,2026-03-23 11:49:00,Weather Alert,Low,Resolved,LAX
IN0003531,FL0013790,AC00225,2026-06-22 15:50:00,Brake Issue,Medium,Resolved,DFW
IN0003532,FL0007384,AC01111,2026-01-03 09:40:00,Bird Strike,Medium,Open,SFO
IN0003533,FL0003851,AC00021,2026-03-18 12:09:00,Brake Issue,Low,Resolved,DEL
IN0003534,FL0011853,AC00480,2026-06-13 19:44:00,Engine Alert,Medium,Resolved,SEA
IN0003535,FL0006358,AC00031,2026-02-22 17:27:00,Brake Issue,Low,Closed,MIA
IN0003536,FL0003048,AC00793,2026-06-24 18:00:00,Weather Alert,High,Investigating,BLR
IN0003537,FL0013643,AC01104,2026-02-20 04:05:00,Weather Alert,Low,Open,BLR
IN0003538,FL0009383,AC00502,2026-06-19 11:50:00,Weather Alert,Low,Investigating,LHR
IN0003539,FL0013107,AC00335,2026-05-28 15:25:00,Hydraulic Leak,Low,Resolved,SIN
IN0003540,FL0010897,AC00142,2026-06-22 03:17:00,Navigation Error,Low,Resolved,ATL
IN0003541,FL0012399,AC00803,2026-05-09 20:34:00,Hydraulic Leak,High,Investigating,SIN
IN0003542,FL0010341,AC00843,2026-04-22 03:54:00,Weather Alert,Low,Investigating,LAX
IN0003543,FL0004937,AC00461,2026-02-04 16:41:00,Navigation Error,High,Investigating,JFK
IN0003544,FL0014374,AC00686,2026-01-22 19:11:00,Hydraulic Leak,High,Investigating,LHR
IN0003545,FL0005668,AC00195,2026-06-05 01:13:00,Weather Alert,Medium,Investigating,DEL
IN0003546,FL0010222,AC01030,2026-05-17 11:58:00,Engine Alert,High,Closed,SIN
IN0003547,FL0006770,AC00058,2026-06-19 17:30:00,Turbulence,Low,Open,LAX
IN0003548,FL0008195,AC00303,2026-04-08 22:56:00,Engine Alert,Medium,Open,SIN
IN0003549,FL0012106,AC00979,2026-04-04 02:28:00,Bird Strike,Low,Resolved,SIN
IN0003550,FL0003053,AC00412,2026-05-10 15:40:00,Weather Alert,Low,Open,DXB
IN0003551,FL0007565,AC00338,2026-02-01 10:55:00,Navigation Error,Low,Closed,DEL
IN0003552,FL0014252,AC00191,2026-05-25 18:15:00,Bird Strike,Low,Investigating,DEL
IN0003553,FL0011714,AC00410,2026-01-01 05:08:00,Navigation Error,Medium,Investigating,DXB
IN0003554,FL0002279,AC01132,2026-05-21 07:32:00,Turbulence,Medium,Closed,SIN
IN0003555,FL0001250,AC00287,2026-02-04 05:20:00,Navigation Error,Low,Investigating,SFO
IN0003556,FL0010486,AC00354,2026-02-16 22:45:00,Weather Alert,Low,Investigating,DEN
IN0003557,FL0013883,AC00665,2026-04-03 09:30:00,Turbulence,Low,Closed,BLR
IN0003558,FL0000219,AC00202,2026-03-14 08:10:00,Engine Alert,Low,Closed,MIA
IN0003559,FL0002161,AC00552,2026-06-12 17:26:00,Weather Alert,Low,Open,DEL
IN0003560,FL0010088,AC00541,2026-01-28 14:18:00,Engine Alert,High,Open,BLR
IN0003561,FL0012436,AC00408,2026-05-23 11:27:00,Hydraulic Leak,Low,Open,LAX
IN0003562,FL0008362,AC01106,2026-02-12 20:03:00,Turbulence,Low,Resolved,LHR
IN0003563,FL0012042,AC00894,2026-06-01 01:08:00,Brake Issue,Medium,Investigating,DFW
IN0003564,FL0013771,AC00990,2026-03-05 06:17:00,Weather Alert,Medium,Open,SIN
IN0003565,FL0000733,AC00023,2026-06-03 03:34:00,Hydraulic Leak,Low,Resolved,MIA
IN0003566,FL0014126,AC00083,2026-02-23 00:33:00,Turbulence,Medium,Closed,DEN
IN0003567,FL0012458,AC00451,2026-05-19 16:59:00,Brake Issue,Low,Closed,DEL
IN0003568,FL0012546,AC01150,2026-04-10 09:06:00,Bird Strike,Low,Resolved,BLR
IN0003569,FL0013011,AC00417,2026-05-26 01:32:00,Bird Strike,Low,Investigating,DFW
IN0003570,FL0004712,AC00668,2026-03-27 19:36:00,Navigation Error,Medium,Investigating,DEL
IN0003571,FL0014558,AC01071,2026-06-26 22:41:00,Hydraulic Leak,Low,Closed,LAX
IN0003572,FL0000829,AC00950,2026-04-05 03:04:00,Weather Alert,Low,Closed,DEL
IN0003573,FL0011949,AC00070,2026-02-25 10:25:00,Hydraulic Leak,Medium,Investigating,MIA
IN0003574,FL0006319,AC00673,2026-06-14 14:04:00,Hydraulic Leak,Low,Investigating,DFW
IN0003575,FL0012087,AC00396,2026-03-08 21:38:00,Brake Issue,High,Open,JFK
IN0003576,FL0008047,AC00252,2026-03-15 02:06:00,Engine Alert,High,Closed,ORD
IN0003577,FL0009169,AC00259,2026-04-20 19:06:00,Hydraulic Leak,Low,Investigating,DFW
IN0003578,FL0012936,AC00594,2026-03-13 04:24:00,Hydraulic Leak,High,Resolved,DFW
IN0003579,FL0006701,AC00950,2026-04-25 22:28:00,Navigation Error,Low,Open,DEL
IN0003580,FL0004915,AC00025,2026-04-04 02:30:00,Brake Issue,Low,Investigating,DXB
IN0003581,FL0011706,AC00284,2026-02-14 14:55:00,Navigation Error,High,Closed,ORD
IN0003582,FL0001808,AC00082,2026-04-28 11:40:00,Engine Alert,Low,Open,JFK
IN0003583,FL0006630,AC00007,2026-03-14 06:09:00,Hydraulic Leak,High,Resolved,DXB
IN0003584,FL0009992,AC00227,2026-06-19 16:06:00,Hydraulic Leak,Medium,Resolved,LHR
IN0003585,FL0005806,AC00797,2026-03-07 22:31:00,Weather Alert,Low,Investigating,LAX
IN0003586,FL0003943,AC00319,2026-05-24 05:58:00,Navigation Error,Low,Investigating,ATL
IN0003587,FL0007467,AC00153,2026-02-12 00:41:00,Turbulence,Low,Open,DEN
IN0003588,FL0001778,AC00239,2026-05-09 11:34:00,Turbulence,High,Resolved,JFK
IN0003589,FL0012522,AC00389,2026-01-03 01:30:00,Weather Alert,Low,Resolved,BOS
IN0003590,FL0004456,AC00614,2026-06-24 07:36:00,Navigation Error,Critical,Investigating,BLR
IN0003591,FL0004904,AC01142,2026-06-26 21:48:00,Engine Alert,Low,Resolved,DFW
IN0003592,FL0004287,AC00121,2026-05-22 21:08:00,Turbulence,Low,Open,BLR
IN0003593,FL0004248,AC00823,2026-01-02 19:32:00,Bird Strike,Low,Open,SEA
IN0003594,FL0004143,AC00636,2026-01-12 04:39:00,Brake Issue,Low,Investigating,ORD
IN0003595,FL0011355,AC00616,2026-06-13 02:04:00,Weather Alert,High,Investigating,JFK
IN0003596,FL0006897,AC01123,2026-01-13 17:18:00,Engine Alert,Low,Closed,ATL
IN0003597,FL0010640,AC00220,2026-05-25 17:07:00,Weather Alert,High,Open,MIA
IN0003598,FL0005856,AC00770,2026-04-27 00:58:00,Engine Alert,Medium,Investigating,SFO
IN0003599,FL0012296,AC00132,2026-05-11 05:33:00,Hydraulic Leak,Low,Closed,SIN
IN0003600,FL0002499,AC00226,2026-03-13 15:36:00,Weather Alert,High,Open,SIN
IN0003601,FL0010286,AC00505,2026-03-05 02:51:00,Bird Strike,Medium,Open,LHR
IN0003602,FL0003350,AC00783,2026-02-03 14:09:00,Engine Alert,Medium,Investigating,BOS
IN0003603,FL0006988,AC00369,2026-06-14 18:16:00,Turbulence,Low,Closed,MIA
IN0003604,FL0006123,AC00733,2026-04-14 01:49:00,Weather Alert,Critical,Resolved,SFO
IN0003605,FL0009758,AC00007,2026-05-10 08:51:00,Hydraulic Leak,Medium,Open,DEL
IN0003606,FL0011308,AC00807,2026-06-30 20:02:00,Weather Alert,Medium,Open,JFK
IN0003607,FL0000992,AC00680,2026-05-10 08:12:00,Turbulence,Low,Investigating,MIA
IN0003608,FL0000474,AC00730,2026-01-01 01:51:00,Turbulence,Low,Closed,MIA
IN0003609,FL0013852,AC00296,2026-02-24 18:14:00,Weather Alert,Medium,Resolved,SEA
IN0003610,FL0000103,AC00235,2026-04-29 02:57:00,Weather Alert,Medium,Open,BOS
IN0003611,FL0003116,AC00294,2026-01-19 18:37:00,Hydraulic Leak,Low,Resolved,BOS
IN0003612,FL0003638,AC01062,2026-05-10 17:51:00,Turbulence,Low,Investigating,LAX
IN0003613,FL0011647,AC00913,2026-04-13 06:21:00,Hydraulic Leak,Medium,Closed,DXB
IN0003614,FL0001438,AC00234,2026-01-04 10:44:00,Weather Alert,Low,Closed,SEA
IN0003615,FL0011164,AC00592,2026-01-07 04:47:00,Hydraulic Leak,High,Investigating,ATL
IN0003616,FL0013026,AC00403,2026-04-02 01:21:00,Weather Alert,Low,Investigating,ORD
IN0003617,FL0004746,AC00392,2026-02-25 09:58:00,Brake Issue,Medium,Closed,SIN
IN0003618,FL0011255,AC00775,2026-02-15 18:47:00,Hydraulic Leak,High,Investigating,SEA
IN0003619,FL0003327,AC00249,2026-06-27 05:23:00,Turbulence,Low,Resolved,LAX
IN0003620,FL0009383,AC01153,2026-02-15 02:47:00,Turbulence,Medium,Investigating,MIA
IN0003621,FL0014083,AC00006,2026-02-05 08:06:00,Brake Issue,Low,Investigating,MIA
IN0003622,FL0006815,AC00958,2026-05-08 16:31:00,Weather Alert,Low,Open,SEA
IN0003623,FL0009545,AC00143,2026-04-21 09:14:00,Engine Alert,Medium,Investigating,SIN
IN0003624,FL0010916,AC01002,2026-03-10 04:13:00,Weather Alert,Critical,Open,BOS
IN0003625,FL0011029,AC00426,2026-02-02 20:23:00,Brake Issue,Low,Investigating,ATL
IN0003626,FL0007010,AC00860,2026-06-01 18:34:00,Engine Alert,Medium,Closed,DEN
IN0003627,FL0012561,AC01144,2026-05-30 09:51:00,Bird Strike,Low,Resolved,MIA
IN0003628,FL0003216,AC00341,2026-03-25 14:54:00,Navigation Error,Medium,Investigating,DEN
IN0003629,FL0014768,AC00814,2026-06-17 08:53:00,Hydraulic Leak,Medium,Open,DXB
IN0003630,FL0000245,AC00072,2026-02-15 17:30:00,Engine Alert,Low,Resolved,ORD
IN0003631,FL0010782,AC00288,2026-06-24 00:29:00,Hydraulic Leak,Medium,Resolved,BOS
IN0003632,FL0006876,AC00628,2026-04-16 03:25:00,Weather Alert,Medium,Closed,LAX
IN0003633,FL0009387,AC00383,2026-03-02 03:56:00,Engine Alert,Low,Open,DEN
IN0003634,FL0014234,AC00621,2026-05-03 00:36:00,Engine Alert,Low,Resolved,BOS
IN0003635,FL0007509,AC00513,2026-02-24 12:51:00,Turbulence,Medium,Closed,SFO
IN0003636,FL0008952,AC00890,2026-03-03 16:54:00,Navigation Error,Low,Investigating,ORD
IN0003637,FL0008527,AC00026,2026-01-22 09:58:00,Bird Strike,High,Open,ORD
IN0003638,FL0004405,AC00352,2026-01-16 00:26:00,Navigation Error,Medium,Investigating,DFW
IN0003639,FL0003589,AC00965,2026-04-16 18:40:00,Weather Alert,Low,Investigating,DEN
IN0003640,FL0013579,AC00738,2026-06-06 22:14:00,Turbulence,Low,Investigating,LAX
IN0003641,FL0008010,AC00732,2026-06-05 09:26:00,Weather Alert,Low,Investigating,ATL
IN0003642,FL0005602,AC00239,2026-03-25 17:00:00,Navigation Error,Low,Closed,SEA
IN0003643,FL0010664,AC00389,2026-02-11 18:50:00,Engine Alert,Medium,Investigating,LAX
IN0003644,FL0002702,AC00897,2026-04-12 09:20:00,Turbulence,Low,Open,BOS
IN0003645,FL0000688,AC01191,2026-03-23 11:53:00,Brake Issue,High,Investigating,LAX
IN0003646,FL0011218,AC01024,2026-03-04 16:12:00,Hydraulic Leak,Medium,Open,SEA
IN0003647,FL0012583,AC00225,2026-04-09 02:36:00,Brake Issue,Low,Open,MIA
IN0003648,FL0006709,AC00227,2026-06-05 22:53:00,Navigation Error,Low,Investigating,SFO
IN0003649,FL0009453,AC00764,2026-03-09 15:45:00,Hydraulic Leak,Medium,Closed,DXB
IN0003650,FL0006521,AC00301,2026-06-28 05:50:00,Hydraulic Leak,Medium,Closed,DEN
IN0003651,FL0009948,AC00462,2026-02-08 06:51:00,Hydraulic Leak,High,Open,DEL
IN0003652,FL0012576,AC00875,2026-01-16 04:53:00,Engine Alert,Low,Resolved,DEL
IN0003653,FL0013295,AC00044,2026-05-09 23:07:00,Weather Alert,Low,Open,SEA
IN0003654,FL0011131,AC00741,2026-03-04 01:06:00,Engine Alert,Critical,Resolved,BLR
IN0003655,FL0013228,AC01165,2026-04-15 16:35:00,Navigation Error,Low,Resolved,BOS
IN0003656,FL0001823,AC00375,2026-04-21 20:03:00,Weather Alert,Medium,Investigating,DEL
IN0003657,FL0008334,AC00784,2026-02-04 01:29:00,Bird Strike,Low,Investigating,LAX
IN0003658,FL0003550,AC00916,2026-01-21 17:32:00,Brake Issue,Low,Open,LAX
IN0003659,FL0010224,AC00715,2026-01-17 15:15:00,Bird Strike,Low,Resolved,DFW
IN0003660,FL0007344,AC00986,2026-03-24 08:00:00,Bird Strike,Medium,Investigating,MIA
IN0003661,FL0001846,AC00210,2026-02-28 15:51:00,Engine Alert,High,Open,DEL
IN0003662,FL0009294,AC00013,2026-01-16 13:44:00,Navigation Error,Low,Closed,SIN
IN0003663,FL0006021,AC00955,2026-01-15 19:08:00,Navigation Error,High,Open,JFK
IN0003664,FL0002770,AC00820,2026-01-05 07:02:00,Weather Alert,Critical,Open,LAX
IN0003665,FL0002202,AC00290,2026-01-20 01:57:00,Navigation Error,Low,Resolved,ATL
IN0003666,FL0000129,AC01173,2026-02-20 16:28:00,Navigation Error,Low,Resolved,ATL
IN0003667,FL0001162,AC00072,2026-01-15 20:31:00,Navigation Error,Low,Open,DEN
IN0003668,FL0000379,AC01079,2026-04-11 14:27:00,Engine Alert,High,Open,SEA
IN0003669,FL0014051,AC00416,2026-04-22 01:46:00,Turbulence,Low,Closed,ORD
IN0003670,FL0007417,AC01180,2026-01-18 04:11:00,Hydraulic Leak,Medium,Closed,MIA
IN0003671,FL0001735,AC00794,2026-04-09 10:54:00,Navigation Error,Medium,Open,SFO
IN0003672,FL0008509,AC00607,2026-03-02 13:40:00,Engine Alert,Medium,Resolved,DEN
IN0003673,FL0002009,AC00599,2026-02-17 03:36:00,Weather Alert,Medium,Closed,BLR
IN0003674,FL0007981,AC01140,2026-01-12 16:55:00,Navigation Error,Low,Open,SEA
IN0003675,FL0005778,AC00736,2026-02-09 10:47:00,Turbulence,High,Investigating,SIN
IN0003676,FL0006983,AC00124,2026-03-11 06:04:00,Weather Alert,Low,Closed,ATL
IN0003677,FL0001337,AC01175,2026-02-19 00:53:00,Brake Issue,Low,Investigating,DXB
IN0003678,FL0008920,AC01147,2026-05-10 11:55:00,Turbulence,Medium,Investigating,JFK
IN0003679,FL0002382,AC01066,2026-03-25 17:14:00,Bird Strike,Low,Open,ORD
IN0003680,FL0014406,AC01003,2026-05-03 06:33:00,Hydraulic Leak,Low,Closed,SIN
IN0003681,FL0008742,AC00201,2026-05-20 11:44:00,Engine Alert,Medium,Investigating,BLR
IN0003682,FL0006088,AC00127,2026-05-23 03:41:00,Turbulence,Low,Investigating,SEA
IN0003683,FL0005875,AC00811,2026-03-09 00:57:00,Bird Strike,Low,Closed,LAX
IN0003684,FL0008509,AC00116,2026-01-12 01:27:00,Weather Alert,Low,Open,BOS
IN0003685,FL0005773,AC00328,2026-06-08 03:19:00,Turbulence,Low,Investigating,DXB
IN0003686,FL0006878,AC00411,2026-06-05 08:29:00,Hydraulic Leak,High,Closed,ORD
IN0003687,FL0014642,AC00707,2026-01-02 00:22:00,Engine Alert,Low,Closed,SEA
IN0003688,FL0011892,AC00930,2026-06-03 09:36:00,Hydraulic Leak,Low,Open,ATL
IN0003689,FL0006231,AC00413,2026-04-21 03:13:00,Brake Issue,Medium,Open,JFK
IN0003690,FL0010064,AC01141,2026-04-09 20:31:00,Hydraulic Leak,Medium,Resolved,MIA
IN0003691,FL0013268,AC00693,2026-01-19 20:32:00,Weather Alert,High,Investigating,SEA
IN0003692,FL0012597,AC00758,2026-05-08 06:50:00,Navigation Error,Medium,Resolved,DXB
IN0003693,FL0001133,AC00859,2026-02-14 09:24:00,Navigation Error,Medium,Closed,BLR
IN0003694,FL0005962,AC01099,2026-04-11 15:30:00,Hydraulic Leak,Medium,Investigating,LHR
IN0003695,FL0004919,AC00510,2026-03-01 06:33:00,Weather Alert,Low,Investigating,DEN
IN0003696,FL0008318,AC00734,2026-05-08 19:10:00,Turbulence,Medium,Closed,DEN
IN0003697,FL0008033,AC00943,2026-01-09 14:05:00,Navigation Error,Low,Resolved,BLR
IN0003698,FL0013127,AC00523,2026-05-14 18:53:00,Turbulence,Low,Resolved,DEN
IN0003699,FL0014442,AC00999,2026-04-01 08:08:00,Turbulence,Low,Closed,LAX
IN0003700,FL0008507,AC01006,2026-02-06 03:04:00,Bird Strike,High,Resolved,LAX
IN0003701,FL0004085,AC01159,2026-03-07 09:08:00,Hydraulic Leak,Medium,Closed,SFO
IN0003702,FL0013106,AC00248,2026-01-17 11:55:00,Navigation Error,Medium,Resolved,BLR
IN0003703,FL0002334,AC00691,2026-05-06 00:18:00,Weather Alert,Low,Investigating,ORD
IN0003704,FL0002683,AC00760,2026-05-29 12:37:00,Weather Alert,Low,Open,JFK
IN0003705,FL0009762,AC00705,2026-02-18 11:50:00,Engine Alert,High,Resolved,SFO
IN0003706,FL0005214,AC00442,2026-01-30 08:06:00,Weather Alert,High,Investigating,SEA
IN0003707,FL0012958,AC00226,2026-04-10 20:21:00,Bird Strike,High,Investigating,ATL
IN0003708,FL0012516,AC00027,2026-03-10 04:29:00,Bird Strike,Low,Investigating,BOS
IN0003709,FL0012779,AC00253,2026-04-10 03:35:00,Bird Strike,Low,Investigating,MIA
IN0003710,FL0007955,AC00007,2026-05-17 05:29:00,Navigation Error,Medium,Open,MIA
IN0003711,FL0013196,AC01135,2026-03-10 16:28:00,Engine Alert,High,Open,MIA
IN0003712,FL0012894,AC00290,2026-02-08 15:43:00,Bird Strike,Low,Open,LAX
IN0003713,FL0005836,AC00780,2026-06-24 00:44:00,Turbulence,Medium,Resolved,SEA
IN0003714,FL0005377,AC00975,2026-03-09 12:01:00,Hydraulic Leak,Low,Investigating,MIA
IN0003715,FL0003414,AC01164,2026-02-17 23:49:00,Engine Alert,High,Investigating,ATL
IN0003716,FL0013212,AC00547,2026-06-08 02:15:00,Brake Issue,Low,Closed,SFO
IN0003717,FL0001744,AC00659,2026-03-12 16:59:00,Hydraulic Leak,Low,Open,ORD
IN0003718,FL0008346,AC00642,2026-02-06 08:13:00,Turbulence,High,Open,DEN
IN0003719,FL0012772,AC01037,2026-05-11 12:28:00,Weather Alert,Medium,Investigating,LAX
IN0003720,FL0014026,AC01098,2026-01-31 14:51:00,Engine Alert,Low,Open,BOS
IN0003721,FL0009304,AC00934,2026-06-26 12:36:00,Navigation Error,Low,Open,BLR
IN0003722,FL0001931,AC00795,2026-01-19 00:46:00,Brake Issue,High,Open,SFO
IN0003723,FL0013741,AC00301,2026-04-11 03:41:00,Hydraulic Leak,Medium,Investigating,SEA
IN0003724,FL0013498,AC00980,2026-01-12 20:03:00,Weather Alert,High,Closed,DEN
IN0003725,FL0011674,AC00507,2026-04-12 10:47:00,Turbulence,High,Open,DEL
IN0003726,FL0003825,AC01113,2026-01-28 16:48:00,Hydraulic Leak,Medium,Resolved,DXB
IN0003727,FL0008051,AC00651,2026-04-27 16:18:00,Hydraulic Leak,Medium,Investigating,LHR
IN0003728,FL0005713,AC00968,2026-01-28 17:09:00,Weather Alert,Medium,Investigating,DEL
IN0003729,FL0004507,AC00146,2026-06-06 00:44:00,Engine Alert,Low,Investigating,DFW
IN0003730,FL0007147,AC00050,2026-05-23 23:17:00,Hydraulic Leak,Medium,Resolved,SIN
IN0003731,FL0007686,AC00055,2026-03-10 04:24:00,Weather Alert,Low,Resolved,BOS
IN0003732,FL0005588,AC00479,2026-05-11 00:11:00,Bird Strike,Medium,Investigating,DFW
IN0003733,FL0012121,AC01021,2026-06-14 23:16:00,Hydraulic Leak,Low,Investigating,BOS
IN0003734,FL0004513,AC00629,2026-03-09 01:25:00,Bird Strike,Low,Resolved,MIA
IN0003735,FL0014923,AC00823,2026-01-05 17:07:00,Brake Issue,Low,Closed,ORD
IN0003736,FL0003858,AC00190,2026-06-10 01:45:00,Turbulence,Medium,Open,DFW
IN0003737,FL0013939,AC00912,2026-03-14 00:26:00,Bird Strike,Medium,Open,BLR
IN0003738,FL0004226,AC00791,2026-03-13 17:55:00,Bird Strike,High,Closed,DFW
IN0003739,FL0000329,AC00889,2026-02-18 14:19:00,Brake Issue,High,Open,DXB
IN0003740,FL0000765,AC01045,2026-03-20 12:44:00,Navigation Error,Medium,Resolved,BOS
IN0003741,FL0000197,AC00063,2026-06-10 22:40:00,Hydraulic Leak,Medium,Open,JFK
IN0003742,FL0013574,AC00917,2026-05-24 03:16:00,Weather Alert,High,Open,ATL
IN0003743,FL0002162,AC00745,2026-06-07 14:10:00,Bird Strike,Low,Open,SEA
IN0003744,FL0014269,AC00420,2026-01-27 18:20:00,Turbulence,Medium,Resolved,ATL
IN0003745,FL0011132,AC00307,2026-01-12 20:06:00,Turbulence,Low,Closed,BLR
IN0003746,FL0002559,AC00137,2026-06-15 08:22:00,Hydraulic Leak,Low,Open,ATL
IN0003747,FL0002317,AC00448,2026-01-29 00:12:00,Brake Issue,Medium,Investigating,ORD
IN0003748,FL0007069,AC00732,2026-01-27 05:16:00,Bird Strike,Medium,Closed,MIA
IN0003749,FL0000700,AC00977,2026-01-18 13:58:00,Turbulence,Medium,Investigating,DFW
IN0003750,FL0003861,AC00692,2026-03-25 18:33:00,Engine Alert,Medium,Open,LAX
IN0003751,FL0003302,AC00836,2026-05-11 22:17:00,Engine Alert,High,Closed,DEL
IN0003752,FL0013310,AC00327,2026-06-02 20:49:00,Engine Alert,Medium,Investigating,BOS
IN0003753,FL0014266,AC00864,2026-04-27 18:15:00,Brake Issue,Medium,Investigating,ATL
IN0003754,FL0009067,AC00613,2026-02-12 10:45:00,Bird Strike,Medium,Investigating,LHR
IN0003755,FL0009788,AC00322,2026-02-01 08:47:00,Engine Alert,Medium,Closed,DEL
IN0003756,FL0010361,AC00787,2026-02-20 13:17:00,Turbulence,Medium,Closed,DXB
IN0003757,FL0014552,AC00947,2026-03-12 16:42:00,Navigation Error,High,Resolved,ORD
IN0003758,FL0002925,AC00078,2026-01-11 04:23:00,Weather Alert,Medium,Closed,DXB
IN0003759,FL0012764,AC00953,2026-04-16 20:44:00,Turbulence,Medium,Open,DEL
IN0003760,FL0006516,AC00379,2026-01-22 02:42:00,Hydraulic Leak,Medium,Closed,LAX
IN0003761,FL0002974,AC01042,2026-06-02 05:38:00,Engine Alert,High,Closed,SFO
IN0003762,FL0010726,AC00790,2026-05-30 10:37:00,Engine Alert,Medium,Open,BOS
IN0003763,FL0010373,AC00940,2026-03-02 15:58:00,Engine Alert,Medium,Closed,MIA
IN0003764,FL0012971,AC00113,2026-06-30 17:06:00,Weather Alert,Low,Open,SFO
IN0003765,FL0000732,AC00329,2026-04-04 05:06:00,Hydraulic Leak,High,Open,LHR
IN0003766,FL0002423,AC00356,2026-01-21 13:07:00,Bird Strike,Medium,Resolved,SIN
IN0003767,FL0007866,AC00082,2026-06-15 16:48:00,Weather Alert,Low,Resolved,BOS
IN0003768,FL0001964,AC00392,2026-02-17 04:55:00,Navigation Error,Low,Closed,LHR
IN0003769,FL0008502,AC00136,2026-05-27 11:14:00,Brake Issue,Low,Open,BLR
IN0003770,FL0000702,AC00415,2026-06-10 17:27:00,Navigation Error,High,Open,DEN
IN0003771,FL0010381,AC00651,2026-06-18 13:26:00,Navigation Error,Medium,Investigating,SEA
IN0003772,FL0003631,AC00281,2026-04-09 14:08:00,Navigation Error,Low,Open,DXB
IN0003773,FL0014833,AC00849,2026-03-06 12:29:00,Weather Alert,Low,Open,BLR
IN0003774,FL0005081,AC01040,2026-05-03 04:51:00,Hydraulic Leak,High,Closed,LAX
IN0003775,FL0003638,AC01110,2026-02-16 10:54:00,Hydraulic Leak,Low,Closed,SEA
IN0003776,FL0010587,AC00298,2026-06-05 21:34:00,Turbulence,Medium,Closed,JFK
IN0003777,FL0008938,AC00999,2026-06-12 08:31:00,Engine Alert,Medium,Investigating,BLR
IN0003778,FL0000983,AC00962,2026-03-11 05:25:00,Engine Alert,Low,Closed,SIN
IN0003779,FL0000656,AC00841,2026-06-22 12:03:00,Turbulence,Medium,Closed,SEA
IN0003780,FL0010157,AC00945,2026-02-22 15:45:00,Hydraulic Leak,Low,Closed,ATL
IN0003781,FL0003175,AC01140,2026-05-10 15:34:00,Weather Alert,High,Open,DFW
IN0003782,FL0008201,AC00516,2026-04-05 12:41:00,Turbulence,Low,Closed,SFO
IN0003783,FL0000433,AC01120,2026-06-14 23:25:00,Hydraulic Leak,Low,Resolved,JFK
IN0003784,FL0014491,AC00959,2026-03-18 02:10:00,Brake Issue,Medium,Open,LAX
IN0003785,FL0008247,AC01181,2026-04-30 07:50:00,Turbulence,High,Resolved,DEN
IN0003786,FL0010202,AC00381,2026-01-19 10:27:00,Brake Issue,Medium,Investigating,LAX
IN0003787,FL0011012,AC00076,2026-01-01 15:20:00,Navigation Error,Medium,Resolved,ORD
IN0003788,FL0007068,AC00646,2026-04-09 08:51:00,Navigation Error,Low,Investigating,JFK
IN0003789,FL0002774,AC00637,2026-07-01 10:58:00,Bird Strike,Medium,Investigating,DEL
IN0003790,FL0003209,AC00150,2026-01-04 22:38:00,Navigation Error,Medium,Resolved,ATL
IN0003791,FL0009525,AC00423,2026-04-13 10:02:00,Engine Alert,High,Closed,DXB
IN0003792,FL0010418,AC00655,2026-01-22 06:19:00,Bird Strike,Low,Open,BOS
IN0003793,FL0011846,AC00199,2026-04-11 09:18:00,Engine Alert,Low,Closed,LAX
IN0003794,FL0002986,AC00929,2026-06-24 18:02:00,Brake Issue,Medium,Closed,LHR
IN0003795,FL0010790,AC01107,2026-04-16 18:53:00,Brake Issue,Medium,Resolved,BLR
IN0003796,FL0012557,AC00374,2026-02-16 08:18:00,Bird Strike,Low,Resolved,LHR
IN0003797,FL0007669,AC00235,2026-03-13 11:28:00,Turbulence,Medium,Investigating,SFO
IN0003798,FL0010121,AC01180,2026-02-16 07:16:00,Hydraulic Leak,Low,Investigating,ORD
IN0003799,FL0010561,AC00081,2026-03-22 14:59:00,Navigation Error,Low,Open,DEL
IN0003800,FL0009515,AC00903,2026-05-04 16:34:00,Turbulence,Low,Investigating,DEN
IN0003801,FL0003881,AC00228,2026-04-21 08:14:00,Hydraulic Leak,Low,Closed,SEA
IN0003802,FL0006194,AC00965,2026-02-14 19:26:00,Turbulence,High,Open,DEN
IN0003803,FL0010543,AC00186,2026-02-15 15:29:00,Turbulence,Low,Closed,SIN
IN0003804,FL0001450,AC00393,2026-04-13 01:01:00,Engine Alert,Low,Open,MIA
IN0003805,FL0007823,AC00886,2026-06-11 04:13:00,Bird Strike,Medium,Closed,SEA
IN0003806,FL0003428,AC00300,2026-04-12 02:34:00,Turbulence,Low,Closed,DEL
IN0003807,FL0007198,AC01189,2026-03-18 20:32:00,Brake Issue,Low,Investigating,DEN
IN0003808,FL0002686,AC00305,2026-02-20 23:02:00,Brake Issue,Low,Closed,BLR
IN0003809,FL0008571,AC00630,2026-03-02 20:03:00,Engine Alert,Medium,Closed,DFW
IN0003810,FL0008359,AC00326,2026-06-30 19:16:00,Turbulence,Medium,Closed,DEL
IN0003811,FL0012635,AC00222,2026-05-25 02:23:00,Engine Alert,Medium,Investigating,DXB
IN0003812,FL0001804,AC00495,2026-06-23 10:43:00,Engine Alert,Low,Closed,DEN
IN0003813,FL0003947,AC01099,2026-06-23 22:02:00,Turbulence,Low,Investigating,ORD
IN0003814,FL0001471,AC00491,2026-03-02 06:27:00,Turbulence,Low,Open,DXB
IN0003815,FL0002934,AC00938,2026-03-05 22:54:00,Navigation Error,Medium,Resolved,BOS
IN0003816,FL0011472,AC00887,2026-05-01 02:51:00,Brake Issue,Medium,Resolved,BLR
IN0003817,FL0004666,AC00503,2026-02-11 05:26:00,Brake Issue,Low,Closed,ORD
IN0003818,FL0012821,AC00480,2026-06-15 23:43:00,Navigation Error,Low,Closed,LAX
IN0003819,FL0014984,AC00303,2026-04-26 20:49:00,Weather Alert,Medium,Resolved,SEA
IN0003820,FL0010376,AC00522,2026-06-27 04:06:00,Weather Alert,Low,Investigating,DEL
IN0003821,FL0011260,AC00021,2026-03-03 00:19:00,Brake Issue,Medium,Investigating,SIN
IN0003822,FL0005661,AC00836,2026-04-06 22:54:00,Brake Issue,Critical,Investigating,DEL
IN0003823,FL0005368,AC01162,2026-03-13 19:33:00,Weather Alert,Low,Open,LHR
IN0003824,FL0000218,AC00489,2026-02-17 04:50:00,Navigation Error,Low,Investigating,MIA
IN0003825,FL0008525,AC00813,2026-04-29 02:33:00,Weather Alert,Low,Open,BOS
IN0003826,FL0002906,AC00583,2026-05-27 19:45:00,Bird Strike,Low,Closed,MIA
IN0003827,FL0001748,AC00349,2026-02-03 07:11:00,Turbulence,Low,Investigating,LAX
IN0003828,FL0003209,AC00320,2026-01-23 16:05:00,Navigation Error,Low,Open,SFO
IN0003829,FL0014506,AC00586,2026-05-30 00:43:00,Engine Alert,Medium,Closed,LHR
IN0003830,FL0009732,AC00891,2026-03-23 13:02:00,Engine Alert,Low,Open,SIN
IN0003831,FL0000572,AC00849,2026-05-24 18:31:00,Hydraulic Leak,Low,Resolved,DFW
IN0003832,FL0002366,AC00919,2026-03-11 09:16:00,Engine Alert,High,Closed,LAX
IN0003833,FL0013778,AC00530,2026-06-05 16:51:00,Hydraulic Leak,Medium,Open,ATL
IN0003834,FL0006660,AC00833,2026-06-30 19:00:00,Bird Strike,Medium,Open,SFO
IN0003835,FL0007752,AC01054,2026-03-15 17:21:00,Hydraulic Leak,Low,Open,ATL
IN0003836,FL0010421,AC00729,2026-01-20 11:37:00,Navigation Error,Low,Open,DFW
IN0003837,FL0004297,AC00014,2026-03-20 06:57:00,Engine Alert,High,Closed,DFW
IN0003838,FL0006967,AC00663,2026-05-08 05:52:00,Hydraulic Leak,Medium,Investigating,ORD
IN0003839,FL0006623,AC00528,2026-03-16 09:08:00,Weather Alert,Low,Resolved,SFO
IN0003840,FL0011535,AC00754,2026-02-08 23:08:00,Bird Strike,Low,Resolved,LAX
IN0003841,FL0009424,AC00052,2026-01-09 01:52:00,Hydraulic Leak,Medium,Resolved,BLR
IN0003842,FL0014768,AC00853,2026-06-20 13:24:00,Weather Alert,Medium,Closed,DEL
IN0003843,FL0007619,AC00062,2026-05-20 07:02:00,Hydraulic Leak,High,Closed,MIA
IN0003844,FL0007833,AC00515,2026-02-28 15:53:00,Brake Issue,Low,Investigating,DEN
IN0003845,FL0000110,AC00558,2026-03-25 22:57:00,Bird Strike,Medium,Closed,DXB
IN0003846,FL0005543,AC00647,2026-02-02 00:20:00,Engine Alert,Medium,Resolved,LHR
IN0003847,FL0000898,AC00969,2026-06-16 18:53:00,Brake Issue,High,Open,LAX
IN0003848,FL0007367,AC00682,2026-01-28 12:21:00,Brake Issue,Low,Investigating,ORD
IN0003849,FL0000175,AC00988,2026-05-02 10:03:00,Turbulence,Low,Open,DFW
IN0003850,FL0011482,AC00641,2026-05-19 17:42:00,Weather Alert,Medium,Open,SEA
IN0003851,FL0005287,AC00259,2026-02-06 05:51:00,Navigation Error,High,Resolved,SIN
IN0003852,FL0012038,AC00658,2026-06-16 13:35:00,Brake Issue,Low,Open,DXB
IN0003853,FL0012508,AC01010,2026-05-21 23:43:00,Navigation Error,Low,Investigating,DFW
IN0003854,FL0003077,AC00154,2026-02-04 07:19:00,Navigation Error,Low,Investigating,LAX
IN0003855,FL0004548,AC00746,2026-01-18 11:44:00,Brake Issue,Low,Open,BLR
IN0003856,FL0003843,AC00241,2026-06-22 19:09:00,Brake Issue,Low,Open,DEL
IN0003857,FL0002251,AC00137,2026-05-30 16:42:00,Bird Strike,High,Closed,DFW
IN0003858,FL0007063,AC00609,2026-04-12 19:58:00,Weather Alert,High,Open,LHR
IN0003859,FL0002008,AC00334,2026-01-18 23:23:00,Navigation Error,Low,Resolved,LHR
IN0003860,FL0007654,AC01010,2026-03-07 05:31:00,Bird Strike,Medium,Open,BLR
IN0003861,FL0012705,AC00668,2026-02-22 22:57:00,Engine Alert,Low,Closed,SFO
IN0003862,FL0011720,AC00862,2026-02-22 05:16:00,Weather Alert,Low,Closed,DXB
IN0003863,FL0013858,AC00648,2026-05-31 00:34:00,Navigation Error,Medium,Resolved,DEN
IN0003864,FL0001108,AC00295,2026-01-01 07:06:00,Turbulence,Critical,Investigating,BOS
IN0003865,FL0005750,AC00019,2026-03-27 09:01:00,Bird Strike,Low,Open,BOS
IN0003866,FL0007624,AC00087,2026-02-07 03:50:00,Navigation Error,High,Open,ORD
IN0003867,FL0006321,AC00499,2026-02-09 23:55:00,Weather Alert,Medium,Investigating,LAX
IN0003868,FL0003779,AC00388,2026-03-05 21:19:00,Engine Alert,Low,Resolved,DEN
IN0003869,FL0010953,AC01121,2026-04-22 15:13:00,Weather Alert,Low,Resolved,DEN
IN0003870,FL0008374,AC01176,2026-03-12 13:25:00,Weather Alert,High,Open,SIN
IN0003871,FL0005656,AC01086,2026-02-28 01:54:00,Turbulence,Medium,Closed,BOS
IN0003872,FL0008863,AC00123,2026-02-26 15:42:00,Hydraulic Leak,High,Closed,ATL
IN0003873,FL0014038,AC00528,2026-05-01 06:18:00,Hydraulic Leak,High,Open,LHR
IN0003874,FL0011181,AC00705,2026-04-10 12:07:00,Engine Alert,High,Closed,ORD
IN0003875,FL0001572,AC00914,2026-01-18 20:29:00,Turbulence,Medium,Open,DFW
IN0003876,FL0011868,AC00527,2026-03-29 02:44:00,Navigation Error,Low,Resolved,SIN
IN0003877,FL0011913,AC00201,2026-01-07 07:01:00,Turbulence,Low,Closed,JFK
IN0003878,FL0005630,AC00378,2026-05-08 00:12:00,Turbulence,Low,Closed,DXB
IN0003879,FL0007591,AC00071,2026-01-30 18:32:00,Navigation Error,Low,Closed,ORD
IN0003880,FL0001956,AC01068,2026-02-02 01:41:00,Navigation Error,Medium,Investigating,LAX
IN0003881,FL0008802,AC00089,2026-05-25 00:36:00,Turbulence,Low,Resolved,SFO
IN0003882,FL0004982,AC00587,2026-01-10 20:32:00,Turbulence,Low,Resolved,JFK
IN0003883,FL0005029,AC00257,2026-06-07 23:32:00,Engine Alert,Low,Resolved,ATL
IN0003884,FL0001652,AC00627,2026-05-07 10:00:00,Engine Alert,Medium,Investigating,MIA
IN0003885,FL0011612,AC01093,2026-02-23 12:12:00,Engine Alert,Low,Investigating,LAX
IN0003886,FL0009461,AC00999,2026-05-14 16:37:00,Hydraulic Leak,High,Investigating,JFK
IN0003887,FL0013274,AC01030,2026-01-15 01:23:00,Hydraulic Leak,Low,Open,BOS
IN0003888,FL0009446,AC00547,2026-03-04 04:36:00,Hydraulic Leak,High,Resolved,BOS
IN0003889,FL0009643,AC01155,2026-05-05 18:45:00,Brake Issue,Medium,Investigating,BOS
IN0003890,FL0002588,AC00813,2026-03-29 10:31:00,Brake Issue,Low,Resolved,SIN
IN0003891,FL0003655,AC00124,2026-03-15 01:44:00,Hydraulic Leak,Low,Resolved,LHR
IN0003892,FL0014738,AC00785,2026-03-16 16:32:00,Hydraulic Leak,Low,Open,ORD
IN0003893,FL0000602,AC00901,2026-04-28 22:12:00,Weather Alert,High,Closed,JFK
IN0003894,FL0002978,AC00231,2026-06-14 02:03:00,Weather Alert,Low,Resolved,SIN
IN0003895,FL0007607,AC01037,2026-03-29 23:01:00,Turbulence,Low,Resolved,JFK
IN0003896,FL0004619,AC00179,2026-01-10 06:04:00,Weather Alert,Critical,Investigating,JFK
IN0003897,FL0008079,AC00280,2026-06-09 16:41:00,Turbulence,Medium,Closed,ORD
IN0003898,FL0002483,AC00434,2026-03-20 15:43:00,Navigation Error,Low,Open,SFO
IN0003899,FL0010429,AC01111,2026-01-02 21:05:00,Weather Alert,Low,Investigating,SFO
IN0003900,FL0000066,AC00857,2026-03-23 05:13:00,Hydraulic Leak,Low,Closed,MIA
IN0003901,FL0003850,AC00643,2026-05-09 01:58:00,Bird Strike,High,Resolved,SIN
IN0003902,FL0000473,AC00250,2026-01-06 20:27:00,Engine Alert,Low,Open,MIA
IN0003903,FL0009623,AC01193,2026-03-03 08:48:00,Turbulence,High,Investigating,LHR
IN0003904,FL0005994,AC01093,2026-06-21 13:09:00,Brake Issue,Medium,Open,SEA
IN0003905,FL0002914,AC00422,2026-05-29 18:03:00,Hydraulic Leak,High,Resolved,SEA
IN0003906,FL0004636,AC00006,2026-05-03 09:24:00,Brake Issue,Low,Investigating,BOS
IN0003907,FL0007733,AC00123,2026-06-23 02:28:00,Weather Alert,Low,Resolved,SEA
IN0003908,FL0003499,AC01016,2026-06-18 02:54:00,Bird Strike,Low,Resolved,SEA
IN0003909,FL0004065,AC00897,2026-03-10 04:29:00,Weather Alert,Low,Resolved,BOS
IN0003910,FL0001335,AC00745,2026-01-29 15:58:00,Weather Alert,Low,Investigating,DFW
IN0003911,FL0007910,AC00400,2026-04-30 10:45:00,Engine Alert,High,Open,BOS
IN0003912,FL0014343,AC00137,2026-06-19 16:17:00,Engine Alert,High,Closed,ORD
IN0003913,FL0001666,AC01038,2026-05-09 11:42:00,Navigation Error,Critical,Open,ATL
IN0003914,FL0008562,AC00596,2026-06-22 01:06:00,Hydraulic Leak,Low,Open,SIN
IN0003915,FL0001530,AC00065,2026-04-27 03:04:00,Engine Alert,Low,Open,ATL
IN0003916,FL0005661,AC00902,2026-02-26 13:19:00,Hydraulic Leak,Low,Open,ORD
IN0003917,FL0013161,AC00623,2026-02-23 17:37:00,Weather Alert,High,Investigating,DFW
IN0003918,FL0010544,AC00023,2026-06-15 23:00:00,Hydraulic Leak,Low,Open,DEN
IN0003919,FL0011532,AC00544,2026-04-17 16:10:00,Bird Strike,Medium,Investigating,ORD
IN0003920,FL0001365,AC00774,2026-01-01 03:37:00,Bird Strike,Critical,Closed,DEL
IN0003921,FL0003706,AC00455,2026-06-10 01:40:00,Engine Alert,Medium,Closed,LAX
IN0003922,FL0010556,AC00443,2026-04-14 00:16:00,Hydraulic Leak,Medium,Closed,BOS
IN0003923,FL0010432,AC00007,2026-01-25 14:21:00,Turbulence,Low,Resolved,SIN
IN0003924,FL0013671,AC00276,2026-03-29 15:06:00,Navigation Error,Medium,Resolved,BOS
IN0003925,FL0009387,AC00769,2026-03-14 03:14:00,Bird Strike,Low,Investigating,DEL
IN0003926,FL0008505,AC00653,2026-06-01 00:40:00,Engine Alert,Low,Investigating,ORD
IN0003927,FL0005686,AC00692,2026-01-05 11:27:00,Engine Alert,Low,Open,JFK
IN0003928,FL0001680,AC00929,2026-05-14 18:01:00,Navigation Error,High,Closed,SFO
IN0003929,FL0008135,AC00245,2026-05-10 14:00:00,Brake Issue,Low,Closed,DXB
IN0003930,FL0012306,AC00022,2026-04-10 01:23:00,Engine Alert,Medium,Open,DEL
IN0003931,FL0001311,AC00444,2026-05-17 08:31:00,Weather Alert,Low,Closed,MIA
IN0003932,FL0002971,AC00157,2026-03-02 09:40:00,Turbulence,Low,Open,MIA
IN0003933,FL0000917,AC00753,2026-04-21 03:35:00,Hydraulic Leak,Medium,Open,LAX
IN0003934,FL0006039,AC00142,2026-02-11 08:22:00,Brake Issue,Medium,Open,DFW
IN0003935,FL0000337,AC00953,2026-03-31 15:56:00,Brake Issue,Medium,Closed,SFO
IN0003936,FL0013043,AC00015,2026-05-27 22:59:00,Engine Alert,Medium,Open,LAX
IN0003937,FL0011172,AC00919,2026-03-11 07:17:00,Engine Alert,High,Open,ORD
IN0003938,FL0013467,AC00025,2026-04-01 05:22:00,Engine Alert,Low,Open,ATL
IN0003939,FL0012981,AC00757,2026-03-24 21:14:00,Turbulence,Medium,Closed,MIA
IN0003940,FL0003909,AC01060,2026-06-30 20:32:00,Engine Alert,Medium,Open,DEN
IN0003941,FL0005645,AC01170,2026-05-06 01:36:00,Navigation Error,Low,Investigating,DFW
IN0003942,FL0004982,AC00524,2026-01-23 13:04:00,Bird Strike,Critical,Closed,DFW
IN0003943,FL0013258,AC00404,2026-05-21 08:46:00,Engine Alert,Low,Investigating,SFO
IN0003944,FL0001291,AC00918,2026-05-11 04:39:00,Turbulence,Low,Closed,JFK
IN0003945,FL0007527,AC00154,2026-03-06 20:52:00,Navigation Error,Low,Resolved,JFK
IN0003946,FL0007598,AC01084,2026-05-12 23:05:00,Hydraulic Leak,Low,Resolved,LHR
IN0003947,FL0009249,AC00179,2026-01-21 22:52:00,Turbulence,Low,Resolved,ORD
IN0003948,FL0009892,AC00356,2026-06-17 23:51:00,Turbulence,High,Investigating,BOS
IN0003949,FL0004923,AC00056,2026-04-08 17:46:00,Engine Alert,High,Open,DEN
IN0003950,FL0000087,AC01155,2026-05-21 10:11:00,Weather Alert,Low,Investigating,MIA
IN0003951,FL0006470,AC00898,2026-03-14 09:25:00,Hydraulic Leak,Medium,Closed,SIN
IN0003952,FL0011164,AC00226,2026-01-24 19:35:00,Turbulence,Low,Resolved,MIA
IN0003953,FL0008660,AC00735,2026-05-24 17:21:00,Navigation Error,Low,Closed,DFW
IN0003954,FL0012202,AC00325,2026-03-03 22:40:00,Weather Alert,Low,Resolved,LHR
IN0003955,FL0006504,AC00350,2026-05-01 13:32:00,Hydraulic Leak,Medium,Open,MIA
IN0003956,FL0002049,AC01082,2026-05-05 00:37:00,Turbulence,Low,Resolved,DEL
IN0003957,FL0003822,AC00156,2026-06-26 13:18:00,Hydraulic Leak,Medium,Resolved,ATL
IN0003958,FL0014202,AC00779,2026-06-04 05:44:00,Bird Strike,Medium,Resolved,SEA
IN0003959,FL0000941,AC00458,2026-02-26 06:33:00,Engine Alert,Medium,Closed,LAX
IN0003960,FL0004507,AC00325,2026-03-09 04:20:00,Turbulence,Low,Investigating,SIN
IN0003961,FL0007950,AC00627,2026-06-14 04:54:00,Hydraulic Leak,Low,Closed,DXB
IN0003962,FL0010397,AC00413,2026-04-22 22:11:00,Engine Alert,High,Closed,BOS
IN0003963,FL0001549,AC00820,2026-01-23 07:29:00,Weather Alert,Medium,Closed,LHR
IN0003964,FL0009995,AC00909,2026-03-28 12:01:00,Hydraulic Leak,Low,Investigating,BLR
IN0003965,FL0009067,AC01085,2026-01-19 02:43:00,Weather Alert,Medium,Resolved,JFK
IN0003966,FL0014450,AC00564,2026-04-22 05:07:00,Brake Issue,Medium,Investigating,DFW
IN0003967,FL0003603,AC00775,2026-03-15 19:40:00,Bird Strike,Medium,Resolved,MIA
IN0003968,FL0007638,AC01191,2026-01-12 13:06:00,Bird Strike,Medium,Investigating,DEL
IN0003969,FL0006778,AC01144,2026-01-18 10:15:00,Bird Strike,High,Open,DFW
IN0003970,FL0011182,AC01187,2026-05-14 19:26:00,Engine Alert,Low,Investigating,ATL
IN0003971,FL0009314,AC00419,2026-04-12 06:23:00,Navigation Error,Medium,Resolved,MIA
IN0003972,FL0014294,AC00726,2026-03-08 05:47:00,Turbulence,Low,Resolved,BLR
IN0003973,FL0009845,AC00121,2026-03-21 13:39:00,Turbulence,Medium,Resolved,SFO
IN0003974,FL0008412,AC00539,2026-03-19 10:48:00,Hydraulic Leak,Medium,Closed,JFK
IN0003975,FL0002179,AC00216,2026-02-28 19:55:00,Turbulence,Low,Closed,JFK
IN0003976,FL0002878,AC00794,2026-06-29 17:20:00,Hydraulic Leak,Low,Closed,DEN
IN0003977,FL0005657,AC00761,2026-04-19 20:15:00,Brake Issue,Medium,Resolved,SIN
IN0003978,FL0004742,AC01022,2026-04-01 07:04:00,Brake Issue,Low,Open,LAX
IN0003979,FL0012670,AC00419,2026-05-01 01:54:00,Turbulence,Medium,Open,DXB
IN0003980,FL0010300,AC01016,2026-02-17 00:17:00,Brake Issue,Medium,Resolved,SIN
IN0003981,FL0011112,AC00233,2026-04-16 18:48:00,Weather Alert,High,Open,SIN
IN0003982,FL0000910,AC00747,2026-02-01 21:34:00,Bird Strike,Medium,Open,BLR
IN0003983,FL0007120,AC00065,2026-03-31 14:25:00,Brake Issue,High,Closed,DFW
IN0003984,FL0006414,AC00681,2026-01-11 05:57:00,Brake Issue,Critical,Resolved,SFO
IN0003985,FL0010320,AC00651,2026-05-15 14:56:00,Engine Alert,Low,Resolved,DEN
IN0003986,FL0005421,AC01054,2026-05-29 07:28:00,Turbulence,Low,Closed,DEN
IN0003987,FL0003611,AC01132,2026-02-14 05:23:00,Turbulence,Medium,Open,DEN
IN0003988,FL0006021,AC00765,2026-05-04 12:05:00,Hydraulic Leak,Low,Open,BLR
IN0003989,FL0004492,AC00254,2026-03-10 23:02:00,Bird Strike,Low,Investigating,LHR
IN0003990,FL0001228,AC00136,2026-06-14 04:16:00,Engine Alert,Low,Closed,JFK
IN0003991,FL0001919,AC00785,2026-01-29 00:29:00,Bird Strike,Low,Investigating,DEL
IN0003992,FL0011413,AC00245,2026-06-25 02:10:00,Engine Alert,Medium,Closed,LAX
IN0003993,FL0006878,AC01153,2026-04-03 11:16:00,Turbulence,Medium,Resolved,BOS
IN0003994,FL0005834,AC00527,2026-04-06 15:56:00,Weather Alert,Medium,Investigating,MIA
IN0003995,FL0002503,AC01109,2026-02-07 08:48:00,Brake Issue,Low,Investigating,DEN
IN0003996,FL0004269,AC00404,2026-04-06 13:19:00,Turbulence,Medium,Open,BLR
IN0003997,FL0009210,AC00145,2026-02-15 20:19:00,Bird Strike,High,Open,DFW
IN0003998,FL0011519,AC00916,2026-05-05 14:22:00,Brake Issue,Medium,Resolved,SEA
IN0003999,FL0012186,AC01017,2026-01-04 20:07:00,Engine Alert,Medium,Open,SEA
IN0004000,FL0002129,AC01040,2026-04-01 16:34:00,Hydraulic Leak,Low,Closed,SIN
IN0004001,FL0012486,AC00351,2026-04-26 11:13:00,Hydraulic Leak,Medium,Investigating,ORD
IN0004002,FL0011572,AC00384,2026-01-04 21:45:00,Turbulence,Medium,Investigating,JFK
IN0004003,FL0004546,AC00157,2026-05-24 03:21:00,Turbulence,Low,Investigating,SFO
IN0004004,FL0007879,AC00609,2026-04-16 10:42:00,Hydraulic Leak,Medium,Resolved,BLR
IN0004005,FL0010365,AC00975,2026-06-13 13:13:00,Hydraulic Leak,Medium,Open,SIN
IN0004006,FL0012347,AC00671,2026-02-21 09:23:00,Brake Issue,Low,Closed,ORD
IN0004007,FL0007052,AC00930,2026-05-18 11:02:00,Hydraulic Leak,Low,Open,LAX
IN0004008,FL0008959,AC01109,2026-03-15 20:31:00,Bird Strike,Critical,Open,DEN
IN0004009,FL0008266,AC01157,2026-01-28 17:19:00,Navigation Error,Medium,Open,DEN
IN0004010,FL0004341,AC00915,2026-01-05 03:04:00,Navigation Error,Medium,Resolved,DEN
IN0004011,FL0006028,AC00054,2026-02-02 10:56:00,Weather Alert,High,Closed,DEL
IN0004012,FL0008670,AC00577,2026-01-11 13:03:00,Navigation Error,Medium,Investigating,DFW
IN0004013,FL0009999,AC00788,2026-04-29 09:04:00,Hydraulic Leak,Medium,Closed,SEA
IN0004014,FL0010585,AC00900,2026-04-14 08:58:00,Turbulence,Medium,Investigating,DEL
IN0004015,FL0004071,AC00631,2026-05-09 02:20:00,Hydraulic Leak,Low,Closed,DEN
IN0004016,FL0013654,AC00625,2026-04-22 16:40:00,Hydraulic Leak,Low,Closed,DEL
IN0004017,FL0008131,AC00615,2026-02-18 15:34:00,Brake Issue,Medium,Resolved,ORD
IN0004018,FL0011641,AC00352,2026-03-30 11:19:00,Engine Alert,High,Open,ORD
IN0004019,FL0014839,AC00362,2026-05-12 08:32:00,Navigation Error,Medium,Resolved,BOS
IN0004020,FL0009978,AC00963,2026-03-21 12:11:00,Turbulence,Medium,Investigating,LAX
IN0004021,FL0004020,AC01059,2026-02-21 17:53:00,Engine Alert,High,Resolved,LAX
IN0004022,FL0006114,AC00171,2026-06-09 04:24:00,Navigation Error,Low,Resolved,LHR
IN0004023,FL0005611,AC00502,2026-03-14 14:59:00,Brake Issue,Low,Open,SIN
IN0004024,FL0003129,AC00531,2026-01-04 06:00:00,Bird Strike,High,Resolved,SIN
IN0004025,FL0002900,AC00214,2026-02-07 05:03:00,Hydraulic Leak,Critical,Investigating,MIA
IN0004026,FL0012521,AC00875,2026-05-31 21:50:00,Weather Alert,Low,Resolved,SFO
IN0004027,FL0011141,AC00056,2026-01-16 23:22:00,Navigation Error,Critical,Investigating,DEN
IN0004028,FL0010429,AC00460,2026-03-02 22:02:00,Navigation Error,Low,Resolved,SIN
IN0004029,FL0009535,AC00957,2026-03-01 04:30:00,Navigation Error,Medium,Resolved,SFO
IN0004030,FL0000370,AC00394,2026-01-24 10:06:00,Engine Alert,Low,Investigating,DXB
IN0004031,FL0008563,AC00717,2026-04-30 02:22:00,Hydraulic Leak,Medium,Open,SEA
IN0004032,FL0001260,AC00731,2026-06-21 12:03:00,Turbulence,Medium,Open,BOS
IN0004033,FL0002280,AC00667,2026-01-28 08:48:00,Engine Alert,Low,Investigating,ORD
IN0004034,FL0005637,AC00826,2026-05-28 09:00:00,Weather Alert,Medium,Resolved,DEN
IN0004035,FL0012651,AC00073,2026-02-11 04:31:00,Engine Alert,Low,Investigating,ATL
IN0004036,FL0010162,AC00989,2026-05-11 20:45:00,Navigation Error,Medium,Investigating,SIN
IN0004037,FL0009920,AC00591,2026-06-18 04:22:00,Weather Alert,High,Resolved,JFK
IN0004038,FL0014349,AC01196,2026-06-01 14:10:00,Brake Issue,Low,Closed,SIN
IN0004039,FL0003822,AC00465,2026-06-20 17:15:00,Turbulence,Low,Resolved,DFW
IN0004040,FL0005594,AC00308,2026-01-27 23:32:00,Turbulence,Low,Resolved,BOS
IN0004041,FL0014703,AC00738,2026-01-05 22:34:00,Turbulence,Low,Open,DEN
IN0004042,FL0013378,AC01008,2026-02-26 19:32:00,Hydraulic Leak,Low,Open,ORD
IN0004043,FL0012074,AC00525,2026-05-30 13:34:00,Hydraulic Leak,Low,Resolved,DFW
IN0004044,FL0001427,AC00481,2026-06-27 22:38:00,Navigation Error,Low,Resolved,LAX
IN0004045,FL0005580,AC00400,2026-02-25 01:35:00,Hydraulic Leak,Low,Closed,DEL
IN0004046,FL0012493,AC00129,2026-06-02 11:02:00,Navigation Error,Low,Closed,ORD
IN0004047,FL0005880,AC00283,2026-01-13 15:05:00,Engine Alert,Low,Closed,LAX
IN0004048,FL0002692,AC00421,2026-06-03 05:37:00,Brake Issue,Critical,Closed,LAX
IN0004049,FL0008314,AC00908,2026-03-13 11:06:00,Hydraulic Leak,High,Resolved,LAX
IN0004050,FL0014033,AC01101,2026-03-13 11:53:00,Bird Strike,Low,Investigating,BOS
IN0004051,FL0009510,AC00853,2026-05-26 14:11:00,Bird Strike,Low,Closed,SEA
IN0004052,FL0001229,AC00126,2026-06-02 11:10:00,Hydraulic Leak,Low,Resolved,SEA
IN0004053,FL0012838,AC00924,2026-05-01 21:46:00,Hydraulic Leak,Medium,Investigating,JFK
IN0004054,FL0008098,AC00355,2026-04-29 01:13:00,Turbulence,Medium,Resolved,LHR
IN0004055,FL0007569,AC00114,2026-03-22 11:08:00,Turbulence,Medium,Closed,MIA
IN0004056,FL0000711,AC00035,2026-06-04 21:09:00,Navigation Error,Medium,Open,DFW
IN0004057,FL0007391,AC00924,2026-05-19 19:58:00,Hydraulic Leak,Low,Closed,BOS
IN0004058,FL0001114,AC00378,2026-05-11 19:16:00,Brake Issue,Critical,Investigating,LHR
IN0004059,FL0010713,AC00964,2026-03-11 05:01:00,Weather Alert,High,Resolved,MIA
IN0004060,FL0006886,AC00181,2026-04-08 12:43:00,Weather Alert,Medium,Resolved,LHR
IN0004061,FL0001075,AC00398,2026-06-27 06:54:00,Hydraulic Leak,Low,Investigating,BOS
IN0004062,FL0008088,AC00197,2026-03-21 22:02:00,Weather Alert,Low,Investigating,SFO
IN0004063,FL0001009,AC00792,2026-03-25 00:14:00,Hydraulic Leak,Medium,Investigating,SFO
IN0004064,FL0004957,AC01133,2026-03-16 09:15:00,Hydraulic Leak,Low,Open,DEL
IN0004065,FL0012053,AC01182,2026-02-23 15:38:00,Brake Issue,Low,Investigating,ORD
IN0004066,FL0008204,AC00259,2026-04-13 19:21:00,Hydraulic Leak,Medium,Investigating,DEN
IN0004067,FL0013859,AC00716,2026-01-13 12:21:00,Weather Alert,Low,Resolved,LHR
IN0004068,FL0002572,AC00875,2026-02-01 18:38:00,Brake Issue,Low,Investigating,BOS
IN0004069,FL0011632,AC00140,2026-01-04 12:02:00,Bird Strike,High,Closed,DEL
IN0004070,FL0012309,AC00686,2026-01-15 17:36:00,Brake Issue,Low,Open,DFW
IN0004071,FL0013229,AC00913,2026-01-11 13:51:00,Turbulence,Low,Closed,DEN
IN0004072,FL0004607,AC00456,2026-05-31 06:16:00,Turbulence,Low,Investigating,DXB
IN0004073,FL0013793,AC00811,2026-01-11 03:21:00,Hydraulic Leak,High,Open,BOS
IN0004074,FL0004303,AC00384,2026-05-01 14:12:00,Turbulence,Medium,Investigating,LAX
IN0004075,FL0008320,AC00253,2026-06-26 19:58:00,Navigation Error,High,Open,ATL
IN0004076,FL0011504,AC01109,2026-03-18 11:30:00,Turbulence,Low,Open,LAX
IN0004077,FL0005454,AC00967,2026-04-02 01:27:00,Bird Strike,Medium,Investigating,DEL
IN0004078,FL0006501,AC01001,2026-05-07 23:37:00,Weather Alert,Low,Investigating,DEL
IN0004079,FL0013370,AC01114,2026-06-09 02:44:00,Weather Alert,Low,Open,JFK
IN0004080,FL0011291,AC00602,2026-01-07 22:25:00,Weather Alert,Medium,Closed,DEN
IN0004081,FL0009530,AC00439,2026-04-12 19:03:00,Navigation Error,Medium,Investigating,ORD
IN0004082,FL0001462,AC00980,2026-04-03 17:52:00,Bird Strike,Low,Open,ATL
IN0004083,FL0009789,AC01067,2026-03-06 08:17:00,Weather Alert,Low,Open,DEN
IN0004084,FL0007991,AC00499,2026-04-09 22:25:00,Hydraulic Leak,Low,Open,SIN
IN0004085,FL0010321,AC00655,2026-02-21 13:22:00,Weather Alert,Medium,Investigating,DFW
IN0004086,FL0000422,AC00587,2026-03-16 11:34:00,Hydraulic Leak,Low,Investigating,DFW
IN0004087,FL0001483,AC01079,2026-05-07 13:34:00,Engine Alert,Medium,Investigating,LAX
IN0004088,FL0004854,AC00527,2026-05-31 06:28:00,Navigation Error,High,Closed,SIN
IN0004089,FL0004186,AC00546,2026-01-02 14:39:00,Weather Alert,Low,Closed,DFW
IN0004090,FL0013419,AC00251,2026-03-03 21:12:00,Hydraulic Leak,Low,Investigating,ORD
IN0004091,FL0005812,AC00091,2026-02-06 18:44:00,Engine Alert,Low,Investigating,SEA
IN0004092,FL0005366,AC00431,2026-06-10 20:22:00,Weather Alert,Low,Closed,SFO
IN0004093,FL0004208,AC00046,2026-01-11 03:00:00,Engine Alert,Low,Closed,BLR
IN0004094,FL0004779,AC00183,2026-02-20 12:57:00,Navigation Error,Low,Open,BLR
IN0004095,FL0001822,AC01008,2026-01-06 08:57:00,Hydraulic Leak,Low,Investigating,ATL
IN0004096,FL0008390,AC00683,2026-02-24 21:07:00,Navigation Error,Medium,Resolved,ORD
IN0004097,FL0011098,AC00309,2026-01-20 04:15:00,Turbulence,Low,Open,LHR
IN0004098,FL0012177,AC00806,2026-01-25 01:15:00,Engine Alert,Low,Investigating,BLR
IN0004099,FL0011628,AC00784,2026-06-17 00:05:00,Navigation Error,Low,Resolved,DXB
IN0004100,FL0004864,AC00767,2026-04-22 19:48:00,Bird Strike,Medium,Investigating,DFW
IN0004101,FL0006503,AC00633,2026-03-01 18:31:00,Turbulence,High,Resolved,DXB
IN0004102,FL0001925,AC00958,2026-06-26 06:35:00,Navigation Error,Low,Open,ORD
IN0004103,FL0000403,AC00252,2026-01-26 18:05:00,Weather Alert,High,Resolved,SFO
IN0004104,FL0001736,AC00321,2026-02-04 01:53:00,Weather Alert,Medium,Investigating,MIA
IN0004105,FL0005638,AC01142,2026-06-22 17:22:00,Hydraulic Leak,Low,Open,LHR
IN0004106,FL0007102,AC00042,2026-05-31 10:20:00,Engine Alert,Low,Open,BLR
IN0004107,FL0008743,AC00302,2026-06-12 16:26:00,Bird Strike,Low,Investigating,SIN
IN0004108,FL0003720,AC00865,2026-06-03 08:00:00,Weather Alert,Medium,Investigating,LHR
IN0004109,FL0004513,AC00383,2026-04-24 10:47:00,Engine Alert,Critical,Closed,ORD
IN0004110,FL0000039,AC00823,2026-02-08 14:59:00,Brake Issue,Low,Open,BLR
IN0004111,FL0010157,AC00282,2026-05-19 16:58:00,Navigation Error,Medium,Closed,DXB
IN0004112,FL0002290,AC00718,2026-04-11 03:53:00,Navigation Error,Low,Resolved,SEA
IN0004113,FL0012031,AC00119,2026-01-29 01:34:00,Turbulence,High,Closed,LAX
IN0004114,FL0002674,AC01176,2026-05-31 08:04:00,Navigation Error,Critical,Resolved,BLR
IN0004115,FL0008574,AC00311,2026-04-30 04:04:00,Navigation Error,Medium,Investigating,SEA
IN0004116,FL0002767,AC00127,2026-02-17 16:11:00,Brake Issue,Low,Open,BLR
IN0004117,FL0009980,AC00898,2026-02-15 08:52:00,Hydraulic Leak,Medium,Investigating,DEN
IN0004118,FL0008710,AC00696,2026-03-01 03:04:00,Bird Strike,Low,Open,MIA
IN0004119,FL0009754,AC00100,2026-02-24 17:06:00,Weather Alert,Medium,Open,ORD
IN0004120,FL0000172,AC01134,2026-06-05 09:37:00,Brake Issue,Medium,Open,DEN
IN0004121,FL0003756,AC00879,2026-02-09 04:30:00,Turbulence,High,Open,BOS
IN0004122,FL0002715,AC00329,2026-02-08 01:30:00,Hydraulic Leak,Low,Investigating,ORD
IN0004123,FL0013508,AC00884,2026-02-22 08:19:00,Hydraulic Leak,Medium,Closed,ATL
IN0004124,FL0011099,AC00980,2026-06-22 21:17:00,Engine Alert,Medium,Investigating,DFW
IN0004125,FL0007363,AC00960,2026-04-05 08:07:00,Bird Strike,High,Investigating,BOS
IN0004126,FL0000391,AC00492,2026-03-24 22:36:00,Engine Alert,Medium,Open,JFK
IN0004127,FL0006107,AC00596,2026-01-29 09:17:00,Weather Alert,High,Closed,DFW
IN0004128,FL0005704,AC00140,2026-02-08 05:55:00,Navigation Error,Low,Closed,MIA
IN0004129,FL0008486,AC00866,2026-04-24 09:09:00,Engine Alert,Low,Investigating,ORD
IN0004130,FL0009328,AC00394,2026-06-17 08:24:00,Weather Alert,Medium,Resolved,BOS
IN0004131,FL0009955,AC01138,2026-06-16 18:03:00,Turbulence,Low,Open,BOS
IN0004132,FL0012056,AC01021,2026-02-07 19:01:00,Navigation Error,Low,Closed,DEL
IN0004133,FL0014349,AC01094,2026-07-02 08:51:00,Bird Strike,Low,Open,DFW
IN0004134,FL0001950,AC00864,2026-02-22 15:47:00,Brake Issue,Low,Investigating,DEL
IN0004135,FL0004770,AC00078,2026-06-25 05:10:00,Brake Issue,Low,Resolved,SFO
IN0004136,FL0014911,AC00842,2026-06-06 18:30:00,Brake Issue,Medium,Investigating,BOS
IN0004137,FL0000192,AC00480,2026-02-26 15:41:00,Weather Alert,Low,Closed,LHR
IN0004138,FL0001927,AC00759,2026-04-23 23:13:00,Weather Alert,Medium,Open,DEL
IN0004139,FL0005918,AC00531,2026-04-01 13:07:00,Brake Issue,Medium,Closed,SFO
IN0004140,FL0009468,AC00047,2026-06-20 06:53:00,Engine Alert,Low,Investigating,ORD
IN0004141,FL0002512,AC00031,2026-02-23 13:00:00,Weather Alert,Medium,Resolved,MIA
IN0004142,FL0014619,AC00939,2026-02-14 10:55:00,Weather Alert,High,Open,BOS
IN0004143,FL0006280,AC01197,2026-05-29 16:36:00,Hydraulic Leak,High,Closed,ORD
IN0004144,FL0000567,AC00371,2026-02-04 15:16:00,Bird Strike,Low,Resolved,BLR
IN0004145,FL0014230,AC00476,2026-06-24 11:57:00,Weather Alert,Medium,Open,DEN
IN0004146,FL0009266,AC01090,2026-04-11 01:51:00,Turbulence,Medium,Investigating,DEL
IN0004147,FL0007174,AC01104,2026-04-22 07:01:00,Engine Alert,Critical,Open,LAX
IN0004148,FL0008052,AC00904,2026-04-25 11:36:00,Weather Alert,Low,Open,LAX
IN0004149,FL0000963,AC01100,2026-05-08 10:00:00,Navigation Error,Low,Investigating,SFO
IN0004150,FL0009967,AC00845,2026-05-27 21:51:00,Navigation Error,Low,Open,ORD
IN0004151,FL0001908,AC00513,2026-06-10 18:34:00,Weather Alert,Low,Closed,DFW
IN0004152,FL0002163,AC01193,2026-06-27 03:41:00,Hydraulic Leak,Low,Closed,DEN
IN0004153,FL0003070,AC00615,2026-06-22 21:23:00,Bird Strike,Medium,Closed,LHR
IN0004154,FL0005919,AC00823,2026-01-12 07:26:00,Brake Issue,Low,Open,DEN
IN0004155,FL0010580,AC00764,2026-05-06 17:59:00,Brake Issue,Low,Open,LAX
IN0004156,FL0009544,AC00570,2026-03-26 00:46:00,Brake Issue,Low,Closed,DEN
IN0004157,FL0007978,AC00907,2026-04-24 01:30:00,Navigation Error,Medium,Open,JFK
IN0004158,FL0008159,AC00312,2026-06-04 23:48:00,Brake Issue,Low,Closed,DFW
IN0004159,FL0005508,AC01004,2026-01-24 12:49:00,Navigation Error,Medium,Resolved,DXB
IN0004160,FL0006361,AC00090,2026-04-30 09:14:00,Engine Alert,Low,Closed,BOS
IN0004161,FL0003719,AC00049,2026-01-11 02:38:00,Turbulence,Medium,Investigating,DEL
IN0004162,FL0007435,AC00464,2026-03-21 14:51:00,Navigation Error,High,Investigating,BOS
IN0004163,FL0000749,AC00890,2026-04-26 17:36:00,Turbulence,Low,Investigating,SEA
IN0004164,FL0008720,AC00602,2026-04-28 13:53:00,Weather Alert,Low,Investigating,DEL
IN0004165,FL0008562,AC00025,2026-05-04 10:57:00,Turbulence,Low,Open,DEL
IN0004166,FL0007181,AC00195,2026-01-11 20:22:00,Engine Alert,Low,Resolved,DEN
IN0004167,FL0007984,AC01095,2026-01-14 21:57:00,Weather Alert,High,Investigating,SEA
IN0004168,FL0009725,AC00934,2026-04-18 20:55:00,Bird Strike,Low,Resolved,LAX
IN0004169,FL0002272,AC00358,2026-06-18 08:17:00,Navigation Error,Medium,Closed,MIA
IN0004170,FL0006920,AC01003,2026-01-08 20:59:00,Bird Strike,Medium,Investigating,SEA
IN0004171,FL0007479,AC00132,2026-04-20 15:21:00,Engine Alert,High,Resolved,DFW
IN0004172,FL0012073,AC00871,2026-03-17 19:16:00,Bird Strike,Medium,Closed,MIA
IN0004173,FL0001159,AC00413,2026-03-03 09:57:00,Hydraulic Leak,Low,Resolved,DEL
IN0004174,FL0009100,AC00684,2026-03-25 17:43:00,Navigation Error,Critical,Closed,SFO
IN0004175,FL0002887,AC00273,2026-06-02 03:43:00,Turbulence,Low,Open,SIN
IN0004176,FL0012573,AC00439,2026-06-19 22:06:00,Bird Strike,High,Resolved,MIA
IN0004177,FL0006951,AC01054,2026-03-29 14:06:00,Engine Alert,Low,Resolved,SIN
IN0004178,FL0014021,AC00921,2026-03-04 02:24:00,Engine Alert,Medium,Closed,DEL
IN0004179,FL0007456,AC00364,2026-01-05 12:26:00,Bird Strike,Low,Investigating,SFO
IN0004180,FL0007714,AC00593,2026-02-17 19:25:00,Turbulence,Medium,Resolved,MIA
IN0004181,FL0000022,AC00521,2026-01-15 03:35:00,Bird Strike,Low,Open,LHR
IN0004182,FL0004049,AC00895,2026-04-29 04:36:00,Bird Strike,High,Closed,ORD
IN0004183,FL0013212,AC00463,2026-05-16 02:49:00,Engine Alert,High,Resolved,DXB
IN0004184,FL0001362,AC00239,2026-01-06 22:15:00,Turbulence,Medium,Resolved,DEL
IN0004185,FL0010429,AC01042,2026-04-29 23:42:00,Bird Strike,Low,Closed,MIA
IN0004186,FL0013345,AC00913,2026-03-27 12:42:00,Hydraulic Leak,Medium,Investigating,DEL
IN0004187,FL0000441,AC00805,2026-01-25 07:10:00,Weather Alert,Low,Open,SEA
IN0004188,FL0007160,AC00632,2026-04-03 16:23:00,Hydraulic Leak,Medium,Open,LHR
IN0004189,FL0002844,AC00363,2026-06-19 23:41:00,Engine Alert,Medium,Closed,SIN
IN0004190,FL0008367,AC00076,2026-05-06 01:02:00,Hydraulic Leak,High,Investigating,BOS
IN0004191,FL0004397,AC00787,2026-03-10 22:23:00,Turbulence,Low,Investigating,BLR
IN0004192,FL0007028,AC00907,2026-03-08 14:03:00,Bird Strike,Low,Investigating,ATL
IN0004193,FL0003502,AC00537,2026-01-25 00:29:00,Hydraulic Leak,High,Resolved,DEL
IN0004194,FL0014573,AC00489,2026-06-10 04:28:00,Brake Issue,Low,Investigating,ATL
IN0004195,FL0013408,AC00076,2026-03-21 01:32:00,Hydraulic Leak,Low,Closed,DEL
IN0004196,FL0009050,AC00060,2026-06-03 23:01:00,Bird Strike,Low,Investigating,DEN
IN0004197,FL0000595,AC01163,2026-04-25 23:22:00,Brake Issue,Medium,Resolved,MIA
IN0004198,FL0007383,AC00755,2026-01-14 05:33:00,Navigation Error,Low,Resolved,DFW
IN0004199,FL0001775,AC00999,2026-05-22 12:55:00,Weather Alert,Medium,Investigating,BLR
IN0004200,FL0005378,AC00442,2026-06-08 03:26:00,Hydraulic Leak,Medium,Investigating,DFW
IN0004201,FL0006042,AC00123,2026-04-09 09:59:00,Bird Strike,Low,Investigating,BLR
IN0004202,FL0012484,AC00635,2026-04-02 03:38:00,Engine Alert,Low,Investigating,JFK
IN0004203,FL0004581,AC00790,2026-03-31 04:29:00,Brake Issue,High,Closed,SIN
IN0004204,FL0013162,AC00831,2026-05-23 21:19:00,Hydraulic Leak,High,Closed,SEA
IN0004205,FL0008604,AC00260,2026-03-18 08:22:00,Turbulence,Low,Closed,MIA
IN0004206,FL0009906,AC00907,2026-04-28 11:32:00,Hydraulic Leak,Medium,Resolved,SFO
IN0004207,FL0000902,AC00105,2026-04-23 06:42:00,Hydraulic Leak,Low,Investigating,DEN
IN0004208,FL0004268,AC00019,2026-03-08 21:08:00,Hydraulic Leak,Medium,Investigating,BOS
IN0004209,FL0012180,AC00925,2026-06-06 17:00:00,Hydraulic Leak,Medium,Resolved,ATL
IN0004210,FL0014402,AC00924,2026-03-09 17:43:00,Bird Strike,Critical,Open,BOS
IN0004211,FL0007402,AC00909,2026-01-30 03:19:00,Hydraulic Leak,High,Closed,LHR
IN0004212,FL0007764,AC00301,2026-02-20 19:32:00,Engine Alert,Low,Closed,BLR
IN0004213,FL0001768,AC00165,2026-05-14 09:44:00,Bird Strike,Low,Closed,SEA
IN0004214,FL0005624,AC00708,2026-04-02 01:49:00,Engine Alert,High,Resolved,MIA
IN0004215,FL0001532,AC01001,2026-01-27 21:45:00,Hydraulic Leak,Medium,Investigating,DEN
IN0004216,FL0003146,AC00980,2026-01-13 01:16:00,Brake Issue,Low,Investigating,DXB
IN0004217,FL0010760,AC00189,2026-01-09 03:56:00,Navigation Error,Low,Investigating,ATL
IN0004218,FL0013719,AC00019,2026-06-08 14:43:00,Weather Alert,Low,Resolved,SFO
IN0004219,FL0014242,AC01030,2026-03-26 21:15:00,Navigation Error,High,Investigating,MIA
IN0004220,FL0001925,AC01027,2026-01-07 19:55:00,Hydraulic Leak,Low,Resolved,DEL
IN0004221,FL0001564,AC00448,2026-04-23 11:57:00,Engine Alert,Low,Open,ORD
IN0004222,FL0014765,AC00040,2026-02-02 09:47:00,Hydraulic Leak,High,Resolved,LAX
IN0004223,FL0008803,AC00552,2026-03-09 20:52:00,Navigation Error,Medium,Resolved,ORD
IN0004224,FL0006218,AC01165,2026-05-14 17:50:00,Navigation Error,Medium,Resolved,JFK
IN0004225,FL0004663,AC00504,2026-05-21 13:04:00,Weather Alert,Low,Investigating,DEN
IN0004226,FL0000901,AC00662,2026-06-24 06:45:00,Bird Strike,Low,Resolved,LAX
IN0004227,FL0005276,AC00706,2026-05-29 15:19:00,Brake Issue,Medium,Open,DEL
IN0004228,FL0010242,AC00758,2026-03-24 06:14:00,Bird Strike,Low,Investigating,DEL
IN0004229,FL0008629,AC00760,2026-05-03 02:57:00,Brake Issue,Low,Resolved,DEL
IN0004230,FL0006241,AC01170,2026-01-22 20:43:00,Weather Alert,Medium,Resolved,DEN
IN0004231,FL0012097,AC01006,2026-02-22 02:39:00,Hydraulic Leak,Medium,Investigating,SIN
IN0004232,FL0003340,AC00303,2026-01-17 15:16:00,Turbulence,Low,Resolved,ORD
IN0004233,FL0010120,AC00838,2026-05-15 11:43:00,Engine Alert,Low,Closed,DFW
IN0004234,FL0004104,AC00930,2026-01-22 02:42:00,Engine Alert,Medium,Closed,DEN
IN0004235,FL0001759,AC00488,2026-01-01 00:11:00,Weather Alert,Low,Investigating,DXB
IN0004236,FL0000480,AC00958,2026-01-29 18:29:00,Hydraulic Leak,Medium,Open,BOS
IN0004237,FL0011455,AC00779,2026-03-31 02:26:00,Weather Alert,Low,Closed,JFK
IN0004238,FL0006637,AC01108,2026-01-03 20:06:00,Turbulence,Medium,Open,JFK
IN0004239,FL0001642,AC00067,2026-06-06 23:09:00,Brake Issue,Low,Resolved,DEL
IN0004240,FL0002424,AC00265,2026-01-26 10:42:00,Weather Alert,High,Closed,MIA
IN0004241,FL0013399,AC00561,2026-06-13 00:18:00,Turbulence,Low,Closed,BOS
IN0004242,FL0014039,AC00676,2026-06-05 04:59:00,Hydraulic Leak,Medium,Resolved,SEA
IN0004243,FL0000612,AC00945,2026-01-27 13:00:00,Navigation Error,High,Closed,JFK
IN0004244,FL0006199,AC00976,2026-03-13 04:25:00,Brake Issue,Low,Resolved,SEA
IN0004245,FL0006736,AC00824,2026-05-05 05:12:00,Navigation Error,Medium,Resolved,SFO
IN0004246,FL0012924,AC00238,2026-01-02 06:49:00,Navigation Error,Low,Closed,LAX
IN0004247,FL0013934,AC00609,2026-03-04 07:34:00,Turbulence,Low,Closed,LHR
IN0004248,FL0005256,AC00528,2026-06-14 03:24:00,Turbulence,Medium,Closed,MIA
IN0004249,FL0000083,AC00530,2026-01-09 21:57:00,Navigation Error,Medium,Open,BLR
IN0004250,FL0007817,AC00985,2026-06-14 15:43:00,Hydraulic Leak,High,Closed,DXB
IN0004251,FL0014014,AC01090,2026-04-23 05:59:00,Hydraulic Leak,Low,Resolved,LAX
IN0004252,FL0014446,AC01196,2026-03-25 15:28:00,Brake Issue,Low,Open,LHR
IN0004253,FL0010387,AC01117,2026-01-22 12:42:00,Brake Issue,Low,Open,DFW
IN0004254,FL0013888,AC00688,2026-01-08 05:49:00,Bird Strike,Medium,Closed,LAX
IN0004255,FL0011041,AC00772,2026-06-27 03:10:00,Turbulence,High,Resolved,ORD
IN0004256,FL0009946,AC00027,2026-06-17 06:32:00,Hydraulic Leak,Medium,Resolved,LHR
IN0004257,FL0000791,AC00014,2026-04-29 19:16:00,Navigation Error,Low,Closed,ORD
IN0004258,FL0006330,AC00936,2026-03-03 07:48:00,Navigation Error,Low,Resolved,SEA
IN0004259,FL0003589,AC00671,2026-02-01 02:09:00,Engine Alert,Medium,Investigating,DEN
IN0004260,FL0001947,AC00356,2026-02-16 20:41:00,Weather Alert,Low,Closed,LAX
IN0004261,FL0002156,AC00568,2026-04-03 12:41:00,Navigation Error,Low,Closed,LAX
IN0004262,FL0008165,AC00437,2026-02-10 10:19:00,Hydraulic Leak,Low,Open,LAX
IN0004263,FL0001598,AC00484,2026-03-12 10:38:00,Weather Alert,Medium,Closed,LAX
IN0004264,FL0004253,AC00779,2026-04-28 03:58:00,Brake Issue,Low,Resolved,BLR
IN0004265,FL0005918,AC00409,2026-01-10 16:39:00,Hydraulic Leak,Medium,Investigating,LHR
IN0004266,FL0008669,AC00499,2026-03-09 01:53:00,Navigation Error,Low,Investigating,BOS
IN0004267,FL0014466,AC00742,2026-02-01 14:05:00,Hydraulic Leak,High,Open,DEL
IN0004268,FL0012577,AC00927,2026-05-10 15:23:00,Engine Alert,Low,Closed,LHR
IN0004269,FL0012412,AC00713,2026-05-26 06:08:00,Brake Issue,High,Closed,DEL
IN0004270,FL0013497,AC00863,2026-03-06 03:39:00,Navigation Error,Low,Open,LAX
IN0004271,FL0013404,AC00320,2026-04-14 08:27:00,Brake Issue,Low,Closed,ATL
IN0004272,FL0011594,AC01105,2026-04-26 19:35:00,Turbulence,Low,Open,DFW
IN0004273,FL0003385,AC01169,2026-04-06 19:24:00,Turbulence,Medium,Closed,DFW
IN0004274,FL0000804,AC00962,2026-03-25 03:21:00,Weather Alert,Low,Resolved,DXB
IN0004275,FL0008688,AC00851,2026-03-07 17:04:00,Turbulence,Medium,Resolved,DEL
IN0004276,FL0001999,AC00305,2026-03-27 13:24:00,Brake Issue,Medium,Resolved,LHR
IN0004277,FL0003510,AC00653,2026-03-04 17:07:00,Navigation Error,High,Resolved,JFK
IN0004278,FL0002177,AC00638,2026-05-16 11:39:00,Navigation Error,High,Resolved,SFO
IN0004279,FL0004750,AC00349,2026-01-10 03:32:00,Bird Strike,Low,Closed,ATL
IN0004280,FL0005949,AC00213,2026-02-16 21:18:00,Navigation Error,Critical,Closed,MIA
IN0004281,FL0000908,AC00124,2026-03-15 00:20:00,Turbulence,High,Open,SIN
IN0004282,FL0007155,AC00661,2026-02-22 05:29:00,Weather Alert,Low,Closed,LAX
IN0004283,FL0010899,AC00057,2026-03-09 16:02:00,Hydraulic Leak,Low,Open,JFK
IN0004284,FL0002090,AC00794,2026-06-08 19:28:00,Bird Strike,Medium,Resolved,SFO
IN0004285,FL0014054,AC00489,2026-07-01 10:56:00,Hydraulic Leak,Medium,Resolved,DFW
IN0004286,FL0013478,AC00720,2026-02-09 03:55:00,Hydraulic Leak,Low,Closed,MIA
IN0004287,FL0003769,AC00056,2026-02-21 05:57:00,Turbulence,Low,Resolved,DFW
IN0004288,FL0010092,AC00517,2026-05-25 23:39:00,Navigation Error,High,Open,MIA
IN0004289,FL0012751,AC00762,2026-03-09 08:28:00,Turbulence,Medium,Resolved,BOS
IN0004290,FL0012207,AC00981,2026-02-28 20:21:00,Navigation Error,Medium,Open,DEL
IN0004291,FL0004421,AC00605,2026-03-15 08:53:00,Turbulence,High,Closed,ORD
IN0004292,FL0007981,AC00256,2026-02-09 19:36:00,Turbulence,Low,Open,DEL
IN0004293,FL0001594,AC00863,2026-03-17 09:09:00,Engine Alert,High,Closed,LAX
IN0004294,FL0008972,AC00093,2026-05-26 12:11:00,Bird Strike,Medium,Closed,BLR
IN0004295,FL0008576,AC00854,2026-02-26 11:21:00,Engine Alert,Low,Closed,ORD
IN0004296,FL0005498,AC01179,2026-04-04 22:09:00,Engine Alert,Medium,Open,DEN
IN0004297,FL0010360,AC00676,2026-04-02 03:20:00,Navigation Error,Medium,Investigating,BOS
IN0004298,FL0004293,AC00518,2026-02-24 14:41:00,Navigation Error,Low,Closed,SEA
IN0004299,FL0010062,AC00424,2026-02-09 17:25:00,Weather Alert,High,Open,SIN
IN0004300,FL0007627,AC00387,2026-04-14 19:47:00,Navigation Error,Medium,Resolved,JFK
IN0004301,FL0007328,AC00079,2026-04-18 10:26:00,Weather Alert,Low,Investigating,BOS
IN0004302,FL0007143,AC00133,2026-01-24 19:19:00,Hydraulic Leak,Low,Investigating,BOS
IN0004303,FL0007221,AC00388,2026-05-06 09:59:00,Bird Strike,Low,Investigating,DFW
IN0004304,FL0008699,AC00471,2026-06-21 11:08:00,Navigation Error,Critical,Resolved,LAX
IN0004305,FL0009434,AC00242,2026-04-03 11:16:00,Weather Alert,Low,Open,SEA
IN0004306,FL0013586,AC00229,2026-02-03 21:58:00,Weather Alert,Low,Resolved,ORD
IN0004307,FL0007499,AC00600,2026-01-04 19:28:00,Engine Alert,Low,Investigating,DEL
IN0004308,FL0005007,AC00497,2026-05-17 22:59:00,Hydraulic Leak,Medium,Open,LAX
IN0004309,FL0010723,AC00664,2026-06-16 06:08:00,Bird Strike,Low,Open,DXB
IN0004310,FL0003827,AC00069,2026-07-02 00:06:00,Hydraulic Leak,Medium,Open,DEN
IN0004311,FL0009651,AC00661,2026-05-31 17:36:00,Bird Strike,Medium,Investigating,DFW
IN0004312,FL0000347,AC00268,2026-05-26 13:59:00,Turbulence,High,Open,SFO
IN0004313,FL0014572,AC00257,2026-04-05 03:26:00,Bird Strike,Low,Closed,SEA
IN0004314,FL0012124,AC00767,2026-01-08 09:41:00,Navigation Error,Low,Open,DEN
IN0004315,FL0002514,AC01164,2026-06-29 18:07:00,Navigation Error,Medium,Open,BLR
IN0004316,FL0007637,AC00778,2026-04-30 10:41:00,Weather Alert,Medium,Open,SEA
IN0004317,FL0010717,AC00362,2026-06-12 14:44:00,Engine Alert,Medium,Open,DFW
IN0004318,FL0010507,AC00916,2026-05-30 07:01:00,Bird Strike,Medium,Resolved,ORD
IN0004319,FL0013761,AC00001,2026-03-26 02:28:00,Hydraulic Leak,Low,Resolved,DEN
IN0004320,FL0004117,AC00449,2026-05-19 08:51:00,Brake Issue,Low,Investigating,ORD
IN0004321,FL0009035,AC00720,2026-04-20 05:12:00,Bird Strike,Low,Open,DFW
IN0004322,FL0007577,AC00039,2026-04-11 22:19:00,Engine Alert,Medium,Closed,SIN
IN0004323,FL0005315,AC00967,2026-01-17 04:17:00,Navigation Error,Low,Open,BOS
IN0004324,FL0013227,AC00943,2026-03-15 21:13:00,Weather Alert,Medium,Closed,SIN
IN0004325,FL0004682,AC00832,2026-02-05 18:35:00,Bird Strike,Low,Resolved,SEA
IN0004326,FL0011751,AC00552,2026-04-07 01:36:00,Engine Alert,Low,Closed,DEL
IN0004327,FL0006450,AC00564,2026-02-10 03:10:00,Hydraulic Leak,Low,Investigating,DEN
IN0004328,FL0001196,AC00104,2026-06-02 23:47:00,Bird Strike,Medium,Investigating,ATL
IN0004329,FL0005529,AC00193,2026-06-26 13:21:00,Bird Strike,Low,Investigating,JFK
IN0004330,FL0006246,AC01111,2026-01-26 18:52:00,Turbulence,Low,Investigating,DEL
IN0004331,FL0004676,AC00739,2026-05-15 14:26:00,Hydraulic Leak,Low,Investigating,MIA
IN0004332,FL0000281,AC01008,2026-06-13 06:33:00,Weather Alert,High,Open,JFK
IN0004333,FL0000283,AC00185,2026-05-16 23:12:00,Turbulence,Low,Open,JFK
IN0004334,FL0004008,AC01077,2026-04-29 17:41:00,Bird Strike,Medium,Resolved,BLR
IN0004335,FL0003587,AC00668,2026-01-23 17:58:00,Hydraulic Leak,Low,Resolved,DFW
IN0004336,FL0004092,AC00349,2026-05-04 06:57:00,Turbulence,High,Investigating,SIN
IN0004337,FL0007202,AC00499,2026-04-27 20:23:00,Hydraulic Leak,Low,Investigating,BLR
IN0004338,FL0009593,AC00125,2026-02-08 09:07:00,Navigation Error,Low,Resolved,SIN
IN0004339,FL0001813,AC01046,2026-05-31 01:39:00,Navigation Error,Low,Resolved,BLR
IN0004340,FL0013217,AC01001,2026-01-17 03:32:00,Navigation Error,High,Resolved,DEN
IN0004341,FL0013021,AC00281,2026-05-13 18:40:00,Turbulence,Medium,Investigating,MIA
IN0004342,FL0002120,AC01023,2026-04-29 01:05:00,Weather Alert,Low,Investigating,SEA
IN0004343,FL0014988,AC00071,2026-02-02 15:40:00,Navigation Error,Low,Closed,MIA
IN0004344,FL0014479,AC00283,2026-05-16 18:13:00,Weather Alert,Medium,Closed,SIN
IN0004345,FL0000819,AC01137,2026-02-12 18:41:00,Bird Strike,Low,Open,SEA
IN0004346,FL0011953,AC00411,2026-01-08 22:45:00,Navigation Error,Medium,Open,BLR
IN0004347,FL0011083,AC01095,2026-04-10 09:17:00,Weather Alert,Medium,Closed,MIA
IN0004348,FL0006266,AC00070,2026-03-11 13:57:00,Engine Alert,Low,Investigating,SEA
IN0004349,FL0005651,AC00860,2026-02-04 18:35:00,Weather Alert,Low,Investigating,SFO
IN0004350,FL0007179,AC00098,2026-04-06 13:51:00,Weather Alert,Medium,Investigating,ATL
IN0004351,FL0002077,AC00751,2026-05-31 08:58:00,Turbulence,High,Open,DXB
IN0004352,FL0002452,AC00636,2026-02-10 18:01:00,Bird Strike,Low,Open,SEA
IN0004353,FL0009035,AC01077,2026-01-10 19:55:00,Navigation Error,Low,Investigating,DEN
IN0004354,FL0000200,AC00538,2026-05-10 08:00:00,Hydraulic Leak,Low,Closed,SEA
IN0004355,FL0002364,AC00175,2026-03-12 16:43:00,Bird Strike,Low,Closed,SFO
IN0004356,FL0012208,AC01103,2026-02-28 17:44:00,Bird Strike,Low,Open,DXB
IN0004357,FL0008535,AC00896,2026-04-20 11:39:00,Bird Strike,Low,Open,SFO
IN0004358,FL0007172,AC01000,2026-05-01 11:22:00,Bird Strike,Low,Open,DXB
IN0004359,FL0005636,AC00942,2026-02-16 22:37:00,Turbulence,High,Resolved,BOS
IN0004360,FL0003015,AC00874,2026-03-01 02:09:00,Weather Alert,Low,Investigating,SEA
IN0004361,FL0001668,AC00790,2026-03-19 10:46:00,Weather Alert,Medium,Closed,LAX
IN0004362,FL0004308,AC00857,2026-04-05 08:19:00,Hydraulic Leak,Low,Investigating,BLR
IN0004363,FL0001900,AC01045,2026-05-13 02:54:00,Turbulence,High,Open,LHR
IN0004364,FL0002311,AC01145,2026-01-07 20:08:00,Weather Alert,Medium,Open,BLR
IN0004365,FL0005581,AC00757,2026-05-25 15:12:00,Bird Strike,Low,Open,SEA
IN0004366,FL0007968,AC00414,2026-05-23 16:32:00,Brake Issue,Medium,Investigating,ATL
IN0004367,FL0008238,AC01140,2026-02-14 10:15:00,Bird Strike,Low,Investigating,LHR
IN0004368,FL0012269,AC00049,2026-03-22 21:53:00,Weather Alert,Low,Closed,SFO
IN0004369,FL0014974,AC00263,2026-03-07 15:58:00,Weather Alert,Medium,Open,DFW
IN0004370,FL0012509,AC00408,2026-03-21 20:27:00,Navigation Error,Low,Closed,SEA
IN0004371,FL0010764,AC00063,2026-04-06 05:08:00,Navigation Error,Low,Resolved,DEL
IN0004372,FL0008214,AC00589,2026-01-01 22:39:00,Hydraulic Leak,Critical,Open,JFK
IN0004373,FL0009582,AC01067,2026-03-23 03:25:00,Turbulence,Low,Closed,BLR
IN0004374,FL0009987,AC01172,2026-05-15 21:31:00,Bird Strike,Medium,Resolved,DEN
IN0004375,FL0000761,AC00310,2026-02-19 15:58:00,Turbulence,Medium,Investigating,DEN
IN0004376,FL0013884,AC00029,2026-03-10 05:11:00,Bird Strike,Low,Closed,JFK
IN0004377,FL0013826,AC00781,2026-06-20 20:27:00,Hydraulic Leak,Medium,Investigating,DEL
IN0004378,FL0013161,AC00842,2026-05-26 06:46:00,Engine Alert,Low,Investigating,ATL
IN0004379,FL0003269,AC01047,2026-02-24 03:18:00,Engine Alert,Medium,Open,DXB
IN0004380,FL0011984,AC00985,2026-01-26 08:33:00,Weather Alert,Medium,Resolved,ATL
IN0004381,FL0007813,AC00792,2026-05-18 08:59:00,Bird Strike,Low,Open,DFW
IN0004382,FL0005183,AC00933,2026-01-11 14:00:00,Bird Strike,Low,Investigating,BLR
IN0004383,FL0003027,AC00239,2026-01-12 22:24:00,Weather Alert,Medium,Closed,BLR
IN0004384,FL0009202,AC00354,2026-06-25 07:58:00,Brake Issue,Medium,Investigating,LHR
IN0004385,FL0011885,AC00664,2026-05-27 23:49:00,Hydraulic Leak,Medium,Resolved,MIA
IN0004386,FL0014764,AC00677,2026-01-28 20:53:00,Engine Alert,Medium,Investigating,DXB
IN0004387,FL0002090,AC00415,2026-06-14 16:28:00,Weather Alert,Medium,Investigating,SIN
IN0004388,FL0010460,AC00815,2026-03-20 07:22:00,Turbulence,High,Closed,LAX
IN0004389,FL0011910,AC00408,2026-03-09 00:29:00,Turbulence,Medium,Closed,SEA
IN0004390,FL0011779,AC00082,2026-05-22 18:31:00,Brake Issue,Medium,Open,DXB
IN0004391,FL0011790,AC00245,2026-06-15 01:11:00,Weather Alert,Low,Investigating,DFW
IN0004392,FL0009014,AC00517,2026-05-04 23:56:00,Bird Strike,Low,Closed,MIA
IN0004393,FL0001828,AC00107,2026-04-14 23:09:00,Bird Strike,High,Resolved,BLR
IN0004394,FL0008785,AC00834,2026-01-18 16:46:00,Navigation Error,Medium,Open,BLR
IN0004395,FL0012018,AC00086,2026-02-15 06:55:00,Bird Strike,Low,Resolved,LHR
IN0004396,FL0007548,AC00263,2026-01-19 19:47:00,Turbulence,Medium,Closed,SIN
IN0004397,FL0013178,AC00938,2026-05-07 20:24:00,Brake Issue,Low,Investigating,SIN
IN0004398,FL0001861,AC00216,2026-01-10 02:30:00,Navigation Error,Medium,Open,SFO
IN0004399,FL0007361,AC00657,2026-05-07 19:16:00,Bird Strike,Low,Investigating,MIA
IN0004400,FL0000870,AC01060,2026-05-16 16:50:00,Engine Alert,Low,Closed,ORD
IN0004401,FL0003918,AC01004,2026-01-24 10:42:00,Bird Strike,Low,Resolved,BLR
IN0004402,FL0000446,AC00787,2026-02-12 07:02:00,Hydraulic Leak,Low,Closed,ORD
IN0004403,FL0000279,AC00473,2026-06-27 05:52:00,Engine Alert,Low,Investigating,DEL
IN0004404,FL0004910,AC00269,2026-05-19 20:01:00,Bird Strike,Medium,Closed,DFW
IN0004405,FL0007054,AC00681,2026-02-19 15:22:00,Engine Alert,High,Resolved,LHR
IN0004406,FL0010527,AC00089,2026-05-18 00:05:00,Weather Alert,Medium,Investigating,LAX
IN0004407,FL0004368,AC00581,2026-01-16 01:47:00,Bird Strike,Low,Resolved,SEA
IN0004408,FL0005411,AC00047,2026-03-30 23:04:00,Hydraulic Leak,Medium,Resolved,BLR
IN0004409,FL0005533,AC00516,2026-06-29 19:35:00,Turbulence,Low,Investigating,BLR
IN0004410,FL0000810,AC00470,2026-02-28 22:48:00,Hydraulic Leak,Medium,Open,SIN
IN0004411,FL0004330,AC00673,2026-03-31 09:34:00,Brake Issue,Medium,Resolved,DEL
IN0004412,FL0002064,AC00782,2026-05-22 08:55:00,Navigation Error,Low,Open,MIA
IN0004413,FL0002937,AC00141,2026-05-24 23:17:00,Engine Alert,Low,Resolved,DEN
IN0004414,FL0004659,AC00283,2026-03-16 12:08:00,Hydraulic Leak,Low,Resolved,JFK
IN0004415,FL0000603,AC00288,2026-06-26 00:49:00,Bird Strike,Critical,Open,BOS
IN0004416,FL0010055,AC00410,2026-05-13 02:45:00,Navigation Error,Low,Resolved,DXB
IN0004417,FL0014311,AC00789,2026-01-02 20:00:00,Bird Strike,Low,Resolved,DEL
IN0004418,FL0009110,AC00584,2026-01-01 11:51:00,Navigation Error,High,Open,SFO
IN0004419,FL0007145,AC00726,2026-06-02 03:01:00,Bird Strike,Medium,Resolved,DEL
IN0004420,FL0012641,AC00735,2026-05-23 16:52:00,Bird Strike,Medium,Investigating,ATL
IN0004421,FL0009825,AC00094,2026-05-13 03:02:00,Turbulence,Low,Open,MIA
IN0004422,FL0003139,AC00958,2026-04-19 01:29:00,Brake Issue,Low,Open,JFK
IN0004423,FL0011525,AC00645,2026-06-18 07:42:00,Turbulence,Low,Closed,JFK
IN0004424,FL0012085,AC00708,2026-04-16 22:53:00,Turbulence,Low,Resolved,SEA
IN0004425,FL0009967,AC00213,2026-03-29 16:46:00,Turbulence,Low,Investigating,ORD
IN0004426,FL0008114,AC00298,2026-03-19 13:34:00,Engine Alert,Low,Open,BLR
IN0004427,FL0003782,AC00335,2026-06-24 13:44:00,Engine Alert,Low,Resolved,BLR
IN0004428,FL0014256,AC00286,2026-06-10 11:25:00,Engine Alert,Low,Resolved,SIN
IN0004429,FL0012756,AC00645,2026-06-29 20:19:00,Brake Issue,Low,Resolved,SFO
IN0004430,FL0003880,AC00496,2026-03-01 13:50:00,Brake Issue,Medium,Resolved,LHR
IN0004431,FL0002750,AC00187,2026-01-20 13:27:00,Brake Issue,Low,Resolved,SEA
IN0004432,FL0010301,AC01027,2026-05-26 12:25:00,Hydraulic Leak,Critical,Investigating,BLR
IN0004433,FL0006397,AC00231,2026-02-21 12:01:00,Navigation Error,Low,Resolved,DFW
IN0004434,FL0008335,AC00747,2026-03-19 21:59:00,Weather Alert,Low,Resolved,ORD
IN0004435,FL0014787,AC00380,2026-05-29 02:52:00,Hydraulic Leak,High,Closed,LAX
IN0004436,FL0012688,AC00728,2026-01-13 20:00:00,Navigation Error,Medium,Investigating,LHR
IN0004437,FL0003355,AC00784,2026-06-16 01:50:00,Brake Issue,Low,Resolved,SFO
IN0004438,FL0006829,AC00156,2026-04-23 02:28:00,Weather Alert,High,Closed,MIA
IN0004439,FL0005262,AC01144,2026-01-30 05:55:00,Hydraulic Leak,Low,Investigating,SIN
IN0004440,FL0009586,AC00198,2026-03-13 14:21:00,Bird Strike,Medium,Resolved,BOS
IN0004441,FL0009028,AC00691,2026-03-09 12:20:00,Navigation Error,Low,Closed,SEA
IN0004442,FL0010103,AC00512,2026-05-19 01:18:00,Brake Issue,Medium,Closed,LHR
IN0004443,FL0013597,AC01035,2026-01-20 14:30:00,Hydraulic Leak,Medium,Investigating,ATL
IN0004444,FL0010250,AC01137,2026-02-25 00:25:00,Navigation Error,Medium,Investigating,JFK
IN0004445,FL0010284,AC00067,2026-04-29 22:05:00,Turbulence,Low,Closed,JFK
IN0004446,FL0009571,AC00987,2026-04-20 20:43:00,Engine Alert,Medium,Resolved,DFW
IN0004447,FL0005496,AC00093,2026-01-21 08:49:00,Brake Issue,Medium,Resolved,BOS
IN0004448,FL0006859,AC00313,2026-06-05 04:57:00,Bird Strike,High,Open,BOS
IN0004449,FL0006966,AC00051,2026-04-19 04:24:00,Brake Issue,Low,Open,DXB
IN0004450,FL0000877,AC00556,2026-02-21 18:21:00,Engine Alert,Medium,Closed,DEL
IN0004451,FL0013502,AC00363,2026-02-27 19:25:00,Engine Alert,Medium,Open,ORD
IN0004452,FL0008570,AC00367,2026-03-23 19:23:00,Brake Issue,Low,Resolved,DEL
IN0004453,FL0007008,AC00272,2026-05-25 22:12:00,Hydraulic Leak,Medium,Investigating,SEA
IN0004454,FL0011683,AC00555,2026-01-14 20:13:00,Navigation Error,Low,Open,BLR
IN0004455,FL0000099,AC00159,2026-01-29 09:54:00,Brake Issue,Low,Resolved,SFO
IN0004456,FL0008194,AC00331,2026-04-29 10:51:00,Navigation Error,Low,Open,ATL
IN0004457,FL0008778,AC00693,2026-02-12 04:23:00,Weather Alert,Low,Resolved,SFO
IN0004458,FL0002270,AC00194,2026-04-28 05:03:00,Brake Issue,Medium,Closed,DFW
IN0004459,FL0009327,AC00796,2026-03-17 19:22:00,Navigation Error,Low,Open,LAX
IN0004460,FL0009007,AC00178,2026-04-14 06:27:00,Brake Issue,Medium,Investigating,DFW
IN0004461,FL0001154,AC00020,2026-04-07 07:12:00,Turbulence,Critical,Investigating,LHR
IN0004462,FL0009540,AC00495,2026-03-24 06:00:00,Weather Alert,Low,Open,MIA
IN0004463,FL0007786,AC01067,2026-05-18 14:08:00,Bird Strike,Critical,Open,SEA
IN0004464,FL0004432,AC00607,2026-01-04 01:55:00,Navigation Error,Low,Open,LHR
IN0004465,FL0007405,AC01111,2026-01-13 19:16:00,Navigation Error,High,Open,DEN
IN0004466,FL0004501,AC00047,2026-05-23 02:41:00,Navigation Error,Low,Open,DEL
IN0004467,FL0004002,AC01155,2026-04-27 04:08:00,Navigation Error,Medium,Open,DEL
IN0004468,FL0008198,AC00157,2026-02-24 18:10:00,Navigation Error,Low,Investigating,ORD
IN0004469,FL0004441,AC00527,2026-06-16 08:35:00,Turbulence,Low,Resolved,DXB
IN0004470,FL0000798,AC00239,2026-02-08 00:36:00,Turbulence,Critical,Resolved,LHR
IN0004471,FL0014853,AC00101,2026-05-23 01:26:00,Turbulence,Low,Investigating,SFO
IN0004472,FL0001001,AC00476,2026-06-01 14:48:00,Bird Strike,High,Closed,DFW
IN0004473,FL0004791,AC00122,2026-02-11 09:00:00,Navigation Error,Critical,Investigating,SFO
IN0004474,FL0001056,AC00042,2026-06-23 11:13:00,Turbulence,Low,Closed,JFK
IN0004475,FL0012568,AC00806,2026-04-11 01:54:00,Weather Alert,Low,Resolved,DEL
IN0004476,FL0002310,AC00315,2026-03-24 01:58:00,Weather Alert,Medium,Closed,DXB
IN0004477,FL0013067,AC00783,2026-01-23 05:48:00,Hydraulic Leak,High,Investigating,MIA
IN0004478,FL0010100,AC00132,2026-03-23 17:58:00,Weather Alert,Low,Resolved,DEN
IN0004479,FL0006812,AC00998,2026-04-17 15:44:00,Bird Strike,High,Investigating,DFW
IN0004480,FL0013265,AC00528,2026-03-16 12:58:00,Hydraulic Leak,Medium,Resolved,DEN
IN0004481,FL0006858,AC01022,2026-01-22 18:41:00,Navigation Error,Medium,Resolved,DEN
IN0004482,FL0009218,AC00916,2026-04-08 16:56:00,Weather Alert,High,Resolved,LAX
IN0004483,FL0001918,AC00530,2026-06-29 09:40:00,Weather Alert,Medium,Resolved,LHR
IN0004484,FL0002656,AC00858,2026-06-12 20:45:00,Brake Issue,High,Resolved,BLR
IN0004485,FL0009811,AC00107,2026-06-15 06:58:00,Turbulence,Low,Closed,DFW
IN0004486,FL0011630,AC00702,2026-03-15 23:05:00,Weather Alert,Low,Investigating,JFK
IN0004487,FL0010182,AC00945,2026-04-07 06:49:00,Weather Alert,Medium,Closed,BOS
IN0004488,FL0011139,AC00397,2026-01-01 06:59:00,Weather Alert,Medium,Closed,LAX
IN0004489,FL0006290,AC01128,2026-04-03 14:15:00,Brake Issue,High,Investigating,MIA
IN0004490,FL0008051,AC01180,2026-03-03 06:15:00,Hydraulic Leak,Low,Resolved,LHR
IN0004491,FL0013663,AC00438,2026-04-12 07:36:00,Weather Alert,Medium,Investigating,SIN
IN0004492,FL0003117,AC00155,2026-06-05 05:04:00,Engine Alert,High,Resolved,DEN
IN0004493,FL0011075,AC01145,2026-05-19 00:27:00,Bird Strike,Low,Open,DEN
IN0004494,FL0001850,AC00604,2026-04-26 21:51:00,Brake Issue,Low,Resolved,DEN
IN0004495,FL0003376,AC00527,2026-04-25 12:29:00,Navigation Error,Medium,Resolved,DXB
IN0004496,FL0013128,AC01165,2026-03-22 05:21:00,Hydraulic Leak,Low,Resolved,JFK
IN0004497,FL0001942,AC00887,2026-03-21 07:03:00,Engine Alert,Low,Investigating,LHR
IN0004498,FL0010024,AC00820,2026-01-09 08:24:00,Brake Issue,Low,Closed,SFO
IN0004499,FL0008639,AC00809,2026-06-15 04:37:00,Turbulence,Low,Investigating,DFW
IN0004500,FL0013083,AC00659,2026-04-20 14:40:00,Hydraulic Leak,Low,Resolved,LHR
IN0004501,FL0006656,AC00114,2026-03-12 06:36:00,Brake Issue,Low,Open,MIA
IN0004502,FL0005628,AC00860,2026-06-22 13:28:00,Weather Alert,Low,Open,LAX
IN0004503,FL0003093,AC00107,2026-06-26 07:55:00,Hydraulic Leak,Low,Open,JFK
IN0004504,FL0009805,AC00405,2026-05-20 12:30:00,Brake Issue,Low,Open,BOS
IN0004505,FL0008243,AC00262,2026-04-12 23:31:00,Weather Alert,Low,Investigating,SEA
IN0004506,FL0007678,AC00182,2026-04-23 23:45:00,Engine Alert,Low,Closed,ORD
IN0004507,FL0011644,AC01051,2026-03-29 02:48:00,Turbulence,Low,Closed,LAX
IN0004508,FL0014635,AC00811,2026-05-19 10:28:00,Turbulence,Medium,Investigating,DXB
IN0004509,FL0004661,AC01022,2026-03-28 00:29:00,Bird Strike,Medium,Resolved,SIN
IN0004510,FL0004435,AC00561,2026-01-19 12:22:00,Turbulence,Medium,Investigating,DEN
IN0004511,FL0012875,AC00775,2026-04-10 20:45:00,Navigation Error,Low,Resolved,DFW
IN0004512,FL0007670,AC00619,2026-05-19 10:07:00,Brake Issue,Medium,Investigating,DEN
IN0004513,FL0012292,AC00305,2026-03-09 04:31:00,Brake Issue,High,Closed,JFK
IN0004514,FL0003802,AC00718,2026-04-15 17:12:00,Weather Alert,Low,Open,SIN
IN0004515,FL0002479,AC00263,2026-06-09 23:48:00,Navigation Error,Low,Investigating,SIN
IN0004516,FL0005786,AC00898,2026-01-12 10:24:00,Brake Issue,Medium,Resolved,DEL
IN0004517,FL0013002,AC00374,2026-02-05 13:38:00,Engine Alert,Low,Resolved,DEL
IN0004518,FL0013396,AC00955,2026-05-11 03:09:00,Bird Strike,Low,Resolved,ORD
IN0004519,FL0011872,AC00415,2026-04-23 19:30:00,Navigation Error,High,Closed,LHR
IN0004520,FL0014021,AC00009,2026-05-07 21:38:00,Engine Alert,Medium,Open,LAX
IN0004521,FL0000102,AC01200,2026-03-08 01:59:00,Bird Strike,Low,Open,ORD
IN0004522,FL0009095,AC00814,2026-03-12 15:34:00,Brake Issue,Medium,Open,LAX
IN0004523,FL0005886,AC00572,2026-05-15 02:46:00,Brake Issue,Medium,Resolved,JFK
IN0004524,FL0002126,AC00436,2026-01-20 13:24:00,Bird Strike,Low,Closed,DXB
IN0004525,FL0004903,AC01113,2026-06-01 17:19:00,Navigation Error,Low,Resolved,MIA
IN0004526,FL0006858,AC00657,2026-02-13 07:06:00,Hydraulic Leak,High,Resolved,DEL
IN0004527,FL0003285,AC01137,2026-02-03 21:30:00,Bird Strike,Low,Investigating,LAX
IN0004528,FL0005970,AC00038,2026-06-18 05:44:00,Navigation Error,High,Resolved,ATL
IN0004529,FL0004025,AC00945,2026-05-22 13:03:00,Engine Alert,High,Closed,ORD
IN0004530,FL0008455,AC00476,2026-04-23 14:53:00,Weather Alert,Low,Resolved,DFW
IN0004531,FL0001589,AC00580,2026-05-26 16:11:00,Brake Issue,High,Open,MIA
IN0004532,FL0001896,AC00140,2026-02-15 09:24:00,Brake Issue,Low,Resolved,DFW
IN0004533,FL0011061,AC00186,2026-04-04 04:07:00,Weather Alert,Low,Investigating,LHR
IN0004534,FL0004929,AC00615,2026-03-23 06:39:00,Navigation Error,Low,Closed,MIA
IN0004535,FL0010395,AC00227,2026-03-09 06:33:00,Brake Issue,Medium,Closed,ORD
IN0004536,FL0007452,AC00661,2026-06-09 00:41:00,Navigation Error,Medium,Investigating,JFK
IN0004537,FL0000676,AC00812,2026-06-09 03:07:00,Brake Issue,Medium,Investigating,SEA
IN0004538,FL0006786,AC00769,2026-03-04 07:40:00,Bird Strike,Medium,Resolved,DFW
IN0004539,FL0014619,AC00708,2026-05-04 18:38:00,Weather Alert,Medium,Investigating,JFK
IN0004540,FL0006586,AC00693,2026-04-10 09:02:00,Navigation Error,High,Open,DEN
IN0004541,FL0000095,AC01048,2026-06-06 20:11:00,Navigation Error,High,Closed,DXB
IN0004542,FL0006537,AC00605,2026-04-25 00:54:00,Engine Alert,Low,Open,DEN
IN0004543,FL0011463,AC00306,2026-05-08 09:52:00,Hydraulic Leak,Low,Investigating,JFK
IN0004544,FL0005374,AC00662,2026-05-15 23:50:00,Brake Issue,High,Resolved,ORD
IN0004545,FL0003120,AC00049,2026-06-12 12:08:00,Weather Alert,High,Open,LAX
IN0004546,FL0011244,AC01013,2026-01-25 20:29:00,Weather Alert,Low,Investigating,SEA
IN0004547,FL0012414,AC00627,2026-03-05 23:08:00,Engine Alert,Low,Open,SEA
IN0004548,FL0012862,AC00713,2026-02-19 08:01:00,Turbulence,Low,Open,LHR
IN0004549,FL0000617,AC00934,2026-03-30 19:50:00,Navigation Error,Medium,Closed,DFW
IN0004550,FL0004912,AC00500,2026-02-11 01:47:00,Bird Strike,Low,Open,LHR
IN0004551,FL0011718,AC00821,2026-04-10 12:19:00,Turbulence,Medium,Open,SEA
IN0004552,FL0013405,AC00014,2026-05-02 16:37:00,Weather Alert,High,Closed,DXB
IN0004553,FL0009734,AC00694,2026-04-14 13:38:00,Weather Alert,Medium,Open,SIN
IN0004554,FL0014569,AC00831,2026-06-26 08:00:00,Navigation Error,Low,Resolved,SEA
IN0004555,FL0013691,AC00384,2026-05-29 07:14:00,Brake Issue,Low,Investigating,LHR
IN0004556,FL0003995,AC00942,2026-02-05 14:57:00,Hydraulic Leak,Low,Open,LAX
IN0004557,FL0013441,AC00319,2026-02-22 06:59:00,Hydraulic Leak,Medium,Open,BLR
IN0004558,FL0009304,AC00506,2026-03-17 12:24:00,Turbulence,High,Resolved,ATL
IN0004559,FL0005925,AC00364,2026-06-30 19:41:00,Engine Alert,Low,Resolved,LHR
IN0004560,FL0013780,AC00722,2026-04-12 20:01:00,Engine Alert,Medium,Investigating,LHR
IN0004561,FL0005251,AC00640,2026-05-11 03:40:00,Bird Strike,Medium,Closed,LHR
IN0004562,FL0009068,AC00047,2026-05-06 17:58:00,Navigation Error,Medium,Open,SFO
IN0004563,FL0010216,AC00831,2026-04-04 02:48:00,Turbulence,Low,Closed,BLR
IN0004564,FL0004023,AC00842,2026-01-04 11:36:00,Weather Alert,Medium,Resolved,DXB
IN0004565,FL0001215,AC01146,2026-01-10 02:55:00,Brake Issue,Low,Resolved,LAX
IN0004566,FL0000092,AC00928,2026-05-02 18:32:00,Bird Strike,High,Resolved,SFO
IN0004567,FL0006876,AC00571,2026-03-12 17:32:00,Bird Strike,Low,Closed,ORD
IN0004568,FL0014176,AC00837,2026-02-05 16:50:00,Turbulence,Low,Open,LHR
IN0004569,FL0012556,AC00011,2026-06-30 03:26:00,Navigation Error,Low,Investigating,DFW
IN0004570,FL0009647,AC00307,2026-05-05 23:27:00,Bird Strike,Low,Open,LAX
IN0004571,FL0013910,AC00945,2026-01-11 19:39:00,Hydraulic Leak,Medium,Open,MIA
IN0004572,FL0000967,AC01183,2026-06-27 11:51:00,Engine Alert,Low,Resolved,LHR
IN0004573,FL0000864,AC00333,2026-02-22 07:17:00,Bird Strike,Low,Resolved,DXB
IN0004574,FL0013772,AC00177,2026-01-28 00:10:00,Brake Issue,Low,Open,DFW
IN0004575,FL0005964,AC00958,2026-01-16 15:14:00,Brake Issue,Critical,Open,LHR
IN0004576,FL0001680,AC00490,2026-04-06 09:47:00,Brake Issue,High,Resolved,ORD
IN0004577,FL0003186,AC00310,2026-06-14 19:48:00,Brake Issue,High,Investigating,SFO
IN0004578,FL0014198,AC00949,2026-04-04 06:26:00,Engine Alert,Low,Open,LAX
IN0004579,FL0010789,AC00952,2026-04-27 21:42:00,Brake Issue,Medium,Investigating,SEA
IN0004580,FL0000175,AC00986,2026-05-15 18:15:00,Brake Issue,High,Resolved,BOS
IN0004581,FL0006677,AC00858,2026-04-10 19:44:00,Engine Alert,Medium,Investigating,DXB
IN0004582,FL0008813,AC00104,2026-02-26 15:35:00,Navigation Error,Medium,Investigating,DEL
IN0004583,FL0000863,AC00763,2026-03-06 06:30:00,Weather Alert,High,Resolved,SIN
IN0004584,FL0009230,AC01152,2026-03-03 01:12:00,Weather Alert,Low,Investigating,DEL
IN0004585,FL0011622,AC00189,2026-03-24 06:05:00,Engine Alert,Critical,Investigating,SFO
IN0004586,FL0010027,AC00127,2026-02-14 11:26:00,Turbulence,Critical,Open,LAX
IN0004587,FL0013163,AC00535,2026-06-14 06:21:00,Turbulence,Low,Investigating,SIN
IN0004588,FL0001519,AC00927,2026-06-26 01:12:00,Brake Issue,Medium,Investigating,DEN
IN0004589,FL0010443,AC00381,2026-06-28 22:25:00,Hydraulic Leak,High,Investigating,DEN
IN0004590,FL0000863,AC00121,2026-05-01 21:10:00,Brake Issue,Low,Open,LHR
IN0004591,FL0014424,AC01076,2026-06-09 08:45:00,Hydraulic Leak,Medium,Investigating,MIA
IN0004592,FL0007908,AC00206,2026-01-12 14:46:00,Engine Alert,Low,Closed,MIA
IN0004593,FL0010422,AC00699,2026-01-23 14:14:00,Weather Alert,Medium,Resolved,DFW
IN0004594,FL0000726,AC00075,2026-06-25 09:49:00,Brake Issue,Low,Open,DEN
IN0004595,FL0008360,AC00878,2026-06-05 04:28:00,Engine Alert,Low,Investigating,LHR
IN0004596,FL0012313,AC00853,2026-04-22 12:56:00,Weather Alert,Low,Open,DFW
IN0004597,FL0008144,AC00571,2026-04-08 09:28:00,Turbulence,Medium,Investigating,DXB
IN0004598,FL0006989,AC00486,2026-03-25 15:15:00,Turbulence,High,Closed,DEN
IN0004599,FL0008854,AC00775,2026-06-22 22:24:00,Bird Strike,Low,Resolved,DEN
IN0004600,FL0004099,AC01165,2026-02-10 23:19:00,Weather Alert,High,Open,DFW
IN0004601,FL0002127,AC00821,2026-03-21 06:27:00,Turbulence,Low,Closed,BOS
IN0004602,FL0000641,AC00698,2026-06-20 04:54:00,Navigation Error,Low,Closed,SFO
IN0004603,FL0013863,AC00823,2026-05-26 15:20:00,Turbulence,Low,Resolved,ORD
IN0004604,FL0010122,AC00413,2026-04-08 02:22:00,Navigation Error,Low,Open,BLR
IN0004605,FL0007752,AC00137,2026-06-10 03:04:00,Engine Alert,High,Open,SIN
IN0004606,FL0014419,AC00774,2026-06-18 14:30:00,Engine Alert,Medium,Open,ORD
IN0004607,FL0008029,AC00617,2026-03-05 04:03:00,Weather Alert,Critical,Closed,LAX
IN0004608,FL0006749,AC00464,2026-04-12 17:59:00,Bird Strike,Low,Closed,SEA
IN0004609,FL0008658,AC00007,2026-05-30 18:20:00,Engine Alert,Low,Investigating,DEN
IN0004610,FL0011422,AC00889,2026-03-21 04:05:00,Weather Alert,High,Resolved,SFO
IN0004611,FL0005147,AC00287,2026-01-07 08:09:00,Turbulence,High,Closed,BOS
IN0004612,FL0011863,AC00508,2026-06-28 22:26:00,Bird Strike,High,Closed,SEA
IN0004613,FL0002628,AC00950,2026-02-26 15:40:00,Navigation Error,Low,Investigating,ATL
IN0004614,FL0001625,AC00596,2026-03-19 08:04:00,Weather Alert,Medium,Open,LHR
IN0004615,FL0007303,AC00839,2026-01-03 12:54:00,Hydraulic Leak,High,Open,SIN
IN0004616,FL0013651,AC00139,2026-02-26 04:32:00,Turbulence,Low,Resolved,DXB
IN0004617,FL0001762,AC00023,2026-02-19 20:19:00,Brake Issue,Low,Resolved,BOS
IN0004618,FL0007194,AC00285,2026-03-23 15:48:00,Weather Alert,Medium,Investigating,LHR
IN0004619,FL0013661,AC01156,2026-04-24 12:04:00,Weather Alert,Low,Open,DEL
IN0004620,FL0003775,AC01176,2026-05-13 09:56:00,Weather Alert,Medium,Open,ORD
IN0004621,FL0001744,AC00613,2026-02-02 07:10:00,Bird Strike,Medium,Open,JFK
IN0004622,FL0012030,AC00556,2026-02-01 10:03:00,Bird Strike,High,Closed,DEN
IN0004623,FL0014726,AC01075,2026-04-18 12:14:00,Engine Alert,Medium,Closed,ATL
IN0004624,FL0001442,AC00829,2026-01-14 21:20:00,Hydraulic Leak,High,Closed,DXB
IN0004625,FL0003358,AC00128,2026-05-11 04:16:00,Bird Strike,Low,Closed,MIA
IN0004626,FL0006252,AC00968,2026-06-18 13:17:00,Brake Issue,Low,Investigating,DEN
IN0004627,FL0001164,AC01132,2026-05-10 23:16:00,Brake Issue,Low,Closed,ATL
IN0004628,FL0008193,AC01117,2026-02-15 20:19:00,Turbulence,Low,Closed,SIN
IN0004629,FL0003632,AC00561,2026-05-11 16:54:00,Weather Alert,Low,Investigating,BOS
IN0004630,FL0009463,AC01084,2026-02-21 03:14:00,Turbulence,Low,Investigating,DEL
IN0004631,FL0003628,AC01004,2026-06-08 23:24:00,Weather Alert,High,Investigating,SEA
IN0004632,FL0006859,AC01144,2026-04-19 15:31:00,Weather Alert,High,Closed,BOS
IN0004633,FL0010115,AC01112,2026-06-04 15:33:00,Hydraulic Leak,Low,Open,ORD
IN0004634,FL0013031,AC00565,2026-05-25 07:13:00,Turbulence,Low,Closed,DFW
IN0004635,FL0012020,AC01114,2026-05-09 02:49:00,Bird Strike,Medium,Resolved,DFW
IN0004636,FL0009480,AC00113,2026-02-01 00:27:00,Brake Issue,Low,Investigating,BOS
IN0004637,FL0014123,AC01139,2026-01-24 17:58:00,Brake Issue,Low,Resolved,BLR
IN0004638,FL0011845,AC00652,2026-01-02 11:33:00,Weather Alert,Medium,Investigating,JFK
IN0004639,FL0003762,AC00012,2026-05-14 13:48:00,Weather Alert,Low,Closed,DFW
IN0004640,FL0006371,AC00820,2026-04-04 21:11:00,Hydraulic Leak,Low,Open,MIA
IN0004641,FL0000736,AC00007,2026-04-24 09:14:00,Engine Alert,Low,Open,LHR
IN0004642,FL0005574,AC00228,2026-05-09 05:20:00,Navigation Error,Medium,Closed,DEN
IN0004643,FL0001331,AC00265,2026-01-09 03:43:00,Navigation Error,Low,Open,SFO
IN0004644,FL0002292,AC01020,2026-06-18 11:09:00,Bird Strike,Low,Resolved,DEL
IN0004645,FL0007515,AC00973,2026-01-03 01:42:00,Brake Issue,Low,Open,LHR
IN0004646,FL0002199,AC00552,2026-02-08 07:13:00,Weather Alert,High,Open,ATL
IN0004647,FL0014150,AC00058,2026-03-25 17:46:00,Hydraulic Leak,High,Open,DEL
IN0004648,FL0006936,AC00115,2026-02-06 23:04:00,Bird Strike,Low,Resolved,LHR
IN0004649,FL0012105,AC00662,2026-03-20 10:07:00,Turbulence,High,Open,SEA
IN0004650,FL0005416,AC00924,2026-03-19 09:22:00,Navigation Error,Medium,Closed,MIA
IN0004651,FL0001011,AC00749,2026-05-16 05:20:00,Engine Alert,Medium,Closed,DEN
IN0004652,FL0000187,AC00808,2026-03-21 08:28:00,Navigation Error,Low,Resolved,DEN
IN0004653,FL0004305,AC00942,2026-01-19 11:51:00,Navigation Error,Low,Open,BOS
IN0004654,FL0001459,AC00060,2026-02-03 15:03:00,Engine Alert,Medium,Resolved,LHR
IN0004655,FL0014045,AC00052,2026-06-22 04:29:00,Navigation Error,Medium,Resolved,JFK
IN0004656,FL0011689,AC00997,2026-05-25 18:37:00,Turbulence,Low,Investigating,BOS
IN0004657,FL0010399,AC00267,2026-04-12 15:10:00,Navigation Error,Low,Investigating,LHR
IN0004658,FL0011029,AC01062,2026-04-07 15:34:00,Brake Issue,Low,Investigating,SFO
IN0004659,FL0002164,AC00763,2026-05-04 20:03:00,Brake Issue,High,Resolved,JFK
IN0004660,FL0001181,AC00734,2026-06-13 12:11:00,Weather Alert,Medium,Resolved,DXB
IN0004661,FL0001477,AC00285,2026-01-10 08:02:00,Weather Alert,Medium,Resolved,BOS
IN0004662,FL0012581,AC00802,2026-06-22 11:03:00,Bird Strike,Medium,Closed,DFW
IN0004663,FL0007865,AC00884,2026-03-12 04:29:00,Navigation Error,Medium,Investigating,DEN
IN0004664,FL0001696,AC00392,2026-06-26 16:33:00,Brake Issue,Medium,Closed,DXB
IN0004665,FL0011971,AC00684,2026-01-06 15:38:00,Navigation Error,Low,Resolved,SIN
IN0004666,FL0012137,AC00624,2026-05-24 07:03:00,Weather Alert,Low,Investigating,SEA
IN0004667,FL0007502,AC01041,2026-01-21 13:29:00,Engine Alert,Low,Resolved,BOS
IN0004668,FL0004379,AC00182,2026-06-08 05:48:00,Bird Strike,Medium,Resolved,DEL
IN0004669,FL0008805,AC00046,2026-03-11 01:03:00,Bird Strike,Low,Closed,ATL
IN0004670,FL0009181,AC00363,2026-02-05 07:53:00,Navigation Error,Medium,Resolved,LHR
IN0004671,FL0002062,AC00702,2026-03-14 08:30:00,Bird Strike,Medium,Open,MIA
IN0004672,FL0006267,AC00645,2026-06-10 17:26:00,Hydraulic Leak,Medium,Resolved,BLR
IN0004673,FL0009202,AC00746,2026-04-22 08:04:00,Engine Alert,High,Closed,DFW
IN0004674,FL0008819,AC00722,2026-01-24 00:34:00,Weather Alert,High,Resolved,ATL
IN0004675,FL0007429,AC01149,2026-02-03 08:13:00,Weather Alert,Low,Investigating,BOS
IN0004676,FL0002445,AC00478,2026-05-05 09:02:00,Engine Alert,High,Resolved,MIA
IN0004677,FL0013789,AC00676,2026-06-14 20:09:00,Engine Alert,Low,Resolved,ATL
IN0004678,FL0014008,AC01095,2026-03-13 06:50:00,Bird Strike,High,Open,LAX
IN0004679,FL0012274,AC00815,2026-02-17 04:02:00,Bird Strike,Medium,Open,SEA
IN0004680,FL0005186,AC01029,2026-02-20 09:40:00,Hydraulic Leak,Medium,Resolved,ATL
IN0004681,FL0014474,AC00501,2026-04-12 08:45:00,Turbulence,Low,Open,LHR
IN0004682,FL0014624,AC00441,2026-05-23 14:10:00,Navigation Error,Low,Resolved,BLR
IN0004683,FL0012590,AC00460,2026-04-26 14:43:00,Weather Alert,High,Open,DEN
IN0004684,FL0007209,AC00153,2026-03-21 00:23:00,Brake Issue,Medium,Investigating,ATL
IN0004685,FL0010796,AC00113,2026-05-09 11:33:00,Hydraulic Leak,Low,Open,ORD
IN0004686,FL0007186,AC00264,2026-05-27 19:56:00,Engine Alert,Low,Investigating,JFK
IN0004687,FL0014807,AC00006,2026-06-10 04:46:00,Brake Issue,High,Investigating,SEA
IN0004688,FL0007292,AC01154,2026-04-11 17:21:00,Brake Issue,Low,Open,DEN
IN0004689,FL0014023,AC00612,2026-03-01 10:52:00,Engine Alert,Low,Open,BLR
IN0004690,FL0010748,AC00499,2026-05-08 04:35:00,Hydraulic Leak,Low,Open,BOS
IN0004691,FL0011159,AC00771,2026-01-17 21:20:00,Turbulence,Low,Closed,DEL
IN0004692,FL0003085,AC00001,2026-03-17 05:11:00,Bird Strike,Low,Closed,SEA
IN0004693,FL0011588,AC01135,2026-04-20 16:30:00,Engine Alert,Medium,Resolved,MIA
IN0004694,FL0003423,AC00323,2026-01-06 05:44:00,Weather Alert,Medium,Investigating,MIA
IN0004695,FL0012393,AC00100,2026-03-08 14:34:00,Weather Alert,High,Resolved,SFO
IN0004696,FL0004028,AC00088,2026-02-03 20:30:00,Hydraulic Leak,Low,Investigating,BLR
IN0004697,FL0013640,AC00621,2026-02-18 20:57:00,Hydraulic Leak,Medium,Closed,JFK
IN0004698,FL0008858,AC00955,2026-05-29 09:01:00,Brake Issue,Low,Open,LHR
IN0004699,FL0014968,AC00409,2026-04-17 02:27:00,Bird Strike,High,Open,BOS
IN0004700,FL0002405,AC00060,2026-04-20 10:41:00,Hydraulic Leak,Low,Open,BOS
IN0004701,FL0012611,AC00374,2026-04-13 21:51:00,Weather Alert,Medium,Investigating,BLR
IN0004702,FL0011920,AC00259,2026-06-03 08:11:00,Weather Alert,Low,Open,LHR
IN0004703,FL0009029,AC00188,2026-06-29 19:43:00,Engine Alert,Medium,Open,BLR
IN0004704,FL0012172,AC00677,2026-01-16 13:52:00,Turbulence,Medium,Resolved,LAX
IN0004705,FL0009236,AC01048,2026-06-08 05:42:00,Hydraulic Leak,Low,Investigating,DEN
IN0004706,FL0009370,AC00141,2026-06-28 00:31:00,Turbulence,Medium,Open,DFW
IN0004707,FL0010579,AC01168,2026-03-11 16:33:00,Turbulence,Low,Investigating,DXB
IN0004708,FL0011460,AC00725,2026-03-10 08:34:00,Bird Strike,Medium,Resolved,MIA
IN0004709,FL0009225,AC00542,2026-06-21 11:58:00,Bird Strike,Medium,Resolved,BLR
IN0004710,FL0008521,AC00452,2026-06-14 13:03:00,Engine Alert,Medium,Resolved,JFK
IN0004711,FL0000997,AC00643,2026-04-18 13:28:00,Turbulence,Low,Investigating,SIN
IN0004712,FL0001928,AC00420,2026-02-15 05:48:00,Weather Alert,High,Investigating,DXB
IN0004713,FL0001841,AC00404,2026-05-31 02:30:00,Brake Issue,Medium,Investigating,ORD
IN0004714,FL0006397,AC00279,2026-05-01 16:06:00,Turbulence,Low,Investigating,SEA
IN0004715,FL0001875,AC00580,2026-05-11 11:31:00,Navigation Error,Medium,Open,LAX
IN0004716,FL0008710,AC00393,2026-06-19 22:26:00,Hydraulic Leak,Low,Open,MIA
IN0004717,FL0004867,AC00178,2026-05-20 09:01:00,Brake Issue,High,Open,JFK
IN0004718,FL0005096,AC00770,2026-01-02 18:53:00,Navigation Error,Medium,Open,SEA
IN0004719,FL0000649,AC00049,2026-01-25 02:11:00,Turbulence,Low,Resolved,DEL
IN0004720,FL0014777,AC00473,2026-05-23 19:23:00,Bird Strike,Low,Resolved,ATL
IN0004721,FL0005471,AC00166,2026-03-11 03:34:00,Navigation Error,Medium,Open,DFW
IN0004722,FL0005118,AC00566,2026-06-29 20:13:00,Weather Alert,Low,Resolved,DEL
IN0004723,FL0007234,AC00951,2026-04-05 07:15:00,Hydraulic Leak,Low,Open,JFK
IN0004724,FL0010139,AC00255,2026-06-26 18:18:00,Hydraulic Leak,High,Open,LHR
IN0004725,FL0012270,AC00280,2026-03-31 05:13:00,Turbulence,High,Open,MIA
IN0004726,FL0006482,AC00755,2026-05-13 02:40:00,Bird Strike,Low,Open,DFW
IN0004727,FL0002704,AC00688,2026-02-28 06:36:00,Turbulence,Medium,Resolved,JFK
IN0004728,FL0011722,AC00336,2026-01-10 15:41:00,Engine Alert,Medium,Investigating,LAX
IN0004729,FL0005388,AC00349,2026-06-09 12:14:00,Hydraulic Leak,Low,Investigating,DXB
IN0004730,FL0000371,AC01022,2026-05-03 01:05:00,Hydraulic Leak,Low,Open,SFO
IN0004731,FL0012106,AC00050,2026-06-02 04:29:00,Hydraulic Leak,Medium,Resolved,DEN
IN0004732,FL0009609,AC00788,2026-05-18 21:10:00,Bird Strike,Low,Open,DFW
IN0004733,FL0009954,AC00950,2026-04-25 06:08:00,Navigation Error,Medium,Closed,ATL
IN0004734,FL0014890,AC00920,2026-01-15 20:35:00,Hydraulic Leak,Low,Resolved,DXB
IN0004735,FL0014188,AC00033,2026-04-19 04:36:00,Weather Alert,Medium,Closed,BLR
IN0004736,FL0004637,AC00851,2026-06-01 06:14:00,Bird Strike,Low,Investigating,LHR
IN0004737,FL0005891,AC00914,2026-06-21 05:06:00,Bird Strike,Low,Open,DEN
IN0004738,FL0013440,AC00589,2026-03-31 20:49:00,Brake Issue,Medium,Resolved,LHR
IN0004739,FL0004245,AC00444,2026-04-19 11:36:00,Turbulence,High,Closed,ATL
IN0004740,FL0002970,AC00650,2026-04-11 16:25:00,Turbulence,Low,Open,ATL
IN0004741,FL0008332,AC00888,2026-03-17 21:27:00,Navigation Error,Medium,Investigating,ATL
IN0004742,FL0006086,AC00898,2026-03-24 06:20:00,Navigation Error,Medium,Investigating,SIN
IN0004743,FL0007980,AC00498,2026-06-06 20:11:00,Navigation Error,Low,Closed,SFO
IN0004744,FL0002334,AC00261,2026-02-12 07:01:00,Hydraulic Leak,High,Investigating,ORD
IN0004745,FL0008775,AC00157,2026-04-14 00:41:00,Bird Strike,Low,Resolved,BLR
IN0004746,FL0007331,AC00792,2026-06-20 10:42:00,Brake Issue,Low,Closed,SFO
IN0004747,FL0013385,AC00908,2026-03-24 18:12:00,Navigation Error,Low,Open,DEL
IN0004748,FL0011293,AC00523,2026-05-16 00:47:00,Turbulence,Medium,Resolved,SEA
IN0004749,FL0010144,AC00008,2026-06-22 18:01:00,Brake Issue,Low,Resolved,SEA
IN0004750,FL0007052,AC01135,2026-03-08 04:24:00,Weather Alert,High,Resolved,SIN
IN0004751,FL0013256,AC00161,2026-01-08 03:39:00,Navigation Error,Low,Closed,ATL
IN0004752,FL0007910,AC00644,2026-02-08 11:30:00,Bird Strike,Medium,Resolved,DEN
IN0004753,FL0004499,AC00993,2026-06-18 16:31:00,Weather Alert,Low,Open,MIA
IN0004754,FL0011934,AC00811,2026-01-16 19:29:00,Turbulence,Low,Closed,JFK
IN0004755,FL0007806,AC00511,2026-01-06 02:43:00,Navigation Error,High,Open,BOS
IN0004756,FL0005574,AC00263,2026-02-23 10:44:00,Hydraulic Leak,Medium,Investigating,SIN
IN0004757,FL0009893,AC00566,2026-05-03 16:36:00,Bird Strike,Medium,Resolved,DXB
IN0004758,FL0009838,AC01073,2026-04-26 23:30:00,Turbulence,Medium,Closed,LAX
IN0004759,FL0002371,AC00817,2026-01-23 16:19:00,Navigation Error,Medium,Investigating,SEA
IN0004760,FL0010332,AC00607,2026-06-27 05:55:00,Hydraulic Leak,Medium,Closed,DFW
IN0004761,FL0004819,AC00054,2026-05-07 03:33:00,Bird Strike,Low,Closed,DEN
IN0004762,FL0010360,AC00297,2026-06-02 15:59:00,Brake Issue,Low,Closed,JFK
IN0004763,FL0012805,AC00885,2026-05-28 16:58:00,Bird Strike,Low,Resolved,DXB
IN0004764,FL0003331,AC00890,2026-03-11 20:25:00,Turbulence,Medium,Closed,ATL
IN0004765,FL0004213,AC00533,2026-05-17 05:22:00,Engine Alert,Low,Investigating,LAX
IN0004766,FL0004356,AC00300,2026-06-06 09:55:00,Brake Issue,Low,Open,DEN
IN0004767,FL0009171,AC00990,2026-01-23 03:46:00,Turbulence,Medium,Resolved,DFW
IN0004768,FL0012188,AC00146,2026-06-11 06:42:00,Brake Issue,Medium,Closed,JFK
IN0004769,FL0007263,AC00363,2026-04-02 16:05:00,Navigation Error,High,Open,MIA
IN0004770,FL0002420,AC00240,2026-03-10 20:44:00,Navigation Error,Low,Resolved,SEA
IN0004771,FL0012158,AC00734,2026-04-02 10:18:00,Engine Alert,High,Closed,LHR
IN0004772,FL0002777,AC00440,2026-01-25 21:07:00,Turbulence,Low,Closed,ATL
IN0004773,FL0002504,AC00651,2026-05-07 07:11:00,Bird Strike,Medium,Open,ORD
IN0004774,FL0002059,AC00458,2026-05-26 17:29:00,Weather Alert,High,Open,JFK
IN0004775,FL0009306,AC00915,2026-04-03 23:13:00,Weather Alert,Low,Closed,LHR
IN0004776,FL0011816,AC00322,2026-03-18 09:00:00,Turbulence,High,Investigating,ORD
IN0004777,FL0000396,AC00326,2026-04-08 20:13:00,Weather Alert,Medium,Resolved,SFO
IN0004778,FL0013558,AC00551,2026-02-15 04:01:00,Brake Issue,Low,Resolved,ATL
IN0004779,FL0014078,AC00105,2026-02-15 13:18:00,Turbulence,Medium,Resolved,ATL
IN0004780,FL0002501,AC00292,2026-03-12 23:20:00,Turbulence,High,Open,MIA
IN0004781,FL0006407,AC00482,2026-06-13 10:18:00,Brake Issue,Low,Open,ATL
IN0004782,FL0001691,AC01127,2026-02-24 21:38:00,Engine Alert,Low,Open,BOS
IN0004783,FL0011856,AC01189,2026-05-03 14:00:00,Bird Strike,High,Investigating,ATL
IN0004784,FL0013800,AC00889,2026-03-21 08:43:00,Navigation Error,High,Investigating,DFW
IN0004785,FL0012860,AC00221,2026-04-23 22:27:00,Weather Alert,Low,Open,JFK
IN0004786,FL0009940,AC00074,2026-03-17 07:01:00,Bird Strike,Low,Open,MIA
IN0004787,FL0002096,AC00019,2026-02-01 03:36:00,Weather Alert,Low,Open,SFO
IN0004788,FL0008963,AC00797,2026-06-13 14:43:00,Weather Alert,Medium,Investigating,BOS
IN0004789,FL0002460,AC00126,2026-03-18 22:29:00,Hydraulic Leak,Low,Investigating,DXB
IN0004790,FL0011653,AC00590,2026-06-26 00:27:00,Engine Alert,Low,Closed,MIA
IN0004791,FL0000260,AC00304,2026-02-24 22:49:00,Brake Issue,Critical,Investigating,BOS
IN0004792,FL0008482,AC00261,2026-04-27 11:44:00,Weather Alert,Low,Resolved,DFW
IN0004793,FL0003983,AC00277,2026-02-16 13:35:00,Weather Alert,Low,Open,DEL
IN0004794,FL0011491,AC01089,2026-06-22 00:15:00,Engine Alert,Low,Investigating,SEA
IN0004795,FL0011047,AC00265,2026-05-18 19:42:00,Bird Strike,Low,Open,BLR
IN0004796,FL0007802,AC00075,2026-06-07 11:52:00,Weather Alert,Low,Closed,SEA
IN0004797,FL0007986,AC00597,2026-02-19 03:48:00,Navigation Error,Medium,Closed,DFW
IN0004798,FL0000862,AC00163,2026-06-19 19:38:00,Brake Issue,Medium,Open,LHR
IN0004799,FL0007717,AC00263,2026-05-20 22:39:00,Hydraulic Leak,Medium,Investigating,BOS
IN0004800,FL0003493,AC00033,2026-04-28 11:07:00,Turbulence,Low,Closed,SFO
IN0004801,FL0005579,AC00718,2026-04-04 18:17:00,Weather Alert,Low,Resolved,LAX
IN0004802,FL0010551,AC01057,2026-02-03 19:36:00,Brake Issue,High,Closed,LAX
IN0004803,FL0000899,AC01135,2026-06-05 17:48:00,Hydraulic Leak,High,Investigating,SEA
IN0004804,FL0003474,AC00618,2026-06-05 03:46:00,Bird Strike,Low,Open,ORD
IN0004805,FL0005770,AC00853,2026-06-10 10:17:00,Weather Alert,Low,Closed,MIA
IN0004806,FL0003765,AC00457,2026-02-05 02:29:00,Weather Alert,High,Open,LHR
IN0004807,FL0005693,AC00289,2026-04-13 09:34:00,Bird Strike,Medium,Closed,SIN
IN0004808,FL0012889,AC00914,2026-04-16 03:20:00,Engine Alert,Low,Open,ATL
IN0004809,FL0003253,AC00807,2026-04-20 02:23:00,Bird Strike,Medium,Closed,JFK
IN0004810,FL0006512,AC00550,2026-04-25 02:08:00,Weather Alert,Low,Resolved,SIN
IN0004811,FL0009265,AC00979,2026-03-14 09:34:00,Navigation Error,Low,Resolved,LAX
IN0004812,FL0002217,AC00918,2026-01-12 14:50:00,Navigation Error,Low,Open,LHR
IN0004813,FL0011801,AC00018,2026-04-19 15:48:00,Navigation Error,Low,Resolved,DFW
IN0004814,FL0011673,AC00793,2026-03-19 01:31:00,Engine Alert,Low,Investigating,SFO
IN0004815,FL0013385,AC00549,2026-01-07 23:50:00,Hydraulic Leak,Low,Resolved,LAX
IN0004816,FL0014654,AC00160,2026-03-31 06:25:00,Weather Alert,Low,Closed,MIA
IN0004817,FL0005628,AC00673,2026-02-09 20:42:00,Weather Alert,Low,Resolved,JFK
IN0004818,FL0012516,AC00426,2026-06-30 00:13:00,Hydraulic Leak,Medium,Closed,BOS
IN0004819,FL0008866,AC00350,2026-02-12 02:56:00,Engine Alert,Medium,Closed,DXB
IN0004820,FL0011155,AC00585,2026-01-07 08:20:00,Engine Alert,Low,Closed,BLR
IN0004821,FL0011988,AC00096,2026-02-07 09:49:00,Turbulence,Low,Open,DXB
IN0004822,FL0009923,AC00721,2026-05-28 21:00:00,Weather Alert,Low,Open,LAX
IN0004823,FL0001926,AC00484,2026-05-31 13:53:00,Turbulence,Low,Resolved,DXB
IN0004824,FL0003861,AC00749,2026-03-20 02:20:00,Weather Alert,Critical,Closed,SFO
IN0004825,FL0013030,AC01012,2026-04-10 16:25:00,Brake Issue,Medium,Resolved,DEL
IN0004826,FL0002890,AC00919,2026-05-26 22:50:00,Engine Alert,Low,Closed,DFW
IN0004827,FL0010953,AC00981,2026-03-28 02:30:00,Weather Alert,Medium,Closed,ORD
IN0004828,FL0012098,AC01060,2026-02-21 14:11:00,Hydraulic Leak,Medium,Resolved,DXB
IN0004829,FL0000305,AC00900,2026-01-25 01:01:00,Bird Strike,Medium,Closed,BOS
IN0004830,FL0004699,AC01050,2026-06-19 15:25:00,Weather Alert,Medium,Closed,SIN
IN0004831,FL0000733,AC00109,2026-02-26 19:14:00,Engine Alert,Low,Investigating,DEL
IN0004832,FL0004605,AC00803,2026-03-04 18:35:00,Brake Issue,Low,Open,DFW
IN0004833,FL0002374,AC00270,2026-06-02 01:58:00,Bird Strike,Low,Closed,DEL
IN0004834,FL0007380,AC00138,2026-04-11 17:05:00,Brake Issue,Medium,Closed,ATL
IN0004835,FL0003173,AC00407,2026-05-12 11:37:00,Navigation Error,Low,Open,MIA
IN0004836,FL0007925,AC00758,2026-06-15 20:49:00,Weather Alert,Low,Closed,LHR
IN0004837,FL0003001,AC00781,2026-03-28 10:52:00,Navigation Error,Medium,Investigating,BOS
IN0004838,FL0003031,AC00467,2026-03-16 07:31:00,Turbulence,Medium,Closed,DEL
IN0004839,FL0004571,AC00697,2026-05-18 10:21:00,Hydraulic Leak,Medium,Resolved,ATL
IN0004840,FL0002831,AC00005,2026-01-27 23:24:00,Engine Alert,Medium,Investigating,JFK
IN0004841,FL0012094,AC00613,2026-03-21 23:50:00,Bird Strike,High,Open,BLR
IN0004842,FL0005415,AC00090,2026-04-03 02:07:00,Brake Issue,Low,Closed,LHR
IN0004843,FL0010542,AC00224,2026-05-15 23:20:00,Bird Strike,Low,Resolved,DEN
IN0004844,FL0003240,AC00980,2026-04-06 23:18:00,Weather Alert,Low,Open,MIA
IN0004845,FL0008680,AC00570,2026-04-19 22:17:00,Turbulence,Low,Closed,BLR
IN0004846,FL0012206,AC00009,2026-01-13 15:46:00,Weather Alert,Low,Resolved,SFO
IN0004847,FL0007208,AC00576,2026-03-01 00:25:00,Brake Issue,High,Resolved,JFK
IN0004848,FL0005579,AC00346,2026-01-04 09:44:00,Navigation Error,Low,Closed,MIA
IN0004849,FL0008809,AC00372,2026-05-19 07:26:00,Bird Strike,Low,Investigating,BOS
IN0004850,FL0000026,AC00401,2026-01-01 10:11:00,Engine Alert,Low,Open,BLR
IN0004851,FL0004923,AC01123,2026-06-28 04:19:00,Hydraulic Leak,Low,Closed,JFK
IN0004852,FL0012055,AC00100,2026-05-14 23:30:00,Navigation Error,High,Closed,SIN
IN0004853,FL0011024,AC00048,2026-05-11 06:39:00,Turbulence,Critical,Resolved,ATL
IN0004854,FL0013241,AC00423,2026-03-04 18:00:00,Bird Strike,Low,Closed,DFW
IN0004855,FL0011690,AC00388,2026-03-29 04:35:00,Bird Strike,Medium,Open,SEA
IN0004856,FL0007043,AC00749,2026-02-28 07:37:00,Turbulence,Medium,Open,JFK
IN0004857,FL0012438,AC00906,2026-02-12 14:48:00,Turbulence,Medium,Open,DEL
IN0004858,FL0000829,AC00822,2026-05-22 21:15:00,Engine Alert,Low,Closed,JFK
IN0004859,FL0000110,AC00135,2026-02-14 11:44:00,Weather Alert,Low,Closed,SFO
IN0004860,FL0000761,AC00643,2026-04-19 16:50:00,Turbulence,Low,Closed,DEN
IN0004861,FL0010207,AC00170,2026-05-19 00:59:00,Turbulence,Low,Investigating,DEL
IN0004862,FL0011692,AC00545,2026-03-30 23:19:00,Bird Strike,Low,Investigating,SIN
IN0004863,FL0014615,AC00790,2026-06-23 06:56:00,Engine Alert,Low,Investigating,LHR
IN0004864,FL0008892,AC00846,2026-03-16 15:53:00,Navigation Error,Medium,Closed,SIN
IN0004865,FL0013414,AC01119,2026-03-03 06:45:00,Hydraulic Leak,Low,Open,ATL
IN0004866,FL0014311,AC01062,2026-03-05 10:41:00,Weather Alert,Low,Closed,SFO
IN0004867,FL0011320,AC00821,2026-01-26 01:09:00,Brake Issue,Low,Investigating,ORD
IN0004868,FL0009793,AC00993,2026-05-31 01:40:00,Turbulence,Critical,Resolved,DEL
IN0004869,FL0011701,AC00827,2026-05-23 15:21:00,Brake Issue,Low,Open,SIN
IN0004870,FL0004846,AC00511,2026-03-01 13:38:00,Hydraulic Leak,High,Open,SIN
IN0004871,FL0006460,AC00786,2026-06-10 20:48:00,Turbulence,Critical,Investigating,SFO
IN0004872,FL0007480,AC00007,2026-02-26 11:31:00,Hydraulic Leak,Low,Resolved,BOS
IN0004873,FL0000329,AC00513,2026-05-27 07:36:00,Turbulence,Medium,Investigating,JFK
IN0004874,FL0010438,AC00685,2026-03-08 19:13:00,Hydraulic Leak,Low,Investigating,ORD
IN0004875,FL0004726,AC00042,2026-06-23 06:50:00,Brake Issue,Low,Closed,ORD
IN0004876,FL0001541,AC01005,2026-02-25 05:49:00,Hydraulic Leak,Low,Open,MIA
IN0004877,FL0004337,AC00166,2026-05-09 13:42:00,Weather Alert,Medium,Resolved,JFK
IN0004878,FL0011778,AC00092,2026-04-28 15:16:00,Navigation Error,Low,Investigating,LAX
IN0004879,FL0014348,AC00283,2026-02-12 14:02:00,Hydraulic Leak,Low,Investigating,DEN
IN0004880,FL0000675,AC00500,2026-03-07 17:12:00,Bird Strike,Low,Investigating,DXB
IN0004881,FL0005436,AC00551,2026-02-13 18:24:00,Hydraulic Leak,Low,Open,ORD
IN0004882,FL0004615,AC00873,2026-03-09 21:31:00,Bird Strike,Low,Resolved,ATL
IN0004883,FL0010659,AC00585,2026-03-08 16:22:00,Bird Strike,Medium,Resolved,MIA
IN0004884,FL0004807,AC00717,2026-03-09 20:34:00,Weather Alert,Low,Investigating,BLR
IN0004885,FL0007509,AC00145,2026-04-17 18:03:00,Engine Alert,Medium,Open,LAX
IN0004886,FL0014166,AC00999,2026-04-10 03:32:00,Engine Alert,Low,Closed,BOS
IN0004887,FL0005225,AC00313,2026-04-28 05:14:00,Bird Strike,High,Closed,JFK
IN0004888,FL0013619,AC00396,2026-06-11 04:01:00,Weather Alert,High,Closed,BLR
IN0004889,FL0001063,AC00089,2026-06-21 10:58:00,Engine Alert,High,Investigating,MIA
IN0004890,FL0010382,AC00633,2026-06-17 22:41:00,Hydraulic Leak,Low,Investigating,SFO
IN0004891,FL0003240,AC00250,2026-04-05 15:24:00,Engine Alert,Medium,Closed,ATL
IN0004892,FL0011765,AC00433,2026-06-13 07:18:00,Brake Issue,Low,Resolved,BLR
IN0004893,FL0006203,AC00550,2026-04-05 00:08:00,Navigation Error,Low,Closed,LAX
IN0004894,FL0014523,AC00737,2026-05-04 13:02:00,Brake Issue,Low,Closed,MIA
IN0004895,FL0011531,AC00467,2026-04-22 04:20:00,Turbulence,Low,Investigating,JFK
IN0004896,FL0001436,AC00991,2026-01-31 12:53:00,Navigation Error,Low,Resolved,ORD
IN0004897,FL0009217,AC00101,2026-06-09 23:50:00,Brake Issue,Low,Investigating,DXB
IN0004898,FL0013910,AC00589,2026-02-10 02:21:00,Weather Alert,Low,Investigating,LHR
IN0004899,FL0005916,AC01146,2026-04-12 17:51:00,Turbulence,Medium,Closed,DFW
IN0004900,FL0001893,AC00409,2026-02-04 06:52:00,Engine Alert,Medium,Resolved,LHR
IN0004901,FL0010004,AC00130,2026-03-03 18:01:00,Hydraulic Leak,Medium,Resolved,MIA
IN0004902,FL0009831,AC00503,2026-02-20 15:43:00,Hydraulic Leak,Low,Closed,LHR
IN0004903,FL0006944,AC00650,2026-04-13 15:10:00,Bird Strike,Low,Investigating,DXB
IN0004904,FL0011959,AC00167,2026-06-05 04:53:00,Navigation Error,Low,Resolved,JFK
IN0004905,FL0005741,AC00881,2026-02-14 18:33:00,Engine Alert,Medium,Resolved,SFO
IN0004906,FL0005484,AC00288,2026-01-22 13:18:00,Hydraulic Leak,Low,Closed,JFK
IN0004907,FL0002423,AC00664,2026-03-16 06:17:00,Hydraulic Leak,Critical,Resolved,SEA
IN0004908,FL0011878,AC01133,2026-06-13 12:12:00,Weather Alert,Medium,Closed,DEN
IN0004909,FL0009801,AC00767,2026-06-18 21:31:00,Weather Alert,Low,Open,DFW
IN0004910,FL0008120,AC01194,2026-01-02 08:23:00,Turbulence,High,Investigating,SIN
IN0004911,FL0013271,AC00890,2026-06-13 06:50:00,Brake Issue,Critical,Investigating,DFW
IN0004912,FL0013223,AC00176,2026-06-03 01:32:00,Brake Issue,Medium,Open,ORD
IN0004913,FL0005051,AC00758,2026-02-21 08:07:00,Bird Strike,Low,Resolved,SIN
IN0004914,FL0014406,AC00792,2026-06-06 18:17:00,Bird Strike,Medium,Investigating,DEN
IN0004915,FL0007916,AC00342,2026-03-29 18:04:00,Engine Alert,High,Investigating,BLR
IN0004916,FL0005787,AC00248,2026-02-16 07:40:00,Turbulence,High,Investigating,ORD
IN0004917,FL0008852,AC00118,2026-05-05 23:18:00,Navigation Error,Medium,Resolved,BLR
IN0004918,FL0000593,AC01156,2026-01-21 18:25:00,Brake Issue,Low,Open,LAX
IN0004919,FL0012466,AC00303,2026-06-22 18:49:00,Hydraulic Leak,Low,Resolved,JFK
IN0004920,FL0001123,AC00740,2026-01-17 16:25:00,Weather Alert,Low,Resolved,BOS
IN0004921,FL0012951,AC00971,2026-01-18 08:49:00,Navigation Error,Low,Open,LHR
IN0004922,FL0008902,AC00766,2026-04-10 19:24:00,Turbulence,Medium,Closed,SIN
IN0004923,FL0011879,AC00799,2026-06-13 12:17:00,Engine Alert,High,Resolved,SFO
IN0004924,FL0013802,AC00511,2026-04-16 20:20:00,Navigation Error,High,Closed,DEL
IN0004925,FL0009936,AC00916,2026-04-14 15:17:00,Engine Alert,Medium,Closed,SEA
IN0004926,FL0014464,AC01144,2026-03-30 08:32:00,Turbulence,Low,Closed,DEN
IN0004927,FL0003544,AC01089,2026-03-06 03:39:00,Weather Alert,Medium,Open,DEL
IN0004928,FL0012208,AC01072,2026-04-22 13:28:00,Weather Alert,Low,Resolved,LAX
IN0004929,FL0013693,AC01066,2026-03-12 00:45:00,Hydraulic Leak,Low,Resolved,DEL
IN0004930,FL0006677,AC00534,2026-01-15 23:04:00,Weather Alert,Medium,Closed,SEA
IN0004931,FL0008556,AC00741,2026-02-04 03:49:00,Bird Strike,Medium,Open,SFO
IN0004932,FL0006439,AC00383,2026-03-24 08:35:00,Turbulence,Medium,Open,LHR
IN0004933,FL0003642,AC00250,2026-04-19 15:32:00,Engine Alert,Low,Open,DEL
IN0004934,FL0001069,AC00440,2026-05-18 03:09:00,Engine Alert,Medium,Closed,DFW
IN0004935,FL0005274,AC00741,2026-05-26 15:00:00,Turbulence,Critical,Resolved,LHR
IN0004936,FL0008120,AC01104,2026-01-31 11:48:00,Engine Alert,Low,Open,SFO
IN0004937,FL0009589,AC00899,2026-03-30 05:19:00,Bird Strike,Low,Closed,BLR
IN0004938,FL0012290,AC00496,2026-05-14 03:51:00,Hydraulic Leak,Low,Closed,SIN
IN0004939,FL0014314,AC00567,2026-02-15 11:15:00,Hydraulic Leak,Medium,Investigating,LAX
IN0004940,FL0003997,AC00263,2026-03-10 01:40:00,Weather Alert,Low,Investigating,DEN
IN0004941,FL0008446,AC00317,2026-01-02 15:35:00,Hydraulic Leak,Low,Closed,JFK
IN0004942,FL0000533,AC00166,2026-03-11 19:22:00,Navigation Error,Medium,Open,DFW
IN0004943,FL0010327,AC00773,2026-04-01 05:07:00,Hydraulic Leak,Medium,Resolved,LAX
IN0004944,FL0010344,AC00828,2026-05-27 19:24:00,Brake Issue,Low,Closed,MIA
IN0004945,FL0000794,AC00852,2026-06-16 03:32:00,Bird Strike,Medium,Open,ATL
IN0004946,FL0012607,AC00837,2026-02-05 03:48:00,Turbulence,Medium,Investigating,DFW
IN0004947,FL0003031,AC00975,2026-06-03 14:52:00,Turbulence,High,Open,SEA
IN0004948,FL0006025,AC00053,2026-06-05 19:25:00,Brake Issue,Low,Closed,BLR
IN0004949,FL0000914,AC00124,2026-06-09 22:12:00,Navigation Error,Low,Resolved,DEN
IN0004950,FL0006126,AC00510,2026-01-15 03:45:00,Weather Alert,Medium,Closed,SIN
IN0004951,FL0000623,AC00635,2026-06-22 15:49:00,Bird Strike,Low,Investigating,BLR
IN0004952,FL0012320,AC00319,2026-03-08 10:14:00,Weather Alert,High,Investigating,LAX
IN0004953,FL0011640,AC00079,2026-06-24 20:22:00,Hydraulic Leak,Low,Closed,BLR
IN0004954,FL0006354,AC00898,2026-06-28 20:12:00,Navigation Error,Medium,Open,DFW
IN0004955,FL0012664,AC00564,2026-06-21 07:21:00,Turbulence,Medium,Resolved,JFK
IN0004956,FL0009541,AC00971,2026-05-04 00:58:00,Hydraulic Leak,Medium,Investigating,DXB
IN0004957,FL0000321,AC00739,2026-06-15 10:06:00,Weather Alert,Low,Resolved,DEL
IN0004958,FL0010729,AC00028,2026-03-03 17:37:00,Turbulence,Medium,Closed,DEL
IN0004959,FL0001207,AC00112,2026-03-27 02:46:00,Brake Issue,Low,Open,DXB
IN0004960,FL0003007,AC00014,2026-02-05 18:57:00,Bird Strike,Medium,Investigating,LHR
IN0004961,FL0009268,AC00951,2026-03-11 14:25:00,Navigation Error,Medium,Closed,SFO
IN0004962,FL0008126,AC00277,2026-05-15 07:12:00,Navigation Error,Low,Open,LAX
IN0004963,FL0008199,AC00171,2026-01-17 19:17:00,Weather Alert,Low,Resolved,MIA
IN0004964,FL0009274,AC00847,2026-03-20 16:58:00,Navigation Error,Low,Investigating,DEL
IN0004965,FL0004344,AC01030,2026-04-23 13:07:00,Navigation Error,Low,Resolved,DFW
IN0004966,FL0006030,AC00431,2026-03-18 11:00:00,Turbulence,Low,Investigating,DEN
IN0004967,FL0014196,AC00416,2026-02-26 13:42:00,Engine Alert,Medium,Open,ORD
IN0004968,FL0008659,AC00312,2026-02-02 16:38:00,Weather Alert,Medium,Open,JFK
IN0004969,FL0007992,AC00761,2026-03-10 12:50:00,Hydraulic Leak,Medium,Open,BOS
IN0004970,FL0005634,AC00549,2026-04-17 17:17:00,Navigation Error,Medium,Open,ATL
IN0004971,FL0005976,AC01192,2026-01-29 10:53:00,Bird Strike,Low,Investigating,DXB
IN0004972,FL0012238,AC00098,2026-06-06 09:49:00,Engine Alert,Low,Open,DEL
IN0004973,FL0001120,AC00826,2026-03-02 05:35:00,Bird Strike,Low,Closed,ATL
IN0004974,FL0009947,AC00851,2026-06-24 02:32:00,Navigation Error,High,Closed,BOS
IN0004975,FL0003122,AC00223,2026-03-27 14:42:00,Bird Strike,Low,Closed,BOS
IN0004976,FL0012279,AC00194,2026-05-24 22:55:00,Engine Alert,High,Resolved,BOS
IN0004977,FL0000788,AC00070,2026-06-12 15:02:00,Weather Alert,Medium,Open,SEA
IN0004978,FL0011904,AC00971,2026-03-21 01:14:00,Hydraulic Leak,High,Investigating,DXB
IN0004979,FL0008712,AC00133,2026-06-23 08:27:00,Engine Alert,Medium,Open,DXB
IN0004980,FL0010165,AC00112,2026-06-11 13:19:00,Weather Alert,High,Resolved,DEL
IN0004981,FL0010022,AC00184,2026-05-09 19:38:00,Hydraulic Leak,Medium,Investigating,LHR
IN0004982,FL0001135,AC01104,2026-01-18 16:56:00,Engine Alert,Low,Open,LAX
IN0004983,FL0002216,AC00979,2026-05-27 18:31:00,Bird Strike,High,Resolved,JFK
IN0004984,FL0001581,AC00898,2026-01-09 13:17:00,Hydraulic Leak,Medium,Closed,DXB
IN0004985,FL0013854,AC01183,2026-02-19 04:42:00,Navigation Error,Low,Investigating,LHR
IN0004986,FL0014591,AC00362,2026-01-16 11:24:00,Engine Alert,Medium,Closed,LHR
IN0004987,FL0005471,AC01079,2026-01-08 23:52:00,Navigation Error,Medium,Resolved,ATL
IN0004988,FL0000092,AC01174,2026-04-08 10:26:00,Weather Alert,Low,Closed,DEL
IN0004989,FL0010035,AC00928,2026-01-18 08:05:00,Brake Issue,Medium,Investigating,SEA
IN0004990,FL0009345,AC00919,2026-01-20 11:06:00,Weather Alert,Low,Open,SFO
IN0004991,FL0006860,AC00932,2026-04-23 09:17:00,Bird Strike,Low,Resolved,ORD
IN0004992,FL0005813,AC00675,2026-06-22 08:12:00,Weather Alert,Low,Resolved,ORD
IN0004993,FL0014212,AC01030,2026-04-18 17:19:00,Turbulence,Low,Open,JFK
IN0004994,FL0008567,AC00213,2026-03-05 17:08:00,Hydraulic Leak,Low,Investigating,JFK
IN0004995,FL0004064,AC00832,2026-02-02 21:19:00,Navigation Error,Low,Resolved,MIA
IN0004996,FL0009127,AC00990,2026-04-01 01:56:00,Navigation Error,Medium,Open,DXB
IN0004997,FL0002536,AC01023,2026-05-26 06:43:00,Turbulence,Low,Resolved,DEN
IN0004998,FL0007997,AC00419,2026-02-23 10:49:00,Turbulence,Low,Closed,ORD
IN0004999,FL0004670,AC00289,2026-04-14 23:56:00,Bird Strike,Medium,Closed,BOS
IN0005000,FL0010972,AC00169,2026-01-13 19:37:00,Navigation Error,Medium,Resolved,LAX
IN0005001,FL0001809,AC00401,2026-04-26 17:56:00,Engine Alert,Medium,Resolved,DFW
IN0005002,FL0006821,AC00572,2026-06-15 03:46:00,Weather Alert,Low,Resolved,ATL
IN0005003,FL0008183,AC01106,2026-03-11 22:03:00,Engine Alert,Medium,Investigating,SFO
IN0005004,FL0008560,AC00537,2026-02-07 16:00:00,Navigation Error,High,Resolved,DEN
IN0005005,FL0006094,AC00659,2026-06-01 06:01:00,Weather Alert,Medium,Resolved,DFW
IN0005006,FL0002325,AC00489,2026-01-01 01:24:00,Hydraulic Leak,Low,Investigating,MIA
IN0005007,FL0000808,AC01180,2026-01-24 18:28:00,Weather Alert,High,Investigating,SFO
IN0005008,FL0011145,AC00625,2026-05-19 17:18:00,Bird Strike,Medium,Resolved,LAX
IN0005009,FL0009085,AC00701,2026-02-24 09:58:00,Engine Alert,Low,Closed,LHR
IN0005010,FL0005764,AC00108,2026-03-26 14:19:00,Brake Issue,Low,Closed,JFK
IN0005011,FL0014676,AC00161,2026-03-05 21:04:00,Turbulence,High,Open,DEN
IN0005012,FL0008822,AC00625,2026-05-19 10:41:00,Weather Alert,Medium,Resolved,LAX
IN0005013,FL0001113,AC00199,2026-03-10 18:55:00,Navigation Error,High,Open,SFO
IN0005014,FL0003853,AC00430,2026-01-21 17:36:00,Hydraulic Leak,High,Closed,DEN
IN0005015,FL0002264,AC00140,2026-05-25 14:08:00,Brake Issue,Medium,Open,DEN
IN0005016,FL0003714,AC00837,2026-03-29 00:57:00,Engine Alert,Critical,Open,MIA
IN0005017,FL0003297,AC00155,2026-06-05 00:03:00,Engine Alert,Medium,Open,ORD
IN0005018,FL0010675,AC00894,2026-05-13 22:21:00,Navigation Error,Low,Closed,DXB
IN0005019,FL0009086,AC00853,2026-01-12 19:12:00,Bird Strike,Critical,Resolved,DEL
IN0005020,FL0011535,AC00197,2026-05-15 09:23:00,Brake Issue,Low,Closed,DEN
IN0005021,FL0000677,AC00733,2026-01-06 15:25:00,Bird Strike,Medium,Open,DEL
IN0005022,FL0004702,AC00726,2026-05-09 02:52:00,Weather Alert,Low,Investigating,LAX
IN0005023,FL0006979,AC00209,2026-05-06 14:44:00,Hydraulic Leak,Medium,Closed,LHR
IN0005024,FL0006977,AC00200,2026-05-10 10:58:00,Turbulence,Medium,Resolved,BLR
IN0005025,FL0002108,AC00882,2026-01-06 03:58:00,Hydraulic Leak,Low,Open,SFO
IN0005026,FL0001612,AC00823,2026-02-10 09:22:00,Brake Issue,Low,Resolved,SFO
IN0005027,FL0000473,AC00951,2026-01-14 06:27:00,Turbulence,Low,Resolved,MIA
IN0005028,FL0004431,AC00736,2026-02-27 03:06:00,Bird Strike,Low,Resolved,JFK
IN0005029,FL0007440,AC00357,2026-05-04 00:27:00,Engine Alert,High,Investigating,ORD
IN0005030,FL0006865,AC00056,2026-02-01 20:44:00,Engine Alert,Low,Resolved,LHR
IN0005031,FL0009527,AC00025,2026-06-09 16:19:00,Navigation Error,Medium,Investigating,DXB
IN0005032,FL0003097,AC00696,2026-06-25 18:11:00,Bird Strike,Low,Investigating,JFK
IN0005033,FL0005597,AC00713,2026-05-02 12:03:00,Navigation Error,Low,Investigating,ORD
IN0005034,FL0006799,AC00609,2026-01-17 10:03:00,Turbulence,Low,Closed,BLR
IN0005035,FL0001077,AC00890,2026-02-12 15:42:00,Bird Strike,Critical,Open,LAX
IN0005036,FL0008601,AC00951,2026-01-09 16:57:00,Weather Alert,Low,Closed,SIN
IN0005037,FL0011225,AC00189,2026-01-10 06:11:00,Turbulence,Low,Investigating,DEL
IN0005038,FL0006707,AC00352,2026-02-14 23:20:00,Navigation Error,Low,Open,MIA
IN0005039,FL0007057,AC00432,2026-06-08 17:01:00,Weather Alert,High,Investigating,DXB
IN0005040,FL0014343,AC00107,2026-05-20 04:01:00,Bird Strike,Medium,Closed,BLR
IN0005041,FL0001734,AC00891,2026-04-01 07:05:00,Bird Strike,Medium,Closed,BOS
IN0005042,FL0014766,AC00272,2026-03-10 18:03:00,Bird Strike,Medium,Open,DEN
IN0005043,FL0002667,AC00226,2026-04-25 21:41:00,Navigation Error,Low,Open,DXB
IN0005044,FL0007432,AC00243,2026-03-21 21:34:00,Weather Alert,High,Closed,DEN
IN0005045,FL0014953,AC00332,2026-04-03 18:21:00,Engine Alert,High,Investigating,SEA
IN0005046,FL0012388,AC00576,2026-01-27 02:22:00,Hydraulic Leak,Medium,Closed,DFW
IN0005047,FL0009866,AC00237,2026-01-30 02:37:00,Brake Issue,High,Resolved,DEL
IN0005048,FL0011467,AC00635,2026-05-08 05:44:00,Hydraulic Leak,Medium,Open,LHR
IN0005049,FL0011673,AC01031,2026-03-02 08:19:00,Bird Strike,Low,Closed,JFK
IN0005050,FL0005618,AC00745,2026-04-15 18:27:00,Turbulence,Low,Closed,BLR
IN0005051,FL0002960,AC01021,2026-06-09 21:21:00,Weather Alert,Medium,Open,JFK
IN0005052,FL0014284,AC00767,2026-02-10 07:59:00,Navigation Error,Medium,Closed,LHR
IN0005053,FL0001895,AC01068,2026-01-10 17:35:00,Engine Alert,Medium,Investigating,SIN
IN0005054,FL0014540,AC00879,2026-06-03 23:57:00,Weather Alert,Medium,Closed,SEA
IN0005055,FL0014477,AC00254,2026-04-09 22:14:00,Brake Issue,Medium,Closed,ATL
IN0005056,FL0013510,AC00768,2026-06-22 21:15:00,Bird Strike,Critical,Investigating,DFW
IN0005057,FL0008398,AC01141,2026-05-20 11:38:00,Weather Alert,Low,Closed,SEA
IN0005058,FL0005743,AC00220,2026-04-16 01:15:00,Engine Alert,Medium,Resolved,LAX
IN0005059,FL0008947,AC00044,2026-01-06 11:35:00,Brake Issue,High,Investigating,DXB
IN0005060,FL0014432,AC00397,2026-01-06 18:12:00,Turbulence,Low,Resolved,ORD
IN0005061,FL0014069,AC00952,2026-06-06 11:28:00,Hydraulic Leak,Low,Open,LAX
IN0005062,FL0003554,AC00635,2026-03-19 01:28:00,Hydraulic Leak,Low,Open,SIN
IN0005063,FL0001207,AC00600,2026-06-15 13:13:00,Weather Alert,Low,Investigating,BLR
IN0005064,FL0007871,AC01197,2026-03-01 04:15:00,Navigation Error,Low,Open,ORD
IN0005065,FL0001671,AC00743,2026-05-15 20:13:00,Navigation Error,Medium,Open,BOS
IN0005066,FL0012253,AC00738,2026-05-24 12:14:00,Turbulence,Medium,Investigating,LAX
IN0005067,FL0010077,AC00952,2026-03-31 01:52:00,Turbulence,High,Resolved,BOS
IN0005068,FL0006255,AC00518,2026-06-16 04:56:00,Navigation Error,Low,Investigating,ORD
IN0005069,FL0014991,AC00518,2026-04-07 07:48:00,Hydraulic Leak,Medium,Open,SFO
IN0005070,FL0011344,AC00254,2026-06-13 23:30:00,Turbulence,Low,Open,DFW
IN0005071,FL0004494,AC00839,2026-03-26 02:26:00,Hydraulic Leak,Low,Investigating,SEA
IN0005072,FL0011261,AC00578,2026-03-18 22:58:00,Hydraulic Leak,Low,Closed,BOS
IN0005073,FL0010395,AC00616,2026-01-07 13:28:00,Bird Strike,Low,Resolved,DEN
IN0005074,FL0010884,AC00696,2026-06-16 05:48:00,Weather Alert,Medium,Open,LAX
IN0005075,FL0009985,AC00375,2026-01-22 06:11:00,Bird Strike,Low,Open,SIN
IN0005076,FL0010949,AC00927,2026-04-24 08:52:00,Turbulence,Low,Resolved,DXB
IN0005077,FL0002642,AC00816,2026-05-30 00:50:00,Navigation Error,High,Resolved,LHR
IN0005078,FL0007996,AC00494,2026-05-09 17:19:00,Hydraulic Leak,Medium,Open,DFW
IN0005079,FL0003476,AC00616,2026-03-03 07:17:00,Bird Strike,Low,Closed,BLR
IN0005080,FL0008461,AC00322,2026-06-17 20:07:00,Weather Alert,Medium,Open,MIA
IN0005081,FL0002405,AC00290,2026-01-05 02:32:00,Hydraulic Leak,Medium,Closed,DFW
IN0005082,FL0001648,AC00907,2026-05-27 04:47:00,Weather Alert,Low,Closed,LHR
IN0005083,FL0014979,AC00802,2026-02-22 22:41:00,Bird Strike,Medium,Resolved,BLR
IN0005084,FL0012353,AC01091,2026-01-18 15:34:00,Hydraulic Leak,Low,Resolved,ORD
IN0005085,FL0002457,AC00987,2026-03-03 08:17:00,Brake Issue,Medium,Investigating,BOS
IN0005086,FL0009234,AC00225,2026-06-01 16:39:00,Brake Issue,Low,Investigating,LHR
IN0005087,FL0003055,AC00523,2026-05-22 23:12:00,Hydraulic Leak,Medium,Closed,DFW
IN0005088,FL0005044,AC00231,2026-02-12 19:35:00,Brake Issue,High,Open,DEL
IN0005089,FL0012096,AC00765,2026-02-08 00:34:00,Engine Alert,Low,Closed,JFK
IN0005090,FL0009269,AC00047,2026-01-05 15:16:00,Hydraulic Leak,Low,Closed,DEL
IN0005091,FL0009662,AC01120,2026-05-07 12:16:00,Navigation Error,Medium,Open,LHR
IN0005092,FL0014580,AC00610,2026-02-07 13:21:00,Hydraulic Leak,Low,Open,DEL
IN0005093,FL0001432,AC00300,2026-06-27 11:22:00,Navigation Error,Low,Closed,SFO
IN0005094,FL0002006,AC00797,2026-06-04 06:49:00,Weather Alert,Low,Open,MIA
IN0005095,FL0008117,AC00388,2026-06-20 21:06:00,Weather Alert,Low,Closed,BLR
IN0005096,FL0002558,AC00858,2026-01-20 07:38:00,Weather Alert,Low,Investigating,MIA
IN0005097,FL0004013,AC00206,2026-01-15 04:17:00,Bird Strike,Medium,Closed,LAX
IN0005098,FL0008572,AC00984,2026-01-10 01:54:00,Brake Issue,Low,Open,SFO
IN0005099,FL0003437,AC00412,2026-05-20 03:42:00,Bird Strike,Medium,Closed,JFK
IN0005100,FL0007931,AC00279,2026-06-13 16:03:00,Engine Alert,Medium,Resolved,LHR
IN0005101,FL0011589,AC00614,2026-01-26 10:24:00,Navigation Error,High,Open,BLR
IN0005102,FL0001755,AC01137,2026-04-13 23:38:00,Brake Issue,Low,Resolved,LAX
IN0005103,FL0001904,AC00962,2026-01-29 20:26:00,Bird Strike,Medium,Resolved,DEL
IN0005104,FL0014454,AC00351,2026-06-09 00:35:00,Hydraulic Leak,Low,Investigating,LAX
IN0005105,FL0008024,AC00918,2026-06-09 03:23:00,Navigation Error,High,Closed,DFW
IN0005106,FL0006964,AC00089,2026-01-04 04:04:00,Brake Issue,Critical,Investigating,SEA
IN0005107,FL0014973,AC00960,2026-02-10 01:07:00,Brake Issue,Low,Resolved,SIN
IN0005108,FL0003529,AC01130,2026-03-08 09:09:00,Engine Alert,High,Resolved,DFW
IN0005109,FL0010745,AC01015,2026-02-25 00:53:00,Bird Strike,Medium,Investigating,MIA
IN0005110,FL0011821,AC01043,2026-01-11 16:12:00,Bird Strike,Medium,Resolved,LAX
IN0005111,FL0002823,AC00641,2026-03-10 18:24:00,Hydraulic Leak,Low,Resolved,DXB
IN0005112,FL0013206,AC00473,2026-06-28 18:18:00,Weather Alert,Low,Investigating,SFO
IN0005113,FL0005674,AC00275,2026-05-22 03:26:00,Navigation Error,Low,Resolved,JFK
IN0005114,FL0010555,AC01106,2026-05-08 20:57:00,Turbulence,High,Closed,SEA
IN0005115,FL0003367,AC00126,2026-01-27 09:03:00,Engine Alert,Low,Investigating,DFW
IN0005116,FL0013718,AC00905,2026-04-01 05:36:00,Navigation Error,Low,Investigating,ORD
IN0005117,FL0000956,AC00036,2026-06-29 07:11:00,Turbulence,Critical,Closed,SEA
IN0005118,FL0012547,AC00505,2026-01-18 06:34:00,Brake Issue,High,Investigating,ATL
IN0005119,FL0008636,AC00885,2026-05-13 03:10:00,Brake Issue,Low,Investigating,ATL
IN0005120,FL0001550,AC00296,2026-05-05 05:25:00,Weather Alert,Low,Resolved,DEL
IN0005121,FL0010061,AC00013,2026-04-24 18:05:00,Bird Strike,Low,Open,DXB
IN0005122,FL0008341,AC00251,2026-02-15 20:03:00,Turbulence,High,Resolved,LHR
IN0005123,FL0003093,AC00768,2026-05-13 13:31:00,Engine Alert,Low,Investigating,LHR
IN0005124,FL0005272,AC00698,2026-03-01 07:18:00,Hydraulic Leak,High,Open,ORD
IN0005125,FL0006474,AC00400,2026-04-01 07:30:00,Weather Alert,Low,Open,JFK
IN0005126,FL0010833,AC00179,2026-01-30 18:00:00,Navigation Error,Medium,Resolved,ATL
IN0005127,FL0006965,AC00173,2026-02-03 02:17:00,Weather Alert,Medium,Closed,BOS
IN0005128,FL0010194,AC00899,2026-01-02 10:55:00,Engine Alert,High,Investigating,LAX
IN0005129,FL0005738,AC01040,2026-03-14 15:51:00,Engine Alert,Medium,Open,ATL
IN0005130,FL0007483,AC00062,2026-05-15 22:24:00,Engine Alert,Low,Closed,SIN
IN0005131,FL0006172,AC00628,2026-06-17 20:31:00,Navigation Error,Medium,Investigating,BOS
IN0005132,FL0006385,AC00259,2026-02-06 08:29:00,Weather Alert,Low,Closed,SFO
IN0005133,FL0012812,AC01102,2026-04-26 05:04:00,Bird Strike,Medium,Investigating,SEA
IN0005134,FL0003042,AC00823,2026-01-27 07:55:00,Brake Issue,Low,Resolved,DEN
IN0005135,FL0003455,AC01013,2026-02-03 08:06:00,Brake Issue,Low,Open,BOS
IN0005136,FL0003609,AC01097,2026-03-23 00:58:00,Hydraulic Leak,High,Open,SIN
IN0005137,FL0006976,AC00544,2026-06-06 01:31:00,Hydraulic Leak,Critical,Open,BOS
IN0005138,FL0004459,AC00913,2026-06-07 23:36:00,Bird Strike,High,Open,SEA
IN0005139,FL0011524,AC00069,2026-04-04 04:37:00,Brake Issue,Medium,Resolved,LHR
IN0005140,FL0006852,AC00993,2026-01-06 22:09:00,Weather Alert,Low,Open,BLR
IN0005141,FL0005951,AC01057,2026-02-22 04:22:00,Bird Strike,Low,Open,DFW
IN0005142,FL0010545,AC00487,2026-06-06 10:10:00,Turbulence,Medium,Resolved,SEA
IN0005143,FL0011914,AC00680,2026-05-29 14:42:00,Navigation Error,High,Closed,SEA
IN0005144,FL0007021,AC00750,2026-02-02 00:48:00,Hydraulic Leak,Low,Investigating,MIA
IN0005145,FL0012840,AC00351,2026-04-13 04:35:00,Bird Strike,Low,Closed,BOS
IN0005146,FL0012514,AC00069,2026-05-07 07:42:00,Weather Alert,Low,Resolved,SEA
IN0005147,FL0001870,AC00834,2026-03-25 18:12:00,Turbulence,Low,Closed,SIN
IN0005148,FL0007880,AC00432,2026-05-01 04:13:00,Bird Strike,Medium,Closed,SIN
IN0005149,FL0004613,AC00182,2026-01-22 03:17:00,Hydraulic Leak,Medium,Open,DXB
IN0005150,FL0005104,AC01075,2026-06-16 05:43:00,Navigation Error,Low,Open,LHR
IN0005151,FL0009153,AC00519,2026-01-02 16:35:00,Turbulence,Low,Resolved,ATL
IN0005152,FL0014655,AC00942,2026-05-24 11:03:00,Brake Issue,Low,Investigating,JFK
IN0005153,FL0004700,AC00380,2026-05-09 06:51:00,Weather Alert,Low,Open,LAX
IN0005154,FL0000148,AC00468,2026-01-27 01:19:00,Navigation Error,Low,Resolved,DXB
IN0005155,FL0006922,AC00159,2026-04-18 12:36:00,Engine Alert,Low,Investigating,JFK
IN0005156,FL0000683,AC00459,2026-01-20 18:34:00,Hydraulic Leak,Critical,Closed,MIA
IN0005157,FL0004850,AC00002,2026-05-25 18:30:00,Bird Strike,Low,Investigating,JFK
IN0005158,FL0012673,AC00945,2026-01-31 13:30:00,Turbulence,Low,Closed,LHR
IN0005159,FL0006963,AC01182,2026-04-10 01:05:00,Turbulence,High,Investigating,BLR
IN0005160,FL0012693,AC01038,2026-03-19 05:23:00,Turbulence,Critical,Resolved,LAX
IN0005161,FL0011652,AC01154,2026-04-26 17:13:00,Navigation Error,Low,Investigating,LHR
IN0005162,FL0007286,AC01188,2026-02-28 20:03:00,Navigation Error,Medium,Resolved,BOS
IN0005163,FL0013289,AC01165,2026-05-05 01:00:00,Bird Strike,Low,Investigating,SEA
IN0005164,FL0002259,AC01142,2026-02-03 06:09:00,Weather Alert,High,Open,ATL
IN0005165,FL0004082,AC00992,2026-06-27 07:07:00,Engine Alert,Low,Open,BOS
IN0005166,FL0003722,AC00843,2026-03-20 19:14:00,Turbulence,Medium,Resolved,JFK
IN0005167,FL0010146,AC00852,2026-01-30 21:21:00,Brake Issue,Medium,Investigating,ATL
IN0005168,FL0008944,AC00414,2026-06-04 02:09:00,Navigation Error,Medium,Investigating,LHR
IN0005169,FL0011826,AC00616,2026-01-24 23:26:00,Weather Alert,Critical,Investigating,LHR
IN0005170,FL0014269,AC00986,2026-02-04 21:07:00,Hydraulic Leak,Low,Investigating,DEN
IN0005171,FL0007608,AC00818,2026-05-19 20:54:00,Weather Alert,Low,Investigating,LHR
IN0005172,FL0005009,AC00694,2026-05-19 17:23:00,Navigation Error,Low,Resolved,DEN
IN0005173,FL0007778,AC01028,2026-02-19 19:50:00,Engine Alert,Low,Resolved,ATL
IN0005174,FL0005456,AC00858,2026-05-04 17:16:00,Weather Alert,Low,Closed,LAX
IN0005175,FL0004393,AC00021,2026-02-17 00:08:00,Engine Alert,High,Closed,LHR
IN0005176,FL0002491,AC00556,2026-01-17 14:14:00,Navigation Error,Low,Investigating,ATL
IN0005177,FL0008142,AC00207,2026-01-04 17:52:00,Bird Strike,Low,Open,DEN
IN0005178,FL0010201,AC01093,2026-04-16 06:20:00,Turbulence,Low,Open,DXB
IN0005179,FL0004950,AC00655,2026-01-17 17:26:00,Navigation Error,Medium,Investigating,BLR
IN0005180,FL0007357,AC00804,2026-05-11 11:31:00,Turbulence,Low,Investigating,ORD
IN0005181,FL0004529,AC00208,2026-01-26 02:27:00,Hydraulic Leak,High,Investigating,DFW
IN0005182,FL0000033,AC00782,2026-01-02 18:48:00,Bird Strike,Low,Investigating,MIA
IN0005183,FL0008482,AC00701,2026-04-10 21:12:00,Navigation Error,Low,Closed,BOS
IN0005184,FL0013776,AC00003,2026-04-08 02:58:00,Hydraulic Leak,High,Resolved,SEA
IN0005185,FL0001587,AC00045,2026-03-08 12:32:00,Brake Issue,Medium,Open,SIN
IN0005186,FL0013173,AC00049,2026-04-20 05:26:00,Engine Alert,Low,Open,DFW
IN0005187,FL0011977,AC00968,2026-06-18 15:55:00,Brake Issue,Medium,Closed,DFW
IN0005188,FL0000092,AC00260,2026-02-18 11:14:00,Bird Strike,High,Resolved,SFO
IN0005189,FL0014540,AC00544,2026-03-26 14:38:00,Bird Strike,Medium,Open,DEL
IN0005190,FL0007483,AC00420,2026-03-13 00:30:00,Brake Issue,High,Open,BOS
IN0005191,FL0014280,AC00444,2026-02-19 13:45:00,Turbulence,Medium,Investigating,SEA
IN0005192,FL0003823,AC00873,2026-02-14 07:58:00,Hydraulic Leak,Low,Investigating,BLR
IN0005193,FL0001116,AC00190,2026-02-27 13:40:00,Weather Alert,Low,Resolved,BLR
IN0005194,FL0009728,AC00473,2026-02-20 23:30:00,Turbulence,Low,Open,LAX
IN0005195,FL0000963,AC00902,2026-02-23 14:28:00,Hydraulic Leak,High,Investigating,LHR
IN0005196,FL0011211,AC01076,2026-03-27 19:55:00,Turbulence,High,Open,ATL
IN0005197,FL0003707,AC00421,2026-04-19 18:40:00,Navigation Error,Medium,Resolved,SEA
IN0005198,FL0001760,AC00884,2026-03-09 02:36:00,Weather Alert,Medium,Investigating,BLR
IN0005199,FL0000099,AC00853,2026-02-23 19:41:00,Bird Strike,Medium,Open,SIN
IN0005200,FL0014017,AC00314,2026-02-10 21:16:00,Hydraulic Leak,High,Investigating,DEL
IN0005201,FL0000682,AC00617,2026-03-16 15:30:00,Bird Strike,Medium,Closed,DFW
IN0005202,FL0005123,AC00010,2026-03-03 12:25:00,Brake Issue,Medium,Open,DXB
IN0005203,FL0001994,AC00072,2026-01-26 12:54:00,Hydraulic Leak,Low,Closed,ORD
IN0005204,FL0006634,AC00154,2026-02-15 19:03:00,Weather Alert,Medium,Resolved,SFO
IN0005205,FL0005077,AC00053,2026-06-08 00:21:00,Turbulence,High,Open,BOS
IN0005206,FL0002067,AC00100,2026-01-27 22:06:00,Brake Issue,Low,Investigating,JFK
IN0005207,FL0014130,AC00337,2026-06-04 17:22:00,Hydraulic Leak,High,Resolved,JFK
IN0005208,FL0011419,AC00581,2026-03-21 16:03:00,Engine Alert,Medium,Open,BLR
IN0005209,FL0011692,AC00012,2026-04-12 15:43:00,Weather Alert,Low,Investigating,DEN
IN0005210,FL0010523,AC00656,2026-06-27 06:21:00,Turbulence,Low,Open,DXB
IN0005211,FL0014757,AC00381,2026-06-19 03:28:00,Brake Issue,Low,Open,MIA
IN0005212,FL0009109,AC00851,2026-03-22 20:24:00,Bird Strike,Low,Closed,SEA
IN0005213,FL0011759,AC00184,2026-06-11 20:18:00,Bird Strike,Low,Resolved,DEN
IN0005214,FL0014089,AC00808,2026-02-25 09:44:00,Hydraulic Leak,Low,Closed,MIA
IN0005215,FL0003647,AC00188,2026-03-20 23:52:00,Navigation Error,Low,Investigating,ATL
IN0005216,FL0010371,AC00951,2026-04-26 06:51:00,Engine Alert,Medium,Closed,ORD
IN0005217,FL0009470,AC00619,2026-01-19 00:14:00,Turbulence,Medium,Open,LHR
IN0005218,FL0006772,AC00540,2026-05-08 20:10:00,Brake Issue,Low,Closed,DXB
IN0005219,FL0009427,AC00455,2026-06-11 19:01:00,Engine Alert,Low,Investigating,BLR
IN0005220,FL0000888,AC01079,2026-04-04 20:54:00,Brake Issue,Medium,Investigating,DEN
IN0005221,FL0012254,AC01051,2026-01-09 10:34:00,Weather Alert,Medium,Investigating,SFO
IN0005222,FL0003103,AC00381,2026-05-29 20:47:00,Engine Alert,Low,Closed,LAX
IN0005223,FL0008554,AC00593,2026-05-21 06:47:00,Hydraulic Leak,Low,Resolved,SEA
IN0005224,FL0010831,AC00961,2026-02-20 13:53:00,Brake Issue,Low,Investigating,ORD
IN0005225,FL0007228,AC01047,2026-02-21 17:59:00,Brake Issue,Medium,Investigating,SFO
IN0005226,FL0013625,AC00653,2026-02-15 23:02:00,Weather Alert,Medium,Investigating,SEA
IN0005227,FL0005397,AC00864,2026-03-11 19:48:00,Navigation Error,Medium,Open,ATL
IN0005228,FL0013386,AC01167,2026-01-12 07:18:00,Hydraulic Leak,Medium,Resolved,DXB
IN0005229,FL0009823,AC00385,2026-04-15 03:59:00,Engine Alert,Medium,Investigating,BOS
IN0005230,FL0004753,AC00189,2026-02-08 09:55:00,Brake Issue,Low,Investigating,MIA
IN0005231,FL0011070,AC00153,2026-06-02 02:14:00,Engine Alert,Medium,Investigating,BLR
IN0005232,FL0001818,AC00278,2026-04-03 04:27:00,Turbulence,Medium,Closed,MIA
IN0005233,FL0006614,AC00292,2026-04-30 14:01:00,Navigation Error,Low,Investigating,MIA
IN0005234,FL0000526,AC00193,2026-05-15 04:56:00,Hydraulic Leak,Low,Open,DEL
IN0005235,FL0010408,AC00901,2026-03-14 09:40:00,Navigation Error,Medium,Investigating,DFW
IN0005236,FL0007057,AC00754,2026-02-14 01:38:00,Hydraulic Leak,Low,Open,LHR
IN0005237,FL0002673,AC00573,2026-03-12 08:21:00,Navigation Error,Medium,Investigating,DXB
IN0005238,FL0004665,AC00635,2026-04-26 14:48:00,Turbulence,Low,Investigating,ORD
IN0005239,FL0002271,AC00905,2026-04-11 10:15:00,Brake Issue,Medium,Resolved,ATL
IN0005240,FL0002950,AC00269,2026-04-19 18:29:00,Bird Strike,Low,Resolved,MIA
IN0005241,FL0008034,AC01000,2026-02-15 05:53:00,Engine Alert,High,Resolved,SFO
IN0005242,FL0001397,AC00113,2026-03-27 10:53:00,Weather Alert,Medium,Resolved,BOS
IN0005243,FL0012996,AC00874,2026-03-28 09:29:00,Weather Alert,High,Investigating,BOS
IN0005244,FL0014062,AC00651,2026-03-13 01:25:00,Bird Strike,Medium,Investigating,LAX
IN0005245,FL0014562,AC00967,2026-02-10 14:43:00,Turbulence,Medium,Open,DFW
IN0005246,FL0001292,AC00464,2026-05-09 07:26:00,Turbulence,Medium,Closed,DEL
IN0005247,FL0005334,AC00179,2026-04-25 06:24:00,Engine Alert,Low,Investigating,BOS
IN0005248,FL0010921,AC00540,2026-04-17 15:47:00,Bird Strike,Low,Investigating,BOS
IN0005249,FL0009045,AC00575,2026-04-21 08:16:00,Hydraulic Leak,Critical,Open,DEL
IN0005250,FL0011798,AC01097,2026-02-17 18:03:00,Hydraulic Leak,Critical,Closed,DEL
IN0005251,FL0004428,AC00589,2026-03-28 19:49:00,Navigation Error,Medium,Open,DEN
IN0005252,FL0012738,AC00383,2026-03-27 10:11:00,Hydraulic Leak,Medium,Open,SIN
IN0005253,FL0005233,AC00145,2026-03-24 14:11:00,Navigation Error,Low,Resolved,LHR
IN0005254,FL0007480,AC00061,2026-02-22 12:11:00,Turbulence,Low,Resolved,SFO
IN0005255,FL0014634,AC00394,2026-05-07 07:42:00,Brake Issue,High,Open,DXB
IN0005256,FL0009956,AC00193,2026-04-11 10:52:00,Turbulence,Low,Resolved,DEL
IN0005257,FL0011751,AC00336,2026-05-06 01:36:00,Brake Issue,Low,Closed,BOS
IN0005258,FL0011116,AC00217,2026-04-03 19:04:00,Hydraulic Leak,Low,Open,DEL
IN0005259,FL0011269,AC00998,2026-04-25 14:07:00,Brake Issue,Low,Resolved,ATL
IN0005260,FL0007303,AC00689,2026-04-08 19:05:00,Bird Strike,Low,Resolved,ORD
IN0005261,FL0012187,AC00429,2026-01-17 12:21:00,Hydraulic Leak,Low,Resolved,BOS
IN0005262,FL0014610,AC00210,2026-01-30 20:10:00,Bird Strike,Medium,Closed,ORD
IN0005263,FL0003958,AC00350,2026-06-12 22:16:00,Navigation Error,Low,Open,ORD
IN0005264,FL0001085,AC00871,2026-05-03 03:38:00,Turbulence,Low,Open,DEN
IN0005265,FL0008542,AC01086,2026-02-04 20:10:00,Weather Alert,Medium,Closed,LHR
IN0005266,FL0014387,AC00577,2026-05-09 20:16:00,Turbulence,Medium,Closed,LHR
IN0005267,FL0011333,AC00875,2026-06-09 06:48:00,Navigation Error,Low,Investigating,JFK
IN0005268,FL0013796,AC00421,2026-06-28 21:27:00,Bird Strike,Medium,Open,ATL
IN0005269,FL0014469,AC00240,2026-03-22 14:29:00,Turbulence,High,Closed,BOS
IN0005270,FL0004686,AC00804,2026-03-08 22:36:00,Brake Issue,Medium,Open,LAX
IN0005271,FL0000018,AC00498,2026-05-22 19:46:00,Brake Issue,High,Open,MIA
IN0005272,FL0000253,AC00123,2026-06-05 09:31:00,Navigation Error,High,Resolved,ATL
IN0005273,FL0010151,AC00572,2026-03-06 05:49:00,Bird Strike,Low,Open,BLR
IN0005274,FL0003020,AC00618,2026-02-14 16:14:00,Brake Issue,Medium,Open,SFO
IN0005275,FL0011130,AC01136,2026-06-10 18:07:00,Weather Alert,Low,Investigating,LAX
IN0005276,FL0009409,AC00375,2026-05-15 10:23:00,Engine Alert,High,Investigating,LAX
IN0005277,FL0000411,AC00380,2026-01-01 22:31:00,Weather Alert,Low,Resolved,SEA
IN0005278,FL0010750,AC00972,2026-02-02 17:11:00,Navigation Error,High,Resolved,DEL
IN0005279,FL0004831,AC00336,2026-01-29 01:40:00,Engine Alert,Low,Resolved,DFW
IN0005280,FL0000996,AC00058,2026-05-12 04:56:00,Weather Alert,Medium,Open,JFK
IN0005281,FL0001617,AC00273,2026-03-03 03:28:00,Weather Alert,Medium,Open,BLR
IN0005282,FL0010414,AC00278,2026-05-02 09:22:00,Brake Issue,Low,Open,DEN
IN0005283,FL0010944,AC00370,2026-02-14 09:09:00,Navigation Error,Medium,Investigating,DEL
IN0005284,FL0000634,AC00773,2026-05-21 16:36:00,Navigation Error,High,Resolved,BOS
IN0005285,FL0013406,AC00108,2026-04-29 10:15:00,Bird Strike,Low,Open,ORD
IN0005286,FL0008598,AC00301,2026-03-16 17:02:00,Weather Alert,Low,Closed,LHR
IN0005287,FL0005899,AC01165,2026-02-02 15:13:00,Bird Strike,High,Resolved,LHR
IN0005288,FL0005839,AC00732,2026-02-21 22:27:00,Bird Strike,Medium,Investigating,SFO
IN0005289,FL0011264,AC00350,2026-06-18 19:41:00,Weather Alert,High,Open,SEA
IN0005290,FL0006091,AC01146,2026-02-14 17:41:00,Hydraulic Leak,Low,Open,DEN
IN0005291,FL0014821,AC00543,2026-06-04 23:42:00,Brake Issue,Medium,Resolved,DXB
IN0005292,FL0006982,AC01042,2026-04-19 12:12:00,Weather Alert,Medium,Resolved,SIN
IN0005293,FL0010465,AC01034,2026-03-04 12:35:00,Hydraulic Leak,High,Open,JFK
IN0005294,FL0006404,AC01135,2026-06-17 15:05:00,Weather Alert,Low,Investigating,BLR
IN0005295,FL0009967,AC00039,2026-01-24 06:24:00,Bird Strike,Low,Resolved,SFO
IN0005296,FL0002641,AC00172,2026-02-25 11:50:00,Brake Issue,Low,Closed,BLR
IN0005297,FL0005485,AC00592,2026-02-17 03:33:00,Engine Alert,Low,Investigating,SFO
IN0005298,FL0012603,AC00789,2026-01-05 22:17:00,Hydraulic Leak,Low,Open,LHR
IN0005299,FL0003656,AC00393,2026-01-06 16:48:00,Bird Strike,Medium,Closed,ORD
IN0005300,FL0003861,AC01198,2026-05-27 05:47:00,Weather Alert,High,Closed,MIA
IN0005301,FL0010257,AC00434,2026-06-01 12:49:00,Weather Alert,Low,Open,BLR
IN0005302,FL0007614,AC00325,2026-02-01 06:06:00,Turbulence,Medium,Investigating,JFK
IN0005303,FL0013666,AC00399,2026-04-02 14:43:00,Weather Alert,Low,Investigating,SFO
IN0005304,FL0008829,AC01097,2026-03-29 15:15:00,Hydraulic Leak,Medium,Investigating,JFK
IN0005305,FL0012395,AC00451,2026-06-08 05:19:00,Brake Issue,High,Investigating,ORD
IN0005306,FL0009874,AC00205,2026-05-27 20:08:00,Brake Issue,Low,Open,DFW
IN0005307,FL0006569,AC01127,2026-03-25 08:53:00,Turbulence,Medium,Resolved,ATL
IN0005308,FL0013541,AC00220,2026-03-21 20:09:00,Weather Alert,Low,Investigating,DEN
IN0005309,FL0014578,AC00089,2026-06-10 10:05:00,Brake Issue,Low,Investigating,ORD
IN0005310,FL0000674,AC00062,2026-01-24 19:33:00,Turbulence,Medium,Open,DEN
IN0005311,FL0005769,AC00052,2026-03-29 09:34:00,Engine Alert,Low,Closed,ORD
IN0005312,FL0010370,AC00300,2026-01-08 10:30:00,Brake Issue,Medium,Resolved,SEA
IN0005313,FL0005670,AC00908,2026-03-17 23:44:00,Turbulence,High,Closed,LAX
IN0005314,FL0005762,AC00926,2026-01-24 12:35:00,Engine Alert,Low,Resolved,BOS
IN0005315,FL0001710,AC00843,2026-03-24 21:09:00,Weather Alert,Medium,Resolved,SEA
IN0005316,FL0006615,AC00467,2026-01-12 12:50:00,Weather Alert,Low,Open,ORD
IN0005317,FL0005574,AC00254,2026-03-03 19:40:00,Navigation Error,High,Resolved,DXB
IN0005318,FL0001758,AC01169,2026-07-02 10:41:00,Engine Alert,Medium,Closed,DEN
IN0005319,FL0007368,AC00882,2026-06-24 09:06:00,Hydraulic Leak,High,Resolved,BOS
IN0005320,FL0001300,AC00215,2026-04-07 16:26:00,Engine Alert,Low,Open,ATL
IN0005321,FL0013796,AC00936,2026-01-14 03:51:00,Turbulence,Low,Investigating,ATL
IN0005322,FL0008854,AC01006,2026-03-02 23:24:00,Engine Alert,Low,Closed,ATL
IN0005323,FL0003217,AC00277,2026-06-07 14:06:00,Bird Strike,Low,Resolved,DFW
IN0005324,FL0006633,AC01128,2026-06-19 01:48:00,Engine Alert,Low,Resolved,LHR
IN0005325,FL0013200,AC01049,2026-01-12 09:54:00,Engine Alert,Medium,Open,LHR
IN0005326,FL0014720,AC00221,2026-03-11 08:17:00,Brake Issue,Low,Investigating,MIA
IN0005327,FL0010752,AC01150,2026-04-16 18:08:00,Turbulence,Medium,Investigating,LHR
IN0005328,FL0012419,AC00333,2026-02-28 11:23:00,Turbulence,High,Open,DXB
IN0005329,FL0012704,AC00036,2026-03-15 15:54:00,Engine Alert,Medium,Closed,ATL
IN0005330,FL0013369,AC00936,2026-01-02 04:56:00,Navigation Error,Low,Investigating,LHR
IN0005331,FL0007786,AC00548,2026-06-12 23:55:00,Navigation Error,Medium,Open,DEL
IN0005332,FL0005659,AC00753,2026-03-20 14:47:00,Weather Alert,Medium,Investigating,ORD
IN0005333,FL0002163,AC00674,2026-02-14 05:23:00,Turbulence,Low,Investigating,DFW
IN0005334,FL0014178,AC00132,2026-06-29 14:03:00,Brake Issue,Low,Open,JFK
IN0005335,FL0009211,AC00281,2026-03-16 08:31:00,Engine Alert,Low,Open,SEA
IN0005336,FL0009880,AC00361,2026-01-01 03:50:00,Hydraulic Leak,Medium,Resolved,ATL
IN0005337,FL0008528,AC00513,2026-05-26 21:09:00,Hydraulic Leak,Low,Closed,LHR
IN0005338,FL0012073,AC00812,2026-02-08 13:39:00,Navigation Error,Low,Open,SFO
IN0005339,FL0009071,AC00838,2026-01-24 17:06:00,Weather Alert,Low,Open,ATL
IN0005340,FL0011501,AC00171,2026-03-15 22:23:00,Hydraulic Leak,Low,Closed,SIN
IN0005341,FL0010221,AC00840,2026-05-07 06:40:00,Hydraulic Leak,High,Closed,SIN
IN0005342,FL0013162,AC00670,2026-05-19 18:18:00,Engine Alert,Low,Resolved,JFK
IN0005343,FL0001140,AC00655,2026-03-27 12:37:00,Navigation Error,Low,Investigating,BOS
IN0005344,FL0013434,AC00021,2026-03-17 03:40:00,Turbulence,Medium,Resolved,SEA
IN0005345,FL0000341,AC00113,2026-04-21 04:04:00,Brake Issue,Medium,Open,MIA
IN0005346,FL0008759,AC00811,2026-03-16 20:19:00,Bird Strike,High,Investigating,MIA
IN0005347,FL0009472,AC00534,2026-06-14 11:09:00,Brake Issue,Medium,Resolved,BLR
IN0005348,FL0014851,AC00952,2026-03-13 07:36:00,Navigation Error,Low,Open,LAX
IN0005349,FL0005096,AC00177,2026-06-14 10:06:00,Bird Strike,High,Closed,BOS
IN0005350,FL0004519,AC00476,2026-05-03 17:11:00,Brake Issue,Low,Investigating,LHR
IN0005351,FL0007701,AC01064,2026-02-20 17:35:00,Bird Strike,Medium,Closed,SFO
IN0005352,FL0010958,AC00557,2026-05-06 16:41:00,Navigation Error,Low,Open,BLR
IN0005353,FL0001037,AC00706,2026-04-03 11:50:00,Engine Alert,High,Investigating,DFW
IN0005354,FL0009438,AC00933,2026-02-22 11:56:00,Hydraulic Leak,Medium,Closed,MIA
IN0005355,FL0013178,AC00322,2026-04-19 21:22:00,Brake Issue,Low,Closed,SEA
IN0005356,FL0007876,AC00798,2026-02-07 19:26:00,Turbulence,Low,Resolved,LHR
IN0005357,FL0003850,AC01009,2026-03-12 02:29:00,Engine Alert,Medium,Open,SFO
IN0005358,FL0010324,AC00312,2026-01-02 22:51:00,Navigation Error,Low,Resolved,MIA
IN0005359,FL0001491,AC00646,2026-06-01 23:12:00,Weather Alert,Critical,Open,ORD
IN0005360,FL0013374,AC01164,2026-03-31 19:46:00,Navigation Error,Low,Investigating,JFK
IN0005361,FL0013467,AC00993,2026-01-29 21:05:00,Turbulence,Low,Investigating,JFK
IN0005362,FL0008886,AC01094,2026-06-09 08:47:00,Turbulence,High,Closed,DEL
IN0005363,FL0012919,AC00346,2026-03-23 18:57:00,Engine Alert,Low,Investigating,DXB
IN0005364,FL0005766,AC00863,2026-03-06 06:14:00,Turbulence,Medium,Closed,LHR
IN0005365,FL0000216,AC01091,2026-04-22 03:25:00,Turbulence,High,Resolved,DEN
IN0005366,FL0000530,AC00676,2026-06-15 18:11:00,Bird Strike,Low,Open,SIN
IN0005367,FL0006649,AC00793,2026-04-20 22:03:00,Navigation Error,Low,Resolved,MIA
IN0005368,FL0000378,AC00397,2026-03-31 10:33:00,Turbulence,Low,Resolved,JFK
IN0005369,FL0004468,AC00440,2026-03-20 08:27:00,Bird Strike,Low,Closed,ATL
IN0005370,FL0002783,AC00709,2026-05-17 12:57:00,Hydraulic Leak,Medium,Open,DEN
IN0005371,FL0000884,AC00538,2026-06-01 03:53:00,Navigation Error,Low,Resolved,DFW
IN0005372,FL0009304,AC00676,2026-03-04 22:49:00,Weather Alert,High,Closed,DEL
IN0005373,FL0011851,AC00995,2026-02-06 01:30:00,Brake Issue,Low,Resolved,LAX
IN0005374,FL0005188,AC01026,2026-06-26 04:46:00,Engine Alert,High,Resolved,SFO
IN0005375,FL0012173,AC00925,2026-01-24 14:29:00,Weather Alert,Low,Resolved,ATL
IN0005376,FL0002856,AC00476,2026-06-05 12:49:00,Weather Alert,High,Investigating,DXB
IN0005377,FL0014446,AC00115,2026-02-28 20:09:00,Engine Alert,Low,Closed,DEL
IN0005378,FL0010404,AC01179,2026-05-22 07:17:00,Hydraulic Leak,Low,Closed,ATL
IN0005379,FL0007424,AC00955,2026-06-21 10:33:00,Bird Strike,Low,Investigating,DXB
IN0005380,FL0013860,AC00804,2026-05-06 23:44:00,Brake Issue,Low,Open,DFW
IN0005381,FL0006617,AC00966,2026-04-28 04:07:00,Turbulence,Critical,Resolved,LHR
IN0005382,FL0000989,AC00746,2026-05-20 09:11:00,Navigation Error,Low,Investigating,SEA
IN0005383,FL0009665,AC00121,2026-03-16 16:39:00,Navigation Error,Medium,Closed,BLR
IN0005384,FL0012934,AC00486,2026-04-06 18:02:00,Engine Alert,Medium,Closed,MIA
IN0005385,FL0001158,AC00190,2026-04-11 05:46:00,Engine Alert,High,Resolved,SFO
IN0005386,FL0005572,AC00581,2026-03-10 18:35:00,Turbulence,Low,Investigating,JFK
IN0005387,FL0010323,AC00422,2026-05-17 13:16:00,Bird Strike,Low,Resolved,JFK
IN0005388,FL0011964,AC00480,2026-02-06 05:33:00,Weather Alert,Low,Open,SEA
IN0005389,FL0004892,AC00827,2026-04-21 19:18:00,Brake Issue,Low,Closed,DXB
IN0005390,FL0007508,AC00664,2026-01-19 22:38:00,Weather Alert,Low,Resolved,BLR
IN0005391,FL0014729,AC00653,2026-02-01 03:00:00,Hydraulic Leak,Low,Open,ATL
IN0005392,FL0010230,AC01118,2026-03-04 07:50:00,Weather Alert,Low,Open,MIA
IN0005393,FL0013362,AC00685,2026-05-02 15:06:00,Brake Issue,High,Investigating,BLR
IN0005394,FL0010103,AC01022,2026-03-19 10:30:00,Navigation Error,Low,Investigating,LHR
IN0005395,FL0004941,AC00691,2026-01-02 12:44:00,Brake Issue,Medium,Closed,MIA
IN0005396,FL0013108,AC01003,2026-02-24 14:39:00,Weather Alert,Low,Closed,SEA
IN0005397,FL0011097,AC00925,2026-04-08 01:20:00,Navigation Error,Critical,Closed,BOS
IN0005398,FL0006455,AC01142,2026-06-03 22:48:00,Brake Issue,High,Closed,DEN
IN0005399,FL0004269,AC00220,2026-05-25 00:34:00,Weather Alert,Low,Resolved,DFW
IN0005400,FL0001721,AC00329,2026-01-08 20:31:00,Navigation Error,Medium,Closed,SIN
IN0005401,FL0010713,AC00862,2026-04-06 07:29:00,Brake Issue,High,Open,DEL
IN0005402,FL0003455,AC00120,2026-01-06 01:29:00,Engine Alert,Medium,Open,JFK
IN0005403,FL0014596,AC00444,2026-03-06 14:47:00,Turbulence,High,Closed,LAX
IN0005404,FL0007385,AC00094,2026-03-26 21:33:00,Brake Issue,High,Open,BOS
IN0005405,FL0011412,AC00185,2026-03-12 18:31:00,Bird Strike,Medium,Closed,MIA
IN0005406,FL0008576,AC00272,2026-04-30 11:53:00,Engine Alert,Low,Open,BLR
IN0005407,FL0004338,AC00174,2026-04-01 05:48:00,Weather Alert,Low,Open,DFW
IN0005408,FL0010579,AC01047,2026-02-05 08:20:00,Bird Strike,Low,Closed,BOS
IN0005409,FL0005810,AC00994,2026-01-10 19:31:00,Navigation Error,High,Resolved,JFK
IN0005410,FL0012097,AC00495,2026-06-28 23:56:00,Brake Issue,Medium,Closed,DEN
IN0005411,FL0002118,AC01097,2026-06-14 00:21:00,Hydraulic Leak,Medium,Open,DFW
IN0005412,FL0003489,AC00011,2026-02-03 04:46:00,Weather Alert,High,Closed,MIA
IN0005413,FL0006333,AC00988,2026-05-10 19:27:00,Turbulence,High,Resolved,DEL
IN0005414,FL0005313,AC00020,2026-01-13 11:34:00,Turbulence,High,Resolved,SEA
IN0005415,FL0002747,AC00542,2026-04-23 12:01:00,Turbulence,Medium,Investigating,SFO
IN0005416,FL0014035,AC00609,2026-04-10 21:39:00,Weather Alert,Low,Investigating,DXB
IN0005417,FL0002351,AC00516,2026-05-30 18:26:00,Engine Alert,Low,Closed,BOS
IN0005418,FL0012637,AC00989,2026-01-02 20:29:00,Weather Alert,Low,Open,SIN
IN0005419,FL0001555,AC00908,2026-05-25 15:35:00,Turbulence,Low,Open,DFW
IN0005420,FL0014936,AC00305,2026-06-21 05:14:00,Turbulence,High,Open,MIA
IN0005421,FL0014720,AC00300,2026-03-21 00:53:00,Navigation Error,Medium,Resolved,LHR
IN0005422,FL0005941,AC00683,2026-05-19 21:02:00,Turbulence,Critical,Investigating,SIN
IN0005423,FL0008637,AC00955,2026-05-20 05:53:00,Bird Strike,Low,Open,SEA
IN0005424,FL0006439,AC00579,2026-01-05 00:25:00,Bird Strike,Low,Closed,JFK
IN0005425,FL0010392,AC01155,2026-05-08 19:11:00,Bird Strike,Low,Closed,LHR
IN0005426,FL0000188,AC00516,2026-06-28 10:13:00,Brake Issue,Low,Open,JFK
IN0005427,FL0000557,AC00220,2026-03-18 08:17:00,Hydraulic Leak,Low,Investigating,DXB
IN0005428,FL0003219,AC00611,2026-03-28 00:28:00,Navigation Error,Low,Closed,DXB
IN0005429,FL0009733,AC00448,2026-01-15 13:55:00,Hydraulic Leak,Low,Investigating,LHR
IN0005430,FL0009119,AC00675,2026-02-27 07:07:00,Turbulence,Medium,Open,LAX
IN0005431,FL0011704,AC00400,2026-03-23 20:19:00,Hydraulic Leak,Low,Resolved,BLR
IN0005432,FL0002256,AC00787,2026-05-05 11:58:00,Weather Alert,Low,Investigating,BOS
IN0005433,FL0010638,AC00736,2026-04-13 15:37:00,Brake Issue,Low,Investigating,SIN
IN0005434,FL0007367,AC00069,2026-03-26 20:41:00,Hydraulic Leak,Low,Investigating,DXB
IN0005435,FL0013588,AC00380,2026-04-03 06:54:00,Weather Alert,High,Open,SIN
IN0005436,FL0009459,AC00746,2026-06-23 13:21:00,Hydraulic Leak,Low,Open,MIA
IN0005437,FL0012932,AC01192,2026-04-11 12:10:00,Navigation Error,Low,Investigating,SFO
IN0005438,FL0014961,AC00917,2026-03-28 19:35:00,Turbulence,Medium,Closed,BLR
IN0005439,FL0009258,AC00747,2026-05-07 23:54:00,Hydraulic Leak,High,Investigating,BOS
IN0005440,FL0009906,AC00798,2026-06-09 18:25:00,Engine Alert,High,Investigating,ORD
IN0005441,FL0004411,AC00341,2026-02-18 20:31:00,Hydraulic Leak,Medium,Resolved,SEA
IN0005442,FL0002858,AC00430,2026-04-06 16:21:00,Brake Issue,High,Resolved,LHR
IN0005443,FL0012126,AC00954,2026-01-31 11:24:00,Turbulence,Critical,Resolved,BOS
IN0005444,FL0003269,AC00353,2026-05-31 14:29:00,Weather Alert,Low,Investigating,LHR
IN0005445,FL0004323,AC00475,2026-02-20 09:29:00,Bird Strike,Medium,Investigating,SIN
IN0005446,FL0005804,AC00930,2026-04-27 11:25:00,Weather Alert,Low,Open,BLR
IN0005447,FL0007257,AC00582,2026-02-04 09:47:00,Hydraulic Leak,Low,Closed,SEA
IN0005448,FL0006293,AC00968,2026-01-24 07:51:00,Brake Issue,Low,Closed,ATL
IN0005449,FL0007824,AC00357,2026-05-28 00:11:00,Bird Strike,High,Resolved,SEA
IN0005450,FL0011849,AC01160,2026-03-16 20:01:00,Navigation Error,Low,Investigating,DEL
IN0005451,FL0011875,AC00332,2026-02-13 23:00:00,Brake Issue,Low,Investigating,SFO
IN0005452,FL0002075,AC00111,2026-01-15 17:30:00,Navigation Error,Low,Investigating,LHR
IN0005453,FL0009103,AC00625,2026-06-21 21:13:00,Weather Alert,Low,Closed,JFK
IN0005454,FL0013183,AC00305,2026-06-28 13:08:00,Navigation Error,Critical,Open,DXB
IN0005455,FL0010542,AC00658,2026-05-22 15:30:00,Navigation Error,Low,Investigating,DFW
IN0005456,FL0006311,AC00464,2026-05-19 00:55:00,Navigation Error,Critical,Investigating,DEL
IN0005457,FL0006131,AC00147,2026-04-11 13:26:00,Navigation Error,Low,Closed,DEN
IN0005458,FL0002381,AC00489,2026-02-18 18:27:00,Hydraulic Leak,Low,Open,ATL
IN0005459,FL0013072,AC00552,2026-06-17 11:19:00,Weather Alert,Medium,Resolved,BLR
IN0005460,FL0004991,AC00298,2026-05-15 13:39:00,Brake Issue,Medium,Investigating,LAX
IN0005461,FL0013755,AC00369,2026-02-23 18:46:00,Engine Alert,Low,Open,SFO
IN0005462,FL0001714,AC00286,2026-02-06 11:37:00,Turbulence,Medium,Open,SEA
IN0005463,FL0000220,AC00976,2026-01-26 21:48:00,Bird Strike,Low,Investigating,LAX
IN0005464,FL0011798,AC01087,2026-05-26 00:45:00,Bird Strike,Low,Resolved,BOS
IN0005465,FL0008631,AC00351,2026-03-19 06:09:00,Turbulence,High,Investigating,ORD
IN0005466,FL0011466,AC00538,2026-05-09 20:48:00,Engine Alert,Low,Open,DEN
IN0005467,FL0010522,AC00267,2026-04-28 14:44:00,Hydraulic Leak,Low,Investigating,ATL
IN0005468,FL0007986,AC00547,2026-05-09 09:25:00,Turbulence,High,Investigating,JFK
IN0005469,FL0005250,AC00082,2026-02-05 06:06:00,Turbulence,Low,Resolved,DEL
IN0005470,FL0000769,AC00215,2026-04-26 04:37:00,Brake Issue,Low,Open,SIN
IN0005471,FL0002112,AC00382,2026-01-12 22:11:00,Hydraulic Leak,Low,Resolved,SEA
IN0005472,FL0007033,AC00097,2026-01-28 01:55:00,Turbulence,Low,Open,ATL
IN0005473,FL0001081,AC00354,2026-05-04 03:21:00,Weather Alert,Low,Resolved,DEL
IN0005474,FL0011900,AC01050,2026-02-12 10:29:00,Engine Alert,Low,Closed,JFK
IN0005475,FL0002810,AC01059,2026-02-14 14:12:00,Navigation Error,Low,Closed,DEN
IN0005476,FL0003661,AC00677,2026-03-21 18:47:00,Weather Alert,Low,Resolved,SIN
IN0005477,FL0010658,AC00647,2026-07-01 16:55:00,Turbulence,Medium,Closed,SFO
IN0005478,FL0004878,AC00849,2026-02-02 03:52:00,Navigation Error,Low,Open,SEA
IN0005479,FL0000023,AC00408,2026-06-02 17:18:00,Brake Issue,Low,Closed,JFK
IN0005480,FL0001757,AC00238,2026-04-24 13:47:00,Bird Strike,Low,Open,LAX
IN0005481,FL0008200,AC00239,2026-03-13 20:40:00,Turbulence,Low,Resolved,ATL
IN0005482,FL0006056,AC00544,2026-04-12 17:07:00,Navigation Error,Medium,Investigating,LAX
IN0005483,FL0003818,AC01011,2026-03-24 02:50:00,Hydraulic Leak,Medium,Open,SEA
IN0005484,FL0003785,AC00109,2026-03-02 15:08:00,Engine Alert,Low,Investigating,MIA
IN0005485,FL0006687,AC00680,2026-01-10 20:49:00,Bird Strike,Low,Open,LHR
IN0005486,FL0008091,AC00546,2026-02-15 12:18:00,Turbulence,Low,Open,JFK
IN0005487,FL0010236,AC00182,2026-04-07 10:57:00,Turbulence,Low,Investigating,DEL
IN0005488,FL0000884,AC00002,2026-04-27 07:46:00,Turbulence,High,Investigating,SEA
IN0005489,FL0011134,AC01054,2026-06-17 16:38:00,Hydraulic Leak,Low,Closed,SFO
IN0005490,FL0012959,AC00417,2026-01-09 14:07:00,Weather Alert,Low,Open,DXB
IN0005491,FL0003537,AC00529,2026-02-18 20:59:00,Bird Strike,Low,Closed,SIN
IN0005492,FL0008357,AC00015,2026-02-18 18:24:00,Brake Issue,Low,Closed,JFK
IN0005493,FL0008082,AC01098,2026-03-03 12:58:00,Brake Issue,Low,Investigating,ATL
IN0005494,FL0001623,AC00018,2026-02-10 22:20:00,Hydraulic Leak,Medium,Closed,SEA
IN0005495,FL0008338,AC00796,2026-01-19 07:53:00,Brake Issue,Medium,Closed,JFK
IN0005496,FL0001763,AC00128,2026-03-30 07:41:00,Turbulence,Low,Closed,SEA
IN0005497,FL0000375,AC00490,2026-01-29 19:53:00,Navigation Error,Low,Closed,BLR
IN0005498,FL0000331,AC00219,2026-06-13 08:13:00,Bird Strike,Low,Open,DEN
IN0005499,FL0003414,AC00509,2026-05-25 13:05:00,Turbulence,Low,Closed,DFW
IN0005500,FL0002123,AC00951,2026-06-19 07:06:00,Engine Alert,Low,Open,JFK
IN0005501,FL0005957,AC00612,2026-05-26 12:52:00,Navigation Error,Low,Open,ORD
IN0005502,FL0009295,AC00546,2026-01-16 12:25:00,Bird Strike,Medium,Investigating,DEN
IN0005503,FL0007322,AC00167,2026-03-26 02:56:00,Engine Alert,Low,Resolved,LHR
IN0005504,FL0003119,AC01007,2026-04-24 02:32:00,Bird Strike,Medium,Open,SIN
IN0005505,FL0008033,AC00008,2026-03-09 21:47:00,Turbulence,Low,Open,SIN
IN0005506,FL0002001,AC01130,2026-06-14 07:36:00,Navigation Error,Medium,Closed,LAX
IN0005507,FL0011965,AC00342,2026-01-25 10:40:00,Engine Alert,Low,Resolved,MIA
IN0005508,FL0000948,AC00176,2026-04-06 15:21:00,Brake Issue,Low,Closed,DEL
IN0005509,FL0012223,AC00075,2026-05-22 14:26:00,Bird Strike,Medium,Closed,BLR
IN0005510,FL0010323,AC00437,2026-06-25 09:12:00,Hydraulic Leak,Medium,Closed,ORD
IN0005511,FL0014371,AC00132,2026-02-08 01:33:00,Bird Strike,Low,Open,LHR
IN0005512,FL0004365,AC00059,2026-01-02 06:32:00,Hydraulic Leak,Low,Investigating,ATL
IN0005513,FL0013315,AC00095,2026-02-01 11:16:00,Bird Strike,Low,Resolved,SFO
IN0005514,FL0010703,AC00947,2026-01-19 10:44:00,Engine Alert,Low,Closed,SEA
IN0005515,FL0008038,AC00517,2026-02-19 09:13:00,Hydraulic Leak,High,Investigating,BLR
IN0005516,FL0006708,AC00489,2026-01-14 09:59:00,Brake Issue,Low,Closed,ATL
IN0005517,FL0003479,AC00507,2026-06-26 09:16:00,Brake Issue,Low,Investigating,BOS
IN0005518,FL0012781,AC00930,2026-01-07 09:26:00,Turbulence,Low,Open,SEA
IN0005519,FL0002576,AC00616,2026-06-27 12:18:00,Navigation Error,Medium,Open,LAX
IN0005520,FL0014468,AC00353,2026-02-12 18:11:00,Weather Alert,Medium,Open,BOS
IN0005521,FL0006623,AC01105,2026-06-11 13:15:00,Navigation Error,Medium,Investigating,BLR
IN0005522,FL0006786,AC00095,2026-03-04 09:45:00,Turbulence,High,Resolved,ORD
IN0005523,FL0003413,AC00780,2026-05-29 12:50:00,Turbulence,High,Closed,SEA
IN0005524,FL0000103,AC01010,2026-04-27 06:05:00,Hydraulic Leak,Low,Closed,DEN
IN0005525,FL0012190,AC00975,2026-06-18 07:36:00,Weather Alert,Medium,Investigating,SIN
IN0005526,FL0014357,AC00879,2026-01-16 14:23:00,Weather Alert,Medium,Open,DEN
IN0005527,FL0013389,AC00068,2026-06-26 13:21:00,Bird Strike,Low,Resolved,ATL
IN0005528,FL0012261,AC00196,2026-02-26 00:45:00,Weather Alert,Low,Closed,SIN
IN0005529,FL0014818,AC01182,2026-03-12 10:31:00,Hydraulic Leak,Low,Investigating,SFO
IN0005530,FL0010621,AC01000,2026-01-31 05:51:00,Navigation Error,High,Closed,JFK
IN0005531,FL0002375,AC01141,2026-04-30 19:35:00,Bird Strike,Low,Resolved,BOS
IN0005532,FL0009208,AC00147,2026-02-15 13:52:00,Navigation Error,Medium,Closed,MIA
IN0005533,FL0013571,AC00182,2026-03-10 09:46:00,Weather Alert,High,Investigating,BLR
IN0005534,FL0010821,AC00038,2026-01-23 19:16:00,Brake Issue,Medium,Resolved,DXB
IN0005535,FL0014662,AC00549,2026-05-11 07:24:00,Navigation Error,Low,Investigating,SFO
IN0005536,FL0000150,AC00441,2026-03-23 06:20:00,Navigation Error,Medium,Resolved,SFO
IN0005537,FL0008763,AC00485,2026-06-23 04:51:00,Navigation Error,Medium,Closed,SIN
IN0005538,FL0001490,AC00931,2026-04-04 13:07:00,Engine Alert,Medium,Open,DFW
IN0005539,FL0012381,AC00150,2026-04-21 02:22:00,Bird Strike,High,Open,DFW
IN0005540,FL0001034,AC00198,2026-02-21 03:11:00,Brake Issue,Low,Closed,LHR
IN0005541,FL0000711,AC01063,2026-01-06 17:53:00,Hydraulic Leak,High,Resolved,ORD
IN0005542,FL0012835,AC00905,2026-03-01 00:17:00,Hydraulic Leak,Medium,Closed,DXB
IN0005543,FL0003433,AC00017,2026-02-20 11:30:00,Hydraulic Leak,Medium,Open,SFO
IN0005544,FL0002974,AC00667,2026-05-28 22:34:00,Hydraulic Leak,Low,Open,MIA
IN0005545,FL0008391,AC00824,2026-05-01 22:05:00,Hydraulic Leak,Low,Investigating,DEN
IN0005546,FL0005567,AC01097,2026-04-08 03:02:00,Turbulence,Medium,Resolved,DEN
IN0005547,FL0007806,AC00577,2026-06-04 23:19:00,Navigation Error,Medium,Investigating,ORD
IN0005548,FL0013194,AC00564,2026-02-12 02:52:00,Turbulence,Low,Resolved,DEL
IN0005549,FL0009414,AC00856,2026-03-22 22:53:00,Hydraulic Leak,Low,Investigating,LHR
IN0005550,FL0009872,AC01073,2026-04-20 09:51:00,Brake Issue,Low,Investigating,DEN
IN0005551,FL0001843,AC00409,2026-05-24 02:29:00,Turbulence,Low,Open,SEA
IN0005552,FL0002834,AC00972,2026-03-26 09:41:00,Turbulence,High,Open,DEL
IN0005553,FL0009657,AC00590,2026-05-23 11:51:00,Navigation Error,Low,Closed,BLR
IN0005554,FL0002634,AC01017,2026-01-30 16:45:00,Navigation Error,Critical,Open,MIA
IN0005555,FL0001625,AC00817,2026-02-11 03:01:00,Engine Alert,Medium,Open,ATL
IN0005556,FL0012189,AC00184,2026-05-15 22:07:00,Weather Alert,Medium,Investigating,BOS
IN0005557,FL0004098,AC00635,2026-06-19 20:36:00,Engine Alert,Low,Open,JFK
IN0005558,FL0007406,AC00853,2026-02-11 03:04:00,Hydraulic Leak,Medium,Open,DEN
IN0005559,FL0012063,AC00851,2026-02-17 19:59:00,Brake Issue,Low,Resolved,ATL
IN0005560,FL0009441,AC00162,2026-04-17 06:54:00,Hydraulic Leak,High,Investigating,ORD
IN0005561,FL0009092,AC00272,2026-05-23 20:44:00,Engine Alert,Medium,Closed,LAX
IN0005562,FL0014945,AC00119,2026-04-27 13:29:00,Brake Issue,Low,Investigating,SEA
IN0005563,FL0009822,AC01170,2026-05-17 12:28:00,Brake Issue,Medium,Open,LHR
IN0005564,FL0000128,AC00965,2026-03-27 06:31:00,Hydraulic Leak,Low,Investigating,LHR
IN0005565,FL0005056,AC00702,2026-02-10 19:32:00,Bird Strike,High,Investigating,DEL
IN0005566,FL0006654,AC00200,2026-02-05 18:26:00,Engine Alert,High,Resolved,MIA
IN0005567,FL0014544,AC00961,2026-04-06 14:55:00,Turbulence,Low,Resolved,LAX
IN0005568,FL0008178,AC00981,2026-03-02 05:59:00,Bird Strike,Medium,Resolved,LHR
IN0005569,FL0013327,AC00729,2026-04-28 11:48:00,Brake Issue,Medium,Closed,BLR
IN0005570,FL0001474,AC00970,2026-04-17 20:41:00,Hydraulic Leak,Low,Investigating,SIN
IN0005571,FL0013341,AC00440,2026-04-07 23:03:00,Brake Issue,Low,Investigating,SEA
IN0005572,FL0002234,AC00398,2026-05-07 14:19:00,Weather Alert,High,Resolved,LAX
IN0005573,FL0012671,AC01046,2026-06-04 08:00:00,Brake Issue,High,Closed,DEL
IN0005574,FL0010089,AC00722,2026-05-23 03:17:00,Brake Issue,Low,Closed,BLR
IN0005575,FL0005152,AC00361,2026-02-12 00:00:00,Hydraulic Leak,Medium,Resolved,DEL
IN0005576,FL0006200,AC01121,2026-02-07 19:35:00,Turbulence,Low,Investigating,DXB
IN0005577,FL0007408,AC00700,2026-01-07 16:23:00,Navigation Error,Medium,Resolved,LAX
IN0005578,FL0004958,AC00783,2026-03-23 20:16:00,Engine Alert,Low,Closed,SEA
IN0005579,FL0005500,AC00255,2026-02-09 06:24:00,Engine Alert,Medium,Closed,ATL
IN0005580,FL0008153,AC00663,2026-02-12 05:37:00,Engine Alert,Medium,Resolved,SIN
IN0005581,FL0009485,AC00039,2026-05-12 17:04:00,Navigation Error,High,Open,BLR
IN0005582,FL0007238,AC00078,2026-03-18 12:42:00,Bird Strike,Low,Investigating,DFW
IN0005583,FL0008315,AC00420,2026-01-13 21:59:00,Engine Alert,Medium,Open,BLR
IN0005584,FL0004240,AC00496,2026-01-25 16:56:00,Weather Alert,Medium,Closed,LAX
IN0005585,FL0013533,AC00029,2026-05-01 03:00:00,Weather Alert,Medium,Open,ORD
IN0005586,FL0013575,AC01080,2026-03-21 03:57:00,Bird Strike,Medium,Open,ORD
IN0005587,FL0001810,AC01136,2026-04-18 01:13:00,Weather Alert,Low,Open,LHR
IN0005588,FL0003748,AC00405,2026-02-11 23:51:00,Weather Alert,Medium,Resolved,DEN
IN0005589,FL0006821,AC01182,2026-06-18 14:53:00,Weather Alert,Low,Resolved,DEN
IN0005590,FL0014396,AC00179,2026-06-09 23:54:00,Navigation Error,Low,Closed,SEA
IN0005591,FL0013644,AC00724,2026-03-23 00:03:00,Turbulence,Medium,Investigating,BOS
IN0005592,FL0001943,AC00145,2026-05-18 14:49:00,Engine Alert,Medium,Investigating,SIN
IN0005593,FL0010623,AC00066,2026-06-01 15:05:00,Weather Alert,High,Investigating,DEL
IN0005594,FL0002367,AC00947,2026-05-31 21:01:00,Bird Strike,Low,Resolved,BOS
IN0005595,FL0011180,AC00795,2026-01-21 08:11:00,Bird Strike,Low,Investigating,SEA
IN0005596,FL0002953,AC01022,2026-03-29 13:00:00,Weather Alert,Low,Closed,DEN
IN0005597,FL0012162,AC00805,2026-03-16 04:53:00,Hydraulic Leak,Low,Closed,BOS
IN0005598,FL0004425,AC00432,2026-03-17 14:21:00,Turbulence,High,Resolved,ORD
IN0005599,FL0005856,AC00103,2026-04-21 14:54:00,Engine Alert,Medium,Closed,SIN
IN0005600,FL0004607,AC00991,2026-04-02 02:14:00,Bird Strike,High,Resolved,BLR
IN0005601,FL0009047,AC00653,2026-02-03 17:49:00,Turbulence,Medium,Investigating,ATL
IN0005602,FL0001249,AC01084,2026-05-22 13:13:00,Turbulence,Low,Resolved,MIA
IN0005603,FL0009781,AC00870,2026-02-06 19:04:00,Weather Alert,Low,Open,BOS
IN0005604,FL0001646,AC00236,2026-05-05 12:06:00,Turbulence,Medium,Resolved,DEL
IN0005605,FL0013809,AC00398,2026-03-19 07:52:00,Weather Alert,Low,Open,SFO
IN0005606,FL0000154,AC01028,2026-03-18 16:42:00,Navigation Error,Medium,Resolved,LHR
IN0005607,FL0010014,AC00799,2026-05-27 23:58:00,Bird Strike,Low,Investigating,LHR
IN0005608,FL0004128,AC00891,2026-06-06 16:15:00,Hydraulic Leak,Low,Open,LAX
IN0005609,FL0011076,AC00200,2026-02-14 04:31:00,Hydraulic Leak,Medium,Closed,ORD
IN0005610,FL0009399,AC00178,2026-04-09 07:37:00,Weather Alert,Medium,Investigating,SEA
IN0005611,FL0006089,AC00725,2026-06-29 05:49:00,Bird Strike,Medium,Open,DEL
IN0005612,FL0009854,AC01155,2026-04-13 22:28:00,Engine Alert,High,Investigating,SFO
IN0005613,FL0009662,AC00398,2026-03-24 09:10:00,Engine Alert,High,Open,DFW
IN0005614,FL0000149,AC00630,2026-06-01 21:35:00,Engine Alert,High,Open,DEL
IN0005615,FL0004112,AC00333,2026-05-06 01:51:00,Weather Alert,Low,Resolved,DXB
IN0005616,FL0001702,AC01071,2026-03-16 17:42:00,Hydraulic Leak,High,Investigating,LAX
IN0005617,FL0011112,AC00466,2026-06-26 06:37:00,Navigation Error,Medium,Investigating,SIN
IN0005618,FL0002734,AC00342,2026-06-23 02:34:00,Bird Strike,Low,Open,LHR
IN0005619,FL0009851,AC00641,2026-02-06 02:13:00,Bird Strike,Critical,Investigating,SFO
IN0005620,FL0010357,AC00043,2026-04-04 15:35:00,Turbulence,Low,Resolved,ORD
IN0005621,FL0005275,AC01179,2026-05-27 12:43:00,Weather Alert,Low,Closed,ATL
IN0005622,FL0011729,AC00148,2026-03-04 01:56:00,Brake Issue,Low,Resolved,DFW
IN0005623,FL0014256,AC00630,2026-03-20 20:31:00,Weather Alert,Low,Resolved,JFK
IN0005624,FL0005191,AC01198,2026-06-25 01:13:00,Bird Strike,Medium,Closed,LHR
IN0005625,FL0003471,AC01111,2026-04-30 00:43:00,Hydraulic Leak,Medium,Closed,BOS
IN0005626,FL0000274,AC00210,2026-02-03 07:18:00,Bird Strike,Low,Open,LHR
IN0005627,FL0011016,AC00612,2026-03-26 07:00:00,Brake Issue,Low,Resolved,LAX
IN0005628,FL0006909,AC00407,2026-06-04 00:53:00,Brake Issue,Low,Resolved,SIN
IN0005629,FL0002521,AC00119,2026-06-19 20:23:00,Engine Alert,Medium,Open,SIN
IN0005630,FL0012314,AC00323,2026-01-01 17:03:00,Brake Issue,Medium,Closed,ATL
IN0005631,FL0005406,AC00619,2026-02-03 12:18:00,Brake Issue,Medium,Closed,SEA
IN0005632,FL0006974,AC00794,2026-04-08 02:14:00,Turbulence,Low,Resolved,ATL
IN0005633,FL0013101,AC01081,2026-05-11 21:15:00,Turbulence,Low,Resolved,JFK
IN0005634,FL0013252,AC00149,2026-05-08 23:56:00,Engine Alert,Low,Resolved,LAX
IN0005635,FL0000287,AC00100,2026-03-31 01:12:00,Turbulence,Low,Investigating,SEA
IN0005636,FL0002628,AC00893,2026-05-04 13:24:00,Hydraulic Leak,Low,Closed,DEL
IN0005637,FL0002476,AC00760,2026-04-21 17:30:00,Turbulence,Medium,Resolved,LAX
IN0005638,FL0014078,AC00564,2026-01-22 16:20:00,Hydraulic Leak,Low,Closed,SIN
IN0005639,FL0008831,AC00008,2026-04-06 13:49:00,Brake Issue,Medium,Closed,BOS
IN0005640,FL0004090,AC00287,2026-03-07 01:25:00,Brake Issue,High,Open,DEN
IN0005641,FL0000838,AC00603,2026-01-21 05:43:00,Turbulence,Critical,Closed,JFK
IN0005642,FL0010285,AC00002,2026-05-28 03:20:00,Weather Alert,Low,Closed,DXB
IN0005643,FL0009623,AC00936,2026-02-21 16:26:00,Turbulence,Medium,Open,MIA
IN0005644,FL0009871,AC00718,2026-01-10 12:00:00,Engine Alert,Low,Open,DXB
IN0005645,FL0001155,AC00417,2026-02-23 09:17:00,Bird Strike,Low,Closed,SIN
IN0005646,FL0012477,AC00217,2026-01-27 16:02:00,Hydraulic Leak,High,Resolved,DXB
IN0005647,FL0008917,AC00903,2026-05-18 18:09:00,Hydraulic Leak,Low,Resolved,LHR
IN0005648,FL0013441,AC00899,2026-06-05 23:13:00,Brake Issue,Low,Open,LAX
IN0005649,FL0014793,AC00555,2026-01-17 09:59:00,Brake Issue,Low,Closed,DXB
IN0005650,FL0001199,AC00680,2026-06-29 01:52:00,Hydraulic Leak,High,Open,JFK
IN0005651,FL0006613,AC00047,2026-03-24 15:09:00,Brake Issue,Medium,Closed,JFK
IN0005652,FL0001207,AC00450,2026-01-16 03:40:00,Navigation Error,Medium,Investigating,JFK
IN0005653,FL0014591,AC00162,2026-06-29 03:07:00,Weather Alert,High,Closed,LHR
IN0005654,FL0013042,AC00468,2026-04-04 07:16:00,Bird Strike,Medium,Closed,SIN
IN0005655,FL0007884,AC00045,2026-04-08 06:53:00,Bird Strike,Medium,Open,BOS
IN0005656,FL0001077,AC00540,2026-05-05 23:02:00,Engine Alert,Low,Investigating,LHR
IN0005657,FL0001519,AC01152,2026-01-27 12:48:00,Hydraulic Leak,Low,Investigating,MIA
IN0005658,FL0012565,AC00190,2026-01-20 21:00:00,Navigation Error,Low,Investigating,JFK
IN0005659,FL0009294,AC00790,2026-05-01 02:46:00,Bird Strike,Low,Open,JFK
IN0005660,FL0008522,AC00949,2026-06-03 18:26:00,Hydraulic Leak,Critical,Resolved,LHR
IN0005661,FL0005011,AC00911,2026-02-28 18:15:00,Bird Strike,Low,Resolved,SIN
IN0005662,FL0013023,AC00659,2026-05-29 00:18:00,Brake Issue,Low,Investigating,ORD
IN0005663,FL0004387,AC00597,2026-06-06 18:49:00,Engine Alert,Medium,Open,BOS
IN0005664,FL0008586,AC00177,2026-03-15 02:19:00,Hydraulic Leak,Low,Closed,BLR
IN0005665,FL0014770,AC00987,2026-05-17 02:08:00,Turbulence,Medium,Investigating,SIN
IN0005666,FL0011582,AC00313,2026-03-30 18:00:00,Brake Issue,Low,Closed,SEA
IN0005667,FL0003337,AC00013,2026-02-26 06:29:00,Bird Strike,Medium,Resolved,SEA
IN0005668,FL0003927,AC00412,2026-01-07 05:58:00,Brake Issue,Medium,Resolved,JFK
IN0005669,FL0001292,AC01024,2026-07-01 04:15:00,Navigation Error,Low,Resolved,SFO
IN0005670,FL0013741,AC00974,2026-06-25 02:53:00,Navigation Error,Low,Closed,BLR
IN0005671,FL0001281,AC00816,2026-01-18 17:00:00,Navigation Error,Medium,Resolved,SFO
IN0005672,FL0004494,AC00161,2026-05-13 13:59:00,Engine Alert,Medium,Resolved,SIN
IN0005673,FL0014991,AC00913,2026-03-04 22:12:00,Navigation Error,Medium,Open,LHR
IN0005674,FL0012697,AC01174,2026-05-13 15:46:00,Weather Alert,Medium,Investigating,BLR
IN0005675,FL0006094,AC01012,2026-01-13 04:50:00,Engine Alert,Low,Investigating,LHR
IN0005676,FL0008113,AC00587,2026-01-27 20:55:00,Brake Issue,Low,Open,DXB
IN0005677,FL0012013,AC00288,2026-04-22 12:33:00,Weather Alert,Low,Open,SEA
IN0005678,FL0003355,AC01077,2026-02-22 05:01:00,Navigation Error,High,Open,DXB
IN0005679,FL0008166,AC01024,2026-03-10 11:04:00,Bird Strike,Medium,Open,JFK
IN0005680,FL0009713,AC00601,2026-04-01 17:42:00,Engine Alert,High,Open,ORD
IN0005681,FL0012794,AC00303,2026-01-01 19:20:00,Brake Issue,High,Open,DXB
IN0005682,FL0010499,AC00361,2026-02-11 21:33:00,Weather Alert,High,Resolved,SIN
IN0005683,FL0007739,AC00475,2026-05-24 20:30:00,Hydraulic Leak,High,Closed,JFK
IN0005684,FL0010466,AC00238,2026-03-11 11:13:00,Navigation Error,Low,Investigating,LAX
IN0005685,FL0006683,AC00349,2026-05-19 17:32:00,Navigation Error,Low,Closed,ORD
IN0005686,FL0011504,AC00259,2026-03-30 01:28:00,Navigation Error,Medium,Closed,BLR
IN0005687,FL0001348,AC00376,2026-06-29 22:19:00,Turbulence,Low,Resolved,DEL
IN0005688,FL0002665,AC00092,2026-03-27 12:52:00,Bird Strike,Low,Closed,DFW
IN0005689,FL0003235,AC00418,2026-04-03 23:46:00,Hydraulic Leak,Medium,Open,ATL
IN0005690,FL0012329,AC00994,2026-05-07 12:05:00,Turbulence,Medium,Resolved,LAX
IN0005691,FL0013233,AC00364,2026-01-10 13:36:00,Navigation Error,Medium,Investigating,DFW
IN0005692,FL0002456,AC00607,2026-03-14 23:14:00,Bird Strike,High,Open,DFW
IN0005693,FL0011790,AC00687,2026-05-28 06:45:00,Brake Issue,Low,Open,DEL
IN0005694,FL0000195,AC00771,2026-05-28 01:01:00,Weather Alert,Low,Resolved,ATL
IN0005695,FL0011605,AC00722,2026-01-19 15:42:00,Bird Strike,Medium,Open,LAX
IN0005696,FL0005528,AC00894,2026-02-08 08:26:00,Turbulence,Low,Open,SEA
IN0005697,FL0003164,AC00153,2026-02-28 22:05:00,Turbulence,Low,Closed,SIN
IN0005698,FL0004036,AC00217,2026-02-13 11:53:00,Bird Strike,Medium,Open,DEL
IN0005699,FL0004243,AC00643,2026-01-02 02:26:00,Bird Strike,Low,Investigating,DFW
IN0005700,FL0000662,AC00064,2026-04-16 18:57:00,Navigation Error,Low,Closed,BOS
IN0005701,FL0001798,AC00113,2026-06-02 21:29:00,Brake Issue,Medium,Closed,SEA
IN0005702,FL0007845,AC00517,2026-02-19 07:55:00,Hydraulic Leak,Medium,Closed,BOS
IN0005703,FL0014750,AC00345,2026-01-08 02:35:00,Weather Alert,Low,Investigating,LHR
IN0005704,FL0006662,AC00320,2026-02-03 13:12:00,Brake Issue,Medium,Open,DXB
IN0005705,FL0004585,AC00529,2026-06-01 17:21:00,Navigation Error,Low,Open,BLR
IN0005706,FL0014523,AC01076,2026-02-12 09:44:00,Weather Alert,Low,Investigating,BLR
IN0005707,FL0011811,AC01123,2026-04-21 07:24:00,Brake Issue,High,Open,LHR
IN0005708,FL0002916,AC00165,2026-06-12 19:15:00,Brake Issue,High,Investigating,JFK
IN0005709,FL0009263,AC01007,2026-06-07 20:03:00,Engine Alert,Medium,Closed,SFO
IN0005710,FL0001304,AC00614,2026-01-08 18:03:00,Turbulence,Medium,Investigating,BOS
IN0005711,FL0007667,AC00162,2026-06-18 07:42:00,Brake Issue,Low,Open,BLR
IN0005712,FL0012233,AC01144,2026-06-09 22:42:00,Turbulence,High,Resolved,BOS
IN0005713,FL0010563,AC00808,2026-06-27 15:17:00,Navigation Error,Low,Open,DEL
IN0005714,FL0003452,AC00578,2026-03-01 02:11:00,Turbulence,Critical,Investigating,SIN
IN0005715,FL0006829,AC00935,2026-03-06 17:00:00,Brake Issue,Medium,Investigating,SIN
IN0005716,FL0003068,AC00253,2026-02-27 11:13:00,Hydraulic Leak,Low,Closed,SEA
IN0005717,FL0012963,AC00682,2026-02-17 02:44:00,Brake Issue,Low,Resolved,JFK
IN0005718,FL0008757,AC00243,2026-03-13 18:18:00,Turbulence,Low,Open,JFK
IN0005719,FL0006006,AC00423,2026-02-11 22:15:00,Hydraulic Leak,Low,Closed,DEL
IN0005720,FL0012886,AC00359,2026-04-08 07:22:00,Engine Alert,High,Resolved,SFO
IN0005721,FL0009518,AC00925,2026-05-27 11:27:00,Turbulence,Low,Resolved,LAX
IN0005722,FL0010439,AC00015,2026-07-01 02:24:00,Hydraulic Leak,Medium,Open,SEA
IN0005723,FL0001953,AC00937,2026-01-31 05:32:00,Weather Alert,Low,Open,SEA
IN0005724,FL0004270,AC00058,2026-05-31 07:48:00,Hydraulic Leak,Medium,Resolved,ATL
IN0005725,FL0009211,AC00113,2026-05-09 21:04:00,Brake Issue,Low,Open,ORD
IN0005726,FL0007163,AC00995,2026-01-28 07:01:00,Hydraulic Leak,Low,Investigating,SFO
IN0005727,FL0014190,AC00174,2026-04-22 08:22:00,Bird Strike,Low,Closed,JFK
IN0005728,FL0004812,AC00883,2026-05-16 07:43:00,Navigation Error,Low,Investigating,LAX
IN0005729,FL0007289,AC00862,2026-06-03 11:30:00,Navigation Error,Medium,Open,LHR
IN0005730,FL0010128,AC00509,2026-03-21 00:08:00,Engine Alert,Low,Resolved,BOS
IN0005731,FL0012425,AC01146,2026-03-20 08:59:00,Hydraulic Leak,High,Investigating,DEL
IN0005732,FL0001734,AC00317,2026-05-30 08:36:00,Weather Alert,Low,Resolved,DXB
IN0005733,FL0008521,AC00638,2026-05-11 16:48:00,Weather Alert,Medium,Closed,SFO
IN0005734,FL0006161,AC01066,2026-04-08 23:33:00,Engine Alert,Low,Closed,SFO
IN0005735,FL0003233,AC00468,2026-03-20 09:08:00,Hydraulic Leak,Medium,Open,ATL
IN0005736,FL0010065,AC00270,2026-01-09 13:03:00,Bird Strike,High,Resolved,LAX
IN0005737,FL0010885,AC00734,2026-03-11 09:42:00,Bird Strike,Medium,Closed,SIN
IN0005738,FL0011173,AC00719,2026-02-24 17:30:00,Brake Issue,Low,Open,JFK
IN0005739,FL0008331,AC01060,2026-05-25 14:03:00,Weather Alert,Medium,Resolved,LAX
IN0005740,FL0001128,AC00240,2026-01-19 18:08:00,Bird Strike,Low,Resolved,SFO
IN0005741,FL0006400,AC00182,2026-02-04 11:37:00,Weather Alert,Medium,Closed,DXB
IN0005742,FL0014162,AC00557,2026-03-11 04:11:00,Navigation Error,Low,Open,MIA
IN0005743,FL0004377,AC00769,2026-03-31 23:56:00,Hydraulic Leak,Medium,Resolved,SFO
IN0005744,FL0002224,AC00798,2026-01-14 05:51:00,Weather Alert,Critical,Open,SIN
IN0005745,FL0013646,AC00318,2026-01-06 09:21:00,Engine Alert,Medium,Closed,JFK
IN0005746,FL0010443,AC01043,2026-04-23 02:52:00,Hydraulic Leak,Low,Resolved,LHR
IN0005747,FL0002831,AC00676,2026-06-01 06:23:00,Brake Issue,Low,Resolved,DXB
IN0005748,FL0007765,AC00150,2026-05-24 12:28:00,Turbulence,Low,Open,DFW
IN0005749,FL0004431,AC00802,2026-06-28 07:55:00,Brake Issue,High,Open,BOS
IN0005750,FL0009123,AC00941,2026-04-28 06:35:00,Brake Issue,Medium,Closed,BLR
IN0005751,FL0003359,AC00246,2026-04-21 11:29:00,Brake Issue,High,Investigating,LAX
IN0005752,FL0009820,AC00144,2026-02-13 04:16:00,Engine Alert,Low,Investigating,DEL
IN0005753,FL0011130,AC00875,2026-05-24 17:06:00,Weather Alert,Low,Resolved,MIA
IN0005754,FL0005741,AC01110,2026-01-20 10:01:00,Navigation Error,Medium,Open,JFK
IN0005755,FL0000922,AC00236,2026-05-05 02:43:00,Hydraulic Leak,Medium,Closed,SIN
IN0005756,FL0014200,AC00527,2026-02-15 23:25:00,Bird Strike,Medium,Open,SIN
IN0005757,FL0004134,AC01041,2026-04-22 13:05:00,Brake Issue,Medium,Open,LHR
IN0005758,FL0002182,AC00624,2026-02-12 17:53:00,Hydraulic Leak,Medium,Open,BOS
IN0005759,FL0007544,AC00398,2026-01-07 14:12:00,Hydraulic Leak,Low,Open,SIN
IN0005760,FL0009736,AC00743,2026-02-09 20:02:00,Brake Issue,High,Open,BOS
IN0005761,FL0012260,AC00036,2026-04-30 13:01:00,Turbulence,Low,Open,SIN
IN0005762,FL0009512,AC00560,2026-06-27 04:46:00,Brake Issue,Low,Investigating,ATL
IN0005763,FL0010477,AC00831,2026-03-25 23:38:00,Engine Alert,High,Investigating,DFW
IN0005764,FL0008928,AC00993,2026-02-28 04:50:00,Navigation Error,Medium,Closed,DEL
IN0005765,FL0008716,AC00046,2026-01-14 20:04:00,Bird Strike,Low,Resolved,DEL
IN0005766,FL0005839,AC01118,2026-01-30 23:56:00,Navigation Error,High,Investigating,ATL
IN0005767,FL0010266,AC00804,2026-02-06 13:17:00,Weather Alert,Low,Open,SEA
IN0005768,FL0002925,AC00146,2026-02-28 05:12:00,Turbulence,High,Investigating,DXB
IN0005769,FL0013212,AC00893,2026-05-06 22:30:00,Brake Issue,Low,Closed,DEL
IN0005770,FL0003469,AC01056,2026-01-02 12:51:00,Brake Issue,Medium,Resolved,SFO
IN0005771,FL0004504,AC00287,2026-01-18 13:49:00,Engine Alert,Low,Open,SFO
IN0005772,FL0014898,AC01114,2026-02-05 07:38:00,Hydraulic Leak,Low,Open,MIA
IN0005773,FL0002724,AC00252,2026-02-06 05:07:00,Weather Alert,Medium,Closed,ATL
IN0005774,FL0012348,AC00093,2026-04-23 05:49:00,Hydraulic Leak,Low,Resolved,LAX
IN0005775,FL0004519,AC00750,2026-05-21 08:03:00,Hydraulic Leak,Medium,Resolved,ORD
IN0005776,FL0001282,AC00838,2026-01-08 03:00:00,Brake Issue,Medium,Resolved,DEL
IN0005777,FL0001814,AC00486,2026-06-14 21:07:00,Weather Alert,Low,Open,DXB
IN0005778,FL0011782,AC00061,2026-05-13 06:34:00,Engine Alert,Low,Closed,BLR
IN0005779,FL0003368,AC00106,2026-06-12 19:00:00,Bird Strike,High,Investigating,MIA
IN0005780,FL0004153,AC00899,2026-06-13 14:41:00,Weather Alert,Low,Open,ORD
IN0005781,FL0002692,AC00682,2026-05-07 04:56:00,Weather Alert,Medium,Closed,DXB
IN0005782,FL0013603,AC00686,2026-02-09 01:58:00,Bird Strike,Critical,Open,ATL
IN0005783,FL0005065,AC00738,2026-01-18 00:09:00,Turbulence,Low,Closed,SFO
IN0005784,FL0013436,AC00868,2026-03-08 06:07:00,Weather Alert,Medium,Open,SFO
IN0005785,FL0005147,AC00955,2026-06-14 00:14:00,Bird Strike,High,Resolved,DFW
IN0005786,FL0005350,AC00259,2026-03-30 22:22:00,Brake Issue,Medium,Open,SEA
IN0005787,FL0013016,AC00244,2026-03-31 12:17:00,Hydraulic Leak,Low,Investigating,LAX
IN0005788,FL0005787,AC00597,2026-02-11 02:18:00,Bird Strike,Medium,Resolved,ATL
IN0005789,FL0013045,AC00754,2026-03-30 05:56:00,Weather Alert,High,Investigating,DXB
IN0005790,FL0003527,AC00839,2026-04-26 00:57:00,Navigation Error,Critical,Open,BOS
IN0005791,FL0002098,AC01177,2026-06-21 18:39:00,Engine Alert,Low,Resolved,MIA
IN0005792,FL0005334,AC00839,2026-03-24 02:24:00,Navigation Error,Low,Open,LHR
IN0005793,FL0012784,AC01010,2026-04-11 22:55:00,Hydraulic Leak,Medium,Resolved,DEN
IN0005794,FL0008846,AC00886,2026-03-13 13:32:00,Bird Strike,Low,Investigating,LAX
IN0005795,FL0013635,AC00113,2026-03-15 12:17:00,Hydraulic Leak,High,Closed,SIN
IN0005796,FL0002652,AC00702,2026-05-31 19:07:00,Weather Alert,Low,Investigating,SEA
IN0005797,FL0007530,AC00377,2026-02-12 05:14:00,Engine Alert,Low,Closed,LHR
IN0005798,FL0001554,AC00931,2026-06-03 14:29:00,Bird Strike,High,Open,DFW
IN0005799,FL0008701,AC00791,2026-06-25 16:53:00,Brake Issue,Medium,Closed,ORD
IN0005800,FL0001793,AC00350,2026-06-10 05:25:00,Turbulence,High,Open,DFW
IN0005801,FL0012207,AC00326,2026-02-27 02:43:00,Brake Issue,Low,Resolved,LAX
IN0005802,FL0006311,AC00025,2026-05-09 17:25:00,Turbulence,Medium,Investigating,LHR
IN0005803,FL0002071,AC00535,2026-06-30 16:39:00,Engine Alert,Medium,Open,DXB
IN0005804,FL0007534,AC00633,2026-05-06 12:24:00,Engine Alert,Low,Open,ORD
IN0005805,FL0014420,AC00607,2026-03-05 11:49:00,Engine Alert,Low,Resolved,SIN
IN0005806,FL0014042,AC00399,2026-05-22 16:33:00,Navigation Error,Low,Closed,DEL
IN0005807,FL0000297,AC00465,2026-02-14 04:48:00,Turbulence,Medium,Closed,ORD
IN0005808,FL0013298,AC00343,2026-04-13 19:43:00,Bird Strike,Low,Closed,SFO
IN0005809,FL0012967,AC00448,2026-01-27 05:18:00,Brake Issue,Low,Resolved,MIA
IN0005810,FL0005316,AC00854,2026-02-10 07:27:00,Hydraulic Leak,Medium,Investigating,LAX
IN0005811,FL0005493,AC00852,2026-04-15 08:32:00,Bird Strike,Medium,Closed,LAX
IN0005812,FL0008644,AC00164,2026-01-10 01:11:00,Brake Issue,Low,Investigating,SIN
IN0005813,FL0000557,AC00620,2026-03-19 12:15:00,Weather Alert,Low,Investigating,SIN
IN0005814,FL0006166,AC00752,2026-03-22 06:47:00,Hydraulic Leak,Medium,Closed,LHR
IN0005815,FL0002075,AC00980,2026-06-23 11:10:00,Hydraulic Leak,Low,Investigating,SIN
IN0005816,FL0007807,AC00827,2026-04-03 23:22:00,Brake Issue,High,Open,DEN
IN0005817,FL0000166,AC00604,2026-02-27 21:45:00,Engine Alert,Low,Resolved,ORD
IN0005818,FL0000346,AC00392,2026-04-26 09:40:00,Engine Alert,Medium,Open,BLR
IN0005819,FL0007181,AC00947,2026-01-16 02:19:00,Brake Issue,Medium,Investigating,BOS
IN0005820,FL0001911,AC00306,2026-03-18 22:29:00,Navigation Error,Low,Closed,LAX
IN0005821,FL0014859,AC00765,2026-04-25 18:07:00,Navigation Error,Low,Resolved,SFO
IN0005822,FL0003184,AC01145,2026-01-24 14:30:00,Hydraulic Leak,Low,Open,BOS
IN0005823,FL0002200,AC00713,2026-01-13 02:38:00,Bird Strike,Medium,Closed,SFO
IN0005824,FL0002457,AC00462,2026-03-12 16:21:00,Weather Alert,Medium,Investigating,DFW
IN0005825,FL0005075,AC00161,2026-02-12 17:03:00,Turbulence,Medium,Investigating,LAX
IN0005826,FL0009472,AC00850,2026-04-17 16:45:00,Navigation Error,Medium,Resolved,DEN
IN0005827,FL0002049,AC00021,2026-02-01 06:38:00,Bird Strike,Low,Resolved,LHR
IN0005828,FL0006077,AC00927,2026-06-04 21:31:00,Turbulence,Medium,Closed,DEN
IN0005829,FL0010273,AC00602,2026-04-09 16:24:00,Brake Issue,Low,Closed,BLR
IN0005830,FL0011339,AC00283,2026-02-07 15:26:00,Engine Alert,Low,Open,DFW
IN0005831,FL0004238,AC00391,2026-02-16 13:30:00,Brake Issue,High,Closed,ORD
IN0005832,FL0014087,AC00621,2026-06-02 01:02:00,Turbulence,Low,Closed,MIA
IN0005833,FL0014484,AC00283,2026-05-06 10:15:00,Turbulence,Low,Open,DEL
IN0005834,FL0003091,AC00179,2026-05-18 05:57:00,Hydraulic Leak,Medium,Resolved,DEN
IN0005835,FL0001156,AC00789,2026-06-17 23:04:00,Engine Alert,High,Investigating,BOS
IN0005836,FL0006271,AC01136,2026-01-24 05:41:00,Turbulence,High,Open,DXB
IN0005837,FL0014773,AC01179,2026-06-07 20:19:00,Navigation Error,Low,Resolved,DFW
IN0005838,FL0005905,AC00398,2026-06-05 21:37:00,Engine Alert,Low,Open,ATL
IN0005839,FL0004066,AC00104,2026-01-22 03:21:00,Turbulence,Low,Resolved,SEA
IN0005840,FL0002737,AC01050,2026-04-07 03:35:00,Engine Alert,High,Closed,ORD
IN0005841,FL0005293,AC00354,2026-02-05 05:34:00,Hydraulic Leak,High,Open,JFK
IN0005842,FL0002385,AC00974,2026-05-09 01:21:00,Hydraulic Leak,High,Resolved,SFO
IN0005843,FL0011175,AC00988,2026-06-27 23:32:00,Bird Strike,Low,Closed,MIA
IN0005844,FL0011989,AC00894,2026-04-06 08:33:00,Turbulence,Low,Closed,ORD
IN0005845,FL0002651,AC00005,2026-01-10 15:15:00,Weather Alert,High,Closed,BLR
IN0005846,FL0013478,AC00511,2026-03-08 18:23:00,Bird Strike,Low,Investigating,DEL
IN0005847,FL0002408,AC00031,2026-03-17 04:05:00,Brake Issue,Low,Resolved,BOS
IN0005848,FL0006156,AC00731,2026-06-15 17:43:00,Turbulence,Medium,Investigating,BOS
IN0005849,FL0004624,AC01156,2026-03-28 15:05:00,Engine Alert,Low,Investigating,JFK
IN0005850,FL0004908,AC00987,2026-05-31 22:47:00,Weather Alert,Low,Resolved,SIN
IN0005851,FL0005883,AC00005,2026-01-16 21:39:00,Hydraulic Leak,Low,Resolved,JFK
IN0005852,FL0012688,AC00700,2026-04-16 20:34:00,Hydraulic Leak,Medium,Resolved,LHR
IN0005853,FL0004393,AC00886,2026-03-01 11:22:00,Navigation Error,Low,Closed,MIA
IN0005854,FL0002998,AC01113,2026-02-14 05:44:00,Engine Alert,Medium,Investigating,LHR
IN0005855,FL0002083,AC00944,2026-06-03 21:31:00,Engine Alert,High,Investigating,DFW
IN0005856,FL0013175,AC00716,2026-01-06 09:27:00,Weather Alert,Medium,Open,DEN
IN0005857,FL0006610,AC00383,2026-02-04 07:48:00,Turbulence,Low,Closed,DEL
IN0005858,FL0006372,AC00710,2026-05-08 19:49:00,Weather Alert,Low,Open,JFK
IN0005859,FL0008676,AC00813,2026-03-15 17:04:00,Engine Alert,Low,Resolved,BOS
IN0005860,FL0001586,AC00802,2026-02-21 16:12:00,Hydraulic Leak,Medium,Closed,SIN
IN0005861,FL0005575,AC00012,2026-06-17 07:10:00,Turbulence,Low,Closed,SEA
IN0005862,FL0009252,AC00407,2026-05-04 01:46:00,Weather Alert,Low,Resolved,LAX
IN0005863,FL0003761,AC00808,2026-03-18 16:50:00,Engine Alert,High,Open,BOS
IN0005864,FL0012570,AC00438,2026-01-07 11:59:00,Turbulence,Low,Investigating,DEN
IN0005865,FL0005044,AC00132,2026-05-28 00:44:00,Turbulence,High,Investigating,BLR
IN0005866,FL0012626,AC00733,2026-06-08 21:40:00,Hydraulic Leak,Medium,Investigating,BOS
IN0005867,FL0007096,AC00611,2026-04-12 14:08:00,Brake Issue,Medium,Resolved,MIA
IN0005868,FL0013808,AC00824,2026-02-10 02:23:00,Engine Alert,Medium,Investigating,MIA
IN0005869,FL0007726,AC00643,2026-06-29 15:40:00,Bird Strike,Medium,Closed,BOS
IN0005870,FL0008525,AC00292,2026-05-29 22:30:00,Engine Alert,Low,Closed,LAX
IN0005871,FL0014636,AC01115,2026-06-14 15:34:00,Hydraulic Leak,Low,Closed,ORD
IN0005872,FL0008831,AC00597,2026-04-15 20:00:00,Engine Alert,Medium,Investigating,DFW
IN0005873,FL0012660,AC00022,2026-05-22 05:07:00,Navigation Error,Low,Resolved,LAX
IN0005874,FL0008634,AC00286,2026-06-14 09:31:00,Turbulence,Low,Investigating,DEL
IN0005875,FL0004450,AC00760,2026-05-29 20:23:00,Turbulence,Low,Investigating,SIN
IN0005876,FL0002484,AC00549,2026-06-26 20:25:00,Bird Strike,Low,Resolved,ATL
IN0005877,FL0014634,AC00924,2026-04-07 01:56:00,Engine Alert,Low,Open,ORD
IN0005878,FL0000643,AC00463,2026-03-30 08:47:00,Turbulence,Low,Open,SIN
IN0005879,FL0010876,AC00905,2026-05-20 13:09:00,Turbulence,Low,Open,SFO
IN0005880,FL0009707,AC00185,2026-05-03 04:46:00,Engine Alert,Low,Resolved,SIN
IN0005881,FL0014271,AC00624,2026-04-28 04:11:00,Navigation Error,Medium,Open,DEN
IN0005882,FL0006530,AC00769,2026-04-16 11:53:00,Weather Alert,Low,Resolved,DEL
IN0005883,FL0011133,AC00268,2026-06-18 23:34:00,Hydraulic Leak,Medium,Closed,BLR
IN0005884,FL0011308,AC00454,2026-02-08 01:11:00,Engine Alert,Medium,Open,BOS
IN0005885,FL0001976,AC00958,2026-01-07 16:33:00,Hydraulic Leak,Medium,Resolved,LHR
IN0005886,FL0013052,AC00317,2026-04-29 13:24:00,Hydraulic Leak,Low,Closed,MIA
IN0005887,FL0007184,AC00102,2026-02-12 12:07:00,Weather Alert,Low,Open,SEA
IN0005888,FL0011400,AC01085,2026-02-18 11:04:00,Turbulence,Low,Investigating,SFO
IN0005889,FL0000953,AC01137,2026-02-09 19:17:00,Engine Alert,Medium,Open,LHR
IN0005890,FL0012141,AC00768,2026-04-07 16:31:00,Turbulence,Low,Closed,BLR
IN0005891,FL0001277,AC00087,2026-05-01 21:52:00,Weather Alert,Low,Resolved,SEA
IN0005892,FL0003489,AC00630,2026-06-01 04:42:00,Engine Alert,Medium,Open,DEN
IN0005893,FL0005806,AC00615,2026-03-22 01:10:00,Bird Strike,Low,Open,LAX
IN0005894,FL0004378,AC00348,2026-06-11 07:17:00,Turbulence,High,Closed,DXB
IN0005895,FL0006569,AC00413,2026-03-23 09:57:00,Weather Alert,High,Resolved,MIA
IN0005896,FL0006987,AC01043,2026-03-31 00:42:00,Navigation Error,Low,Investigating,LAX
IN0005897,FL0013628,AC00117,2026-02-23 15:47:00,Engine Alert,Low,Resolved,MIA
IN0005898,FL0008088,AC00827,2026-05-14 01:06:00,Navigation Error,Low,Open,BOS
IN0005899,FL0009621,AC01174,2026-03-28 23:54:00,Bird Strike,Low,Resolved,BOS
IN0005900,FL0005791,AC00897,2026-01-05 09:40:00,Hydraulic Leak,Low,Investigating,JFK
IN0005901,FL0003986,AC00855,2026-05-03 19:00:00,Hydraulic Leak,Medium,Resolved,SFO
IN0005902,FL0010128,AC00129,2026-03-30 16:38:00,Engine Alert,Medium,Open,BLR
IN0005903,FL0007212,AC00861,2026-05-14 19:45:00,Navigation Error,High,Investigating,LAX
IN0005904,FL0008647,AC00956,2026-01-22 15:11:00,Hydraulic Leak,Low,Resolved,SIN
IN0005905,FL0004654,AC01091,2026-02-07 23:14:00,Weather Alert,Low,Resolved,SIN
IN0005906,FL0008455,AC00673,2026-01-10 07:12:00,Weather Alert,Low,Investigating,SFO
IN0005907,FL0014183,AC00684,2026-03-25 04:35:00,Weather Alert,Low,Investigating,DXB
IN0005908,FL0014969,AC01013,2026-01-14 16:25:00,Brake Issue,Low,Investigating,DEL
IN0005909,FL0004687,AC00769,2026-04-05 03:05:00,Hydraulic Leak,Medium,Investigating,MIA
IN0005910,FL0013516,AC00232,2026-06-29 23:01:00,Engine Alert,Low,Resolved,BOS
IN0005911,FL0001221,AC00538,2026-05-03 16:59:00,Turbulence,Low,Investigating,DFW
IN0005912,FL0004375,AC01044,2026-01-10 14:35:00,Bird Strike,Low,Investigating,LAX
IN0005913,FL0007647,AC00173,2026-06-06 21:31:00,Hydraulic Leak,High,Resolved,JFK
IN0005914,FL0014317,AC00002,2026-05-21 12:34:00,Brake Issue,Low,Open,BOS
IN0005915,FL0000231,AC00047,2026-04-04 03:06:00,Turbulence,Low,Investigating,SEA
IN0005916,FL0004371,AC00302,2026-01-13 16:17:00,Brake Issue,Low,Open,JFK
IN0005917,FL0013118,AC01155,2026-02-15 00:40:00,Navigation Error,Low,Resolved,LAX
IN0005918,FL0010211,AC00049,2026-02-21 21:54:00,Turbulence,Low,Investigating,LHR
IN0005919,FL0002793,AC00346,2026-01-03 08:49:00,Engine Alert,Low,Investigating,DXB
IN0005920,FL0000017,AC01110,2026-03-31 02:23:00,Weather Alert,Medium,Resolved,DFW
IN0005921,FL0013858,AC00980,2026-04-01 13:38:00,Brake Issue,Low,Resolved,ATL
IN0005922,FL0007421,AC00783,2026-01-14 19:22:00,Brake Issue,Low,Resolved,DFW
IN0005923,FL0003786,AC00312,2026-06-06 21:14:00,Turbulence,High,Resolved,BLR
IN0005924,FL0007578,AC00259,2026-06-20 08:35:00,Engine Alert,Low,Resolved,ATL
IN0005925,FL0003743,AC00018,2026-05-06 00:30:00,Brake Issue,Low,Resolved,LHR
IN0005926,FL0002918,AC00475,2026-04-18 15:50:00,Turbulence,Low,Resolved,SIN
IN0005927,FL0014752,AC00869,2026-01-20 00:43:00,Weather Alert,Medium,Open,LAX
IN0005928,FL0004126,AC00338,2026-02-02 07:07:00,Navigation Error,Low,Open,BLR
IN0005929,FL0006680,AC00008,2026-01-13 06:41:00,Engine Alert,Low,Closed,MIA
IN0005930,FL0012695,AC00977,2026-03-14 18:52:00,Bird Strike,Low,Open,BLR
IN0005931,FL0010144,AC00248,2026-02-19 23:07:00,Navigation Error,Medium,Open,DFW
IN0005932,FL0012516,AC00412,2026-03-27 06:08:00,Navigation Error,Low,Closed,DXB
IN0005933,FL0012840,AC00473,2026-02-28 11:41:00,Brake Issue,High,Resolved,ATL
IN0005934,FL0009458,AC00328,2026-05-24 09:30:00,Turbulence,High,Closed,DEN
IN0005935,FL0008082,AC00731,2026-06-22 04:00:00,Hydraulic Leak,Medium,Open,SIN
IN0005936,FL0006763,AC00034,2026-06-13 08:16:00,Turbulence,Medium,Investigating,BLR
IN0005937,FL0009127,AC00602,2026-05-25 13:29:00,Navigation Error,Medium,Open,DXB
IN0005938,FL0004533,AC00397,2026-04-20 04:56:00,Turbulence,Low,Closed,BOS
IN0005939,FL0013625,AC00929,2026-01-19 17:26:00,Turbulence,Low,Resolved,SIN
IN0005940,FL0002115,AC00891,2026-02-21 10:41:00,Brake Issue,Low,Open,BLR
IN0005941,FL0010384,AC01085,2026-02-22 21:15:00,Brake Issue,Medium,Resolved,DEN
IN0005942,FL0005181,AC00162,2026-06-28 22:36:00,Engine Alert,Low,Open,DXB
IN0005943,FL0002929,AC00461,2026-02-25 16:53:00,Engine Alert,Low,Closed,DXB
IN0005944,FL0012485,AC00989,2026-01-29 14:05:00,Brake Issue,Medium,Open,BLR
IN0005945,FL0001966,AC01025,2026-01-04 19:07:00,Weather Alert,Medium,Open,SEA
IN0005946,FL0003256,AC00976,2026-02-07 04:25:00,Engine Alert,High,Investigating,LHR
IN0005947,FL0002537,AC00702,2026-03-11 09:24:00,Hydraulic Leak,Low,Resolved,SFO
IN0005948,FL0004507,AC01014,2026-04-17 20:39:00,Engine Alert,Low,Resolved,SIN
IN0005949,FL0012110,AC01050,2026-01-24 08:50:00,Weather Alert,High,Resolved,SEA
IN0005950,FL0000976,AC00088,2026-01-30 03:11:00,Navigation Error,Low,Investigating,LAX
IN0005951,FL0014869,AC00363,2026-05-30 05:07:00,Weather Alert,Low,Investigating,ORD
IN0005952,FL0012493,AC00276,2026-01-24 06:13:00,Weather Alert,Low,Closed,SEA
IN0005953,FL0009831,AC00035,2026-01-25 13:01:00,Brake Issue,Medium,Closed,SIN
IN0005954,FL0005424,AC00078,2026-03-16 00:23:00,Weather Alert,High,Open,BLR
IN0005955,FL0002486,AC01178,2026-05-27 13:22:00,Brake Issue,High,Closed,SIN
IN0005956,FL0001744,AC00144,2026-04-20 13:45:00,Brake Issue,Low,Open,JFK
IN0005957,FL0008969,AC00059,2026-01-05 03:31:00,Hydraulic Leak,High,Open,DEN
IN0005958,FL0003201,AC00096,2026-02-07 01:32:00,Hydraulic Leak,High,Resolved,SIN
IN0005959,FL0005971,AC00979,2026-03-28 18:23:00,Brake Issue,Low,Investigating,BLR
IN0005960,FL0014374,AC00205,2026-05-08 14:34:00,Engine Alert,Critical,Resolved,MIA
IN0005961,FL0012287,AC00823,2026-01-31 02:53:00,Engine Alert,Medium,Resolved,SIN
IN0005962,FL0011031,AC00339,2026-02-10 13:07:00,Weather Alert,Low,Resolved,DEN
IN0005963,FL0006687,AC00364,2026-03-21 13:35:00,Turbulence,Low,Investigating,BLR
IN0005964,FL0014651,AC00148,2026-03-31 14:09:00,Hydraulic Leak,Low,Investigating,DFW
IN0005965,FL0007144,AC00282,2026-06-09 02:03:00,Hydraulic Leak,Medium,Closed,DXB
IN0005966,FL0005785,AC00131,2026-03-07 14:42:00,Engine Alert,Medium,Closed,SFO
IN0005967,FL0007811,AC01037,2026-01-02 13:11:00,Hydraulic Leak,Low,Open,JFK
IN0005968,FL0013814,AC00054,2026-01-03 23:16:00,Brake Issue,Low,Investigating,LHR
IN0005969,FL0010608,AC00625,2026-02-09 06:16:00,Brake Issue,High,Open,DEL
IN0005970,FL0012332,AC00758,2026-02-04 13:49:00,Hydraulic Leak,High,Closed,LAX
IN0005971,FL0011067,AC00569,2026-06-04 16:41:00,Bird Strike,Low,Closed,DEN
IN0005972,FL0007009,AC00125,2026-03-04 22:20:00,Weather Alert,Low,Resolved,ATL
IN0005973,FL0007256,AC01086,2026-01-03 10:57:00,Hydraulic Leak,Low,Resolved,SEA
IN0005974,FL0011477,AC00447,2026-06-12 12:11:00,Hydraulic Leak,Medium,Resolved,LAX
IN0005975,FL0002681,AC00523,2026-05-26 21:01:00,Navigation Error,Low,Resolved,DXB
IN0005976,FL0001341,AC00852,2026-04-16 14:28:00,Hydraulic Leak,Low,Closed,LAX
IN0005977,FL0007869,AC00987,2026-04-12 05:15:00,Weather Alert,Low,Resolved,DEN
IN0005978,FL0010478,AC00325,2026-04-17 13:47:00,Navigation Error,Medium,Open,DFW
IN0005979,FL0000545,AC00899,2026-02-13 23:59:00,Weather Alert,Medium,Investigating,ORD
IN0005980,FL0014572,AC01050,2026-03-07 20:11:00,Weather Alert,Low,Investigating,DEL
IN0005981,FL0001116,AC00664,2026-01-02 14:17:00,Turbulence,Low,Investigating,DXB
IN0005982,FL0004759,AC01001,2026-01-24 10:38:00,Bird Strike,Medium,Resolved,MIA
IN0005983,FL0013433,AC00710,2026-06-10 01:29:00,Brake Issue,Low,Investigating,SEA
IN0005984,FL0007231,AC00637,2026-05-19 02:10:00,Turbulence,Medium,Investigating,SEA
IN0005985,FL0000291,AC00810,2026-06-11 00:30:00,Engine Alert,Low,Closed,LHR
IN0005986,FL0008423,AC01015,2026-03-02 07:19:00,Navigation Error,Medium,Open,ATL
IN0005987,FL0013714,AC00640,2026-03-29 00:54:00,Engine Alert,High,Resolved,JFK
IN0005988,FL0006736,AC01194,2026-02-04 20:43:00,Weather Alert,Low,Closed,BLR
IN0005989,FL0005861,AC01037,2026-02-06 14:21:00,Hydraulic Leak,Low,Open,DEN
IN0005990,FL0008063,AC01068,2026-04-30 14:57:00,Brake Issue,Low,Open,DEN
IN0005991,FL0012052,AC01172,2026-06-22 15:12:00,Bird Strike,Low,Closed,DXB
IN0005992,FL0009903,AC00330,2026-01-20 18:39:00,Hydraulic Leak,High,Resolved,ORD
IN0005993,FL0007729,AC01160,2026-02-23 16:04:00,Turbulence,Medium,Resolved,SEA
IN0005994,FL0006790,AC00208,2026-01-17 02:41:00,Turbulence,High,Investigating,BLR
IN0005995,FL0000891,AC00442,2026-01-11 06:08:00,Engine Alert,Medium,Closed,ATL
IN0005996,FL0000409,AC00666,2026-05-01 20:22:00,Turbulence,Low,Open,DFW
IN0005997,FL0000172,AC00425,2026-01-25 17:44:00,Bird Strike,High,Closed,MIA
IN0005998,FL0006300,AC00908,2026-01-28 03:26:00,Engine Alert,Medium,Closed,BLR
IN0005999,FL0008934,AC00708,2026-03-27 16:53:00,Brake Issue,Low,Resolved,DEN
IN0006000,FL0004326,AC00602,2026-02-12 01:13:00,Brake Issue,Medium,Investigating,ATL
IN0006001,FL0010516,AC00101,2026-02-15 17:22:00,Navigation Error,Low,Open,SFO
IN0006002,FL0008675,AC00932,2026-05-23 12:48:00,Turbulence,Medium,Open,DXB
IN0006003,FL0008470,AC01133,2026-05-29 15:26:00,Bird Strike,Low,Closed,ORD
IN0006004,FL0004470,AC00777,2026-04-16 18:30:00,Weather Alert,Medium,Investigating,BOS
IN0006005,FL0008678,AC00044,2026-05-05 14:42:00,Weather Alert,Medium,Resolved,DEN
IN0006006,FL0006685,AC00814,2026-03-15 17:53:00,Weather Alert,Low,Resolved,DEL
IN0006007,FL0009193,AC01191,2026-04-12 18:18:00,Navigation Error,High,Investigating,SFO
IN0006008,FL0005354,AC00158,2026-04-19 12:11:00,Weather Alert,Medium,Resolved,SEA
IN0006009,FL0000798,AC00375,2026-06-21 11:19:00,Weather Alert,Low,Investigating,MIA
IN0006010,FL0010075,AC00332,2026-03-28 16:40:00,Brake Issue,Low,Resolved,BLR
IN0006011,FL0012090,AC00097,2026-05-20 20:57:00,Weather Alert,High,Investigating,SFO
IN0006012,FL0006637,AC01001,2026-05-06 23:17:00,Engine Alert,Medium,Investigating,DFW
IN0006013,FL0007347,AC00288,2026-02-11 02:31:00,Brake Issue,Low,Open,ATL
IN0006014,FL0012022,AC00874,2026-03-02 16:36:00,Navigation Error,Low,Investigating,JFK
IN0006015,FL0013268,AC00913,2026-01-30 21:19:00,Brake Issue,High,Closed,BOS
IN0006016,FL0011164,AC00682,2026-05-29 16:21:00,Navigation Error,Low,Resolved,SFO
IN0006017,FL0000527,AC00164,2026-06-15 00:40:00,Navigation Error,Low,Investigating,BLR
IN0006018,FL0002486,AC00394,2026-06-22 01:27:00,Turbulence,Medium,Investigating,DEL
IN0006019,FL0013397,AC00389,2026-01-27 04:29:00,Navigation Error,Low,Resolved,DXB
IN0006020,FL0011203,AC00415,2026-01-22 17:10:00,Bird Strike,Medium,Open,SEA
IN0006021,FL0007478,AC00539,2026-03-13 20:28:00,Hydraulic Leak,Medium,Closed,DEN
IN0006022,FL0008787,AC00373,2026-04-27 17:18:00,Hydraulic Leak,Low,Investigating,ORD
IN0006023,FL0014351,AC00683,2026-04-18 01:57:00,Hydraulic Leak,Low,Investigating,SIN
IN0006024,FL0003690,AC00398,2026-05-07 05:28:00,Engine Alert,Low,Investigating,MIA
IN0006025,FL0013885,AC00445,2026-02-07 23:37:00,Navigation Error,Medium,Investigating,MIA
IN0006026,FL0006746,AC00839,2026-04-02 04:42:00,Weather Alert,Low,Resolved,DFW
IN0006027,FL0014332,AC00443,2026-03-20 07:05:00,Turbulence,Low,Open,BLR
IN0006028,FL0000014,AC00608,2026-06-25 23:36:00,Engine Alert,Medium,Open,MIA
IN0006029,FL0003068,AC00460,2026-05-09 21:11:00,Hydraulic Leak,High,Resolved,ATL
IN0006030,FL0000855,AC00455,2026-02-11 00:23:00,Weather Alert,Low,Open,SEA
IN0006031,FL0007408,AC00964,2026-02-05 19:03:00,Hydraulic Leak,Medium,Resolved,DEN
IN0006032,FL0001094,AC00754,2026-01-03 17:33:00,Weather Alert,High,Open,SFO
IN0006033,FL0000547,AC00146,2026-02-21 21:27:00,Weather Alert,Low,Resolved,ORD
IN0006034,FL0014623,AC00772,2026-05-01 13:31:00,Hydraulic Leak,Low,Investigating,DXB
IN0006035,FL0010527,AC00063,2026-06-23 21:19:00,Weather Alert,Low,Investigating,MIA
IN0006036,FL0004936,AC01037,2026-03-10 17:29:00,Bird Strike,Low,Resolved,LAX
IN0006037,FL0004633,AC01134,2026-05-23 17:01:00,Bird Strike,Low,Open,DEL
IN0006038,FL0011412,AC00901,2026-06-26 02:58:00,Hydraulic Leak,Low,Resolved,JFK
IN0006039,FL0014931,AC00715,2026-02-13 12:51:00,Engine Alert,Low,Closed,DEL
IN0006040,FL0011123,AC00996,2026-06-06 05:56:00,Turbulence,Low,Investigating,LHR
IN0006041,FL0001183,AC00514,2026-05-15 06:41:00,Brake Issue,Medium,Open,DEN
IN0006042,FL0008053,AC00636,2026-03-05 03:37:00,Bird Strike,High,Closed,SEA
IN0006043,FL0012389,AC00947,2026-05-22 02:15:00,Engine Alert,Low,Resolved,MIA
IN0006044,FL0008698,AC00932,2026-01-08 07:19:00,Turbulence,Low,Investigating,BOS
IN0006045,FL0000361,AC00292,2026-01-18 21:28:00,Hydraulic Leak,Low,Investigating,SEA
IN0006046,FL0006657,AC00765,2026-03-28 20:02:00,Turbulence,Low,Open,BOS
IN0006047,FL0007897,AC00390,2026-01-29 23:09:00,Weather Alert,Critical,Investigating,SFO
IN0006048,FL0006322,AC00905,2026-05-14 08:07:00,Brake Issue,Medium,Closed,LHR
IN0006049,FL0014682,AC00782,2026-05-10 01:50:00,Hydraulic Leak,Medium,Investigating,DEN
IN0006050,FL0002395,AC00362,2026-05-10 19:06:00,Turbulence,High,Closed,MIA
IN0006051,FL0003177,AC01065,2026-01-04 09:13:00,Hydraulic Leak,Low,Closed,DXB
IN0006052,FL0002577,AC01110,2026-03-30 03:40:00,Engine Alert,Medium,Investigating,DFW
IN0006053,FL0010835,AC00555,2026-03-21 20:49:00,Navigation Error,Medium,Investigating,MIA
IN0006054,FL0004130,AC00133,2026-01-26 05:50:00,Hydraulic Leak,Medium,Open,BOS
IN0006055,FL0006662,AC00741,2026-04-29 05:03:00,Bird Strike,Low,Open,LAX
IN0006056,FL0013506,AC00682,2026-06-24 14:29:00,Bird Strike,Medium,Closed,MIA
IN0006057,FL0001653,AC00647,2026-01-05 03:39:00,Bird Strike,High,Closed,LHR
IN0006058,FL0000835,AC00069,2026-02-06 14:02:00,Turbulence,High,Resolved,BOS
IN0006059,FL0008685,AC01060,2026-06-13 22:13:00,Turbulence,Medium,Investigating,JFK
IN0006060,FL0014639,AC01108,2026-03-06 06:17:00,Weather Alert,Low,Resolved,LAX
IN0006061,FL0008975,AC01187,2026-03-24 02:41:00,Turbulence,Medium,Investigating,DEN
IN0006062,FL0002959,AC00096,2026-01-09 07:51:00,Turbulence,Low,Resolved,SIN
IN0006063,FL0011663,AC01014,2026-02-11 00:26:00,Weather Alert,High,Investigating,DEL
IN0006064,FL0012702,AC01006,2026-05-22 21:43:00,Weather Alert,Medium,Closed,LHR
IN0006065,FL0001034,AC00445,2026-06-20 22:20:00,Bird Strike,Low,Investigating,SEA
IN0006066,FL0013310,AC00843,2026-02-05 13:25:00,Hydraulic Leak,Low,Closed,SEA
IN0006067,FL0013784,AC00133,2026-04-20 14:55:00,Engine Alert,Medium,Closed,SEA
IN0006068,FL0009591,AC00918,2026-03-10 19:04:00,Bird Strike,High,Closed,DFW
IN0006069,FL0013945,AC00040,2026-02-15 05:39:00,Engine Alert,Medium,Investigating,SEA
IN0006070,FL0014488,AC00667,2026-04-07 08:25:00,Engine Alert,Low,Open,LHR
IN0006071,FL0014310,AC00672,2026-02-22 04:38:00,Weather Alert,Medium,Investigating,LAX
IN0006072,FL0000789,AC00076,2026-04-18 07:21:00,Brake Issue,High,Resolved,BLR
IN0006073,FL0009247,AC00633,2026-04-22 19:16:00,Brake Issue,High,Open,SEA
IN0006074,FL0007832,AC00405,2026-05-05 19:48:00,Engine Alert,High,Open,MIA
IN0006075,FL0006445,AC00581,2026-03-25 11:45:00,Brake Issue,Medium,Investigating,LHR
IN0006076,FL0005876,AC00103,2026-02-10 14:59:00,Turbulence,Medium,Open,JFK
IN0006077,FL0013205,AC00696,2026-02-22 13:56:00,Navigation Error,Medium,Resolved,BLR
IN0006078,FL0012129,AC00847,2026-06-04 17:04:00,Weather Alert,Low,Investigating,DEN
IN0006079,FL0008221,AC00638,2026-02-05 07:53:00,Engine Alert,Medium,Closed,ORD
IN0006080,FL0001039,AC00672,2026-04-26 11:34:00,Brake Issue,High,Open,LAX
IN0006081,FL0014552,AC00595,2026-04-26 05:38:00,Turbulence,High,Investigating,SFO
IN0006082,FL0005852,AC00840,2026-05-25 02:29:00,Hydraulic Leak,Medium,Open,DEN
IN0006083,FL0013367,AC00386,2026-05-17 02:26:00,Brake Issue,Medium,Open,BLR
IN0006084,FL0012249,AC00712,2026-01-06 22:18:00,Bird Strike,Medium,Resolved,JFK
IN0006085,FL0009053,AC00638,2026-06-26 19:16:00,Turbulence,Low,Closed,MIA
IN0006086,FL0005883,AC00262,2026-02-11 16:42:00,Engine Alert,Medium,Resolved,BOS
IN0006087,FL0013449,AC00831,2026-05-05 18:56:00,Navigation Error,Low,Investigating,SIN
IN0006088,FL0014831,AC01161,2026-02-06 15:05:00,Weather Alert,High,Closed,ATL
IN0006089,FL0008848,AC00168,2026-03-25 20:09:00,Engine Alert,Medium,Open,SIN
IN0006090,FL0010199,AC01093,2026-04-04 19:27:00,Turbulence,Critical,Closed,SFO
IN0006091,FL0005470,AC00562,2026-01-16 09:26:00,Brake Issue,Low,Open,LAX
IN0006092,FL0001762,AC00672,2026-04-22 10:15:00,Navigation Error,Low,Open,MIA
IN0006093,FL0008966,AC00674,2026-05-23 04:25:00,Hydraulic Leak,Medium,Investigating,LHR
IN0006094,FL0009120,AC00495,2026-02-23 14:25:00,Brake Issue,Low,Open,LHR
IN0006095,FL0013176,AC00726,2026-05-26 04:30:00,Engine Alert,Low,Resolved,BLR
IN0006096,FL0012435,AC00120,2026-02-13 00:29:00,Weather Alert,Medium,Investigating,LAX
IN0006097,FL0002936,AC01048,2026-05-14 05:00:00,Hydraulic Leak,Medium,Open,SEA
IN0006098,FL0006310,AC00786,2026-04-20 19:21:00,Turbulence,Low,Investigating,SEA
IN0006099,FL0004931,AC00114,2026-02-10 17:13:00,Brake Issue,High,Investigating,DEN
IN0006100,FL0010190,AC00110,2026-01-22 03:03:00,Bird Strike,Medium,Closed,DFW
IN0006101,FL0009457,AC00279,2026-03-16 13:10:00,Bird Strike,High,Closed,SIN
IN0006102,FL0006630,AC00506,2026-03-31 00:17:00,Turbulence,Medium,Resolved,MIA
IN0006103,FL0001150,AC00515,2026-06-24 06:05:00,Hydraulic Leak,Critical,Investigating,SFO
IN0006104,FL0005191,AC00688,2026-04-05 01:55:00,Navigation Error,Low,Investigating,BLR
IN0006105,FL0013956,AC00742,2026-01-25 05:28:00,Weather Alert,Medium,Closed,BOS
IN0006106,FL0008369,AC00234,2026-03-02 03:25:00,Weather Alert,Low,Open,JFK
IN0006107,FL0014511,AC00623,2026-03-23 01:33:00,Hydraulic Leak,Medium,Resolved,ORD
IN0006108,FL0003063,AC00406,2026-05-25 17:42:00,Brake Issue,Medium,Open,SFO
IN0006109,FL0013207,AC00072,2026-04-22 22:56:00,Engine Alert,Medium,Resolved,ORD
IN0006110,FL0001616,AC00788,2026-05-20 03:24:00,Hydraulic Leak,Medium,Closed,ATL
IN0006111,FL0012505,AC00848,2026-06-30 22:45:00,Turbulence,Low,Closed,LHR
IN0006112,FL0004867,AC00780,2026-02-01 16:24:00,Engine Alert,High,Closed,JFK
IN0006113,FL0014803,AC00077,2026-04-16 14:02:00,Brake Issue,Low,Investigating,MIA
IN0006114,FL0004251,AC00915,2026-01-11 14:43:00,Engine Alert,High,Closed,MIA
IN0006115,FL0003410,AC00314,2026-05-31 17:06:00,Weather Alert,Critical,Open,LAX
IN0006116,FL0000454,AC00567,2026-03-13 23:02:00,Hydraulic Leak,High,Resolved,SEA
IN0006117,FL0012125,AC00521,2026-03-25 04:17:00,Bird Strike,High,Closed,DEN
IN0006118,FL0000964,AC00865,2026-05-02 03:53:00,Hydraulic Leak,Low,Open,SEA
IN0006119,FL0010404,AC00767,2026-02-23 22:01:00,Weather Alert,Medium,Closed,LHR
IN0006120,FL0004274,AC01131,2026-01-26 06:29:00,Bird Strike,High,Closed,SIN
IN0006121,FL0008780,AC00568,2026-03-28 15:44:00,Navigation Error,Medium,Investigating,SEA
IN0006122,FL0012307,AC00101,2026-01-30 20:55:00,Engine Alert,High,Open,SFO
IN0006123,FL0002918,AC01151,2026-01-31 21:21:00,Weather Alert,High,Resolved,DXB
IN0006124,FL0009273,AC00281,2026-04-09 15:03:00,Turbulence,Medium,Open,DFW
IN0006125,FL0006167,AC00888,2026-04-18 20:20:00,Weather Alert,Medium,Resolved,DFW
IN0006126,FL0005882,AC00590,2026-03-13 23:14:00,Engine Alert,Medium,Resolved,JFK
IN0006127,FL0005858,AC00814,2026-03-29 02:16:00,Engine Alert,Low,Resolved,LAX
IN0006128,FL0004998,AC00442,2026-01-26 03:54:00,Engine Alert,Medium,Resolved,DEN
IN0006129,FL0014930,AC01094,2026-05-28 17:04:00,Turbulence,Medium,Closed,JFK
IN0006130,FL0000781,AC00308,2026-01-04 01:12:00,Bird Strike,High,Investigating,ATL
IN0006131,FL0011911,AC00599,2026-05-06 07:35:00,Hydraulic Leak,Medium,Resolved,LAX
IN0006132,FL0002430,AC00415,2026-04-22 07:21:00,Bird Strike,High,Resolved,MIA
IN0006133,FL0002399,AC00919,2026-01-12 05:04:00,Turbulence,Low,Investigating,LHR
IN0006134,FL0002533,AC00339,2026-05-01 09:56:00,Brake Issue,High,Open,SEA
IN0006135,FL0005121,AC01022,2026-02-16 18:39:00,Turbulence,Low,Open,LAX
IN0006136,FL0000780,AC00401,2026-01-27 01:53:00,Turbulence,Critical,Closed,BLR
IN0006137,FL0002893,AC00294,2026-02-20 11:52:00,Bird Strike,High,Investigating,LAX
IN0006138,FL0008342,AC00386,2026-03-02 10:15:00,Bird Strike,Medium,Closed,LAX
IN0006139,FL0004130,AC01077,2026-03-07 02:20:00,Navigation Error,Critical,Open,LAX
IN0006140,FL0011507,AC00966,2026-01-07 02:30:00,Hydraulic Leak,Low,Closed,LAX
IN0006141,FL0009177,AC00787,2026-06-04 20:20:00,Hydraulic Leak,Critical,Resolved,ATL
IN0006142,FL0007878,AC00198,2026-05-07 03:37:00,Weather Alert,Medium,Resolved,ORD
IN0006143,FL0003443,AC00031,2026-05-25 22:32:00,Brake Issue,Low,Open,DEN
IN0006144,FL0001678,AC00049,2026-02-09 09:10:00,Navigation Error,Low,Resolved,LHR
IN0006145,FL0013160,AC01024,2026-04-01 18:49:00,Turbulence,Medium,Resolved,LAX
IN0006146,FL0012591,AC00084,2026-05-07 14:46:00,Turbulence,Low,Closed,ATL
IN0006147,FL0002311,AC00422,2026-02-15 15:52:00,Brake Issue,Medium,Closed,DXB
IN0006148,FL0002800,AC00529,2026-04-04 05:13:00,Navigation Error,Low,Open,MIA
IN0006149,FL0003812,AC00813,2026-04-10 12:01:00,Bird Strike,Medium,Investigating,LHR
IN0006150,FL0004057,AC00079,2026-05-21 08:56:00,Bird Strike,High,Closed,JFK
IN0006151,FL0012431,AC01187,2026-03-06 00:54:00,Brake Issue,Low,Investigating,SEA
IN0006152,FL0003551,AC01195,2026-01-18 19:02:00,Brake Issue,Medium,Investigating,BLR
IN0006153,FL0012276,AC00314,2026-06-19 01:23:00,Navigation Error,Critical,Open,BOS
IN0006154,FL0004829,AC00200,2026-01-01 02:53:00,Hydraulic Leak,Low,Investigating,ATL
IN0006155,FL0004645,AC00830,2026-04-17 14:45:00,Hydraulic Leak,Low,Open,ORD
IN0006156,FL0014162,AC00920,2026-06-18 08:16:00,Turbulence,Low,Investigating,ORD
IN0006157,FL0013780,AC00291,2026-05-08 10:02:00,Bird Strike,Low,Open,LAX
IN0006158,FL0000865,AC01182,2026-07-01 04:40:00,Weather Alert,Low,Investigating,SIN
IN0006159,FL0002972,AC00563,2026-05-12 02:50:00,Engine Alert,Low,Resolved,DXB
IN0006160,FL0006942,AC00621,2026-05-26 06:59:00,Weather Alert,Medium,Investigating,DEL
IN0006161,FL0014568,AC01198,2026-03-15 16:06:00,Weather Alert,Low,Open,ATL
IN0006162,FL0004343,AC00653,2026-04-28 00:06:00,Bird Strike,Low,Closed,MIA
IN0006163,FL0014888,AC01106,2026-05-08 05:03:00,Navigation Error,High,Open,SFO
IN0006164,FL0009928,AC01102,2026-02-22 15:07:00,Hydraulic Leak,Low,Investigating,JFK
IN0006165,FL0009863,AC00043,2026-03-08 05:25:00,Navigation Error,High,Closed,DFW
IN0006166,FL0005868,AC01183,2026-01-18 08:26:00,Weather Alert,Low,Open,ATL
IN0006167,FL0013676,AC00105,2026-05-01 04:58:00,Engine Alert,Low,Closed,SIN
IN0006168,FL0013134,AC00665,2026-03-04 10:07:00,Turbulence,High,Investigating,MIA
IN0006169,FL0002708,AC00897,2026-03-11 09:39:00,Weather Alert,Low,Closed,SFO
IN0006170,FL0003083,AC00949,2026-04-21 01:20:00,Navigation Error,Low,Investigating,DFW
IN0006171,FL0004629,AC01004,2026-05-09 17:32:00,Weather Alert,Medium,Investigating,BLR
IN0006172,FL0011298,AC00369,2026-01-09 06:27:00,Engine Alert,Critical,Closed,JFK
IN0006173,FL0002661,AC00648,2026-01-15 03:42:00,Bird Strike,Medium,Investigating,LHR
IN0006174,FL0006914,AC00860,2026-01-02 22:28:00,Turbulence,Low,Closed,DXB
IN0006175,FL0003369,AC00630,2026-01-01 17:49:00,Hydraulic Leak,Medium,Closed,SFO
IN0006176,FL0000266,AC00895,2026-03-09 23:57:00,Navigation Error,Medium,Investigating,BLR
IN0006177,FL0000841,AC00559,2026-05-30 08:30:00,Navigation Error,Medium,Investigating,SIN
IN0006178,FL0003330,AC00932,2026-01-12 10:44:00,Brake Issue,Medium,Resolved,DXB
IN0006179,FL0010810,AC00632,2026-05-26 18:42:00,Navigation Error,Low,Resolved,DXB
IN0006180,FL0013847,AC01154,2026-02-19 22:44:00,Bird Strike,Medium,Resolved,SIN
IN0006181,FL0003010,AC00374,2026-06-20 13:14:00,Brake Issue,Critical,Open,DEL
IN0006182,FL0013132,AC00959,2026-01-30 06:07:00,Navigation Error,Medium,Closed,ATL
IN0006183,FL0009180,AC00235,2026-01-22 23:15:00,Weather Alert,Low,Closed,SFO
IN0006184,FL0004765,AC00518,2026-01-28 06:30:00,Navigation Error,Low,Investigating,SFO
IN0006185,FL0000854,AC00630,2026-05-13 06:52:00,Navigation Error,Low,Investigating,DEL
IN0006186,FL0004702,AC00617,2026-04-23 08:49:00,Navigation Error,Low,Resolved,ORD
IN0006187,FL0012379,AC00248,2026-04-01 07:18:00,Bird Strike,High,Closed,SEA
IN0006188,FL0004439,AC00799,2026-02-14 16:12:00,Navigation Error,Low,Resolved,DEL
IN0006189,FL0007118,AC00399,2026-02-03 05:56:00,Bird Strike,Low,Open,ORD
IN0006190,FL0007548,AC00388,2026-06-10 04:01:00,Brake Issue,Medium,Resolved,LHR
IN0006191,FL0002447,AC00269,2026-03-24 05:56:00,Brake Issue,Medium,Open,SIN
IN0006192,FL0011642,AC00873,2026-06-14 17:23:00,Bird Strike,Low,Closed,BOS
IN0006193,FL0012820,AC01029,2026-05-14 04:02:00,Hydraulic Leak,Medium,Closed,BOS
IN0006194,FL0004481,AC00074,2026-01-31 16:19:00,Bird Strike,High,Resolved,DEL
IN0006195,FL0000881,AC00462,2026-02-17 13:52:00,Navigation Error,Low,Closed,DFW
IN0006196,FL0010589,AC01155,2026-02-07 15:16:00,Brake Issue,Medium,Closed,BLR
IN0006197,FL0009990,AC01034,2026-01-24 09:18:00,Bird Strike,Low,Open,DEL
IN0006198,FL0008477,AC00711,2026-01-10 00:26:00,Bird Strike,High,Open,BOS
IN0006199,FL0011766,AC00252,2026-04-11 11:24:00,Bird Strike,Medium,Open,SEA
IN0006200,FL0006836,AC00248,2026-01-22 22:45:00,Turbulence,Low,Investigating,BLR
IN0006201,FL0010808,AC00615,2026-05-08 00:42:00,Turbulence,Low,Investigating,BLR
IN0006202,FL0001889,AC01135,2026-03-03 03:23:00,Brake Issue,Medium,Resolved,JFK
IN0006203,FL0003769,AC00941,2026-05-15 03:41:00,Engine Alert,Medium,Open,DEN
IN0006204,FL0011656,AC00997,2026-01-12 11:11:00,Navigation Error,High,Resolved,SIN
IN0006205,FL0009999,AC01141,2026-06-01 13:52:00,Hydraulic Leak,Critical,Investigating,BLR
IN0006206,FL0003314,AC00123,2026-01-06 07:08:00,Hydraulic Leak,Low,Open,LHR
IN0006207,FL0012605,AC00940,2026-02-24 19:57:00,Brake Issue,Medium,Open,MIA
IN0006208,FL0002553,AC00535,2026-06-24 19:04:00,Engine Alert,Low,Investigating,BLR
IN0006209,FL0003276,AC00192,2026-01-18 18:53:00,Weather Alert,Medium,Open,DFW
IN0006210,FL0011226,AC00357,2026-03-18 10:06:00,Hydraulic Leak,Medium,Open,DFW
IN0006211,FL0001278,AC00326,2026-04-01 21:56:00,Turbulence,High,Open,DEN
IN0006212,FL0006927,AC01087,2026-02-18 03:23:00,Weather Alert,Medium,Closed,DEN
IN0006213,FL0009597,AC00333,2026-01-15 13:00:00,Weather Alert,Medium,Closed,BLR
IN0006214,FL0010334,AC00757,2026-04-01 09:41:00,Weather Alert,Low,Closed,DEN
IN0006215,FL0007436,AC00260,2026-01-22 13:04:00,Brake Issue,High,Closed,LAX
IN0006216,FL0003147,AC00633,2026-03-12 10:05:00,Brake Issue,Low,Resolved,DFW
IN0006217,FL0002911,AC00758,2026-01-15 16:33:00,Bird Strike,Low,Closed,ORD
IN0006218,FL0011359,AC00833,2026-07-01 18:17:00,Turbulence,High,Closed,LHR
IN0006219,FL0000032,AC00833,2026-04-05 03:31:00,Bird Strike,Low,Resolved,ATL
IN0006220,FL0006610,AC00058,2026-06-10 15:16:00,Turbulence,Medium,Closed,SFO
IN0006221,FL0007015,AC00297,2026-04-10 20:30:00,Navigation Error,Medium,Resolved,DEL
IN0006222,FL0011239,AC00533,2026-04-30 20:32:00,Bird Strike,Low,Investigating,SEA
IN0006223,FL0003036,AC00199,2026-02-19 18:08:00,Brake Issue,Low,Open,SFO
IN0006224,FL0013662,AC00046,2026-05-19 04:47:00,Brake Issue,High,Investigating,JFK
IN0006225,FL0007090,AC00628,2026-05-29 20:19:00,Hydraulic Leak,Low,Closed,DFW
IN0006226,FL0001511,AC00418,2026-04-29 10:13:00,Weather Alert,Low,Open,ORD
IN0006227,FL0003984,AC00356,2026-06-11 00:38:00,Engine Alert,Low,Open,LAX
IN0006228,FL0007046,AC00360,2026-05-30 15:55:00,Turbulence,Medium,Investigating,SEA
IN0006229,FL0001136,AC00514,2026-02-04 20:32:00,Hydraulic Leak,Low,Closed,DEL
IN0006230,FL0011044,AC00277,2026-04-22 15:55:00,Engine Alert,Low,Resolved,SFO
IN0006231,FL0005318,AC00618,2026-04-17 16:36:00,Brake Issue,Low,Open,JFK
IN0006232,FL0012796,AC00331,2026-04-27 03:49:00,Brake Issue,Low,Closed,LAX
IN0006233,FL0002097,AC01139,2026-04-23 23:56:00,Engine Alert,Medium,Investigating,DEN
IN0006234,FL0013224,AC01150,2026-04-10 00:06:00,Weather Alert,Medium,Open,JFK
IN0006235,FL0006469,AC00384,2026-02-06 14:37:00,Turbulence,Low,Investigating,SFO
IN0006236,FL0004837,AC00584,2026-03-11 04:24:00,Bird Strike,Low,Investigating,SIN
IN0006237,FL0008852,AC01046,2026-05-02 14:41:00,Weather Alert,High,Closed,ATL
IN0006238,FL0003686,AC00936,2026-06-23 23:24:00,Hydraulic Leak,Low,Closed,SFO
IN0006239,FL0005647,AC00812,2026-05-30 10:57:00,Turbulence,Medium,Investigating,ATL
IN0006240,FL0001345,AC00569,2026-04-12 07:43:00,Weather Alert,Medium,Resolved,SFO
IN0006241,FL0009309,AC01172,2026-02-03 05:52:00,Turbulence,Low,Resolved,SEA
IN0006242,FL0005764,AC00272,2026-05-01 17:27:00,Weather Alert,Medium,Investigating,DFW
IN0006243,FL0004921,AC00579,2026-04-21 13:34:00,Bird Strike,Low,Closed,DEL
IN0006244,FL0012685,AC00110,2026-01-14 17:14:00,Bird Strike,Low,Resolved,MIA
IN0006245,FL0005486,AC00960,2026-06-17 21:49:00,Navigation Error,High,Open,BLR
IN0006246,FL0013182,AC00535,2026-04-28 17:57:00,Turbulence,Low,Open,SEA
IN0006247,FL0004201,AC00818,2026-02-17 05:45:00,Hydraulic Leak,Low,Open,DEN
IN0006248,FL0011253,AC00846,2026-01-06 22:44:00,Hydraulic Leak,High,Investigating,BLR
IN0006249,FL0014864,AC00891,2026-04-18 08:11:00,Bird Strike,Medium,Closed,SEA
IN0006250,FL0007662,AC00344,2026-01-03 08:50:00,Engine Alert,Medium,Open,JFK
IN0006251,FL0004792,AC00924,2026-04-02 01:04:00,Brake Issue,Low,Open,DFW
IN0006252,FL0010345,AC00118,2026-04-01 05:01:00,Bird Strike,Low,Open,DEL
IN0006253,FL0004102,AC00109,2026-05-25 08:38:00,Bird Strike,Low,Closed,SIN
IN0006254,FL0012851,AC00272,2026-03-25 14:58:00,Turbulence,Medium,Investigating,LHR
IN0006255,FL0012014,AC00578,2026-04-05 13:10:00,Bird Strike,Low,Resolved,DEL
IN0006256,FL0014531,AC00413,2026-02-21 15:28:00,Weather Alert,Low,Investigating,DFW
IN0006257,FL0004129,AC00820,2026-04-04 22:43:00,Turbulence,Medium,Open,ORD
IN0006258,FL0011696,AC00742,2026-04-28 23:06:00,Engine Alert,High,Resolved,SEA
IN0006259,FL0001140,AC00667,2026-01-01 12:46:00,Turbulence,Low,Closed,SEA
IN0006260,FL0013075,AC01160,2026-03-26 18:11:00,Brake Issue,Low,Open,LHR
IN0006261,FL0011256,AC00406,2026-02-27 14:53:00,Weather Alert,Medium,Resolved,SEA
IN0006262,FL0002785,AC01025,2026-05-23 00:46:00,Hydraulic Leak,Low,Open,ATL
IN0006263,FL0012508,AC00720,2026-06-17 09:00:00,Bird Strike,Critical,Closed,JFK
IN0006264,FL0012461,AC00645,2026-03-12 17:17:00,Engine Alert,Low,Investigating,SFO
IN0006265,FL0012177,AC00732,2026-05-28 06:25:00,Weather Alert,Low,Closed,JFK
IN0006266,FL0001830,AC00361,2026-02-10 01:18:00,Navigation Error,Critical,Open,DEN
IN0006267,FL0002609,AC00495,2026-02-17 21:12:00,Brake Issue,Low,Open,MIA
IN0006268,FL0005683,AC01068,2026-05-12 08:36:00,Hydraulic Leak,Low,Resolved,JFK
IN0006269,FL0004043,AC00629,2026-04-09 10:26:00,Navigation Error,Medium,Resolved,LHR
IN0006270,FL0004849,AC00818,2026-04-11 02:27:00,Engine Alert,Critical,Closed,ORD
IN0006271,FL0010573,AC00180,2026-04-29 16:17:00,Weather Alert,Low,Closed,DEL
IN0006272,FL0014089,AC00292,2026-06-09 11:01:00,Bird Strike,Low,Open,DEN
IN0006273,FL0007156,AC00406,2026-06-20 04:44:00,Bird Strike,High,Closed,ATL
IN0006274,FL0007685,AC00287,2026-04-21 07:36:00,Hydraulic Leak,Medium,Resolved,SEA
IN0006275,FL0006198,AC00318,2026-04-18 23:07:00,Brake Issue,Low,Closed,DEN
IN0006276,FL0011518,AC01144,2026-06-12 21:52:00,Brake Issue,Medium,Closed,SEA
IN0006277,FL0008219,AC00427,2026-04-03 15:34:00,Bird Strike,Low,Resolved,ATL
IN0006278,FL0011687,AC00301,2026-05-16 17:34:00,Engine Alert,Low,Investigating,SIN
IN0006279,FL0003692,AC00467,2026-06-29 18:21:00,Bird Strike,Medium,Open,DEN
IN0006280,FL0002826,AC00830,2026-01-30 09:38:00,Weather Alert,Medium,Resolved,DEL
IN0006281,FL0004267,AC00763,2026-06-15 05:23:00,Engine Alert,High,Investigating,LHR
IN0006282,FL0004151,AC00858,2026-02-17 06:57:00,Brake Issue,Medium,Closed,ATL
IN0006283,FL0004755,AC00543,2026-03-17 13:34:00,Hydraulic Leak,Medium,Resolved,LHR
IN0006284,FL0004266,AC00860,2026-01-02 19:52:00,Engine Alert,Low,Closed,DXB
IN0006285,FL0000159,AC00294,2026-01-10 02:56:00,Brake Issue,Low,Open,DXB
IN0006286,FL0005359,AC00464,2026-02-27 06:54:00,Navigation Error,Low,Closed,SIN
IN0006287,FL0014559,AC00570,2026-06-11 14:14:00,Hydraulic Leak,High,Closed,JFK
IN0006288,FL0013094,AC00778,2026-04-06 11:29:00,Bird Strike,High,Open,SFO
IN0006289,FL0009007,AC00693,2026-04-13 09:22:00,Brake Issue,Medium,Closed,BOS
IN0006290,FL0013482,AC00329,2026-04-09 23:29:00,Navigation Error,High,Resolved,SFO
IN0006291,FL0008096,AC01046,2026-03-12 23:34:00,Turbulence,Low,Closed,BOS
IN0006292,FL0004284,AC00672,2026-06-08 20:47:00,Hydraulic Leak,Low,Resolved,LAX
IN0006293,FL0004224,AC00043,2026-03-16 07:36:00,Turbulence,Low,Open,DFW
IN0006294,FL0008545,AC00767,2026-04-27 09:28:00,Turbulence,Low,Resolved,BLR
IN0006295,FL0007502,AC00893,2026-02-04 00:56:00,Brake Issue,Medium,Resolved,SIN
IN0006296,FL0002272,AC01064,2026-04-17 10:53:00,Hydraulic Leak,Low,Closed,LHR
IN0006297,FL0001155,AC00672,2026-05-19 11:39:00,Weather Alert,High,Investigating,BLR
IN0006298,FL0013483,AC00794,2026-05-06 02:17:00,Weather Alert,Low,Closed,SFO
IN0006299,FL0008710,AC00788,2026-01-30 06:19:00,Engine Alert,High,Closed,JFK
IN0006300,FL0012360,AC00587,2026-01-04 17:25:00,Brake Issue,Low,Closed,ATL
IN0006301,FL0005211,AC00519,2026-05-23 23:28:00,Engine Alert,Low,Closed,ATL
IN0006302,FL0000802,AC00676,2026-04-06 00:51:00,Engine Alert,High,Open,DXB
IN0006303,FL0002503,AC00529,2026-06-14 10:28:00,Hydraulic Leak,Low,Closed,DFW
IN0006304,FL0008286,AC00367,2026-02-10 00:03:00,Turbulence,Low,Investigating,BLR
IN0006305,FL0001560,AC00523,2026-03-13 15:31:00,Hydraulic Leak,Medium,Investigating,ATL
IN0006306,FL0011946,AC00265,2026-04-25 17:23:00,Navigation Error,Medium,Resolved,DXB
IN0006307,FL0009743,AC00230,2026-03-20 20:10:00,Weather Alert,Medium,Open,ORD
IN0006308,FL0007695,AC01139,2026-06-01 05:07:00,Engine Alert,Critical,Open,ATL
IN0006309,FL0010421,AC00496,2026-03-07 00:11:00,Hydraulic Leak,Medium,Investigating,SFO
IN0006310,FL0013157,AC00649,2026-05-22 03:33:00,Weather Alert,Medium,Closed,ATL
IN0006311,FL0001458,AC00706,2026-01-20 09:37:00,Engine Alert,High,Investigating,BOS
IN0006312,FL0007785,AC01182,2026-06-04 14:02:00,Brake Issue,Low,Open,SIN
IN0006313,FL0004327,AC01080,2026-06-30 06:19:00,Turbulence,Low,Closed,DEL
IN0006314,FL0008257,AC00079,2026-04-04 19:25:00,Navigation Error,Medium,Closed,ATL
IN0006315,FL0001025,AC00056,2026-06-15 19:11:00,Weather Alert,Medium,Resolved,BOS
IN0006316,FL0013457,AC00275,2026-02-10 16:16:00,Navigation Error,Medium,Open,DFW
IN0006317,FL0011182,AC00834,2026-06-05 19:03:00,Hydraulic Leak,Low,Closed,MIA
IN0006318,FL0007944,AC00049,2026-04-09 07:13:00,Brake Issue,Low,Resolved,LAX
IN0006319,FL0012702,AC00472,2026-04-17 03:28:00,Hydraulic Leak,Low,Open,SIN
IN0006320,FL0009512,AC00223,2026-07-02 02:02:00,Bird Strike,Low,Investigating,DEL
IN0006321,FL0001729,AC00525,2026-01-27 16:50:00,Hydraulic Leak,Low,Resolved,DFW
IN0006322,FL0008733,AC00871,2026-05-09 06:45:00,Hydraulic Leak,Low,Open,BLR
IN0006323,FL0012935,AC00159,2026-03-11 09:33:00,Navigation Error,Low,Closed,LAX
IN0006324,FL0002729,AC01107,2026-06-24 05:57:00,Turbulence,Low,Investigating,LAX
IN0006325,FL0003988,AC00186,2026-02-26 13:40:00,Hydraulic Leak,Low,Investigating,DXB
IN0006326,FL0012291,AC00899,2026-04-26 11:40:00,Navigation Error,Low,Investigating,ATL
IN0006327,FL0009470,AC01050,2026-05-04 21:31:00,Brake Issue,Low,Resolved,SIN
IN0006328,FL0011908,AC00703,2026-01-17 23:06:00,Weather Alert,Low,Investigating,JFK
IN0006329,FL0004880,AC01124,2026-02-22 23:33:00,Engine Alert,Low,Open,LHR
IN0006330,FL0007225,AC00988,2026-05-27 01:38:00,Navigation Error,Medium,Investigating,MIA
IN0006331,FL0009917,AC00105,2026-04-30 03:48:00,Hydraulic Leak,Low,Closed,ORD
IN0006332,FL0006068,AC00037,2026-01-21 10:01:00,Turbulence,Low,Open,SIN
IN0006333,FL0012580,AC01105,2026-04-26 07:41:00,Bird Strike,High,Resolved,SEA
IN0006334,FL0005178,AC00779,2026-05-03 19:34:00,Turbulence,Low,Open,DFW
IN0006335,FL0002074,AC00828,2026-04-17 18:48:00,Weather Alert,Medium,Resolved,ATL
IN0006336,FL0008129,AC00889,2026-04-12 19:27:00,Turbulence,High,Open,SIN
IN0006337,FL0001834,AC00544,2026-01-08 00:41:00,Bird Strike,Low,Resolved,DEL
IN0006338,FL0004096,AC00025,2026-05-26 20:52:00,Brake Issue,Low,Resolved,ORD
IN0006339,FL0002701,AC01117,2026-05-21 00:47:00,Weather Alert,Medium,Closed,ATL
IN0006340,FL0003196,AC00557,2026-06-15 05:27:00,Bird Strike,Low,Open,JFK
IN0006341,FL0009977,AC00506,2026-06-14 02:37:00,Hydraulic Leak,Low,Closed,DEL
IN0006342,FL0009150,AC01004,2026-03-12 10:46:00,Engine Alert,Medium,Open,DEN
IN0006343,FL0010346,AC00787,2026-06-07 14:47:00,Brake Issue,Low,Closed,MIA
IN0006344,FL0005358,AC00654,2026-01-01 06:18:00,Hydraulic Leak,Low,Open,DFW
IN0006345,FL0014049,AC00659,2026-03-26 23:08:00,Engine Alert,Critical,Resolved,ORD
IN0006346,FL0008543,AC00819,2026-05-22 10:59:00,Brake Issue,Low,Resolved,DEL
IN0006347,FL0001609,AC01097,2026-03-21 20:23:00,Turbulence,High,Investigating,SEA
IN0006348,FL0012138,AC00098,2026-05-21 02:25:00,Bird Strike,Low,Open,JFK
IN0006349,FL0010421,AC00525,2026-06-12 22:40:00,Bird Strike,Low,Closed,BOS
IN0006350,FL0014976,AC00551,2026-04-04 19:33:00,Hydraulic Leak,Low,Investigating,DEN
IN0006351,FL0007613,AC01027,2026-02-05 10:57:00,Bird Strike,Critical,Closed,DXB
IN0006352,FL0006744,AC01150,2026-06-12 18:54:00,Hydraulic Leak,Medium,Investigating,SEA
IN0006353,FL0011326,AC00291,2026-02-06 21:47:00,Bird Strike,Medium,Investigating,SFO
IN0006354,FL0014750,AC00089,2026-04-01 01:02:00,Weather Alert,Low,Investigating,SFO
IN0006355,FL0011630,AC00276,2026-04-05 23:24:00,Engine Alert,Low,Investigating,DEN
IN0006356,FL0001836,AC00309,2026-04-30 08:06:00,Turbulence,Medium,Closed,JFK
IN0006357,FL0011082,AC00864,2026-04-18 13:37:00,Navigation Error,Low,Open,BLR
IN0006358,FL0004089,AC01190,2026-02-19 19:19:00,Engine Alert,High,Closed,DEL
IN0006359,FL0014083,AC00788,2026-02-23 15:02:00,Engine Alert,Medium,Resolved,DEL
IN0006360,FL0008198,AC00882,2026-06-21 00:49:00,Brake Issue,Critical,Closed,LHR
IN0006361,FL0011673,AC00113,2026-06-25 09:00:00,Weather Alert,Low,Open,MIA
IN0006362,FL0008423,AC00376,2026-05-21 19:20:00,Engine Alert,Low,Investigating,ATL
IN0006363,FL0005321,AC00696,2026-02-25 04:28:00,Weather Alert,Low,Open,MIA
IN0006364,FL0005817,AC00883,2026-02-27 15:54:00,Bird Strike,Medium,Resolved,JFK
IN0006365,FL0002303,AC00920,2026-06-14 00:50:00,Engine Alert,Low,Resolved,MIA
IN0006366,FL0002581,AC00250,2026-01-06 02:40:00,Turbulence,Medium,Closed,LHR
IN0006367,FL0010609,AC00942,2026-03-28 03:17:00,Hydraulic Leak,Critical,Investigating,BOS
IN0006368,FL0011891,AC00362,2026-03-12 12:31:00,Brake Issue,Critical,Resolved,BLR
IN0006369,FL0012110,AC00258,2026-02-28 22:55:00,Brake Issue,Low,Closed,DEL
IN0006370,FL0008170,AC01192,2026-05-28 15:52:00,Navigation Error,Low,Investigating,JFK
IN0006371,FL0009800,AC01108,2026-02-20 07:01:00,Navigation Error,Low,Resolved,DEN
IN0006372,FL0005583,AC00964,2026-01-28 11:24:00,Hydraulic Leak,Low,Investigating,BOS
IN0006373,FL0005331,AC00539,2026-06-02 15:01:00,Bird Strike,Low,Resolved,MIA
IN0006374,FL0009169,AC00675,2026-04-04 04:20:00,Turbulence,Medium,Investigating,DEN
IN0006375,FL0008177,AC00875,2026-06-01 08:34:00,Brake Issue,Medium,Open,SFO
IN0006376,FL0013454,AC00107,2026-01-08 18:10:00,Turbulence,High,Resolved,LAX
IN0006377,FL0011572,AC00462,2026-04-23 04:29:00,Hydraulic Leak,Low,Closed,SEA
IN0006378,FL0008611,AC00274,2026-02-10 12:03:00,Engine Alert,Low,Open,BOS
IN0006379,FL0007818,AC00318,2026-04-26 04:22:00,Weather Alert,Medium,Investigating,SEA
IN0006380,FL0011549,AC01181,2026-05-29 14:37:00,Bird Strike,High,Open,LHR
IN0006381,FL0000248,AC01122,2026-02-12 19:55:00,Brake Issue,Low,Investigating,DEL
IN0006382,FL0003119,AC00366,2026-02-26 16:32:00,Turbulence,Low,Investigating,ATL
IN0006383,FL0000946,AC00735,2026-06-22 03:22:00,Weather Alert,High,Open,JFK
IN0006384,FL0002804,AC00861,2026-03-11 10:21:00,Navigation Error,Medium,Open,MIA
IN0006385,FL0002959,AC00758,2026-02-01 23:08:00,Hydraulic Leak,Low,Closed,LHR
IN0006386,FL0009497,AC00368,2026-03-30 07:45:00,Navigation Error,Medium,Resolved,LHR
IN0006387,FL0002801,AC01176,2026-03-21 16:46:00,Hydraulic Leak,Low,Open,SEA
IN0006388,FL0014624,AC00370,2026-05-01 07:53:00,Bird Strike,Low,Resolved,LHR
IN0006389,FL0005555,AC00286,2026-03-01 02:51:00,Turbulence,Low,Resolved,BLR
IN0006390,FL0010288,AC00896,2026-05-03 21:50:00,Hydraulic Leak,Medium,Closed,BLR
IN0006391,FL0009308,AC00157,2026-04-03 19:16:00,Engine Alert,High,Open,DFW
IN0006392,FL0004896,AC00667,2026-06-08 01:47:00,Brake Issue,Low,Open,DFW
IN0006393,FL0013688,AC00966,2026-05-25 06:25:00,Hydraulic Leak,Medium,Resolved,DEN
IN0006394,FL0000838,AC00222,2026-04-06 15:10:00,Hydraulic Leak,Low,Closed,LHR
IN0006395,FL0010025,AC00197,2026-02-17 00:52:00,Hydraulic Leak,Medium,Open,SFO
IN0006396,FL0001678,AC00814,2026-04-04 03:02:00,Hydraulic Leak,Low,Open,SIN
IN0006397,FL0011091,AC00149,2026-02-25 05:20:00,Navigation Error,Low,Closed,SFO
IN0006398,FL0003387,AC00514,2026-06-23 04:45:00,Brake Issue,Low,Resolved,ATL
IN0006399,FL0011659,AC00104,2026-03-11 01:54:00,Brake Issue,Medium,Investigating,LHR
IN0006400,FL0001935,AC01151,2026-03-19 21:46:00,Brake Issue,Medium,Closed,MIA
IN0006401,FL0007966,AC00284,2026-01-27 23:15:00,Turbulence,Medium,Open,BLR
IN0006402,FL0008425,AC00383,2026-05-14 10:53:00,Weather Alert,High,Investigating,SIN
IN0006403,FL0005564,AC00815,2026-04-17 11:01:00,Bird Strike,Medium,Closed,DEN
IN0006404,FL0014007,AC00347,2026-03-23 09:53:00,Bird Strike,High,Open,SFO
IN0006405,FL0010309,AC00485,2026-01-31 19:25:00,Bird Strike,High,Open,LAX
IN0006406,FL0008902,AC00121,2026-04-25 18:42:00,Brake Issue,Low,Closed,ORD
IN0006407,FL0012675,AC00328,2026-04-14 20:01:00,Weather Alert,Medium,Closed,ORD
IN0006408,FL0003969,AC00209,2026-05-29 23:04:00,Turbulence,Low,Investigating,SFO
IN0006409,FL0009867,AC00459,2026-01-15 07:06:00,Hydraulic Leak,Medium,Resolved,JFK
IN0006410,FL0010256,AC00825,2026-06-27 23:37:00,Engine Alert,Medium,Open,SEA
IN0006411,FL0002861,AC00267,2026-04-12 21:08:00,Navigation Error,Critical,Open,JFK
IN0006412,FL0010657,AC00793,2026-03-07 06:59:00,Engine Alert,Low,Investigating,ORD
IN0006413,FL0000320,AC00313,2026-06-23 20:19:00,Navigation Error,Medium,Investigating,MIA
IN0006414,FL0006942,AC00598,2026-05-07 18:20:00,Engine Alert,Low,Resolved,DEL
IN0006415,FL0008007,AC00713,2026-02-05 01:29:00,Bird Strike,Low,Closed,ORD
IN0006416,FL0000665,AC00532,2026-03-09 08:13:00,Hydraulic Leak,Medium,Investigating,MIA
IN0006417,FL0010660,AC00082,2026-03-10 21:45:00,Turbulence,Medium,Open,MIA
IN0006418,FL0010734,AC00883,2026-03-17 17:18:00,Turbulence,Low,Resolved,DEN
IN0006419,FL0008218,AC00475,2026-06-25 02:44:00,Navigation Error,Medium,Open,BLR
IN0006420,FL0005488,AC00246,2026-02-09 05:46:00,Hydraulic Leak,High,Resolved,DEN
IN0006421,FL0014473,AC00931,2026-02-28 20:37:00,Brake Issue,Low,Resolved,MIA
IN0006422,FL0003065,AC01068,2026-05-12 07:11:00,Hydraulic Leak,Low,Open,MIA
IN0006423,FL0004873,AC00078,2026-03-25 21:32:00,Hydraulic Leak,Low,Resolved,MIA
IN0006424,FL0010836,AC00603,2026-04-05 19:05:00,Brake Issue,Medium,Open,DEL
IN0006425,FL0013943,AC00210,2026-04-09 04:55:00,Weather Alert,High,Open,ORD
IN0006426,FL0000351,AC00757,2026-04-18 15:22:00,Hydraulic Leak,Medium,Resolved,ATL
IN0006427,FL0000183,AC00174,2026-02-19 21:09:00,Weather Alert,High,Closed,LAX
IN0006428,FL0004600,AC00751,2026-01-19 06:26:00,Weather Alert,Low,Investigating,SIN
IN0006429,FL0010252,AC00934,2026-06-10 04:59:00,Navigation Error,Medium,Open,SEA
IN0006430,FL0014903,AC00017,2026-06-27 15:48:00,Hydraulic Leak,High,Open,SIN
IN0006431,FL0010784,AC00536,2026-06-20 03:00:00,Turbulence,Medium,Resolved,LHR
IN0006432,FL0008067,AC00843,2026-05-24 19:10:00,Weather Alert,Low,Open,MIA
IN0006433,FL0006639,AC01144,2026-02-17 04:37:00,Hydraulic Leak,High,Resolved,BOS
IN0006434,FL0003881,AC00729,2026-01-02 15:49:00,Engine Alert,Medium,Closed,SFO
IN0006435,FL0009372,AC01016,2026-02-25 07:25:00,Engine Alert,Medium,Resolved,LAX
IN0006436,FL0009810,AC00620,2026-04-17 22:33:00,Engine Alert,Low,Closed,SFO
IN0006437,FL0010832,AC00913,2026-02-27 18:26:00,Bird Strike,Medium,Open,BLR
IN0006438,FL0004417,AC00269,2026-02-14 23:21:00,Weather Alert,Medium,Open,ORD
IN0006439,FL0009224,AC01001,2026-01-19 18:51:00,Weather Alert,High,Investigating,DXB
IN0006440,FL0011736,AC00116,2026-02-14 09:57:00,Navigation Error,Low,Open,JFK
IN0006441,FL0013913,AC00291,2026-05-16 23:08:00,Weather Alert,Low,Open,ATL
IN0006442,FL0011766,AC00436,2026-06-11 10:28:00,Bird Strike,Medium,Resolved,BOS
IN0006443,FL0009804,AC00010,2026-05-25 16:32:00,Brake Issue,Medium,Resolved,BOS
IN0006444,FL0011624,AC00619,2026-05-08 17:26:00,Navigation Error,Medium,Closed,SEA
IN0006445,FL0002950,AC00236,2026-03-04 15:03:00,Brake Issue,Low,Investigating,ATL
IN0006446,FL0010184,AC00743,2026-01-19 23:18:00,Engine Alert,Medium,Open,SIN
IN0006447,FL0003633,AC00993,2026-04-07 02:58:00,Turbulence,Medium,Closed,LAX
IN0006448,FL0007147,AC00481,2026-03-31 11:19:00,Navigation Error,Low,Open,DEL
IN0006449,FL0000968,AC00092,2026-01-26 14:20:00,Turbulence,Low,Closed,SIN
IN0006450,FL0009837,AC01046,2026-04-07 12:15:00,Hydraulic Leak,Low,Resolved,SEA
IN0006451,FL0011633,AC00592,2026-06-05 18:51:00,Brake Issue,Low,Investigating,DFW
IN0006452,FL0012549,AC00178,2026-04-10 10:38:00,Bird Strike,Low,Closed,DFW
IN0006453,FL0004749,AC01094,2026-05-03 21:25:00,Hydraulic Leak,Medium,Open,DEL
IN0006454,FL0014105,AC00904,2026-05-30 21:45:00,Turbulence,High,Open,SFO
IN0006455,FL0009144,AC00774,2026-02-06 04:46:00,Hydraulic Leak,Low,Closed,SFO
IN0006456,FL0007178,AC00611,2026-01-29 20:10:00,Turbulence,Low,Investigating,LHR
IN0006457,FL0008153,AC01191,2026-06-20 12:27:00,Brake Issue,High,Open,DFW
IN0006458,FL0008258,AC00400,2026-04-27 10:36:00,Turbulence,Medium,Investigating,BLR
IN0006459,FL0002163,AC01128,2026-05-16 12:56:00,Bird Strike,Low,Resolved,ATL
IN0006460,FL0013712,AC00455,2026-02-23 06:58:00,Brake Issue,Low,Resolved,DEN
IN0006461,FL0011334,AC00660,2026-03-15 08:06:00,Navigation Error,Medium,Closed,ATL
IN0006462,FL0003833,AC01011,2026-04-25 20:14:00,Bird Strike,Low,Open,MIA
IN0006463,FL0001457,AC01180,2026-05-13 00:00:00,Bird Strike,Low,Closed,DEL
IN0006464,FL0008983,AC00288,2026-01-05 02:58:00,Brake Issue,Low,Open,BLR
IN0006465,FL0011372,AC01178,2026-05-01 10:18:00,Brake Issue,Low,Closed,DEL
IN0006466,FL0005671,AC00098,2026-02-01 09:11:00,Brake Issue,High,Open,LAX
IN0006467,FL0012273,AC00889,2026-03-02 12:37:00,Turbulence,Medium,Open,SEA
IN0006468,FL0005319,AC00748,2026-04-24 12:11:00,Navigation Error,Medium,Investigating,DFW
IN0006469,FL0001648,AC00811,2026-01-11 16:18:00,Bird Strike,Medium,Closed,DFW
IN0006470,FL0013949,AC00256,2026-01-04 12:59:00,Engine Alert,Medium,Resolved,SIN
IN0006471,FL0006618,AC00116,2026-04-08 20:12:00,Turbulence,Low,Closed,BOS
IN0006472,FL0001410,AC00139,2026-05-08 20:09:00,Turbulence,Medium,Resolved,DEN
IN0006473,FL0008514,AC00586,2026-06-10 12:51:00,Engine Alert,Low,Investigating,DEN
IN0006474,FL0004505,AC00524,2026-04-02 14:38:00,Hydraulic Leak,Low,Investigating,ORD
IN0006475,FL0014773,AC00616,2026-01-05 06:24:00,Engine Alert,Low,Resolved,MIA
IN0006476,FL0003709,AC00626,2026-05-23 17:56:00,Navigation Error,Medium,Investigating,DEL
IN0006477,FL0003123,AC00523,2026-02-12 18:39:00,Engine Alert,Low,Closed,ORD
IN0006478,FL0014334,AC00645,2026-03-25 02:49:00,Brake Issue,High,Investigating,DFW
IN0006479,FL0003960,AC00335,2026-03-11 09:03:00,Hydraulic Leak,Medium,Open,ATL
IN0006480,FL0006644,AC00069,2026-05-18 22:36:00,Bird Strike,Low,Resolved,DXB
IN0006481,FL0006321,AC00271,2026-04-05 15:03:00,Engine Alert,Medium,Closed,ORD
IN0006482,FL0013762,AC01198,2026-04-12 14:49:00,Bird Strike,Low,Investigating,SFO
IN0006483,FL0010775,AC01183,2026-03-01 23:10:00,Navigation Error,Low,Investigating,ORD
IN0006484,FL0002001,AC00752,2026-04-18 10:50:00,Weather Alert,Low,Resolved,SFO
IN0006485,FL0004333,AC00629,2026-06-08 02:38:00,Brake Issue,Low,Investigating,JFK
IN0006486,FL0009222,AC00928,2026-03-23 18:59:00,Weather Alert,High,Resolved,LHR
IN0006487,FL0009533,AC00526,2026-05-19 11:05:00,Weather Alert,Low,Investigating,MIA
IN0006488,FL0002628,AC00779,2026-01-04 11:08:00,Hydraulic Leak,Medium,Closed,ORD
IN0006489,FL0010702,AC00134,2026-05-18 18:22:00,Engine Alert,High,Closed,BLR
IN0006490,FL0010513,AC01186,2026-06-03 02:55:00,Navigation Error,Low,Investigating,DEL
IN0006491,FL0010991,AC00593,2026-03-12 02:49:00,Hydraulic Leak,Low,Open,SFO
IN0006492,FL0009912,AC00136,2026-02-08 07:07:00,Hydraulic Leak,Medium,Resolved,SIN
IN0006493,FL0011686,AC00036,2026-03-18 15:04:00,Brake Issue,Medium,Open,JFK
IN0006494,FL0003269,AC00157,2026-01-03 09:18:00,Brake Issue,Medium,Open,DEL
IN0006495,FL0010524,AC01140,2026-06-20 07:27:00,Engine Alert,Medium,Open,SIN
IN0006496,FL0007270,AC01016,2026-05-07 16:05:00,Hydraulic Leak,Medium,Closed,ORD
IN0006497,FL0012431,AC00519,2026-06-15 05:28:00,Hydraulic Leak,Low,Closed,JFK
IN0006498,FL0012694,AC00520,2026-05-10 07:50:00,Bird Strike,Critical,Investigating,ORD
IN0006499,FL0000970,AC00408,2026-03-01 06:40:00,Hydraulic Leak,High,Closed,DEN
IN0006500,FL0013816,AC00372,2026-04-06 04:02:00,Brake Issue,Low,Open,DEL
IN0006501,FL0013044,AC00617,2026-05-15 04:25:00,Bird Strike,Critical,Resolved,SEA
IN0006502,FL0001835,AC00866,2026-02-02 20:42:00,Bird Strike,Low,Investigating,BOS
IN0006503,FL0010170,AC00604,2026-03-02 02:03:00,Engine Alert,Low,Resolved,MIA
IN0006504,FL0010064,AC00246,2026-01-01 19:51:00,Bird Strike,Medium,Open,BLR
IN0006505,FL0007957,AC01195,2026-02-02 03:51:00,Brake Issue,Low,Closed,ORD
IN0006506,FL0001132,AC00423,2026-05-08 14:36:00,Navigation Error,Low,Investigating,MIA
IN0006507,FL0003974,AC00299,2026-01-18 18:24:00,Navigation Error,Medium,Resolved,LAX
IN0006508,FL0007498,AC00763,2026-01-27 21:55:00,Brake Issue,Medium,Closed,SEA
IN0006509,FL0005512,AC00434,2026-04-18 15:44:00,Navigation Error,Medium,Investigating,DEN
IN0006510,FL0011849,AC00969,2026-03-15 07:06:00,Navigation Error,Medium,Open,SIN
IN0006511,FL0003293,AC00260,2026-03-30 04:19:00,Weather Alert,Medium,Open,DEN
IN0006512,FL0013948,AC00870,2026-03-16 11:36:00,Brake Issue,Medium,Open,SIN
IN0006513,FL0009993,AC01146,2026-03-02 23:02:00,Engine Alert,Critical,Resolved,DEN
IN0006514,FL0012930,AC00033,2026-06-24 13:38:00,Weather Alert,Low,Open,DXB
IN0006515,FL0004712,AC01148,2026-04-23 17:32:00,Engine Alert,Medium,Open,MIA
IN0006516,FL0011465,AC00768,2026-02-23 00:56:00,Turbulence,Medium,Open,BLR
IN0006517,FL0013710,AC00268,2026-03-03 14:01:00,Weather Alert,Medium,Resolved,ORD
IN0006518,FL0007899,AC00066,2026-05-17 07:46:00,Weather Alert,Low,Resolved,ORD
IN0006519,FL0001457,AC00026,2026-01-19 06:36:00,Weather Alert,Low,Investigating,SFO
IN0006520,FL0014615,AC01046,2026-03-12 05:20:00,Weather Alert,High,Open,SFO
IN0006521,FL0012534,AC00403,2026-05-09 07:31:00,Navigation Error,Medium,Resolved,SEA
IN0006522,FL0014343,AC00789,2026-02-13 08:19:00,Brake Issue,Low,Closed,DEN
IN0006523,FL0009015,AC00753,2026-01-02 09:18:00,Hydraulic Leak,Medium,Closed,SFO
IN0006524,FL0008389,AC00988,2026-04-20 17:07:00,Weather Alert,Low,Closed,BLR
IN0006525,FL0002377,AC00070,2026-01-09 15:50:00,Hydraulic Leak,Low,Resolved,BOS
IN0006526,FL0013269,AC00494,2026-06-14 08:43:00,Engine Alert,Low,Investigating,DXB
IN0006527,FL0004231,AC01120,2026-03-23 10:40:00,Bird Strike,Low,Investigating,DFW
IN0006528,FL0002793,AC01008,2026-02-17 05:55:00,Navigation Error,Low,Open,BOS
IN0006529,FL0011628,AC00463,2026-02-14 05:28:00,Bird Strike,Low,Resolved,ATL
IN0006530,FL0001530,AC00244,2026-01-22 14:40:00,Bird Strike,Low,Resolved,DFW
IN0006531,FL0003063,AC00638,2026-04-20 17:56:00,Engine Alert,Low,Open,MIA
IN0006532,FL0010757,AC01056,2026-04-17 14:40:00,Navigation Error,Low,Investigating,LHR
IN0006533,FL0010030,AC00174,2026-02-14 11:22:00,Bird Strike,Low,Investigating,MIA
IN0006534,FL0013999,AC00137,2026-04-06 10:25:00,Bird Strike,High,Investigating,SEA
IN0006535,FL0003561,AC00233,2026-06-22 20:31:00,Bird Strike,High,Investigating,ORD
IN0006536,FL0010634,AC00185,2026-05-04 13:27:00,Brake Issue,Low,Resolved,DFW
IN0006537,FL0014334,AC00097,2026-04-03 14:05:00,Brake Issue,High,Open,BOS
IN0006538,FL0002030,AC00632,2026-06-17 10:45:00,Brake Issue,Medium,Resolved,SIN
IN0006539,FL0014113,AC00266,2026-01-08 12:09:00,Brake Issue,Low,Resolved,SIN
IN0006540,FL0003056,AC00323,2026-06-11 23:29:00,Bird Strike,Low,Investigating,MIA
IN0006541,FL0000015,AC00767,2026-01-28 10:58:00,Engine Alert,Low,Open,ATL
IN0006542,FL0014071,AC00731,2026-02-15 10:40:00,Engine Alert,Medium,Open,DXB
IN0006543,FL0003921,AC00131,2026-04-03 13:32:00,Bird Strike,Medium,Closed,BLR
IN0006544,FL0000825,AC00752,2026-03-10 09:43:00,Navigation Error,High,Investigating,DEL
IN0006545,FL0011160,AC00995,2026-06-11 09:13:00,Bird Strike,Medium,Closed,ORD
IN0006546,FL0001386,AC00621,2026-06-06 09:05:00,Navigation Error,Low,Closed,ATL
IN0006547,FL0013079,AC00133,2026-02-23 06:59:00,Brake Issue,High,Resolved,DFW
IN0006548,FL0014323,AC00249,2026-02-06 20:24:00,Turbulence,Medium,Investigating,ORD
IN0006549,FL0008578,AC00097,2026-06-22 17:45:00,Turbulence,High,Resolved,ATL
IN0006550,FL0007391,AC00477,2026-01-16 21:54:00,Turbulence,High,Closed,DXB
IN0006551,FL0002982,AC00906,2026-05-01 22:12:00,Weather Alert,Low,Investigating,ORD
IN0006552,FL0001942,AC00943,2026-05-19 21:23:00,Navigation Error,Low,Resolved,DXB
IN0006553,FL0007267,AC00416,2026-01-12 19:27:00,Hydraulic Leak,Low,Resolved,ATL
IN0006554,FL0012694,AC00560,2026-06-18 20:58:00,Bird Strike,High,Open,DEL
IN0006555,FL0000465,AC01062,2026-02-03 12:08:00,Navigation Error,High,Open,SIN
IN0006556,FL0004724,AC00564,2026-01-05 22:45:00,Bird Strike,Low,Investigating,SFO
IN0006557,FL0008414,AC00771,2026-05-12 11:12:00,Bird Strike,Low,Open,DFW
IN0006558,FL0008694,AC00537,2026-04-25 06:54:00,Brake Issue,Medium,Open,DEL
IN0006559,FL0000275,AC01026,2026-02-18 02:01:00,Navigation Error,Medium,Investigating,ORD
IN0006560,FL0001590,AC00460,2026-01-27 06:31:00,Weather Alert,Low,Investigating,LAX
IN0006561,FL0009428,AC00910,2026-07-01 23:03:00,Turbulence,Low,Closed,ATL
IN0006562,FL0008047,AC00538,2026-05-28 01:51:00,Brake Issue,Low,Open,DEN
IN0006563,FL0002915,AC01030,2026-06-07 22:28:00,Weather Alert,Low,Open,DFW
IN0006564,FL0006434,AC00779,2026-06-05 19:53:00,Weather Alert,High,Closed,DFW
IN0006565,FL0014213,AC01142,2026-04-06 13:39:00,Navigation Error,Medium,Resolved,JFK
IN0006566,FL0009761,AC00437,2026-05-22 21:49:00,Brake Issue,High,Open,SEA
IN0006567,FL0004218,AC00439,2026-06-29 16:30:00,Bird Strike,High,Investigating,JFK
IN0006568,FL0007500,AC00219,2026-03-30 00:12:00,Brake Issue,Low,Open,LAX
IN0006569,FL0002635,AC00722,2026-01-23 17:08:00,Engine Alert,High,Closed,SIN
IN0006570,FL0010289,AC00067,2026-05-05 03:15:00,Engine Alert,Low,Open,DEL
IN0006571,FL0002805,AC01111,2026-06-16 21:18:00,Engine Alert,Low,Open,SIN
IN0006572,FL0011380,AC00779,2026-06-11 22:33:00,Bird Strike,Low,Closed,MIA
IN0006573,FL0009732,AC00485,2026-04-01 17:43:00,Bird Strike,High,Resolved,JFK
IN0006574,FL0011788,AC01195,2026-05-09 21:23:00,Navigation Error,Low,Investigating,ORD
IN0006575,FL0000136,AC00770,2026-06-22 01:59:00,Engine Alert,Medium,Investigating,SFO
IN0006576,FL0010568,AC00075,2026-01-17 23:02:00,Hydraulic Leak,Low,Investigating,LAX
IN0006577,FL0014139,AC00781,2026-06-02 09:20:00,Turbulence,Low,Closed,DEN
IN0006578,FL0009846,AC00768,2026-03-10 06:36:00,Hydraulic Leak,Low,Resolved,BOS
IN0006579,FL0012429,AC01031,2026-03-14 23:35:00,Turbulence,Low,Closed,DEN
IN0006580,FL0003261,AC00198,2026-03-10 13:39:00,Hydraulic Leak,Low,Open,SEA
IN0006581,FL0004743,AC00678,2026-05-18 19:20:00,Hydraulic Leak,Medium,Open,ATL
IN0006582,FL0010713,AC00882,2026-06-02 00:46:00,Bird Strike,Low,Open,MIA
IN0006583,FL0005214,AC00334,2026-01-23 06:39:00,Weather Alert,Critical,Resolved,SIN
IN0006584,FL0003246,AC00160,2026-05-27 10:31:00,Brake Issue,Medium,Resolved,ATL
IN0006585,FL0004458,AC00153,2026-01-31 20:05:00,Engine Alert,Low,Resolved,DFW
IN0006586,FL0012110,AC00770,2026-02-13 12:25:00,Weather Alert,Medium,Open,MIA
IN0006587,FL0002773,AC00292,2026-04-18 07:36:00,Turbulence,Low,Investigating,LHR
IN0006588,FL0013087,AC00821,2026-02-01 10:36:00,Turbulence,Low,Investigating,DEN
IN0006589,FL0000938,AC00250,2026-05-21 12:58:00,Turbulence,Low,Resolved,LAX
IN0006590,FL0001795,AC00535,2026-01-24 07:37:00,Bird Strike,Low,Investigating,JFK
IN0006591,FL0000404,AC00038,2026-05-02 00:16:00,Engine Alert,Low,Open,DXB
IN0006592,FL0002038,AC00923,2026-01-17 14:25:00,Navigation Error,Low,Closed,LAX
IN0006593,FL0002076,AC00723,2026-05-23 02:39:00,Turbulence,Low,Resolved,DEN
IN0006594,FL0005531,AC00603,2026-05-17 05:38:00,Engine Alert,Low,Resolved,MIA
IN0006595,FL0001820,AC00363,2026-04-01 06:04:00,Bird Strike,Medium,Resolved,BOS
IN0006596,FL0004421,AC00664,2026-01-23 23:08:00,Engine Alert,Medium,Open,ATL
IN0006597,FL0009261,AC00409,2026-05-19 16:57:00,Weather Alert,Medium,Closed,ATL
IN0006598,FL0012844,AC00861,2026-01-04 00:48:00,Hydraulic Leak,High,Investigating,DEL
IN0006599,FL0013869,AC00684,2026-01-16 07:22:00,Bird Strike,Medium,Closed,LAX
IN0006600,FL0008671,AC00983,2026-04-30 18:58:00,Weather Alert,High,Resolved,LHR
IN0006601,FL0004413,AC00495,2026-02-10 18:22:00,Brake Issue,Low,Investigating,SFO
IN0006602,FL0008151,AC00414,2026-03-10 19:05:00,Navigation Error,Medium,Resolved,BLR
IN0006603,FL0014778,AC01055,2026-05-09 17:08:00,Navigation Error,Low,Investigating,JFK
IN0006604,FL0014435,AC00636,2026-04-09 12:42:00,Weather Alert,Medium,Open,DEL
IN0006605,FL0010348,AC00395,2026-04-23 19:42:00,Navigation Error,Low,Resolved,SIN
IN0006606,FL0007264,AC00106,2026-02-07 12:27:00,Engine Alert,Low,Investigating,DFW
IN0006607,FL0010142,AC01193,2026-01-29 08:23:00,Engine Alert,Low,Open,ORD
IN0006608,FL0005239,AC00458,2026-05-13 06:23:00,Navigation Error,Low,Open,SFO
IN0006609,FL0009997,AC00031,2026-01-06 11:39:00,Bird Strike,Low,Resolved,BOS
IN0006610,FL0003633,AC00700,2026-01-15 23:49:00,Brake Issue,Medium,Resolved,DXB
IN0006611,FL0000757,AC00947,2026-03-13 07:43:00,Navigation Error,Low,Open,LAX
IN0006612,FL0007748,AC00704,2026-05-16 10:28:00,Hydraulic Leak,Low,Closed,ATL
IN0006613,FL0007392,AC00633,2026-01-28 00:07:00,Navigation Error,Medium,Investigating,SIN
IN0006614,FL0007476,AC00465,2026-04-09 00:59:00,Turbulence,Low,Open,LHR
IN0006615,FL0000548,AC00226,2026-06-25 02:19:00,Hydraulic Leak,Low,Closed,BOS
IN0006616,FL0005086,AC00260,2026-01-16 00:53:00,Bird Strike,Low,Resolved,BOS
IN0006617,FL0010171,AC00282,2026-01-08 07:29:00,Weather Alert,Medium,Open,DFW
IN0006618,FL0002065,AC00339,2026-05-19 01:14:00,Navigation Error,High,Closed,ATL
IN0006619,FL0007581,AC00454,2026-01-03 01:56:00,Brake Issue,Low,Resolved,BLR
IN0006620,FL0009756,AC00140,2026-01-05 04:40:00,Brake Issue,Low,Closed,LAX
IN0006621,FL0002955,AC00101,2026-01-14 09:06:00,Weather Alert,High,Open,SIN
IN0006622,FL0010925,AC00423,2026-06-25 15:06:00,Navigation Error,Low,Resolved,ORD
IN0006623,FL0005813,AC00479,2026-06-06 05:02:00,Navigation Error,Critical,Closed,SFO
IN0006624,FL0013732,AC00633,2026-03-23 06:06:00,Weather Alert,Low,Closed,BOS
IN0006625,FL0007182,AC01030,2026-03-29 15:28:00,Turbulence,High,Resolved,DFW
IN0006626,FL0009144,AC00324,2026-03-22 02:51:00,Bird Strike,High,Investigating,DEN
IN0006627,FL0006184,AC00251,2026-06-15 07:49:00,Bird Strike,Low,Open,DEN
IN0006628,FL0011129,AC00131,2026-03-01 11:04:00,Brake Issue,Low,Investigating,DFW
IN0006629,FL0014877,AC00351,2026-01-05 23:11:00,Brake Issue,Low,Open,DEL
IN0006630,FL0008330,AC00761,2026-05-26 05:00:00,Turbulence,Low,Open,DFW
IN0006631,FL0007952,AC00055,2026-03-11 05:41:00,Navigation Error,Low,Investigating,LHR
IN0006632,FL0006182,AC00412,2026-04-08 23:39:00,Engine Alert,Medium,Resolved,BOS
IN0006633,FL0007268,AC00003,2026-01-27 14:23:00,Weather Alert,Medium,Open,LAX
IN0006634,FL0004288,AC00414,2026-02-10 03:42:00,Hydraulic Leak,Low,Investigating,DEN
IN0006635,FL0010546,AC00152,2026-06-12 21:34:00,Weather Alert,Medium,Closed,BLR
IN0006636,FL0010325,AC00546,2026-02-05 14:53:00,Bird Strike,Critical,Investigating,MIA
IN0006637,FL0007730,AC01066,2026-05-29 18:38:00,Turbulence,High,Closed,SEA
IN0006638,FL0012016,AC00263,2026-07-01 21:05:00,Turbulence,High,Investigating,SEA
IN0006639,FL0006025,AC00314,2026-05-17 20:45:00,Weather Alert,Medium,Investigating,JFK
IN0006640,FL0004941,AC00583,2026-03-18 21:32:00,Bird Strike,Low,Closed,SIN
IN0006641,FL0004602,AC00363,2026-04-16 05:19:00,Weather Alert,Medium,Open,BOS
IN0006642,FL0008270,AC00673,2026-03-18 03:00:00,Brake Issue,Low,Resolved,SEA
IN0006643,FL0013942,AC00637,2026-04-11 09:34:00,Hydraulic Leak,Medium,Investigating,BOS
IN0006644,FL0007111,AC00938,2026-03-21 20:10:00,Brake Issue,Low,Resolved,LAX
IN0006645,FL0002509,AC00684,2026-03-22 06:00:00,Turbulence,High,Open,SEA
IN0006646,FL0007304,AC00632,2026-04-25 14:16:00,Engine Alert,Medium,Resolved,ATL
IN0006647,FL0001453,AC00450,2026-06-01 12:51:00,Bird Strike,Low,Resolved,MIA
IN0006648,FL0009744,AC00947,2026-02-17 23:58:00,Engine Alert,Medium,Investigating,JFK
IN0006649,FL0009417,AC00307,2026-03-01 09:03:00,Bird Strike,Medium,Investigating,MIA
IN0006650,FL0005188,AC00650,2026-06-30 09:40:00,Engine Alert,Low,Investigating,LHR
IN0006651,FL0003339,AC00664,2026-06-30 18:37:00,Hydraulic Leak,Low,Open,MIA
IN0006652,FL0006099,AC00107,2026-01-01 22:05:00,Turbulence,Medium,Open,LHR
IN0006653,FL0012999,AC00652,2026-05-24 13:35:00,Navigation Error,Medium,Resolved,JFK
IN0006654,FL0005049,AC00601,2026-04-21 22:56:00,Bird Strike,Low,Resolved,MIA
IN0006655,FL0013868,AC00209,2026-02-18 04:22:00,Navigation Error,Low,Closed,DFW
IN0006656,FL0009917,AC00212,2026-04-29 11:03:00,Weather Alert,Low,Investigating,MIA
IN0006657,FL0008758,AC00989,2026-05-15 15:42:00,Brake Issue,Medium,Closed,SIN
IN0006658,FL0001904,AC00853,2026-04-15 13:59:00,Engine Alert,Medium,Investigating,DXB
IN0006659,FL0003021,AC01110,2026-03-11 04:22:00,Weather Alert,Low,Closed,SEA
IN0006660,FL0001386,AC01021,2026-03-15 16:26:00,Brake Issue,Low,Resolved,LAX
IN0006661,FL0009331,AC00234,2026-01-06 22:19:00,Weather Alert,Low,Resolved,LHR
IN0006662,FL0005582,AC00627,2026-03-25 19:00:00,Turbulence,Medium,Investigating,DEL
IN0006663,FL0001772,AC00423,2026-05-27 10:55:00,Turbulence,Low,Closed,SEA
IN0006664,FL0012493,AC00959,2026-01-17 10:18:00,Engine Alert,High,Resolved,DEN
IN0006665,FL0007034,AC00883,2026-05-27 12:52:00,Engine Alert,Medium,Resolved,BOS
IN0006666,FL0004887,AC00606,2026-05-16 20:32:00,Bird Strike,Medium,Closed,MIA
IN0006667,FL0013415,AC00583,2026-06-11 22:47:00,Bird Strike,High,Open,BLR
IN0006668,FL0006716,AC00732,2026-03-17 03:33:00,Navigation Error,Low,Investigating,SIN
IN0006669,FL0009123,AC00933,2026-01-26 16:05:00,Engine Alert,Low,Closed,ATL
IN0006670,FL0014872,AC00647,2026-04-07 03:25:00,Brake Issue,Low,Closed,BLR
IN0006671,FL0010155,AC00532,2026-06-16 13:16:00,Weather Alert,Low,Closed,ORD
IN0006672,FL0001170,AC00965,2026-04-09 15:50:00,Turbulence,Medium,Closed,DXB
IN0006673,FL0008014,AC00237,2026-03-18 22:35:00,Turbulence,Medium,Investigating,LHR
IN0006674,FL0003253,AC00968,2026-01-08 08:54:00,Navigation Error,Low,Closed,BOS
IN0006675,FL0000749,AC00863,2026-01-28 00:37:00,Turbulence,Medium,Resolved,BLR
IN0006676,FL0005889,AC01132,2026-01-28 15:49:00,Navigation Error,Low,Closed,JFK
IN0006677,FL0002388,AC00837,2026-01-21 02:19:00,Bird Strike,Low,Investigating,LAX
IN0006678,FL0007538,AC00645,2026-03-16 06:59:00,Hydraulic Leak,Low,Closed,DEL
IN0006679,FL0004419,AC00113,2026-04-14 22:12:00,Turbulence,High,Closed,LAX
IN0006680,FL0013635,AC00021,2026-03-08 19:10:00,Navigation Error,Low,Closed,SIN
IN0006681,FL0005183,AC00329,2026-01-27 07:09:00,Navigation Error,Low,Resolved,SFO
IN0006682,FL0008929,AC00109,2026-01-13 09:17:00,Turbulence,High,Open,SIN
IN0006683,FL0006984,AC00647,2026-06-04 13:05:00,Hydraulic Leak,Medium,Investigating,DXB
IN0006684,FL0008749,AC00362,2026-06-02 11:02:00,Hydraulic Leak,Low,Open,DEN
IN0006685,FL0001831,AC00534,2026-05-16 05:30:00,Navigation Error,Low,Resolved,ATL
IN0006686,FL0006185,AC00830,2026-03-08 04:19:00,Turbulence,Medium,Closed,ORD
IN0006687,FL0001467,AC00053,2026-03-08 02:18:00,Engine Alert,Low,Closed,DFW
IN0006688,FL0010469,AC00075,2026-05-27 02:46:00,Navigation Error,Medium,Open,DFW
IN0006689,FL0007032,AC00432,2026-01-24 10:00:00,Hydraulic Leak,Medium,Resolved,JFK
IN0006690,FL0005371,AC00529,2026-02-25 22:31:00,Hydraulic Leak,Low,Investigating,BLR
IN0006691,FL0011827,AC00833,2026-04-07 22:28:00,Engine Alert,Medium,Closed,LAX
IN0006692,FL0004491,AC00844,2026-04-15 03:07:00,Hydraulic Leak,Low,Open,BOS
IN0006693,FL0004089,AC00472,2026-01-04 07:38:00,Engine Alert,Medium,Resolved,DEL
IN0006694,FL0010811,AC00871,2026-03-16 15:07:00,Engine Alert,Low,Resolved,SIN
IN0006695,FL0006878,AC00528,2026-06-11 23:34:00,Hydraulic Leak,Medium,Investigating,DXB
IN0006696,FL0012430,AC00028,2026-01-19 00:02:00,Weather Alert,High,Resolved,DXB
IN0006697,FL0006547,AC01131,2026-01-01 16:03:00,Brake Issue,Medium,Closed,DEN
IN0006698,FL0005797,AC00568,2026-01-02 19:02:00,Engine Alert,Low,Open,SIN
IN0006699,FL0001611,AC00735,2026-05-08 16:28:00,Weather Alert,Low,Closed,LHR
IN0006700,FL0001200,AC00884,2026-02-27 07:07:00,Navigation Error,Low,Closed,ATL
IN0006701,FL0014032,AC00952,2026-06-04 03:54:00,Brake Issue,High,Open,ATL
IN0006702,FL0009337,AC01029,2026-01-01 03:06:00,Hydraulic Leak,Low,Investigating,DEN
IN0006703,FL0006856,AC00470,2026-03-14 08:15:00,Turbulence,Medium,Investigating,SFO
IN0006704,FL0013721,AC00139,2026-03-26 04:20:00,Weather Alert,Low,Investigating,BLR
IN0006705,FL0003273,AC00937,2026-02-15 14:42:00,Hydraulic Leak,High,Closed,LHR
IN0006706,FL0004859,AC00353,2026-03-13 04:10:00,Navigation Error,Low,Closed,MIA
IN0006707,FL0009517,AC00575,2026-04-08 19:53:00,Weather Alert,High,Closed,LAX
IN0006708,FL0000705,AC00707,2026-02-03 21:25:00,Turbulence,Low,Open,BLR
IN0006709,FL0011803,AC00951,2026-06-04 12:26:00,Navigation Error,Low,Resolved,LHR
IN0006710,FL0005482,AC00404,2026-02-20 16:00:00,Weather Alert,Low,Investigating,BOS
IN0006711,FL0006230,AC00348,2026-06-04 00:38:00,Weather Alert,Low,Open,DXB
IN0006712,FL0014350,AC00160,2026-05-20 06:25:00,Hydraulic Leak,Low,Closed,BLR
IN0006713,FL0005998,AC00811,2026-03-17 23:20:00,Navigation Error,High,Closed,MIA
IN0006714,FL0001041,AC00585,2026-03-28 06:25:00,Weather Alert,Low,Investigating,LAX
IN0006715,FL0008691,AC01117,2026-03-17 22:54:00,Engine Alert,High,Investigating,SEA
IN0006716,FL0005140,AC00144,2026-06-05 22:09:00,Navigation Error,Low,Closed,DFW
IN0006717,FL0006017,AC00886,2026-02-11 11:35:00,Engine Alert,Low,Open,LAX
IN0006718,FL0011500,AC00831,2026-05-03 14:52:00,Navigation Error,Low,Investigating,ATL
IN0006719,FL0002928,AC00230,2026-01-24 05:40:00,Bird Strike,Critical,Closed,BLR
IN0006720,FL0007735,AC00416,2026-01-17 20:02:00,Engine Alert,Low,Closed,JFK
IN0006721,FL0000332,AC00218,2026-01-11 07:22:00,Weather Alert,Low,Resolved,LAX
IN0006722,FL0003523,AC00169,2026-05-17 06:09:00,Weather Alert,Medium,Open,ATL
IN0006723,FL0007821,AC00522,2026-05-20 22:19:00,Navigation Error,Low,Investigating,MIA
IN0006724,FL0000323,AC00968,2026-02-23 08:30:00,Weather Alert,Medium,Open,ATL
IN0006725,FL0001839,AC00853,2026-02-22 10:41:00,Turbulence,High,Resolved,SEA
IN0006726,FL0002296,AC00888,2026-05-19 04:22:00,Weather Alert,Low,Resolved,LAX
IN0006727,FL0004816,AC00137,2026-05-20 14:12:00,Bird Strike,Low,Open,DXB
IN0006728,FL0006848,AC00046,2026-03-08 12:09:00,Navigation Error,Low,Open,DFW
IN0006729,FL0005661,AC00795,2026-04-17 00:20:00,Weather Alert,Low,Investigating,BOS
IN0006730,FL0001713,AC00390,2026-06-26 16:51:00,Turbulence,High,Closed,MIA
IN0006731,FL0001970,AC00946,2026-06-28 20:00:00,Turbulence,Medium,Investigating,LHR
IN0006732,FL0009219,AC00953,2026-06-17 16:38:00,Turbulence,Low,Open,BLR
IN0006733,FL0002268,AC00630,2026-02-16 22:04:00,Navigation Error,High,Closed,ORD
IN0006734,FL0014871,AC01160,2026-03-11 14:57:00,Weather Alert,Low,Resolved,SFO
IN0006735,FL0005461,AC00699,2026-04-18 15:18:00,Turbulence,Low,Resolved,JFK
IN0006736,FL0005119,AC00317,2026-02-07 20:32:00,Turbulence,Low,Resolved,DFW
IN0006737,FL0004730,AC01155,2026-03-29 02:31:00,Navigation Error,Low,Closed,DFW
IN0006738,FL0011148,AC00424,2026-01-30 22:27:00,Engine Alert,High,Resolved,SFO
IN0006739,FL0012546,AC00775,2026-06-25 05:21:00,Brake Issue,Low,Investigating,SEA
IN0006740,FL0011544,AC01163,2026-06-04 23:18:00,Brake Issue,High,Open,DXB
IN0006741,FL0008635,AC00606,2026-03-28 17:33:00,Turbulence,Low,Investigating,DFW
IN0006742,FL0010376,AC00473,2026-03-23 12:05:00,Brake Issue,Low,Investigating,DEN
IN0006743,FL0001856,AC00318,2026-03-30 21:21:00,Weather Alert,Low,Resolved,ATL
IN0006744,FL0014010,AC00051,2026-03-31 13:53:00,Weather Alert,High,Investigating,DXB
IN0006745,FL0003871,AC00914,2026-06-25 03:08:00,Brake Issue,Medium,Open,LAX
IN0006746,FL0000726,AC00924,2026-04-13 15:19:00,Turbulence,Low,Open,SEA
IN0006747,FL0013183,AC00534,2026-05-16 14:04:00,Brake Issue,Medium,Resolved,BOS
IN0006748,FL0001429,AC00223,2026-06-26 22:11:00,Navigation Error,Low,Investigating,MIA
IN0006749,FL0011975,AC01155,2026-05-08 19:19:00,Navigation Error,Low,Open,MIA
IN0006750,FL0014951,AC01025,2026-04-08 13:55:00,Turbulence,High,Resolved,DEL
IN0006751,FL0001389,AC00580,2026-02-26 23:15:00,Weather Alert,Medium,Closed,JFK
IN0006752,FL0003505,AC00722,2026-05-30 21:15:00,Engine Alert,Medium,Closed,MIA
IN0006753,FL0007292,AC00690,2026-01-19 00:27:00,Navigation Error,High,Investigating,BOS
IN0006754,FL0014865,AC00910,2026-05-22 22:40:00,Engine Alert,Low,Closed,ORD
IN0006755,FL0012291,AC00505,2026-06-10 07:16:00,Brake Issue,Critical,Open,LHR
IN0006756,FL0002716,AC00685,2026-01-28 01:00:00,Hydraulic Leak,High,Investigating,LHR
IN0006757,FL0014090,AC00060,2026-01-09 16:29:00,Brake Issue,Low,Open,DEL
IN0006758,FL0006899,AC00051,2026-04-14 00:02:00,Bird Strike,High,Investigating,SEA
IN0006759,FL0008102,AC01093,2026-02-02 15:08:00,Engine Alert,Low,Investigating,BLR
IN0006760,FL0009681,AC00818,2026-06-18 00:47:00,Weather Alert,Low,Closed,LHR
IN0006761,FL0010150,AC00788,2026-01-24 14:02:00,Engine Alert,Low,Closed,DXB
IN0006762,FL0012767,AC00693,2026-03-19 19:54:00,Bird Strike,Critical,Resolved,ORD
IN0006763,FL0002432,AC00198,2026-06-01 18:45:00,Brake Issue,Medium,Open,LHR
IN0006764,FL0009927,AC00512,2026-06-27 21:26:00,Navigation Error,Medium,Resolved,DEL
IN0006765,FL0004111,AC00245,2026-01-10 04:54:00,Turbulence,Low,Open,DEL
IN0006766,FL0006607,AC00812,2026-04-04 12:22:00,Weather Alert,Low,Open,SEA
IN0006767,FL0000498,AC00143,2026-05-18 09:56:00,Brake Issue,Low,Investigating,DEN
IN0006768,FL0005541,AC00897,2026-05-22 11:09:00,Weather Alert,Low,Resolved,BOS
IN0006769,FL0003873,AC00282,2026-03-25 17:02:00,Brake Issue,Critical,Investigating,SEA
IN0006770,FL0006276,AC00235,2026-05-27 09:38:00,Turbulence,Medium,Resolved,DFW
IN0006771,FL0012045,AC00381,2026-03-19 13:51:00,Engine Alert,Low,Resolved,SFO
IN0006772,FL0007984,AC00622,2026-01-24 18:55:00,Turbulence,Medium,Closed,DFW
IN0006773,FL0001648,AC00509,2026-04-03 13:36:00,Weather Alert,Low,Open,DXB
IN0006774,FL0000476,AC00117,2026-01-15 17:52:00,Turbulence,Low,Investigating,ATL
IN0006775,FL0011798,AC00869,2026-02-28 02:44:00,Weather Alert,Medium,Investigating,DXB
IN0006776,FL0013939,AC00178,2026-04-08 01:40:00,Hydraulic Leak,High,Closed,SEA
IN0006777,FL0011769,AC00630,2026-05-27 02:44:00,Turbulence,Low,Investigating,JFK
IN0006778,FL0004697,AC01159,2026-01-23 04:12:00,Hydraulic Leak,Medium,Investigating,DEN
IN0006779,FL0000965,AC00862,2026-04-01 17:39:00,Bird Strike,Low,Investigating,DEL
IN0006780,FL0002867,AC01051,2026-02-10 15:48:00,Brake Issue,Low,Open,DFW
IN0006781,FL0006146,AC01029,2026-01-08 05:54:00,Weather Alert,Low,Open,DEN
IN0006782,FL0009236,AC00561,2026-01-14 20:37:00,Bird Strike,Low,Resolved,ATL
IN0006783,FL0011373,AC00083,2026-03-31 21:37:00,Weather Alert,High,Resolved,DXB
IN0006784,FL0004099,AC01044,2026-06-14 06:26:00,Navigation Error,High,Closed,DXB
IN0006785,FL0000713,AC00608,2026-01-01 00:38:00,Weather Alert,Low,Open,LAX
IN0006786,FL0001950,AC00505,2026-02-09 20:37:00,Bird Strike,Low,Closed,LHR
IN0006787,FL0005344,AC00398,2026-05-27 03:27:00,Bird Strike,High,Resolved,LAX
IN0006788,FL0012126,AC00409,2026-05-25 01:58:00,Weather Alert,Low,Closed,JFK
IN0006789,FL0010356,AC00665,2026-02-18 06:44:00,Turbulence,Low,Closed,ATL
IN0006790,FL0009345,AC00941,2026-06-19 05:53:00,Weather Alert,Low,Resolved,BOS
IN0006791,FL0007900,AC00061,2026-04-26 20:05:00,Engine Alert,Low,Investigating,BOS
IN0006792,FL0014498,AC01033,2026-01-19 06:37:00,Hydraulic Leak,Low,Closed,MIA
IN0006793,FL0004496,AC00528,2026-04-15 21:07:00,Engine Alert,Low,Open,SEA
IN0006794,FL0008124,AC01056,2026-04-12 05:45:00,Navigation Error,Low,Investigating,DFW
IN0006795,FL0013408,AC01068,2026-01-15 11:24:00,Weather Alert,Low,Investigating,MIA
IN0006796,FL0009922,AC00734,2026-01-18 07:26:00,Navigation Error,Low,Investigating,ORD
IN0006797,FL0003080,AC00640,2026-01-12 08:14:00,Weather Alert,Low,Closed,LAX
IN0006798,FL0000314,AC00255,2026-03-17 03:52:00,Navigation Error,Low,Resolved,BOS
IN0006799,FL0002527,AC01071,2026-02-07 08:23:00,Engine Alert,Medium,Closed,BOS
IN0006800,FL0013663,AC00057,2026-01-13 15:46:00,Engine Alert,Medium,Investigating,LHR
IN0006801,FL0003720,AC00590,2026-05-18 11:53:00,Brake Issue,Low,Investigating,MIA
IN0006802,FL0012847,AC01052,2026-06-07 12:39:00,Weather Alert,Low,Closed,JFK
IN0006803,FL0002799,AC00733,2026-04-01 12:45:00,Engine Alert,Medium,Resolved,SIN
IN0006804,FL0005085,AC00407,2026-01-11 12:37:00,Turbulence,Low,Investigating,JFK
IN0006805,FL0001130,AC00234,2026-04-11 06:22:00,Navigation Error,Low,Investigating,JFK
IN0006806,FL0006428,AC00232,2026-04-02 11:14:00,Turbulence,Low,Open,JFK
IN0006807,FL0001893,AC00414,2026-05-17 18:09:00,Bird Strike,Medium,Resolved,SIN
IN0006808,FL0008698,AC01157,2026-01-04 23:28:00,Turbulence,Low,Resolved,LAX
IN0006809,FL0014057,AC00978,2026-04-30 08:28:00,Navigation Error,Low,Open,DFW
IN0006810,FL0003579,AC00707,2026-05-07 09:45:00,Brake Issue,High,Open,DEN
IN0006811,FL0007135,AC01143,2026-03-21 19:45:00,Brake Issue,Medium,Open,BLR
IN0006812,FL0007377,AC00988,2026-03-01 14:18:00,Navigation Error,Medium,Investigating,BOS
IN0006813,FL0010119,AC00033,2026-05-17 10:17:00,Engine Alert,Low,Resolved,BOS
IN0006814,FL0006665,AC00233,2026-01-21 02:07:00,Turbulence,Medium,Open,DXB
IN0006815,FL0009952,AC00485,2026-06-20 08:31:00,Engine Alert,Medium,Resolved,SFO
IN0006816,FL0007580,AC00722,2026-06-07 01:34:00,Hydraulic Leak,Medium,Open,BOS
IN0006817,FL0002228,AC00170,2026-06-13 21:50:00,Brake Issue,Medium,Closed,SEA
IN0006818,FL0010692,AC00909,2026-03-13 03:09:00,Brake Issue,Low,Open,LAX
IN0006819,FL0009666,AC01060,2026-01-24 12:35:00,Brake Issue,Low,Closed,DEL
IN0006820,FL0008049,AC00495,2026-01-02 07:50:00,Bird Strike,Low,Open,SIN
IN0006821,FL0007911,AC01152,2026-05-29 19:17:00,Engine Alert,Low,Open,ATL
IN0006822,FL0004864,AC00469,2026-02-12 13:34:00,Bird Strike,Medium,Open,DEL
IN0006823,FL0008475,AC01197,2026-04-05 11:17:00,Turbulence,High,Closed,BOS
IN0006824,FL0006166,AC00037,2026-01-17 18:46:00,Engine Alert,Low,Investigating,DEN
IN0006825,FL0002926,AC00015,2026-06-18 16:58:00,Hydraulic Leak,Low,Closed,JFK
IN0006826,FL0004983,AC00221,2026-02-07 03:18:00,Navigation Error,Low,Open,ORD
IN0006827,FL0012709,AC00453,2026-03-27 09:34:00,Navigation Error,Low,Resolved,DFW
IN0006828,FL0002764,AC00300,2026-02-17 17:37:00,Hydraulic Leak,High,Investigating,MIA
IN0006829,FL0006449,AC00108,2026-03-15 01:49:00,Navigation Error,Low,Closed,DEL
IN0006830,FL0003946,AC00921,2026-02-06 12:22:00,Brake Issue,Medium,Resolved,SFO
IN0006831,FL0008817,AC00528,2026-03-26 18:09:00,Bird Strike,Low,Resolved,BOS
IN0006832,FL0005433,AC00657,2026-05-24 16:03:00,Hydraulic Leak,Medium,Resolved,LHR
IN0006833,FL0002995,AC01065,2026-04-29 09:53:00,Brake Issue,Medium,Open,DXB
IN0006834,FL0010915,AC00589,2026-04-21 12:01:00,Hydraulic Leak,High,Resolved,MIA
IN0006835,FL0004966,AC00756,2026-01-07 09:55:00,Brake Issue,Low,Investigating,BOS
IN0006836,FL0001203,AC00651,2026-05-05 13:45:00,Navigation Error,Low,Resolved,DEN
IN0006837,FL0001549,AC00041,2026-03-27 11:06:00,Hydraulic Leak,Medium,Closed,DEL
IN0006838,FL0007902,AC00186,2026-01-06 10:42:00,Engine Alert,High,Resolved,DFW
IN0006839,FL0006720,AC00571,2026-05-25 13:11:00,Turbulence,Low,Resolved,DEL
IN0006840,FL0002476,AC00476,2026-05-24 06:49:00,Hydraulic Leak,Low,Investigating,LAX
IN0006841,FL0008536,AC01197,2026-02-27 00:46:00,Hydraulic Leak,Low,Closed,ORD
IN0006842,FL0004726,AC00913,2026-02-28 12:19:00,Turbulence,Low,Open,ORD
IN0006843,FL0013580,AC00191,2026-04-02 09:43:00,Weather Alert,Medium,Investigating,ATL
IN0006844,FL0004249,AC00193,2026-02-17 22:20:00,Turbulence,Medium,Investigating,BOS
IN0006845,FL0007841,AC00800,2026-01-25 18:56:00,Engine Alert,Medium,Closed,SFO
IN0006846,FL0011749,AC00157,2026-06-13 09:40:00,Weather Alert,Low,Resolved,SEA
IN0006847,FL0008673,AC00042,2026-02-03 03:14:00,Weather Alert,Low,Investigating,SFO
IN0006848,FL0004746,AC00542,2026-06-03 00:21:00,Bird Strike,Low,Investigating,LAX
IN0006849,FL0014432,AC00231,2026-06-28 10:32:00,Turbulence,Low,Resolved,SFO
IN0006850,FL0007630,AC00111,2026-01-10 16:50:00,Brake Issue,Low,Open,DFW
IN0006851,FL0006968,AC00810,2026-04-11 17:04:00,Turbulence,Low,Open,SEA
IN0006852,FL0005946,AC00138,2026-02-08 18:44:00,Bird Strike,Low,Resolved,DEL
IN0006853,FL0009003,AC00602,2026-02-27 13:07:00,Navigation Error,Low,Resolved,DEN
IN0006854,FL0005992,AC00788,2026-03-13 09:19:00,Brake Issue,Low,Resolved,ATL
IN0006855,FL0000329,AC00279,2026-06-15 05:45:00,Bird Strike,Low,Closed,LAX
IN0006856,FL0011963,AC00076,2026-04-23 21:41:00,Turbulence,Medium,Investigating,DFW
IN0006857,FL0005648,AC00849,2026-02-25 02:11:00,Brake Issue,Medium,Closed,BLR
IN0006858,FL0006696,AC01006,2026-02-24 17:52:00,Weather Alert,Low,Investigating,DXB
IN0006859,FL0002370,AC00077,2026-05-29 02:26:00,Turbulence,Medium,Closed,SFO
IN0006860,FL0014664,AC00119,2026-05-18 04:47:00,Bird Strike,Medium,Investigating,JFK
IN0006861,FL0003908,AC00638,2026-06-01 22:20:00,Bird Strike,Low,Open,SIN
IN0006862,FL0004560,AC00333,2026-07-02 10:17:00,Brake Issue,High,Closed,ATL
IN0006863,FL0009039,AC00666,2026-02-06 14:10:00,Brake Issue,Low,Open,SIN
IN0006864,FL0000634,AC00052,2026-03-31 02:57:00,Engine Alert,Low,Closed,ORD
IN0006865,FL0013876,AC00601,2026-04-01 03:24:00,Brake Issue,Medium,Resolved,BOS
IN0006866,FL0012179,AC01155,2026-05-05 08:22:00,Brake Issue,Medium,Open,LHR
IN0006867,FL0006526,AC00738,2026-04-13 14:00:00,Turbulence,Low,Resolved,SFO
IN0006868,FL0005667,AC00120,2026-05-13 04:44:00,Bird Strike,Medium,Open,SIN
IN0006869,FL0008529,AC00208,2026-02-15 09:34:00,Turbulence,High,Closed,BLR
IN0006870,FL0004901,AC01176,2026-01-14 21:28:00,Weather Alert,Low,Closed,DEL
IN0006871,FL0008317,AC01057,2026-04-24 04:44:00,Engine Alert,Low,Open,MIA
IN0006872,FL0000393,AC00883,2026-04-10 06:31:00,Brake Issue,Low,Closed,LAX
IN0006873,FL0001963,AC00756,2026-04-04 08:54:00,Weather Alert,Medium,Closed,SEA
IN0006874,FL0001818,AC01140,2026-05-06 14:07:00,Engine Alert,Low,Resolved,JFK
IN0006875,FL0004993,AC00315,2026-06-17 05:43:00,Turbulence,Medium,Closed,DFW
IN0006876,FL0007470,AC00907,2026-01-16 07:50:00,Weather Alert,Critical,Closed,DXB
IN0006877,FL0012840,AC00806,2026-02-09 17:26:00,Engine Alert,High,Closed,SIN
IN0006878,FL0007192,AC00288,2026-06-18 19:10:00,Weather Alert,Medium,Open,DEN
IN0006879,FL0010661,AC00842,2026-01-23 05:18:00,Engine Alert,Low,Resolved,SIN
IN0006880,FL0004160,AC00368,2026-02-15 01:17:00,Engine Alert,Low,Resolved,BOS
IN0006881,FL0009683,AC00005,2026-04-20 06:31:00,Brake Issue,Low,Investigating,MIA
IN0006882,FL0014257,AC00929,2026-05-26 12:28:00,Turbulence,Medium,Closed,BLR
IN0006883,FL0009097,AC00183,2026-01-28 11:39:00,Weather Alert,Low,Resolved,LHR
IN0006884,FL0011236,AC01126,2026-05-12 21:19:00,Bird Strike,Low,Resolved,DEN
IN0006885,FL0011181,AC00765,2026-04-11 05:21:00,Hydraulic Leak,Medium,Closed,ORD
IN0006886,FL0013589,AC00687,2026-06-14 08:10:00,Brake Issue,Medium,Investigating,SIN
IN0006887,FL0002161,AC00108,2026-02-24 14:59:00,Bird Strike,Low,Resolved,DEN
IN0006888,FL0003989,AC00859,2026-02-01 18:59:00,Engine Alert,Low,Closed,SIN
IN0006889,FL0009075,AC00386,2026-02-18 20:34:00,Turbulence,Low,Closed,ORD
IN0006890,FL0005637,AC00097,2026-06-25 14:20:00,Brake Issue,Low,Resolved,SEA
IN0006891,FL0014890,AC00573,2026-04-24 03:08:00,Bird Strike,Low,Open,SFO
IN0006892,FL0009976,AC00432,2026-06-10 20:46:00,Navigation Error,High,Investigating,JFK
IN0006893,FL0003859,AC00203,2026-01-04 19:08:00,Engine Alert,High,Closed,LAX
IN0006894,FL0010145,AC01083,2026-02-11 20:42:00,Turbulence,Low,Investigating,SFO
IN0006895,FL0010434,AC01080,2026-02-02 05:28:00,Brake Issue,Low,Investigating,BOS
IN0006896,FL0003306,AC00426,2026-02-22 18:44:00,Engine Alert,Low,Closed,BLR
IN0006897,FL0005168,AC00844,2026-05-14 14:33:00,Turbulence,Medium,Closed,SIN
IN0006898,FL0013923,AC01161,2026-06-21 06:45:00,Hydraulic Leak,Critical,Open,ATL
IN0006899,FL0009911,AC01005,2026-04-22 12:50:00,Turbulence,High,Investigating,DEL
IN0006900,FL0005640,AC00072,2026-06-07 18:33:00,Engine Alert,Medium,Open,ATL
IN0006901,FL0010371,AC00441,2026-05-13 11:15:00,Engine Alert,Low,Resolved,SIN
IN0006902,FL0014029,AC00724,2026-05-30 03:47:00,Weather Alert,Low,Investigating,MIA
IN0006903,FL0007698,AC00585,2026-02-25 03:29:00,Bird Strike,Medium,Closed,DXB
IN0006904,FL0014372,AC00990,2026-05-07 20:40:00,Turbulence,Medium,Closed,DEL
IN0006905,FL0002549,AC00275,2026-04-17 19:28:00,Turbulence,Low,Investigating,SIN
IN0006906,FL0011954,AC00934,2026-05-05 01:43:00,Brake Issue,Low,Closed,SEA
IN0006907,FL0009854,AC01016,2026-02-04 06:09:00,Turbulence,Low,Closed,SIN
IN0006908,FL0005136,AC00040,2026-06-09 22:45:00,Brake Issue,Low,Resolved,DFW
IN0006909,FL0001664,AC00150,2026-01-24 00:05:00,Bird Strike,Medium,Investigating,BOS
IN0006910,FL0006452,AC00285,2026-06-24 14:35:00,Hydraulic Leak,Low,Open,DEL
IN0006911,FL0005543,AC01047,2026-05-06 07:15:00,Brake Issue,Low,Investigating,LHR
IN0006912,FL0011717,AC00576,2026-06-14 20:10:00,Bird Strike,Medium,Investigating,DEL
IN0006913,FL0000068,AC00756,2026-06-25 13:45:00,Navigation Error,Medium,Open,MIA
IN0006914,FL0006513,AC01181,2026-05-24 17:41:00,Bird Strike,Medium,Closed,ATL
IN0006915,FL0006023,AC00484,2026-03-25 21:10:00,Engine Alert,Low,Closed,ORD
IN0006916,FL0008190,AC00967,2026-01-22 05:10:00,Bird Strike,Medium,Resolved,DEL
IN0006917,FL0014129,AC00436,2026-05-13 00:06:00,Turbulence,Low,Resolved,SEA
IN0006918,FL0003397,AC00649,2026-06-17 09:39:00,Weather Alert,Medium,Open,DXB
IN0006919,FL0010933,AC00564,2026-01-25 19:38:00,Turbulence,High,Investigating,SFO
IN0006920,FL0010030,AC00448,2026-02-15 17:59:00,Bird Strike,High,Closed,DXB
IN0006921,FL0004753,AC00348,2026-06-03 03:04:00,Turbulence,Critical,Closed,DEL
IN0006922,FL0012213,AC00733,2026-04-07 02:45:00,Turbulence,High,Open,LAX
IN0006923,FL0009397,AC01086,2026-05-06 21:08:00,Engine Alert,High,Closed,SFO
IN0006924,FL0003970,AC00624,2026-03-13 04:14:00,Weather Alert,High,Investigating,MIA
IN0006925,FL0000816,AC00036,2026-05-03 20:34:00,Brake Issue,Low,Investigating,BOS
IN0006926,FL0008374,AC01177,2026-01-15 05:15:00,Engine Alert,Low,Resolved,SFO
IN0006927,FL0001117,AC00024,2026-03-21 12:17:00,Navigation Error,High,Closed,DXB
IN0006928,FL0013255,AC00401,2026-05-24 14:15:00,Bird Strike,Low,Open,DXB
IN0006929,FL0012470,AC00154,2026-03-20 10:55:00,Engine Alert,Medium,Investigating,DXB
IN0006930,FL0013457,AC00602,2026-01-02 06:49:00,Navigation Error,Critical,Investigating,DFW
IN0006931,FL0001311,AC00054,2026-07-02 06:51:00,Bird Strike,Low,Closed,ATL
IN0006932,FL0005619,AC00086,2026-03-08 04:52:00,Bird Strike,Low,Closed,BLR
IN0006933,FL0006330,AC00824,2026-03-13 22:47:00,Navigation Error,Medium,Open,BLR
IN0006934,FL0006575,AC00740,2026-03-27 06:19:00,Bird Strike,Medium,Open,SFO
IN0006935,FL0009803,AC00169,2026-02-17 11:51:00,Navigation Error,Low,Open,DFW
IN0006936,FL0002374,AC00527,2026-03-29 08:27:00,Bird Strike,Low,Resolved,LHR
IN0006937,FL0004810,AC01094,2026-05-06 07:16:00,Brake Issue,Low,Closed,MIA
IN0006938,FL0012825,AC00582,2026-02-02 08:35:00,Navigation Error,Low,Closed,MIA
IN0006939,FL0007711,AC00757,2026-06-26 06:36:00,Bird Strike,Medium,Open,DEL
IN0006940,FL0005508,AC00216,2026-03-29 13:25:00,Bird Strike,Medium,Open,DEN
IN0006941,FL0009667,AC00152,2026-02-28 02:32:00,Brake Issue,Medium,Open,ORD
IN0006942,FL0011060,AC01197,2026-06-16 02:42:00,Turbulence,Medium,Closed,MIA
IN0006943,FL0002537,AC01072,2026-05-05 01:18:00,Bird Strike,Critical,Open,SEA
IN0006944,FL0000079,AC00063,2026-02-15 06:11:00,Brake Issue,Low,Open,DEN
IN0006945,FL0000368,AC01060,2026-06-05 01:56:00,Hydraulic Leak,High,Open,LHR
IN0006946,FL0004721,AC00997,2026-06-22 10:57:00,Navigation Error,High,Resolved,ORD
IN0006947,FL0002392,AC01023,2026-05-25 12:55:00,Turbulence,Medium,Open,LHR
IN0006948,FL0002745,AC00995,2026-01-08 09:55:00,Brake Issue,Medium,Open,SEA
IN0006949,FL0009872,AC00117,2026-02-23 11:00:00,Bird Strike,Low,Closed,DXB
IN0006950,FL0013583,AC00872,2026-05-19 03:14:00,Turbulence,Low,Closed,JFK
IN0006951,FL0006804,AC00133,2026-06-29 11:03:00,Engine Alert,Low,Investigating,BOS
IN0006952,FL0010508,AC00266,2026-04-26 18:17:00,Navigation Error,Low,Resolved,LAX
IN0006953,FL0009456,AC00798,2026-06-14 18:06:00,Hydraulic Leak,Low,Resolved,ATL
IN0006954,FL0000726,AC00873,2026-05-25 06:36:00,Navigation Error,Low,Resolved,BLR
IN0006955,FL0011760,AC01040,2026-01-10 12:38:00,Turbulence,Medium,Open,SFO
IN0006956,FL0007251,AC01083,2026-02-17 15:00:00,Hydraulic Leak,Medium,Resolved,ATL
IN0006957,FL0005777,AC00414,2026-03-09 01:13:00,Navigation Error,Medium,Closed,DFW
IN0006958,FL0008570,AC00593,2026-03-05 20:14:00,Turbulence,Medium,Open,SFO
IN0006959,FL0000308,AC00078,2026-02-07 11:03:00,Engine Alert,Low,Open,BOS
IN0006960,FL0014683,AC00171,2026-01-30 22:12:00,Navigation Error,Medium,Open,LAX
IN0006961,FL0009059,AC00746,2026-04-01 19:29:00,Hydraulic Leak,High,Open,BLR
IN0006962,FL0009744,AC00775,2026-06-23 14:58:00,Engine Alert,Low,Resolved,LHR
IN0006963,FL0009234,AC00126,2026-04-28 09:09:00,Navigation Error,High,Open,ORD
IN0006964,FL0005043,AC00480,2026-05-17 19:17:00,Hydraulic Leak,Low,Open,MIA
IN0006965,FL0009999,AC00842,2026-01-02 21:45:00,Engine Alert,Low,Open,BOS
IN0006966,FL0009166,AC00483,2026-01-05 06:29:00,Brake Issue,Medium,Closed,SIN
IN0006967,FL0005842,AC00028,2026-03-27 10:37:00,Engine Alert,High,Resolved,SFO
IN0006968,FL0011900,AC00808,2026-06-03 00:08:00,Weather Alert,High,Open,SIN
IN0006969,FL0006624,AC00501,2026-04-02 01:33:00,Hydraulic Leak,Low,Closed,MIA
IN0006970,FL0002438,AC00354,2026-06-10 18:13:00,Bird Strike,Low,Closed,ORD
IN0006971,FL0003223,AC00267,2026-04-14 18:41:00,Turbulence,High,Investigating,BOS
IN0006972,FL0011948,AC00660,2026-03-28 01:33:00,Turbulence,Medium,Resolved,SFO
IN0006973,FL0005827,AC00528,2026-03-29 01:10:00,Bird Strike,Medium,Investigating,SEA
IN0006974,FL0013423,AC00200,2026-01-18 16:14:00,Weather Alert,Low,Closed,DFW
IN0006975,FL0011899,AC00740,2026-03-27 01:27:00,Hydraulic Leak,Low,Closed,DEN
IN0006976,FL0014263,AC01168,2026-04-15 19:56:00,Brake Issue,Low,Resolved,ORD
IN0006977,FL0006943,AC00972,2026-01-30 22:47:00,Hydraulic Leak,Low,Resolved,LAX
IN0006978,FL0000496,AC00606,2026-05-26 10:36:00,Turbulence,Low,Investigating,BLR
IN0006979,FL0000186,AC00779,2026-04-03 12:50:00,Engine Alert,Medium,Closed,SIN
IN0006980,FL0012599,AC00962,2026-05-28 20:28:00,Bird Strike,Medium,Open,MIA
IN0006981,FL0010010,AC01059,2026-05-20 16:55:00,Brake Issue,High,Closed,ATL
IN0006982,FL0010790,AC00213,2026-06-06 07:01:00,Hydraulic Leak,Medium,Closed,ATL
IN0006983,FL0006761,AC00438,2026-03-13 16:03:00,Brake Issue,Low,Open,ATL
IN0006984,FL0010136,AC00367,2026-04-19 08:08:00,Brake Issue,Low,Closed,LAX
IN0006985,FL0005359,AC00600,2026-03-03 05:30:00,Turbulence,Low,Closed,MIA
IN0006986,FL0014430,AC00164,2026-01-12 10:14:00,Turbulence,Medium,Closed,ATL
IN0006987,FL0009615,AC00559,2026-06-15 21:37:00,Bird Strike,Low,Open,SIN
IN0006988,FL0004943,AC00786,2026-06-10 15:30:00,Engine Alert,High,Investigating,DFW
IN0006989,FL0005026,AC00432,2026-03-23 02:07:00,Brake Issue,Medium,Closed,LHR
IN0006990,FL0008208,AC00427,2026-05-29 07:31:00,Turbulence,Low,Closed,LAX
IN0006991,FL0003438,AC00394,2026-03-10 01:54:00,Hydraulic Leak,Medium,Resolved,SEA
IN0006992,FL0014215,AC00854,2026-04-17 03:13:00,Bird Strike,Low,Open,ORD
IN0006993,FL0008158,AC01043,2026-01-11 13:02:00,Navigation Error,Low,Open,LHR
IN0006994,FL0012811,AC00651,2026-02-16 14:57:00,Engine Alert,Medium,Investigating,LAX
IN0006995,FL0005676,AC00653,2026-02-09 11:59:00,Brake Issue,High,Open,DXB
IN0006996,FL0008457,AC00253,2026-04-27 15:52:00,Navigation Error,Low,Open,BOS
IN0006997,FL0005901,AC00041,2026-02-18 23:08:00,Turbulence,Low,Resolved,BOS
IN0006998,FL0012355,AC00636,2026-04-20 00:17:00,Weather Alert,Medium,Resolved,ATL
IN0006999,FL0013174,AC00955,2026-02-12 04:39:00,Engine Alert,Low,Closed,BOS
IN0007000,FL0000372,AC00847,2026-04-03 01:32:00,Hydraulic Leak,Low,Investigating,JFK
IN0007001,FL0000286,AC00470,2026-01-28 18:46:00,Bird Strike,Low,Resolved,ORD
IN0007002,FL0002755,AC00116,2026-05-03 18:01:00,Hydraulic Leak,Medium,Investigating,ATL
IN0007003,FL0001787,AC01052,2026-01-24 13:03:00,Turbulence,Low,Open,SFO
IN0007004,FL0000746,AC00344,2026-02-16 14:07:00,Bird Strike,High,Resolved,LAX
IN0007005,FL0004302,AC00847,2026-05-02 09:47:00,Navigation Error,Medium,Resolved,DEL
IN0007006,FL0007729,AC00850,2026-02-18 14:37:00,Engine Alert,Medium,Closed,MIA
IN0007007,FL0009752,AC01043,2026-02-06 13:33:00,Brake Issue,Low,Closed,DEN
IN0007008,FL0010793,AC00704,2026-04-03 02:53:00,Navigation Error,Low,Resolved,MIA
IN0007009,FL0010992,AC00523,2026-04-26 14:01:00,Bird Strike,Low,Investigating,ORD
IN0007010,FL0006020,AC00959,2026-04-04 01:05:00,Engine Alert,Critical,Resolved,DXB
IN0007011,FL0011523,AC00941,2026-06-28 10:03:00,Engine Alert,Low,Investigating,ATL
IN0007012,FL0003792,AC00104,2026-06-05 23:49:00,Turbulence,Medium,Closed,MIA
IN0007013,FL0008975,AC01066,2026-03-14 05:22:00,Brake Issue,Low,Closed,MIA
IN0007014,FL0014179,AC00875,2026-01-25 17:16:00,Engine Alert,Low,Investigating,ATL
IN0007015,FL0003075,AC01128,2026-05-30 03:41:00,Turbulence,Low,Closed,JFK
IN0007016,FL0001190,AC00390,2026-02-01 08:44:00,Bird Strike,Low,Open,SIN
IN0007017,FL0001283,AC00677,2026-06-17 10:54:00,Bird Strike,Medium,Closed,SIN
IN0007018,FL0007534,AC00675,2026-06-17 17:40:00,Brake Issue,Medium,Closed,ATL
IN0007019,FL0012457,AC00736,2026-01-29 10:09:00,Engine Alert,Low,Closed,ORD
IN0007020,FL0002822,AC00359,2026-02-19 16:33:00,Navigation Error,Low,Investigating,ORD
IN0007021,FL0012107,AC00069,2026-01-31 21:02:00,Hydraulic Leak,Medium,Resolved,MIA
IN0007022,FL0010981,AC00355,2026-06-15 20:23:00,Weather Alert,Medium,Investigating,DFW
IN0007023,FL0010829,AC00571,2026-02-06 09:50:00,Bird Strike,High,Investigating,SEA
IN0007024,FL0005172,AC00535,2026-05-24 05:36:00,Bird Strike,Medium,Open,DFW
IN0007025,FL0012952,AC00611,2026-04-06 22:32:00,Hydraulic Leak,High,Open,SFO
IN0007026,FL0009331,AC00344,2026-05-23 07:29:00,Turbulence,Low,Resolved,MIA
IN0007027,FL0008429,AC00718,2026-02-07 06:51:00,Weather Alert,Medium,Open,DFW
IN0007028,FL0011189,AC00211,2026-05-14 06:21:00,Brake Issue,High,Open,JFK
IN0007029,FL0004037,AC00762,2026-04-11 09:49:00,Navigation Error,Low,Closed,LAX
IN0007030,FL0004751,AC00951,2026-06-10 02:08:00,Engine Alert,Medium,Resolved,SEA
IN0007031,FL0005035,AC00034,2026-03-04 13:26:00,Weather Alert,Low,Investigating,DXB
IN0007032,FL0011525,AC00210,2026-01-29 12:42:00,Hydraulic Leak,Low,Closed,SIN
IN0007033,FL0013915,AC00839,2026-04-02 02:33:00,Brake Issue,High,Closed,ORD
IN0007034,FL0010246,AC00396,2026-06-14 01:02:00,Hydraulic Leak,Medium,Closed,LAX
IN0007035,FL0010778,AC01061,2026-03-04 21:49:00,Bird Strike,High,Investigating,DEN
IN0007036,FL0014845,AC00441,2026-06-01 07:35:00,Engine Alert,High,Closed,DEL
IN0007037,FL0013766,AC00772,2026-05-17 15:54:00,Navigation Error,High,Investigating,SEA
IN0007038,FL0013895,AC00477,2026-06-27 08:43:00,Navigation Error,Low,Resolved,BOS
IN0007039,FL0011169,AC00799,2026-04-08 20:10:00,Hydraulic Leak,Medium,Investigating,LHR
IN0007040,FL0009175,AC00708,2026-02-13 08:01:00,Weather Alert,Low,Resolved,ORD
IN0007041,FL0006911,AC01187,2026-04-13 21:55:00,Weather Alert,Medium,Investigating,ATL
IN0007042,FL0014976,AC00117,2026-04-30 15:50:00,Engine Alert,Low,Open,ATL
IN0007043,FL0011431,AC00473,2026-05-17 01:02:00,Navigation Error,Low,Closed,SEA
IN0007044,FL0009749,AC00014,2026-04-02 13:39:00,Navigation Error,Medium,Resolved,LAX
IN0007045,FL0006704,AC01185,2026-04-07 03:41:00,Navigation Error,Critical,Closed,MIA
IN0007046,FL0006071,AC00060,2026-06-14 12:07:00,Weather Alert,Low,Investigating,SEA
IN0007047,FL0006182,AC00514,2026-03-26 06:36:00,Brake Issue,High,Open,ORD
IN0007048,FL0012674,AC00176,2026-05-14 21:19:00,Weather Alert,High,Closed,LAX
IN0007049,FL0000143,AC00196,2026-01-08 16:46:00,Engine Alert,Medium,Open,SEA
IN0007050,FL0013928,AC00055,2026-04-29 08:36:00,Turbulence,Low,Resolved,LAX
IN0007051,FL0012682,AC00753,2026-02-06 12:12:00,Brake Issue,Medium,Open,MIA
IN0007052,FL0009717,AC00241,2026-01-30 12:14:00,Hydraulic Leak,Low,Closed,JFK
IN0007053,FL0009904,AC00767,2026-01-12 16:53:00,Hydraulic Leak,High,Resolved,SIN
IN0007054,FL0010799,AC00113,2026-01-29 23:42:00,Hydraulic Leak,Low,Open,JFK
IN0007055,FL0012240,AC00779,2026-05-07 08:59:00,Engine Alert,Low,Resolved,DEL
IN0007056,FL0014449,AC00280,2026-03-21 20:41:00,Weather Alert,Medium,Resolved,ORD
IN0007057,FL0001703,AC00470,2026-02-27 23:31:00,Engine Alert,Critical,Open,BOS
IN0007058,FL0010863,AC00104,2026-03-19 05:40:00,Weather Alert,Low,Closed,ATL
IN0007059,FL0007395,AC00512,2026-04-06 04:32:00,Engine Alert,Medium,Investigating,DEN
IN0007060,FL0005796,AC00323,2026-06-18 22:51:00,Bird Strike,Medium,Open,DEL
IN0007061,FL0008630,AC00054,2026-03-21 23:33:00,Engine Alert,Medium,Closed,SIN
IN0007062,FL0011597,AC00326,2026-04-28 15:16:00,Hydraulic Leak,Low,Investigating,SIN
IN0007063,FL0008470,AC00012,2026-03-02 22:53:00,Hydraulic Leak,Low,Open,JFK
IN0007064,FL0009807,AC00631,2026-03-17 16:24:00,Navigation Error,Low,Resolved,SEA
IN0007065,FL0012855,AC00027,2026-06-22 11:46:00,Engine Alert,High,Resolved,DEN
IN0007066,FL0004228,AC00522,2026-05-01 12:08:00,Weather Alert,Low,Open,DEN
IN0007067,FL0010747,AC00079,2026-01-12 19:12:00,Turbulence,Medium,Open,DEN
IN0007068,FL0014068,AC00570,2026-01-03 16:51:00,Engine Alert,Low,Resolved,DXB
IN0007069,FL0007609,AC00336,2026-02-25 04:17:00,Brake Issue,Medium,Resolved,DEN
IN0007070,FL0009016,AC00647,2026-04-09 13:07:00,Hydraulic Leak,Low,Closed,ORD
IN0007071,FL0012095,AC00492,2026-02-05 07:14:00,Turbulence,Low,Resolved,SEA
IN0007072,FL0011663,AC00724,2026-03-12 23:45:00,Bird Strike,High,Closed,DFW
IN0007073,FL0013079,AC00281,2026-04-22 14:44:00,Hydraulic Leak,Low,Open,BOS
IN0007074,FL0007224,AC01060,2026-04-18 19:22:00,Engine Alert,Low,Closed,ATL
IN0007075,FL0010033,AC00304,2026-03-31 06:42:00,Brake Issue,Medium,Open,BLR
IN0007076,FL0010844,AC00038,2026-02-12 13:18:00,Engine Alert,Low,Closed,BOS
IN0007077,FL0000788,AC00289,2026-06-26 02:29:00,Turbulence,Low,Investigating,ATL
IN0007078,FL0014667,AC01137,2026-05-18 12:04:00,Turbulence,Low,Closed,LAX
IN0007079,FL0004976,AC00237,2026-03-05 14:29:00,Turbulence,High,Closed,SFO
IN0007080,FL0000351,AC00557,2026-05-22 06:53:00,Hydraulic Leak,Low,Open,LHR
IN0007081,FL0009829,AC01074,2026-05-30 19:52:00,Hydraulic Leak,High,Open,SFO
IN0007082,FL0005220,AC01116,2026-04-01 14:54:00,Hydraulic Leak,Medium,Resolved,SFO
IN0007083,FL0001473,AC00019,2026-04-10 02:19:00,Hydraulic Leak,High,Open,DFW
IN0007084,FL0013973,AC00515,2026-04-29 08:41:00,Bird Strike,Low,Closed,ORD
IN0007085,FL0001000,AC01051,2026-06-28 09:06:00,Brake Issue,Low,Resolved,SFO
IN0007086,FL0001331,AC00058,2026-03-25 09:21:00,Hydraulic Leak,Low,Resolved,LHR
IN0007087,FL0001199,AC00602,2026-03-21 02:21:00,Brake Issue,High,Investigating,DEN
IN0007088,FL0000239,AC00224,2026-03-02 05:50:00,Turbulence,Low,Resolved,ATL
IN0007089,FL0009218,AC00709,2026-04-08 14:38:00,Turbulence,Low,Resolved,LAX
IN0007090,FL0001177,AC00013,2026-05-15 18:11:00,Bird Strike,Low,Resolved,DEN
IN0007091,FL0014008,AC01068,2026-04-07 10:06:00,Bird Strike,Low,Closed,BLR
IN0007092,FL0001375,AC00609,2026-06-13 03:36:00,Navigation Error,Critical,Investigating,BLR
IN0007093,FL0009667,AC01146,2026-04-15 07:39:00,Engine Alert,Critical,Resolved,BLR
IN0007094,FL0005691,AC00996,2026-03-22 17:19:00,Engine Alert,High,Investigating,BLR
IN0007095,FL0010911,AC00049,2026-01-31 17:32:00,Weather Alert,High,Investigating,DXB
IN0007096,FL0000007,AC00633,2026-04-04 14:15:00,Hydraulic Leak,High,Closed,LHR
IN0007097,FL0008488,AC00894,2026-04-21 02:24:00,Hydraulic Leak,Medium,Open,JFK
IN0007098,FL0005361,AC00375,2026-01-04 02:08:00,Weather Alert,Low,Open,LAX
IN0007099,FL0008615,AC00272,2026-06-19 19:17:00,Hydraulic Leak,High,Investigating,SFO
IN0007100,FL0011066,AC00159,2026-06-03 11:04:00,Navigation Error,Low,Open,DFW
IN0007101,FL0008485,AC00582,2026-04-08 10:34:00,Engine Alert,High,Open,DEL
IN0007102,FL0010787,AC00305,2026-04-17 05:50:00,Turbulence,Medium,Open,LHR
IN0007103,FL0010520,AC01149,2026-06-09 02:40:00,Weather Alert,Low,Open,SFO
IN0007104,FL0002808,AC00830,2026-05-09 02:15:00,Hydraulic Leak,Medium,Open,LAX
IN0007105,FL0008660,AC01146,2026-01-07 23:07:00,Hydraulic Leak,High,Investigating,DXB
IN0007106,FL0010224,AC01081,2026-04-27 20:37:00,Engine Alert,Medium,Closed,MIA
IN0007107,FL0001763,AC00852,2026-04-03 19:43:00,Brake Issue,Low,Investigating,SFO
IN0007108,FL0007361,AC00730,2026-02-04 00:12:00,Navigation Error,Medium,Investigating,BOS
IN0007109,FL0005703,AC00634,2026-04-03 13:30:00,Turbulence,Low,Investigating,SIN
IN0007110,FL0006225,AC00598,2026-01-06 23:26:00,Weather Alert,Medium,Investigating,MIA
IN0007111,FL0008416,AC01136,2026-06-18 12:50:00,Hydraulic Leak,Low,Closed,ATL
IN0007112,FL0007841,AC00971,2026-04-05 05:13:00,Hydraulic Leak,Low,Investigating,LHR
IN0007113,FL0010463,AC00341,2026-03-18 06:00:00,Bird Strike,Low,Resolved,SEA
IN0007114,FL0007448,AC00798,2026-01-01 17:36:00,Navigation Error,High,Closed,SEA
IN0007115,FL0014132,AC00738,2026-04-07 14:15:00,Hydraulic Leak,Medium,Investigating,DFW
IN0007116,FL0003624,AC00752,2026-06-23 00:58:00,Weather Alert,High,Closed,ATL
IN0007117,FL0006540,AC00523,2026-05-06 17:09:00,Hydraulic Leak,Medium,Open,DEN
IN0007118,FL0002520,AC00408,2026-06-21 05:59:00,Hydraulic Leak,High,Resolved,DXB
IN0007119,FL0011996,AC00307,2026-07-01 08:19:00,Turbulence,Low,Closed,DEN
IN0007120,FL0001785,AC01042,2026-02-02 11:11:00,Weather Alert,Critical,Closed,BOS
IN0007121,FL0002669,AC00807,2026-02-27 10:54:00,Hydraulic Leak,Low,Resolved,DXB
IN0007122,FL0000872,AC01014,2026-02-15 08:18:00,Turbulence,Medium,Resolved,ORD
IN0007123,FL0014957,AC00643,2026-02-06 08:52:00,Engine Alert,Low,Open,JFK
IN0007124,FL0004783,AC01177,2026-02-07 17:00:00,Brake Issue,High,Investigating,LHR
IN0007125,FL0004504,AC00374,2026-03-01 22:24:00,Weather Alert,Medium,Closed,LHR
IN0007126,FL0011084,AC00358,2026-02-25 19:17:00,Engine Alert,Critical,Open,BOS
IN0007127,FL0008894,AC00352,2026-06-17 01:31:00,Brake Issue,Low,Investigating,LAX
IN0007128,FL0012301,AC00734,2026-02-01 21:10:00,Weather Alert,High,Resolved,SEA
IN0007129,FL0005830,AC01084,2026-01-04 06:01:00,Hydraulic Leak,Low,Closed,LAX
IN0007130,FL0002075,AC00791,2026-05-08 03:10:00,Hydraulic Leak,Low,Closed,BOS
IN0007131,FL0003664,AC01051,2026-06-25 01:21:00,Navigation Error,High,Resolved,ORD
IN0007132,FL0001867,AC00656,2026-04-26 04:30:00,Weather Alert,High,Investigating,SIN
IN0007133,FL0000282,AC00530,2026-02-20 05:53:00,Brake Issue,Low,Closed,SEA
IN0007134,FL0001525,AC01035,2026-02-11 09:38:00,Bird Strike,Medium,Investigating,JFK
IN0007135,FL0007867,AC01031,2026-06-02 16:05:00,Brake Issue,Medium,Open,DXB
IN0007136,FL0014902,AC00430,2026-05-28 18:28:00,Hydraulic Leak,Medium,Open,ORD
IN0007137,FL0001591,AC01100,2026-07-01 11:02:00,Navigation Error,Low,Closed,ORD
IN0007138,FL0003197,AC00937,2026-01-10 04:38:00,Turbulence,Medium,Investigating,MIA
IN0007139,FL0012272,AC00755,2026-06-24 10:09:00,Turbulence,Low,Closed,SIN
IN0007140,FL0005631,AC00733,2026-05-24 18:06:00,Engine Alert,Low,Open,DEN
IN0007141,FL0011236,AC00505,2026-05-03 19:00:00,Engine Alert,Low,Investigating,DEL
IN0007142,FL0014582,AC00651,2026-02-27 15:33:00,Engine Alert,Medium,Resolved,LAX
IN0007143,FL0001120,AC01088,2026-05-19 04:38:00,Bird Strike,Medium,Closed,SEA
IN0007144,FL0010564,AC01007,2026-01-22 23:35:00,Navigation Error,Low,Resolved,SIN
IN0007145,FL0005603,AC00980,2026-01-12 17:14:00,Weather Alert,Medium,Closed,LAX
IN0007146,FL0012362,AC01117,2026-05-26 22:03:00,Engine Alert,Low,Investigating,LHR
IN0007147,FL0014283,AC01170,2026-01-26 14:59:00,Navigation Error,Low,Investigating,DFW
IN0007148,FL0011132,AC00163,2026-05-22 03:08:00,Brake Issue,Medium,Resolved,DFW
IN0007149,FL0007986,AC00327,2026-02-06 15:04:00,Hydraulic Leak,High,Closed,SIN
IN0007150,FL0001571,AC00692,2026-02-05 16:13:00,Navigation Error,Medium,Closed,LHR
IN0007151,FL0009813,AC00851,2026-01-04 08:34:00,Weather Alert,Medium,Open,BOS
IN0007152,FL0002706,AC00373,2026-05-30 19:11:00,Turbulence,Low,Resolved,ORD
IN0007153,FL0006648,AC00992,2026-06-07 16:16:00,Hydraulic Leak,Low,Closed,SEA
IN0007154,FL0007169,AC00342,2026-04-07 18:35:00,Bird Strike,Low,Resolved,SIN
IN0007155,FL0000450,AC01184,2026-03-03 07:57:00,Navigation Error,Low,Closed,DFW
IN0007156,FL0004724,AC00071,2026-03-14 12:51:00,Bird Strike,Low,Open,MIA
IN0007157,FL0009305,AC01045,2026-06-06 20:47:00,Hydraulic Leak,Low,Investigating,MIA
IN0007158,FL0011355,AC00786,2026-01-01 23:03:00,Bird Strike,Low,Investigating,MIA
IN0007159,FL0000418,AC01181,2026-05-20 06:58:00,Hydraulic Leak,High,Open,ORD
IN0007160,FL0004528,AC00352,2026-06-29 04:28:00,Engine Alert,High,Resolved,SFO
IN0007161,FL0005507,AC00989,2026-04-09 11:37:00,Weather Alert,Low,Investigating,SEA
IN0007162,FL0000483,AC00330,2026-01-08 11:35:00,Weather Alert,Low,Resolved,DEN
IN0007163,FL0005805,AC01108,2026-05-27 23:54:00,Navigation Error,Medium,Investigating,DEN
IN0007164,FL0002665,AC00605,2026-01-31 21:30:00,Engine Alert,Medium,Open,BLR
IN0007165,FL0007812,AC00533,2026-03-07 01:50:00,Bird Strike,Medium,Investigating,LHR
IN0007166,FL0006328,AC00465,2026-01-24 05:17:00,Engine Alert,Critical,Investigating,DEL
IN0007167,FL0008007,AC00845,2026-06-26 13:37:00,Hydraulic Leak,Medium,Resolved,SIN
IN0007168,FL0009848,AC01107,2026-01-26 05:24:00,Hydraulic Leak,Medium,Resolved,SIN
IN0007169,FL0006070,AC00083,2026-05-10 18:40:00,Hydraulic Leak,High,Closed,LAX
IN0007170,FL0014157,AC00876,2026-02-16 15:01:00,Bird Strike,Medium,Investigating,DEN
IN0007171,FL0004029,AC00643,2026-02-06 20:34:00,Engine Alert,Low,Open,SIN
IN0007172,FL0004678,AC00098,2026-06-15 00:13:00,Hydraulic Leak,Low,Resolved,DXB
IN0007173,FL0000144,AC00830,2026-01-14 11:18:00,Engine Alert,High,Investigating,SIN
IN0007174,FL0013738,AC00121,2026-06-12 08:50:00,Turbulence,Low,Closed,BOS
IN0007175,FL0005727,AC00813,2026-01-11 22:14:00,Bird Strike,Medium,Investigating,LAX
IN0007176,FL0007328,AC00469,2026-01-15 09:56:00,Hydraulic Leak,Low,Investigating,BOS
IN0007177,FL0014636,AC00747,2026-05-07 00:01:00,Brake Issue,Medium,Closed,DEL
IN0007178,FL0002307,AC00167,2026-07-01 12:21:00,Hydraulic Leak,Low,Closed,MIA
IN0007179,FL0012511,AC00173,2026-04-27 13:23:00,Turbulence,Medium,Investigating,DXB
IN0007180,FL0005882,AC01023,2026-04-22 17:24:00,Brake Issue,High,Investigating,SEA
IN0007181,FL0010939,AC00258,2026-06-21 23:37:00,Hydraulic Leak,High,Open,LAX
IN0007182,FL0014810,AC00622,2026-05-25 14:06:00,Brake Issue,Low,Closed,SIN
IN0007183,FL0014905,AC01189,2026-04-12 03:36:00,Turbulence,High,Closed,JFK
IN0007184,FL0003533,AC00522,2026-02-27 14:33:00,Turbulence,Medium,Closed,ORD
IN0007185,FL0014742,AC00283,2026-02-11 14:46:00,Weather Alert,Low,Investigating,SEA
IN0007186,FL0008762,AC01198,2026-06-26 04:30:00,Brake Issue,Medium,Open,LHR
IN0007187,FL0011244,AC00792,2026-04-04 00:16:00,Bird Strike,Low,Investigating,JFK
IN0007188,FL0012476,AC00516,2026-05-27 12:58:00,Engine Alert,Low,Investigating,DEL
IN0007189,FL0007631,AC00802,2026-04-28 23:02:00,Hydraulic Leak,Low,Closed,BOS
IN0007190,FL0012616,AC00881,2026-06-01 07:15:00,Navigation Error,Medium,Open,LAX
IN0007191,FL0013885,AC00968,2026-01-19 02:36:00,Brake Issue,Medium,Open,ORD
IN0007192,FL0010927,AC00118,2026-06-30 17:34:00,Hydraulic Leak,High,Open,JFK
IN0007193,FL0012197,AC00793,2026-06-19 00:17:00,Weather Alert,Low,Open,ATL
IN0007194,FL0007711,AC00596,2026-01-21 22:42:00,Navigation Error,Low,Open,DEN
IN0007195,FL0005656,AC01120,2026-05-12 07:15:00,Turbulence,Low,Open,SEA
IN0007196,FL0011991,AC01053,2026-06-11 10:21:00,Navigation Error,Low,Open,SIN
IN0007197,FL0011305,AC01115,2026-03-31 09:19:00,Brake Issue,High,Closed,DEL
IN0007198,FL0002999,AC01043,2026-05-25 00:05:00,Weather Alert,High,Investigating,JFK
IN0007199,FL0000237,AC01070,2026-04-14 07:47:00,Turbulence,Low,Investigating,SEA
IN0007200,FL0009460,AC00050,2026-05-11 07:08:00,Bird Strike,Medium,Resolved,DEL
IN0007201,FL0012262,AC01147,2026-04-22 12:33:00,Brake Issue,Medium,Open,SFO
IN0007202,FL0011968,AC00098,2026-04-08 09:38:00,Engine Alert,High,Open,DEN
IN0007203,FL0013180,AC00926,2026-03-23 21:27:00,Hydraulic Leak,Medium,Investigating,BOS
IN0007204,FL0008661,AC00649,2026-01-06 19:55:00,Weather Alert,Low,Closed,MIA
IN0007205,FL0011210,AC00231,2026-04-26 09:52:00,Bird Strike,Low,Investigating,SFO
IN0007206,FL0014267,AC00826,2026-01-05 23:43:00,Bird Strike,Low,Investigating,SEA
IN0007207,FL0009447,AC00032,2026-03-16 09:56:00,Engine Alert,Low,Closed,LAX
IN0007208,FL0013460,AC00698,2026-04-07 00:59:00,Weather Alert,Low,Closed,LAX
IN0007209,FL0002469,AC00800,2026-03-16 08:04:00,Bird Strike,High,Closed,MIA
IN0007210,FL0002561,AC00005,2026-06-14 12:03:00,Weather Alert,Medium,Open,LHR
IN0007211,FL0014189,AC00165,2026-06-06 05:54:00,Weather Alert,Low,Resolved,DEN
IN0007212,FL0014068,AC00932,2026-04-07 09:52:00,Navigation Error,Medium,Resolved,LHR
IN0007213,FL0012712,AC00381,2026-05-06 01:18:00,Brake Issue,High,Resolved,MIA
IN0007214,FL0006637,AC00811,2026-04-22 02:44:00,Turbulence,Low,Closed,DFW
IN0007215,FL0009875,AC00101,2026-01-12 22:49:00,Hydraulic Leak,High,Closed,LHR
IN0007216,FL0004788,AC00733,2026-01-09 21:57:00,Turbulence,High,Closed,SFO
IN0007217,FL0005755,AC00342,2026-01-26 00:08:00,Hydraulic Leak,Medium,Investigating,LAX
IN0007218,FL0005585,AC00438,2026-06-30 16:07:00,Turbulence,High,Closed,DEN
IN0007219,FL0006657,AC00932,2026-01-19 04:45:00,Engine Alert,Low,Investigating,BLR
IN0007220,FL0013020,AC01185,2026-02-22 21:29:00,Weather Alert,Low,Open,SEA
IN0007221,FL0005935,AC00732,2026-06-25 01:28:00,Navigation Error,Medium,Investigating,DFW
IN0007222,FL0008806,AC00411,2026-05-07 02:04:00,Bird Strike,Medium,Closed,MIA
IN0007223,FL0014549,AC01123,2026-06-19 01:40:00,Navigation Error,High,Investigating,SFO
IN0007224,FL0009447,AC00289,2026-02-03 14:05:00,Navigation Error,Medium,Resolved,DXB
IN0007225,FL0013388,AC00401,2026-06-14 21:57:00,Weather Alert,Low,Open,DEN
IN0007226,FL0012526,AC00035,2026-02-20 21:12:00,Turbulence,Low,Closed,JFK
IN0007227,FL0013055,AC00001,2026-03-24 15:08:00,Hydraulic Leak,Low,Investigating,LHR
IN0007228,FL0001065,AC00884,2026-01-27 14:41:00,Engine Alert,High,Open,DEL
IN0007229,FL0012892,AC00650,2026-06-21 23:52:00,Bird Strike,Medium,Investigating,ORD
IN0007230,FL0014865,AC01113,2026-03-18 09:08:00,Hydraulic Leak,Medium,Closed,SIN
IN0007231,FL0001004,AC00794,2026-06-21 17:41:00,Hydraulic Leak,Medium,Investigating,SFO
IN0007232,FL0011444,AC00553,2026-06-29 06:48:00,Weather Alert,High,Open,ORD
IN0007233,FL0013992,AC00312,2026-01-17 08:48:00,Engine Alert,Medium,Open,LAX
IN0007234,FL0004125,AC00757,2026-04-08 15:38:00,Bird Strike,Low,Investigating,DEL
IN0007235,FL0012882,AC00363,2026-05-16 15:35:00,Brake Issue,Medium,Resolved,DXB
IN0007236,FL0011998,AC00760,2026-03-04 03:02:00,Turbulence,Medium,Resolved,JFK
IN0007237,FL0012210,AC01128,2026-06-19 22:31:00,Hydraulic Leak,Low,Resolved,ORD
IN0007238,FL0000502,AC00202,2026-05-30 01:16:00,Bird Strike,Low,Resolved,SEA
IN0007239,FL0001985,AC00532,2026-01-29 05:37:00,Hydraulic Leak,Low,Investigating,SFO
IN0007240,FL0004761,AC00782,2026-06-05 13:50:00,Navigation Error,Medium,Investigating,DEL
IN0007241,FL0011162,AC00338,2026-05-03 04:20:00,Weather Alert,Low,Investigating,SEA
IN0007242,FL0005444,AC00455,2026-01-29 06:03:00,Navigation Error,Low,Resolved,SEA
IN0007243,FL0012745,AC01161,2026-03-14 20:33:00,Weather Alert,High,Investigating,DEL
IN0007244,FL0007437,AC01193,2026-04-23 01:06:00,Turbulence,Medium,Open,BOS
IN0007245,FL0014974,AC01118,2026-06-14 21:22:00,Navigation Error,Low,Investigating,BOS
IN0007246,FL0001588,AC01032,2026-06-13 15:31:00,Turbulence,Low,Open,LAX
IN0007247,FL0009436,AC00968,2026-06-23 03:34:00,Engine Alert,Low,Open,LAX
IN0007248,FL0013430,AC01068,2026-02-24 06:25:00,Navigation Error,Medium,Open,DXB
IN0007249,FL0010869,AC00638,2026-05-19 12:11:00,Engine Alert,Medium,Investigating,LHR
IN0007250,FL0008394,AC00765,2026-01-15 05:30:00,Hydraulic Leak,High,Open,SFO
IN0007251,FL0006686,AC00279,2026-06-27 11:01:00,Turbulence,High,Closed,ORD
IN0007252,FL0007236,AC00432,2026-03-21 00:33:00,Bird Strike,Low,Investigating,ORD
IN0007253,FL0003131,AC00664,2026-06-09 08:37:00,Hydraulic Leak,Medium,Resolved,LHR
IN0007254,FL0002213,AC00918,2026-04-04 23:50:00,Turbulence,Medium,Investigating,ORD
IN0007255,FL0001399,AC00601,2026-06-20 18:29:00,Weather Alert,Medium,Closed,SIN
IN0007256,FL0013075,AC00650,2026-05-18 21:02:00,Hydraulic Leak,High,Open,BLR
IN0007257,FL0012224,AC01186,2026-03-22 10:44:00,Weather Alert,Critical,Investigating,LHR
IN0007258,FL0004840,AC00683,2026-01-03 04:18:00,Brake Issue,Medium,Investigating,LAX
IN0007259,FL0001894,AC00144,2026-02-18 17:23:00,Hydraulic Leak,Medium,Open,BOS
IN0007260,FL0003096,AC01081,2026-05-25 07:28:00,Navigation Error,Medium,Closed,SIN
IN0007261,FL0006272,AC00756,2026-01-20 13:20:00,Bird Strike,High,Resolved,ATL
IN0007262,FL0009376,AC00369,2026-06-12 06:15:00,Weather Alert,Low,Closed,SEA
IN0007263,FL0004042,AC00548,2026-02-01 12:41:00,Navigation Error,Low,Investigating,DFW
IN0007264,FL0011676,AC00430,2026-06-18 11:03:00,Navigation Error,Low,Open,DEL
IN0007265,FL0011237,AC00460,2026-03-15 03:01:00,Brake Issue,Low,Resolved,JFK
IN0007266,FL0002097,AC00569,2026-06-10 15:46:00,Navigation Error,Low,Closed,LHR
IN0007267,FL0009103,AC00341,2026-02-02 21:34:00,Weather Alert,Low,Resolved,BLR
IN0007268,FL0012620,AC00979,2026-01-23 22:15:00,Brake Issue,High,Closed,ORD
IN0007269,FL0006074,AC01199,2026-03-26 04:03:00,Weather Alert,Medium,Open,ATL
IN0007270,FL0009481,AC00144,2026-05-02 20:43:00,Navigation Error,Medium,Resolved,BLR
IN0007271,FL0014919,AC00262,2026-03-22 06:07:00,Engine Alert,Low,Resolved,DXB
IN0007272,FL0004090,AC00428,2026-02-25 02:09:00,Turbulence,Low,Investigating,SEA
IN0007273,FL0005817,AC00800,2026-02-09 01:50:00,Bird Strike,Low,Open,ORD
IN0007274,FL0002927,AC01036,2026-02-15 16:58:00,Bird Strike,High,Resolved,LHR
IN0007275,FL0011049,AC00630,2026-05-24 13:22:00,Brake Issue,Critical,Open,ATL
IN0007276,FL0000807,AC00313,2026-04-04 21:50:00,Bird Strike,Low,Investigating,DEN
IN0007277,FL0009926,AC00765,2026-01-21 11:34:00,Hydraulic Leak,High,Closed,BLR
IN0007278,FL0011765,AC00957,2026-06-19 12:10:00,Brake Issue,Low,Open,ATL
IN0007279,FL0000246,AC00040,2026-04-25 13:14:00,Brake Issue,Low,Open,JFK
IN0007280,FL0013193,AC00960,2026-06-13 09:23:00,Engine Alert,Low,Resolved,MIA
IN0007281,FL0012167,AC00174,2026-05-07 22:27:00,Weather Alert,Low,Closed,DEL
IN0007282,FL0012045,AC01183,2026-02-10 00:02:00,Navigation Error,Low,Open,MIA
IN0007283,FL0012725,AC00959,2026-06-12 18:58:00,Weather Alert,Low,Open,BLR
IN0007284,FL0008371,AC00653,2026-06-23 07:15:00,Engine Alert,Low,Closed,SEA
IN0007285,FL0012625,AC01164,2026-05-26 04:04:00,Navigation Error,Medium,Closed,LAX
IN0007286,FL0014612,AC01048,2026-04-20 10:14:00,Hydraulic Leak,Critical,Investigating,ATL
IN0007287,FL0008676,AC01162,2026-03-21 14:30:00,Turbulence,Low,Resolved,LAX
IN0007288,FL0008253,AC00104,2026-06-29 18:45:00,Turbulence,Medium,Investigating,MIA
IN0007289,FL0011659,AC00115,2026-05-23 09:55:00,Turbulence,Low,Closed,SIN
IN0007290,FL0014716,AC00077,2026-05-28 06:10:00,Brake Issue,Low,Resolved,DEL
IN0007291,FL0004214,AC00842,2026-02-22 03:31:00,Hydraulic Leak,Medium,Investigating,DEN
IN0007292,FL0003725,AC00574,2026-01-12 20:32:00,Turbulence,Low,Investigating,SIN
IN0007293,FL0002905,AC00326,2026-06-07 21:59:00,Bird Strike,Low,Investigating,SEA
IN0007294,FL0007843,AC00914,2026-01-21 15:59:00,Engine Alert,Medium,Open,SFO
IN0007295,FL0004995,AC00146,2026-02-16 20:02:00,Bird Strike,Medium,Investigating,DEL
IN0007296,FL0012278,AC00915,2026-06-04 05:30:00,Navigation Error,High,Closed,BLR
IN0007297,FL0006969,AC00124,2026-03-30 22:01:00,Hydraulic Leak,High,Resolved,ORD
IN0007298,FL0002465,AC00162,2026-07-01 22:44:00,Engine Alert,Low,Resolved,ATL
IN0007299,FL0009373,AC00866,2026-04-10 02:04:00,Engine Alert,Medium,Closed,SIN
IN0007300,FL0012883,AC00534,2026-06-07 22:08:00,Weather Alert,Low,Resolved,SEA
IN0007301,FL0000473,AC01077,2026-01-31 16:29:00,Turbulence,Low,Open,SIN
IN0007302,FL0012851,AC00321,2026-01-01 21:19:00,Turbulence,Low,Closed,JFK
IN0007303,FL0013057,AC00274,2026-05-17 01:21:00,Bird Strike,Low,Closed,DEL
IN0007304,FL0011957,AC01153,2026-02-17 12:24:00,Brake Issue,Low,Open,SEA
IN0007305,FL0004880,AC01026,2026-05-06 21:24:00,Engine Alert,Low,Open,BOS
IN0007306,FL0004628,AC00003,2026-01-04 12:28:00,Turbulence,Medium,Resolved,DEL
IN0007307,FL0014163,AC00935,2026-07-02 09:26:00,Navigation Error,Low,Investigating,MIA
IN0007308,FL0006916,AC00024,2026-03-09 20:07:00,Bird Strike,Medium,Closed,LAX
IN0007309,FL0008958,AC00739,2026-02-07 16:18:00,Engine Alert,Low,Closed,JFK
IN0007310,FL0003874,AC00858,2026-02-28 08:07:00,Engine Alert,High,Investigating,DEN
IN0007311,FL0005073,AC00513,2026-06-17 15:30:00,Navigation Error,Low,Closed,SEA
IN0007312,FL0000572,AC00729,2026-05-25 05:29:00,Turbulence,Low,Resolved,SIN
IN0007313,FL0009008,AC00818,2026-05-17 03:08:00,Brake Issue,Low,Open,ATL
IN0007314,FL0009732,AC00587,2026-05-07 15:20:00,Bird Strike,Low,Open,DEN
IN0007315,FL0007366,AC00109,2026-02-14 09:27:00,Engine Alert,Medium,Resolved,LHR
IN0007316,FL0002854,AC01083,2026-05-23 05:51:00,Engine Alert,Medium,Investigating,LAX
IN0007317,FL0004544,AC00117,2026-05-22 09:11:00,Weather Alert,High,Resolved,DXB
IN0007318,FL0007576,AC00770,2026-06-04 07:22:00,Brake Issue,Low,Closed,SEA
IN0007319,FL0006077,AC00801,2026-03-07 13:32:00,Navigation Error,High,Open,MIA
IN0007320,FL0013736,AC00918,2026-03-09 10:34:00,Bird Strike,Medium,Resolved,SFO
IN0007321,FL0014317,AC00123,2026-05-12 14:44:00,Brake Issue,High,Closed,DEL
IN0007322,FL0004560,AC00169,2026-03-20 19:07:00,Bird Strike,Medium,Open,BOS
IN0007323,FL0009534,AC00294,2026-05-17 22:22:00,Brake Issue,Critical,Open,DEN
IN0007324,FL0013320,AC01192,2026-05-20 18:31:00,Bird Strike,Medium,Open,DXB
IN0007325,FL0013497,AC00331,2026-05-16 13:38:00,Turbulence,High,Resolved,SFO
IN0007326,FL0013689,AC00058,2026-02-08 17:20:00,Brake Issue,Low,Closed,ATL
IN0007327,FL0009569,AC00279,2026-04-26 00:11:00,Hydraulic Leak,Low,Open,SIN
IN0007328,FL0000341,AC00400,2026-01-28 08:46:00,Brake Issue,High,Closed,SEA
IN0007329,FL0007766,AC01176,2026-04-17 00:00:00,Weather Alert,Low,Closed,BOS
IN0007330,FL0011811,AC00584,2026-06-26 14:14:00,Turbulence,Medium,Resolved,SEA
IN0007331,FL0002223,AC00669,2026-03-11 10:48:00,Turbulence,High,Open,JFK
IN0007332,FL0014267,AC01180,2026-04-05 12:52:00,Brake Issue,Low,Resolved,DEN
IN0007333,FL0003282,AC00724,2026-05-11 12:47:00,Bird Strike,Low,Open,SEA
IN0007334,FL0010429,AC00181,2026-04-25 11:03:00,Bird Strike,Low,Closed,DFW
IN0007335,FL0008539,AC00208,2026-06-02 00:00:00,Weather Alert,Low,Resolved,DFW
IN0007336,FL0006363,AC00686,2026-06-11 13:56:00,Engine Alert,Low,Resolved,MIA
IN0007337,FL0003280,AC00647,2026-02-11 06:16:00,Turbulence,Low,Closed,ATL
IN0007338,FL0003214,AC00025,2026-03-30 22:49:00,Navigation Error,Low,Resolved,SFO
IN0007339,FL0013934,AC00393,2026-05-06 12:45:00,Hydraulic Leak,High,Closed,SFO
IN0007340,FL0004292,AC00573,2026-03-24 11:36:00,Weather Alert,Low,Resolved,JFK
IN0007341,FL0014633,AC00887,2026-06-21 12:43:00,Weather Alert,High,Open,SEA
IN0007342,FL0006503,AC01036,2026-02-13 14:10:00,Hydraulic Leak,Critical,Closed,SFO
IN0007343,FL0005134,AC00039,2026-01-21 11:55:00,Engine Alert,Low,Investigating,BLR
IN0007344,FL0002430,AC00672,2026-04-13 19:09:00,Navigation Error,Critical,Investigating,DEN
IN0007345,FL0010271,AC01167,2026-06-25 23:11:00,Engine Alert,Low,Open,ATL
IN0007346,FL0000050,AC00336,2026-02-19 01:49:00,Brake Issue,Medium,Resolved,DEN
IN0007347,FL0002708,AC00521,2026-06-03 23:42:00,Hydraulic Leak,Critical,Resolved,DFW
IN0007348,FL0008413,AC00319,2026-04-15 16:51:00,Bird Strike,Medium,Resolved,ORD
IN0007349,FL0012865,AC01095,2026-06-19 01:44:00,Brake Issue,High,Resolved,ATL
IN0007350,FL0010670,AC00371,2026-01-06 19:11:00,Weather Alert,Medium,Investigating,SEA
IN0007351,FL0008850,AC00389,2026-06-12 11:22:00,Weather Alert,High,Closed,DFW
IN0007352,FL0006636,AC00631,2026-05-23 17:44:00,Bird Strike,Medium,Resolved,DEL
IN0007353,FL0004504,AC00770,2026-04-02 19:38:00,Weather Alert,High,Open,ATL
IN0007354,FL0008271,AC00662,2026-02-04 11:46:00,Engine Alert,Medium,Resolved,BOS
IN0007355,FL0008324,AC00097,2026-06-11 21:02:00,Weather Alert,Medium,Investigating,BLR
IN0007356,FL0013424,AC00936,2026-06-30 07:07:00,Weather Alert,Medium,Investigating,SEA
IN0007357,FL0002250,AC00764,2026-03-21 10:19:00,Hydraulic Leak,Low,Closed,SFO
IN0007358,FL0010951,AC00485,2026-02-13 12:03:00,Brake Issue,High,Closed,DEL
IN0007359,FL0014058,AC00823,2026-01-10 13:02:00,Weather Alert,High,Resolved,SEA
IN0007360,FL0000453,AC00804,2026-04-22 14:59:00,Engine Alert,High,Closed,MIA
IN0007361,FL0013745,AC00801,2026-03-27 20:57:00,Hydraulic Leak,Low,Closed,BOS
IN0007362,FL0009954,AC00684,2026-05-03 07:37:00,Brake Issue,Medium,Closed,DXB
IN0007363,FL0009738,AC00350,2026-04-17 11:31:00,Bird Strike,Low,Resolved,JFK
IN0007364,FL0007545,AC00198,2026-04-09 16:21:00,Weather Alert,Medium,Resolved,LHR
IN0007365,FL0000516,AC00847,2026-06-17 19:41:00,Engine Alert,High,Investigating,ATL
IN0007366,FL0002754,AC01001,2026-02-27 02:45:00,Bird Strike,Medium,Closed,SFO
IN0007367,FL0008557,AC00291,2026-04-11 09:42:00,Brake Issue,High,Open,DFW
IN0007368,FL0014119,AC00201,2026-02-25 18:19:00,Bird Strike,High,Resolved,LAX
IN0007369,FL0008778,AC00864,2026-03-29 23:24:00,Navigation Error,Low,Closed,BLR
IN0007370,FL0000677,AC00484,2026-02-15 09:32:00,Bird Strike,High,Open,DEN
IN0007371,FL0000183,AC00947,2026-02-23 06:14:00,Bird Strike,Medium,Resolved,DFW
IN0007372,FL0005543,AC00964,2026-01-28 06:25:00,Navigation Error,Medium,Open,DFW
IN0007373,FL0000129,AC00588,2026-04-21 03:43:00,Bird Strike,High,Investigating,SFO
IN0007374,FL0004729,AC00500,2026-01-09 00:45:00,Navigation Error,High,Closed,ATL
IN0007375,FL0010995,AC00511,2026-04-18 20:48:00,Engine Alert,Low,Resolved,ORD
IN0007376,FL0002440,AC00655,2026-04-02 13:44:00,Weather Alert,Critical,Closed,SIN
IN0007377,FL0006878,AC00802,2026-04-15 11:55:00,Engine Alert,Low,Closed,DFW
IN0007378,FL0012418,AC00301,2026-05-07 01:35:00,Weather Alert,Low,Resolved,SFO
IN0007379,FL0005292,AC00208,2026-02-20 02:28:00,Engine Alert,Medium,Closed,DEN
IN0007380,FL0013410,AC00836,2026-04-28 14:32:00,Weather Alert,Low,Resolved,BOS
IN0007381,FL0014549,AC00233,2026-03-04 17:31:00,Brake Issue,Medium,Open,ORD
IN0007382,FL0009165,AC00474,2026-04-30 18:49:00,Engine Alert,Low,Open,BLR
IN0007383,FL0007437,AC00351,2026-02-17 18:31:00,Turbulence,Low,Closed,ATL
IN0007384,FL0001559,AC00209,2026-01-27 15:55:00,Weather Alert,High,Resolved,DFW
IN0007385,FL0013734,AC01052,2026-01-20 08:50:00,Turbulence,Medium,Closed,SFO
IN0007386,FL0006714,AC00455,2026-02-16 01:10:00,Navigation Error,Medium,Open,DXB
IN0007387,FL0006347,AC01005,2026-03-31 16:39:00,Hydraulic Leak,High,Investigating,ORD
IN0007388,FL0002452,AC00966,2026-03-26 07:00:00,Weather Alert,High,Investigating,SIN
IN0007389,FL0013312,AC00234,2026-02-07 01:50:00,Turbulence,High,Resolved,SIN
IN0007390,FL0000156,AC00740,2026-04-03 10:08:00,Hydraulic Leak,Low,Open,DEN
IN0007391,FL0004978,AC00024,2026-01-12 06:55:00,Bird Strike,Medium,Open,MIA
IN0007392,FL0000792,AC01007,2026-02-01 10:23:00,Navigation Error,Low,Resolved,SIN
IN0007393,FL0011796,AC00078,2026-05-12 21:18:00,Weather Alert,Low,Resolved,ORD
IN0007394,FL0014101,AC00496,2026-02-04 05:09:00,Weather Alert,Low,Open,SIN
IN0007395,FL0007919,AC00316,2026-04-29 16:51:00,Weather Alert,Low,Open,BLR
IN0007396,FL0001709,AC01048,2026-06-02 18:07:00,Engine Alert,Low,Resolved,BLR
IN0007397,FL0014569,AC00790,2026-02-14 06:28:00,Bird Strike,Low,Open,SFO
IN0007398,FL0012174,AC01049,2026-01-09 01:49:00,Navigation Error,Low,Investigating,ATL
IN0007399,FL0005843,AC01054,2026-04-30 17:19:00,Engine Alert,Low,Closed,ATL
IN0007400,FL0008172,AC00722,2026-03-12 06:08:00,Navigation Error,Low,Open,SEA
IN0007401,FL0003536,AC01135,2026-01-04 03:40:00,Engine Alert,Low,Open,DEL
IN0007402,FL0002442,AC00698,2026-05-19 23:05:00,Hydraulic Leak,Low,Resolved,SIN
IN0007403,FL0008653,AC00074,2026-05-14 08:51:00,Brake Issue,Critical,Investigating,ORD
IN0007404,FL0002707,AC00623,2026-01-22 17:15:00,Hydraulic Leak,Low,Open,SIN
IN0007405,FL0008759,AC00013,2026-05-14 20:49:00,Bird Strike,Medium,Closed,BOS
IN0007406,FL0003634,AC00903,2026-04-08 11:02:00,Hydraulic Leak,Medium,Resolved,LAX
IN0007407,FL0005963,AC00243,2026-01-17 08:21:00,Engine Alert,High,Closed,ORD
IN0007408,FL0011911,AC01192,2026-06-19 04:34:00,Navigation Error,Low,Closed,BLR
IN0007409,FL0000356,AC00450,2026-01-21 10:43:00,Brake Issue,Medium,Investigating,SEA
IN0007410,FL0013806,AC00986,2026-01-27 14:29:00,Bird Strike,Low,Closed,DEN
IN0007411,FL0009485,AC00400,2026-03-25 10:17:00,Bird Strike,Low,Open,BOS
IN0007412,FL0011725,AC01028,2026-02-01 23:55:00,Engine Alert,Medium,Closed,SEA
IN0007413,FL0014016,AC00171,2026-02-28 00:27:00,Bird Strike,High,Investigating,DFW
IN0007414,FL0007481,AC00620,2026-06-29 06:03:00,Turbulence,Low,Open,JFK
IN0007415,FL0003581,AC00367,2026-03-20 14:57:00,Brake Issue,Low,Open,BLR
IN0007416,FL0011963,AC00004,2026-02-28 09:36:00,Navigation Error,Medium,Resolved,ATL
IN0007417,FL0012757,AC00235,2026-05-09 19:49:00,Brake Issue,Low,Closed,LAX
IN0007418,FL0003725,AC00199,2026-06-04 02:40:00,Hydraulic Leak,Low,Open,DXB
IN0007419,FL0013359,AC00588,2026-01-23 16:22:00,Hydraulic Leak,Low,Open,DEN
IN0007420,FL0000071,AC00298,2026-04-06 22:36:00,Bird Strike,High,Open,BOS
IN0007421,FL0011923,AC01031,2026-04-13 01:38:00,Bird Strike,Medium,Resolved,DFW
IN0007422,FL0010745,AC00608,2026-01-26 07:35:00,Brake Issue,Low,Closed,DEL
IN0007423,FL0005973,AC00114,2026-01-11 11:11:00,Turbulence,High,Open,DEL
IN0007424,FL0008146,AC01123,2026-06-02 07:21:00,Bird Strike,Medium,Closed,SFO
IN0007425,FL0002235,AC00154,2026-02-11 19:54:00,Brake Issue,Low,Closed,BOS
IN0007426,FL0010051,AC00206,2026-05-10 00:04:00,Engine Alert,Medium,Open,DFW
IN0007427,FL0002048,AC00549,2026-05-07 16:44:00,Turbulence,Medium,Resolved,SEA
IN0007428,FL0000454,AC00766,2026-03-13 01:02:00,Hydraulic Leak,Medium,Open,JFK
IN0007429,FL0002871,AC00898,2026-01-01 04:01:00,Weather Alert,Low,Investigating,DEN
IN0007430,FL0006703,AC00665,2026-03-16 11:28:00,Turbulence,Low,Closed,LHR
IN0007431,FL0010058,AC00117,2026-02-18 00:13:00,Weather Alert,Low,Resolved,DXB
IN0007432,FL0010125,AC00695,2026-01-29 10:42:00,Weather Alert,Medium,Resolved,BLR
IN0007433,FL0007691,AC01008,2026-01-12 02:26:00,Engine Alert,Low,Resolved,SIN
IN0007434,FL0000408,AC01007,2026-03-15 10:42:00,Engine Alert,Medium,Closed,DFW
IN0007435,FL0008656,AC01069,2026-05-27 06:22:00,Engine Alert,Low,Closed,DFW
IN0007436,FL0008333,AC00212,2026-02-16 13:10:00,Turbulence,Low,Resolved,JFK
IN0007437,FL0011156,AC00106,2026-01-04 22:59:00,Engine Alert,Low,Resolved,SIN
IN0007438,FL0003560,AC00120,2026-02-25 05:53:00,Hydraulic Leak,Low,Open,MIA
IN0007439,FL0007991,AC00222,2026-01-26 19:25:00,Brake Issue,Medium,Open,DXB
IN0007440,FL0007674,AC00329,2026-03-21 07:52:00,Turbulence,High,Investigating,ATL
IN0007441,FL0011796,AC00606,2026-01-14 06:28:00,Hydraulic Leak,Critical,Open,BOS
IN0007442,FL0005972,AC01127,2026-06-29 01:03:00,Weather Alert,Medium,Open,SEA
IN0007443,FL0003490,AC00532,2026-03-28 22:55:00,Engine Alert,Low,Investigating,ATL
IN0007444,FL0011787,AC00358,2026-03-23 18:29:00,Hydraulic Leak,Low,Investigating,SFO
IN0007445,FL0005469,AC01143,2026-05-21 14:40:00,Engine Alert,Low,Closed,ORD
IN0007446,FL0014665,AC00927,2026-02-14 05:30:00,Bird Strike,Low,Investigating,DXB
IN0007447,FL0011510,AC00619,2026-05-17 04:26:00,Hydraulic Leak,Low,Resolved,ATL
IN0007448,FL0003128,AC00712,2026-01-11 19:40:00,Weather Alert,Medium,Resolved,DFW
IN0007449,FL0006896,AC00516,2026-04-13 23:58:00,Brake Issue,Low,Closed,SFO
IN0007450,FL0004496,AC01159,2026-01-27 01:56:00,Navigation Error,Low,Resolved,DEL
IN0007451,FL0014907,AC00056,2026-06-07 02:44:00,Brake Issue,Low,Closed,DFW
IN0007452,FL0013370,AC00671,2026-02-28 18:34:00,Engine Alert,Low,Investigating,LHR
IN0007453,FL0013492,AC00296,2026-06-21 15:21:00,Bird Strike,Low,Investigating,DEL
IN0007454,FL0012096,AC00724,2026-02-27 08:31:00,Turbulence,High,Resolved,LHR
IN0007455,FL0013501,AC00730,2026-06-29 09:11:00,Weather Alert,Medium,Open,SIN
IN0007456,FL0003516,AC00486,2026-02-28 12:32:00,Bird Strike,Low,Resolved,BOS
IN0007457,FL0008473,AC00925,2026-05-29 00:10:00,Bird Strike,Low,Open,ATL
IN0007458,FL0002541,AC00962,2026-03-29 21:33:00,Weather Alert,Medium,Open,JFK
IN0007459,FL0011169,AC00171,2026-02-14 00:17:00,Brake Issue,Low,Open,LHR
IN0007460,FL0000654,AC00690,2026-01-24 19:52:00,Weather Alert,Medium,Closed,DXB
IN0007461,FL0008422,AC00262,2026-05-09 23:37:00,Weather Alert,Low,Closed,SEA
IN0007462,FL0011413,AC00737,2026-05-28 21:18:00,Brake Issue,High,Investigating,DEL
IN0007463,FL0007848,AC00335,2026-05-31 16:38:00,Hydraulic Leak,Medium,Investigating,LHR
IN0007464,FL0004965,AC01060,2026-04-06 02:42:00,Hydraulic Leak,Low,Closed,MIA
IN0007465,FL0012862,AC01163,2026-01-22 00:08:00,Turbulence,Low,Investigating,DEN
IN0007466,FL0009424,AC01158,2026-02-09 20:41:00,Hydraulic Leak,Low,Resolved,LAX
IN0007467,FL0010819,AC00383,2026-03-24 03:37:00,Navigation Error,Low,Investigating,DEN
IN0007468,FL0012747,AC00149,2026-02-12 14:38:00,Turbulence,Low,Resolved,DEL
IN0007469,FL0008329,AC00614,2026-03-13 12:49:00,Hydraulic Leak,Low,Closed,SIN
IN0007470,FL0004324,AC00389,2026-03-10 00:11:00,Brake Issue,Low,Investigating,BLR
IN0007471,FL0006566,AC01015,2026-02-10 05:17:00,Navigation Error,Low,Open,MIA
IN0007472,FL0008319,AC00258,2026-02-22 07:45:00,Weather Alert,Low,Closed,DEL
IN0007473,FL0009445,AC00860,2026-01-02 23:17:00,Hydraulic Leak,Low,Resolved,SIN
IN0007474,FL0004069,AC00620,2026-02-12 19:55:00,Hydraulic Leak,Medium,Investigating,SFO
IN0007475,FL0001226,AC00783,2026-06-13 07:51:00,Brake Issue,Low,Closed,ORD
IN0007476,FL0002927,AC00254,2026-04-23 19:22:00,Hydraulic Leak,Low,Investigating,MIA
IN0007477,FL0010157,AC00987,2026-04-22 20:15:00,Navigation Error,Low,Resolved,JFK
IN0007478,FL0011903,AC00718,2026-01-28 20:09:00,Hydraulic Leak,Low,Investigating,ORD
IN0007479,FL0010889,AC00980,2026-02-03 15:39:00,Bird Strike,Low,Open,DEN
IN0007480,FL0007716,AC00243,2026-04-29 06:19:00,Engine Alert,Low,Open,MIA
IN0007481,FL0014692,AC00054,2026-03-20 02:41:00,Navigation Error,High,Investigating,LAX
IN0007482,FL0010453,AC00965,2026-05-07 07:15:00,Turbulence,Low,Resolved,MIA
IN0007483,FL0008235,AC00989,2026-05-09 12:24:00,Turbulence,Low,Closed,LAX
IN0007484,FL0004632,AC00255,2026-03-01 08:51:00,Navigation Error,High,Closed,BOS
IN0007485,FL0008311,AC00679,2026-02-23 01:49:00,Turbulence,Low,Investigating,JFK
IN0007486,FL0014995,AC00158,2026-06-25 17:42:00,Hydraulic Leak,Low,Closed,ORD
IN0007487,FL0006990,AC01077,2026-01-14 00:13:00,Bird Strike,Medium,Resolved,ATL
IN0007488,FL0001503,AC00531,2026-02-04 15:48:00,Engine Alert,Low,Investigating,LAX
IN0007489,FL0000630,AC01124,2026-01-03 08:13:00,Hydraulic Leak,High,Closed,LHR
IN0007490,FL0006074,AC00582,2026-06-23 09:29:00,Bird Strike,Low,Closed,DXB
IN0007491,FL0001473,AC00318,2026-04-18 16:30:00,Weather Alert,Low,Investigating,ATL
IN0007492,FL0007097,AC01067,2026-06-12 12:07:00,Hydraulic Leak,Low,Closed,ATL
IN0007493,FL0006418,AC00296,2026-06-18 16:27:00,Hydraulic Leak,Low,Resolved,BOS
IN0007494,FL0008791,AC00460,2026-01-12 20:26:00,Turbulence,Low,Investigating,JFK
IN0007495,FL0010224,AC00907,2026-02-27 05:57:00,Bird Strike,Low,Open,JFK
IN0007496,FL0003674,AC00463,2026-06-13 05:15:00,Bird Strike,Low,Resolved,SIN
IN0007497,FL0013245,AC00024,2026-06-10 22:45:00,Turbulence,Low,Open,DEL
IN0007498,FL0003840,AC00730,2026-06-19 14:07:00,Brake Issue,Medium,Closed,MIA
IN0007499,FL0013830,AC00073,2026-01-15 21:35:00,Hydraulic Leak,Medium,Open,MIA
IN0007500,FL0000440,AC00864,2026-06-08 02:42:00,Turbulence,Low,Resolved,SEA
IN0007501,FL0006074,AC00052,2026-01-22 19:25:00,Hydraulic Leak,Low,Open,SIN
IN0007502,FL0013189,AC00877,2026-06-10 04:53:00,Bird Strike,Low,Closed,SEA
IN0007503,FL0012051,AC01193,2026-03-14 15:52:00,Turbulence,High,Open,SEA
IN0007504,FL0001382,AC00237,2026-04-03 02:22:00,Brake Issue,Medium,Investigating,JFK
IN0007505,FL0004422,AC00641,2026-03-28 04:43:00,Brake Issue,Critical,Resolved,SIN
IN0007506,FL0014149,AC00966,2026-02-18 04:38:00,Engine Alert,Critical,Resolved,SFO
IN0007507,FL0012478,AC01133,2026-01-16 03:10:00,Engine Alert,Medium,Resolved,ORD
IN0007508,FL0002732,AC00161,2026-01-16 01:55:00,Brake Issue,Low,Open,MIA
IN0007509,FL0009968,AC00051,2026-04-12 09:14:00,Weather Alert,Low,Closed,BLR
IN0007510,FL0005171,AC00629,2026-06-17 13:37:00,Hydraulic Leak,Medium,Resolved,ATL
IN0007511,FL0004708,AC01179,2026-03-10 19:40:00,Turbulence,Low,Closed,ORD
IN0007512,FL0010483,AC00987,2026-02-15 07:49:00,Weather Alert,High,Investigating,DEN
IN0007513,FL0010603,AC00095,2026-06-06 08:14:00,Hydraulic Leak,High,Investigating,DFW
IN0007514,FL0006216,AC00824,2026-04-13 13:30:00,Weather Alert,Low,Investigating,LAX
IN0007515,FL0007977,AC01089,2026-04-14 00:44:00,Brake Issue,Medium,Open,ORD
IN0007516,FL0008369,AC00575,2026-01-16 02:46:00,Bird Strike,Low,Investigating,SIN
IN0007517,FL0005925,AC00972,2026-03-14 07:55:00,Navigation Error,Low,Open,BOS
IN0007518,FL0004507,AC00236,2026-02-11 18:49:00,Turbulence,Low,Investigating,DEN
IN0007519,FL0003814,AC00463,2026-05-08 13:33:00,Engine Alert,Low,Closed,DEN
IN0007520,FL0004295,AC00809,2026-02-16 10:40:00,Brake Issue,Medium,Investigating,SIN
IN0007521,FL0014434,AC00175,2026-05-25 17:10:00,Navigation Error,Low,Resolved,JFK
IN0007522,FL0000805,AC00713,2026-03-07 22:20:00,Navigation Error,Medium,Investigating,LAX
IN0007523,FL0011014,AC00810,2026-06-21 07:20:00,Weather Alert,Low,Resolved,BOS
IN0007524,FL0011946,AC01173,2026-01-08 04:15:00,Bird Strike,Medium,Closed,SFO
IN0007525,FL0002987,AC00767,2026-06-16 02:41:00,Navigation Error,Low,Open,MIA
IN0007526,FL0010636,AC00796,2026-01-18 10:49:00,Bird Strike,Low,Resolved,JFK
IN0007527,FL0010270,AC00082,2026-05-12 01:09:00,Hydraulic Leak,Low,Investigating,DFW
IN0007528,FL0012007,AC00434,2026-06-26 10:08:00,Engine Alert,Low,Resolved,ATL
IN0007529,FL0013390,AC00737,2026-04-03 16:19:00,Brake Issue,Low,Open,DXB
IN0007530,FL0001634,AC00834,2026-02-04 02:50:00,Hydraulic Leak,Low,Open,DEL
IN0007531,FL0007160,AC00436,2026-05-27 23:45:00,Weather Alert,Low,Open,DEL
IN0007532,FL0014837,AC00066,2026-06-20 02:15:00,Brake Issue,Low,Closed,DEL
IN0007533,FL0005520,AC01149,2026-02-03 10:35:00,Turbulence,Low,Open,SFO
IN0007534,FL0001689,AC00752,2026-06-08 01:20:00,Engine Alert,Low,Resolved,LAX
IN0007535,FL0011773,AC00386,2026-04-13 15:27:00,Hydraulic Leak,Low,Open,ATL
IN0007536,FL0005497,AC00271,2026-04-28 04:39:00,Weather Alert,Medium,Open,MIA
IN0007537,FL0001409,AC00809,2026-04-25 06:11:00,Bird Strike,Low,Closed,BLR
IN0007538,FL0014472,AC00039,2026-05-05 13:19:00,Turbulence,Low,Resolved,SIN
IN0007539,FL0013291,AC00443,2026-03-17 19:42:00,Navigation Error,Medium,Resolved,BOS
IN0007540,FL0000680,AC00305,2026-06-16 16:17:00,Turbulence,Low,Closed,ORD
IN0007541,FL0004532,AC00967,2026-03-04 23:30:00,Navigation Error,Medium,Open,ATL
IN0007542,FL0008677,AC00549,2026-01-20 14:55:00,Bird Strike,Critical,Investigating,DEL
IN0007543,FL0011079,AC00232,2026-03-30 04:12:00,Bird Strike,High,Investigating,DFW
IN0007544,FL0005169,AC00205,2026-06-05 20:29:00,Weather Alert,Medium,Closed,SFO
IN0007545,FL0003384,AC00101,2026-04-15 14:59:00,Weather Alert,Low,Open,LAX
IN0007546,FL0002038,AC00857,2026-03-31 20:04:00,Turbulence,Medium,Closed,DEL
IN0007547,FL0014844,AC00724,2026-06-07 12:54:00,Bird Strike,Low,Open,BLR
IN0007548,FL0003686,AC00507,2026-05-18 22:45:00,Hydraulic Leak,Medium,Closed,BLR
IN0007549,FL0010090,AC00023,2026-06-14 22:54:00,Turbulence,Low,Investigating,LHR
IN0007550,FL0008500,AC00301,2026-02-24 05:54:00,Brake Issue,Low,Closed,JFK
IN0007551,FL0008931,AC00056,2026-05-12 14:27:00,Bird Strike,Low,Investigating,BOS
IN0007552,FL0003976,AC01161,2026-03-20 07:52:00,Weather Alert,Medium,Open,DEL
IN0007553,FL0014241,AC00793,2026-06-29 05:06:00,Brake Issue,Low,Open,LAX
IN0007554,FL0007593,AC00693,2026-01-07 12:05:00,Navigation Error,Low,Resolved,BOS
IN0007555,FL0004139,AC01010,2026-03-03 04:23:00,Bird Strike,Low,Investigating,LHR
IN0007556,FL0011098,AC00861,2026-02-05 11:54:00,Bird Strike,Medium,Open,SIN
IN0007557,FL0007420,AC00669,2026-05-12 02:36:00,Engine Alert,Critical,Resolved,ATL
IN0007558,FL0014715,AC00157,2026-01-27 22:48:00,Brake Issue,Low,Open,SIN
IN0007559,FL0004078,AC00262,2026-06-24 02:11:00,Hydraulic Leak,Low,Resolved,DFW
IN0007560,FL0014916,AC00812,2026-05-05 00:23:00,Engine Alert,Low,Open,BOS
IN0007561,FL0002446,AC00925,2026-04-25 19:18:00,Brake Issue,Low,Open,JFK
IN0007562,FL0005590,AC00358,2026-04-05 11:24:00,Hydraulic Leak,Low,Open,MIA
IN0007563,FL0014194,AC00536,2026-05-13 03:33:00,Navigation Error,Low,Closed,LAX
IN0007564,FL0013623,AC01057,2026-03-12 07:08:00,Bird Strike,Low,Open,DFW
IN0007565,FL0008232,AC01072,2026-06-30 07:17:00,Weather Alert,Low,Open,MIA
IN0007566,FL0003698,AC00269,2026-01-18 17:27:00,Turbulence,High,Investigating,DEN
IN0007567,FL0000033,AC00060,2026-01-26 08:35:00,Engine Alert,High,Open,DEL
IN0007568,FL0000451,AC01190,2026-05-07 13:52:00,Weather Alert,Medium,Resolved,DEL
IN0007569,FL0013395,AC00711,2026-05-26 14:17:00,Bird Strike,Medium,Closed,ORD
IN0007570,FL0011984,AC00069,2026-01-22 07:33:00,Turbulence,Low,Investigating,DEN
IN0007571,FL0010354,AC00499,2026-04-11 13:42:00,Engine Alert,Low,Open,DXB
IN0007572,FL0002744,AC00408,2026-05-06 18:44:00,Engine Alert,Low,Investigating,SEA
IN0007573,FL0004625,AC00929,2026-05-29 18:37:00,Turbulence,Low,Open,SIN
IN0007574,FL0008281,AC00861,2026-04-17 23:42:00,Engine Alert,Low,Closed,LAX
IN0007575,FL0001683,AC00917,2026-06-11 18:49:00,Brake Issue,High,Open,SFO
IN0007576,FL0007623,AC00711,2026-04-14 05:42:00,Weather Alert,High,Closed,BOS
IN0007577,FL0001778,AC00614,2026-05-16 06:19:00,Hydraulic Leak,Low,Resolved,DXB
IN0007578,FL0010695,AC00223,2026-04-01 21:51:00,Engine Alert,Low,Resolved,DEN
IN0007579,FL0006422,AC00774,2026-03-24 13:56:00,Navigation Error,Low,Investigating,BOS
IN0007580,FL0008582,AC00128,2026-02-12 08:32:00,Weather Alert,Low,Resolved,DXB
IN0007581,FL0013887,AC00050,2026-02-08 03:27:00,Weather Alert,Medium,Investigating,BLR
IN0007582,FL0002871,AC00836,2026-06-03 15:46:00,Bird Strike,Low,Resolved,SEA
IN0007583,FL0008579,AC01092,2026-05-02 13:28:00,Brake Issue,Low,Resolved,ATL
IN0007584,FL0003898,AC01096,2026-03-26 12:27:00,Hydraulic Leak,High,Resolved,JFK
IN0007585,FL0000407,AC01157,2026-07-02 03:34:00,Brake Issue,Medium,Investigating,LHR
IN0007586,FL0007819,AC01064,2026-06-18 19:29:00,Turbulence,Low,Open,SEA
IN0007587,FL0008716,AC00567,2026-02-21 10:15:00,Hydraulic Leak,Medium,Closed,ORD
IN0007588,FL0004740,AC01062,2026-01-20 12:17:00,Weather Alert,Low,Closed,MIA
IN0007589,FL0000381,AC00956,2026-03-02 15:01:00,Turbulence,Low,Closed,LHR
IN0007590,FL0004133,AC00443,2026-05-27 23:57:00,Navigation Error,High,Resolved,DXB
IN0007591,FL0001095,AC00399,2026-01-26 22:15:00,Brake Issue,Medium,Open,DEN
IN0007592,FL0004338,AC00584,2026-06-02 01:30:00,Turbulence,Medium,Open,ATL
IN0007593,FL0002085,AC00236,2026-04-13 20:35:00,Hydraulic Leak,Low,Open,SEA
IN0007594,FL0014412,AC00265,2026-01-17 22:58:00,Engine Alert,High,Open,SFO
IN0007595,FL0008941,AC00267,2026-04-26 10:58:00,Hydraulic Leak,Low,Open,SIN
IN0007596,FL0014533,AC00071,2026-02-25 17:18:00,Weather Alert,Medium,Open,BOS
IN0007597,FL0008766,AC00180,2026-01-11 00:01:00,Navigation Error,Low,Investigating,ORD
IN0007598,FL0013236,AC00111,2026-02-08 05:45:00,Bird Strike,Low,Investigating,SFO
IN0007599,FL0001620,AC00829,2026-05-27 09:57:00,Hydraulic Leak,Medium,Resolved,DEN
IN0007600,FL0013833,AC00238,2026-02-26 07:21:00,Hydraulic Leak,High,Closed,SEA
IN0007601,FL0005360,AC00689,2026-06-30 04:19:00,Turbulence,Low,Investigating,LAX
IN0007602,FL0011652,AC00510,2026-02-07 15:31:00,Hydraulic Leak,Medium,Investigating,LAX
IN0007603,FL0012822,AC00843,2026-05-17 23:52:00,Hydraulic Leak,Low,Investigating,JFK
IN0007604,FL0008199,AC00632,2026-05-18 10:13:00,Engine Alert,Low,Open,DEN
IN0007605,FL0009360,AC01070,2026-06-20 06:24:00,Turbulence,High,Open,ORD
IN0007606,FL0005857,AC00203,2026-03-27 04:33:00,Hydraulic Leak,High,Investigating,DXB
IN0007607,FL0000754,AC01124,2026-03-26 02:11:00,Engine Alert,Low,Investigating,DEN
IN0007608,FL0012276,AC00384,2026-03-28 03:42:00,Hydraulic Leak,Low,Open,ORD
IN0007609,FL0002555,AC00137,2026-04-22 19:50:00,Brake Issue,Low,Open,DXB
IN0007610,FL0002167,AC01045,2026-03-01 09:18:00,Brake Issue,Medium,Open,MIA
IN0007611,FL0008404,AC00332,2026-03-22 04:15:00,Engine Alert,High,Resolved,DXB
IN0007612,FL0011360,AC00422,2026-04-30 03:15:00,Engine Alert,Low,Open,SEA
IN0007613,FL0011843,AC00949,2026-05-20 07:52:00,Bird Strike,Medium,Open,SFO
IN0007614,FL0011307,AC00713,2026-02-13 11:41:00,Engine Alert,Low,Closed,BOS
IN0007615,FL0007930,AC00593,2026-04-23 23:46:00,Engine Alert,Low,Resolved,ATL
IN0007616,FL0006932,AC00939,2026-01-08 10:13:00,Bird Strike,Low,Investigating,ORD
IN0007617,FL0006937,AC00908,2026-03-27 02:35:00,Engine Alert,Low,Resolved,BLR
IN0007618,FL0001863,AC00076,2026-04-02 15:07:00,Hydraulic Leak,High,Open,JFK
IN0007619,FL0007823,AC00635,2026-05-17 03:58:00,Turbulence,Low,Resolved,ATL
IN0007620,FL0002761,AC00546,2026-06-08 18:16:00,Turbulence,Low,Resolved,DFW
IN0007621,FL0002924,AC00233,2026-05-25 19:43:00,Turbulence,Low,Open,MIA
IN0007622,FL0004699,AC00406,2026-02-02 05:27:00,Engine Alert,Low,Resolved,MIA
IN0007623,FL0009330,AC01078,2026-06-05 18:35:00,Turbulence,Medium,Resolved,DFW
IN0007624,FL0011937,AC00588,2026-05-11 21:15:00,Engine Alert,High,Open,BOS
IN0007625,FL0014800,AC00926,2026-04-14 13:32:00,Navigation Error,Medium,Investigating,DEN
IN0007626,FL0014390,AC00257,2026-04-23 19:27:00,Navigation Error,Medium,Resolved,SFO
IN0007627,FL0011144,AC00644,2026-06-30 15:28:00,Turbulence,Low,Investigating,DEL
IN0007628,FL0004951,AC00231,2026-03-09 16:50:00,Turbulence,High,Open,LAX
IN0007629,FL0008958,AC00951,2026-06-13 08:52:00,Navigation Error,High,Open,BLR
IN0007630,FL0010918,AC00407,2026-06-26 19:08:00,Bird Strike,High,Open,DXB
IN0007631,FL0014093,AC00626,2026-03-02 16:42:00,Navigation Error,High,Resolved,LAX
IN0007632,FL0001803,AC00916,2026-06-12 16:12:00,Engine Alert,Medium,Resolved,BOS
IN0007633,FL0010728,AC00150,2026-02-07 05:35:00,Weather Alert,High,Open,LAX
IN0007634,FL0013958,AC00312,2026-03-14 17:47:00,Hydraulic Leak,Low,Resolved,JFK
IN0007635,FL0002254,AC00587,2026-06-22 08:56:00,Brake Issue,Low,Resolved,SEA
IN0007636,FL0004725,AC00295,2026-01-20 10:01:00,Hydraulic Leak,High,Closed,BOS
IN0007637,FL0008967,AC00745,2026-04-14 02:48:00,Engine Alert,Low,Investigating,BLR
IN0007638,FL0006371,AC00440,2026-05-06 04:21:00,Bird Strike,Medium,Investigating,BLR
IN0007639,FL0001332,AC01033,2026-04-21 19:55:00,Turbulence,Medium,Investigating,MIA
IN0007640,FL0002125,AC00938,2026-05-30 06:23:00,Engine Alert,Medium,Resolved,DFW
IN0007641,FL0008692,AC00619,2026-03-08 02:20:00,Hydraulic Leak,Low,Closed,LAX
IN0007642,FL0000030,AC00268,2026-03-12 21:49:00,Brake Issue,Low,Resolved,BOS
IN0007643,FL0011770,AC00933,2026-04-17 20:25:00,Hydraulic Leak,Medium,Open,SEA
IN0007644,FL0005397,AC00311,2026-01-05 20:31:00,Weather Alert,Low,Closed,DEL
IN0007645,FL0006769,AC00165,2026-06-26 15:27:00,Weather Alert,Critical,Open,LHR
IN0007646,FL0012518,AC00758,2026-06-25 16:53:00,Engine Alert,Medium,Investigating,DFW
IN0007647,FL0012004,AC00554,2026-05-28 09:04:00,Navigation Error,Low,Closed,DEL
IN0007648,FL0003984,AC00720,2026-06-24 16:35:00,Bird Strike,Low,Closed,JFK
IN0007649,FL0001718,AC00501,2026-01-16 20:24:00,Hydraulic Leak,Medium,Investigating,LHR
IN0007650,FL0000856,AC00594,2026-04-05 08:00:00,Bird Strike,High,Open,DEN
IN0007651,FL0005065,AC00105,2026-04-07 08:45:00,Hydraulic Leak,Medium,Investigating,SEA
IN0007652,FL0010556,AC00027,2026-04-25 09:34:00,Brake Issue,Low,Resolved,ORD
IN0007653,FL0002007,AC00276,2026-06-24 15:51:00,Bird Strike,Low,Resolved,MIA
IN0007654,FL0003782,AC00977,2026-04-13 06:42:00,Hydraulic Leak,Critical,Open,ORD
IN0007655,FL0005505,AC00153,2026-03-22 14:01:00,Navigation Error,Low,Open,JFK
IN0007656,FL0005808,AC01178,2026-02-15 13:24:00,Hydraulic Leak,Low,Resolved,DEL
IN0007657,FL0001816,AC00845,2026-05-17 17:36:00,Engine Alert,Low,Open,DEN
IN0007658,FL0000522,AC00151,2026-01-14 14:24:00,Hydraulic Leak,Low,Closed,JFK
IN0007659,FL0012942,AC00157,2026-02-20 06:24:00,Turbulence,High,Open,ATL
IN0007660,FL0008667,AC00140,2026-04-06 19:21:00,Weather Alert,High,Investigating,DXB
IN0007661,FL0005574,AC00405,2026-01-03 16:09:00,Brake Issue,Low,Open,SIN
IN0007662,FL0012307,AC01001,2026-05-16 22:06:00,Turbulence,Medium,Resolved,ATL
IN0007663,FL0009459,AC00591,2026-01-15 02:50:00,Hydraulic Leak,Low,Resolved,DXB
IN0007664,FL0005728,AC00245,2026-02-09 02:02:00,Bird Strike,Medium,Open,MIA
IN0007665,FL0009955,AC00204,2026-04-17 15:53:00,Hydraulic Leak,Low,Investigating,DFW
IN0007666,FL0005321,AC00521,2026-02-01 11:21:00,Turbulence,Low,Resolved,DEN
IN0007667,FL0010064,AC01012,2026-05-14 12:02:00,Turbulence,Medium,Investigating,LHR
IN0007668,FL0002218,AC00663,2026-01-30 20:12:00,Hydraulic Leak,Critical,Open,MIA
IN0007669,FL0013575,AC00227,2026-01-23 11:57:00,Navigation Error,High,Investigating,SIN
IN0007670,FL0011923,AC00944,2026-01-23 03:53:00,Weather Alert,Low,Resolved,LAX
IN0007671,FL0006584,AC00684,2026-01-14 06:47:00,Bird Strike,Medium,Investigating,JFK
IN0007672,FL0011766,AC00833,2026-03-14 20:34:00,Turbulence,High,Investigating,ATL
IN0007673,FL0012286,AC00292,2026-04-18 07:07:00,Navigation Error,Low,Open,ORD
IN0007674,FL0000975,AC00674,2026-05-27 15:26:00,Bird Strike,Low,Investigating,SIN
IN0007675,FL0013879,AC01018,2026-06-30 08:07:00,Turbulence,Low,Closed,DFW
IN0007676,FL0006839,AC00148,2026-03-27 00:39:00,Navigation Error,Medium,Open,DEL
IN0007677,FL0007233,AC01120,2026-04-24 08:28:00,Turbulence,Low,Closed,MIA
IN0007678,FL0002663,AC00302,2026-02-08 11:55:00,Hydraulic Leak,Medium,Closed,DEL
IN0007679,FL0007652,AC00460,2026-06-04 07:42:00,Weather Alert,Medium,Closed,SEA
IN0007680,FL0000394,AC00583,2026-01-14 21:42:00,Turbulence,High,Investigating,MIA
IN0007681,FL0009075,AC00231,2026-01-03 16:12:00,Weather Alert,Medium,Open,DEN
IN0007682,FL0010368,AC01128,2026-04-21 21:52:00,Engine Alert,High,Open,BLR
IN0007683,FL0002545,AC00431,2026-04-22 01:27:00,Bird Strike,Low,Investigating,JFK
IN0007684,FL0004864,AC00486,2026-04-23 22:10:00,Bird Strike,Low,Closed,BOS
IN0007685,FL0008282,AC00827,2026-03-17 18:04:00,Hydraulic Leak,Medium,Investigating,BLR
IN0007686,FL0014996,AC00903,2026-03-09 13:59:00,Bird Strike,Medium,Open,DEL
IN0007687,FL0009878,AC00815,2026-02-13 01:42:00,Hydraulic Leak,Medium,Resolved,SFO
IN0007688,FL0006805,AC00456,2026-05-30 15:23:00,Hydraulic Leak,Low,Open,BOS
IN0007689,FL0004420,AC01146,2026-03-15 13:48:00,Turbulence,Medium,Open,LAX
IN0007690,FL0007312,AC01174,2026-03-22 06:34:00,Turbulence,Low,Resolved,LAX
IN0007691,FL0007426,AC00754,2026-02-06 01:38:00,Hydraulic Leak,Medium,Investigating,SEA
IN0007692,FL0006692,AC00945,2026-01-15 18:19:00,Navigation Error,Medium,Investigating,DFW
IN0007693,FL0007068,AC00003,2026-04-03 17:39:00,Brake Issue,Low,Closed,BLR
IN0007694,FL0008367,AC00040,2026-05-04 04:45:00,Turbulence,Medium,Investigating,DEL
IN0007695,FL0014028,AC00571,2026-05-30 20:28:00,Engine Alert,Low,Closed,ORD
IN0007696,FL0002436,AC00240,2026-02-10 01:03:00,Turbulence,Low,Open,JFK
IN0007697,FL0002358,AC01117,2026-01-29 16:33:00,Bird Strike,Low,Open,DEL
IN0007698,FL0001461,AC00744,2026-01-10 02:28:00,Bird Strike,High,Open,ATL
IN0007699,FL0013947,AC00082,2026-04-14 00:10:00,Brake Issue,Medium,Resolved,LAX
IN0007700,FL0013019,AC01014,2026-06-19 18:14:00,Bird Strike,Low,Investigating,BOS
IN0007701,FL0014640,AC00687,2026-04-04 08:48:00,Engine Alert,High,Closed,LAX
IN0007702,FL0003419,AC00624,2026-02-24 20:48:00,Navigation Error,Medium,Investigating,SFO
IN0007703,FL0014174,AC01084,2026-04-01 03:25:00,Navigation Error,Medium,Investigating,DXB
IN0007704,FL0014267,AC00618,2026-02-11 19:27:00,Navigation Error,Medium,Resolved,DEN
IN0007705,FL0001175,AC00063,2026-03-17 19:45:00,Engine Alert,Low,Closed,DEN
IN0007706,FL0004719,AC00251,2026-05-20 10:51:00,Weather Alert,Low,Open,SIN
IN0007707,FL0004186,AC00684,2026-03-29 21:10:00,Turbulence,Medium,Resolved,DEN
IN0007708,FL0000134,AC00459,2026-01-20 10:54:00,Brake Issue,Low,Closed,DEL
IN0007709,FL0010135,AC00414,2026-04-17 22:37:00,Bird Strike,Medium,Resolved,DEL
IN0007710,FL0008665,AC00781,2026-02-07 11:34:00,Weather Alert,Medium,Resolved,DEN
IN0007711,FL0007919,AC00262,2026-04-23 03:12:00,Navigation Error,High,Resolved,SFO
IN0007712,FL0005190,AC00040,2026-06-05 23:28:00,Turbulence,Low,Open,DXB
IN0007713,FL0008668,AC00377,2026-06-20 07:43:00,Hydraulic Leak,Low,Closed,SFO
IN0007714,FL0008331,AC00323,2026-06-20 08:29:00,Navigation Error,High,Resolved,BOS
IN0007715,FL0009388,AC00896,2026-05-27 12:19:00,Navigation Error,Low,Resolved,DXB
IN0007716,FL0007882,AC00851,2026-01-28 23:54:00,Weather Alert,High,Investigating,ORD
IN0007717,FL0010991,AC00530,2026-04-28 11:51:00,Navigation Error,Low,Open,LHR
IN0007718,FL0001617,AC01152,2026-03-03 11:38:00,Bird Strike,Critical,Open,ORD
IN0007719,FL0004805,AC00772,2026-01-13 07:52:00,Engine Alert,Low,Investigating,BOS
IN0007720,FL0001464,AC01094,2026-03-20 04:10:00,Hydraulic Leak,Medium,Resolved,DEL
IN0007721,FL0014666,AC00996,2026-01-09 08:25:00,Weather Alert,Medium,Open,LHR
IN0007722,FL0003446,AC00861,2026-04-12 03:11:00,Weather Alert,Low,Closed,BLR
IN0007723,FL0006022,AC00562,2026-04-08 15:31:00,Navigation Error,High,Investigating,DFW
IN0007724,FL0011369,AC00078,2026-04-30 05:12:00,Engine Alert,Low,Investigating,LAX
IN0007725,FL0013924,AC00843,2026-04-01 13:42:00,Brake Issue,Low,Investigating,MIA
IN0007726,FL0007157,AC00622,2026-02-02 07:46:00,Brake Issue,High,Investigating,LAX
IN0007727,FL0003392,AC00824,2026-05-18 12:16:00,Weather Alert,Low,Closed,JFK
IN0007728,FL0010968,AC00580,2026-01-24 12:23:00,Hydraulic Leak,High,Resolved,DXB
IN0007729,FL0007252,AC00920,2026-05-05 00:29:00,Navigation Error,Low,Investigating,DFW
IN0007730,FL0012352,AC00620,2026-04-16 01:38:00,Engine Alert,High,Investigating,DFW
IN0007731,FL0008412,AC00760,2026-03-05 21:27:00,Turbulence,Low,Investigating,SEA
IN0007732,FL0008780,AC00588,2026-06-03 11:50:00,Navigation Error,Low,Resolved,LAX
IN0007733,FL0014511,AC00426,2026-05-01 08:47:00,Navigation Error,Medium,Closed,SFO
IN0007734,FL0000787,AC00495,2026-01-10 08:25:00,Navigation Error,Low,Closed,SFO
IN0007735,FL0011081,AC00233,2026-06-03 03:34:00,Weather Alert,Low,Investigating,ORD
IN0007736,FL0010710,AC00500,2026-05-21 14:02:00,Navigation Error,Low,Closed,SEA
IN0007737,FL0011308,AC01170,2026-04-30 00:34:00,Brake Issue,Medium,Open,LAX
IN0007738,FL0009646,AC01130,2026-05-02 00:03:00,Engine Alert,Critical,Open,LAX
IN0007739,FL0014450,AC00241,2026-03-09 11:31:00,Engine Alert,High,Closed,ORD
IN0007740,FL0004175,AC00596,2026-03-31 16:59:00,Bird Strike,Medium,Closed,MIA
IN0007741,FL0011749,AC00753,2026-04-19 02:09:00,Bird Strike,Low,Closed,DEL
IN0007742,FL0008458,AC00164,2026-02-03 21:46:00,Weather Alert,Low,Open,BOS
IN0007743,FL0009522,AC00657,2026-06-24 09:35:00,Bird Strike,Low,Resolved,LHR
IN0007744,FL0013963,AC00426,2026-04-23 09:33:00,Engine Alert,Low,Closed,SFO
IN0007745,FL0008876,AC00095,2026-06-22 16:35:00,Hydraulic Leak,Low,Investigating,BLR
IN0007746,FL0004290,AC00948,2026-05-01 11:31:00,Navigation Error,Low,Open,MIA
IN0007747,FL0006578,AC00006,2026-01-11 00:53:00,Navigation Error,Medium,Open,DEN
IN0007748,FL0009705,AC01099,2026-02-14 14:06:00,Bird Strike,Low,Open,BOS
IN0007749,FL0005338,AC00527,2026-04-05 06:51:00,Engine Alert,Low,Resolved,DEL
IN0007750,FL0012903,AC00773,2026-06-13 23:17:00,Hydraulic Leak,High,Closed,SIN
IN0007751,FL0002827,AC00061,2026-02-17 07:13:00,Turbulence,Medium,Investigating,SFO
IN0007752,FL0012239,AC00542,2026-05-05 21:47:00,Turbulence,Low,Investigating,BLR
IN0007753,FL0008247,AC00291,2026-03-28 19:20:00,Turbulence,Low,Resolved,BLR
IN0007754,FL0006499,AC00251,2026-05-12 12:25:00,Engine Alert,Low,Investigating,DXB
IN0007755,FL0006426,AC00711,2026-06-24 02:21:00,Bird Strike,Low,Closed,SFO
IN0007756,FL0007784,AC00199,2026-05-31 04:10:00,Brake Issue,Medium,Closed,BOS
IN0007757,FL0011125,AC00758,2026-06-14 19:42:00,Weather Alert,Low,Open,DXB
IN0007758,FL0010658,AC00461,2026-02-03 15:44:00,Hydraulic Leak,Low,Resolved,DEL
IN0007759,FL0009274,AC01053,2026-01-30 20:33:00,Navigation Error,Medium,Closed,DFW
IN0007760,FL0004072,AC00987,2026-06-08 12:38:00,Navigation Error,Low,Investigating,DFW
IN0007761,FL0003826,AC01169,2026-06-03 17:04:00,Bird Strike,Medium,Open,LHR
IN0007762,FL0010512,AC00252,2026-05-18 05:21:00,Engine Alert,Low,Open,BOS
IN0007763,FL0000752,AC00425,2026-01-15 06:52:00,Turbulence,Medium,Investigating,SIN
IN0007764,FL0008412,AC00211,2026-05-14 13:06:00,Brake Issue,High,Investigating,BLR
IN0007765,FL0003254,AC00465,2026-05-03 09:27:00,Weather Alert,Low,Resolved,JFK
IN0007766,FL0012587,AC00977,2026-01-06 21:49:00,Navigation Error,Low,Open,LHR
IN0007767,FL0001637,AC01106,2026-01-25 11:04:00,Hydraulic Leak,Medium,Open,DFW
IN0007768,FL0001485,AC00709,2026-02-24 04:51:00,Brake Issue,Medium,Closed,ATL
IN0007769,FL0014637,AC00974,2026-06-09 13:36:00,Navigation Error,Low,Investigating,ATL
IN0007770,FL0012233,AC00443,2026-02-08 01:26:00,Weather Alert,Low,Open,MIA
IN0007771,FL0005254,AC00975,2026-06-08 16:21:00,Navigation Error,Medium,Open,BOS
IN0007772,FL0001426,AC00173,2026-05-20 20:40:00,Turbulence,Low,Investigating,BOS
IN0007773,FL0011852,AC01041,2026-04-18 20:05:00,Turbulence,Medium,Open,JFK
IN0007774,FL0003288,AC00651,2026-03-30 14:41:00,Navigation Error,Low,Resolved,DXB
IN0007775,FL0000566,AC00984,2026-06-29 23:22:00,Brake Issue,Low,Closed,ATL
IN0007776,FL0014582,AC00307,2026-04-08 08:05:00,Weather Alert,Low,Open,LHR
IN0007777,FL0013006,AC00509,2026-01-07 16:26:00,Bird Strike,Low,Investigating,MIA
IN0007778,FL0000600,AC00785,2026-03-20 02:04:00,Brake Issue,Low,Resolved,SEA
IN0007779,FL0003413,AC00374,2026-04-30 00:04:00,Engine Alert,Medium,Closed,DFW
IN0007780,FL0003635,AC01021,2026-04-25 07:44:00,Turbulence,Low,Investigating,SEA
IN0007781,FL0012648,AC00597,2026-04-22 17:04:00,Hydraulic Leak,Low,Resolved,SFO
IN0007782,FL0001058,AC00870,2026-06-04 12:51:00,Bird Strike,Low,Open,SIN
IN0007783,FL0000433,AC00631,2026-05-07 16:25:00,Bird Strike,High,Resolved,BLR
IN0007784,FL0001226,AC01010,2026-01-21 10:01:00,Bird Strike,Medium,Resolved,DFW
IN0007785,FL0003701,AC00316,2026-05-01 11:14:00,Hydraulic Leak,Low,Investigating,LAX
IN0007786,FL0003331,AC00032,2026-03-23 03:21:00,Hydraulic Leak,Low,Closed,ORD
IN0007787,FL0013747,AC00466,2026-06-18 06:48:00,Brake Issue,Low,Open,DEL
IN0007788,FL0014814,AC00433,2026-01-19 13:13:00,Weather Alert,Medium,Investigating,SFO
IN0007789,FL0013854,AC01124,2026-05-17 03:12:00,Navigation Error,High,Open,SIN
IN0007790,FL0012963,AC00305,2026-03-26 12:36:00,Brake Issue,Low,Resolved,SIN
IN0007791,FL0013035,AC01006,2026-05-06 21:54:00,Hydraulic Leak,Low,Investigating,BLR
IN0007792,FL0003482,AC01068,2026-01-16 06:55:00,Weather Alert,Critical,Resolved,SEA
IN0007793,FL0001891,AC01183,2026-03-16 11:44:00,Bird Strike,Low,Open,ORD
IN0007794,FL0010999,AC00107,2026-01-24 21:03:00,Hydraulic Leak,Medium,Resolved,ORD
IN0007795,FL0006733,AC00576,2026-02-06 09:01:00,Hydraulic Leak,Low,Resolved,LAX
IN0007796,FL0008487,AC00490,2026-05-07 13:05:00,Weather Alert,High,Investigating,BLR
IN0007797,FL0004529,AC01028,2026-01-06 18:56:00,Bird Strike,High,Closed,DFW
IN0007798,FL0008202,AC01105,2026-06-29 02:17:00,Bird Strike,Medium,Open,MIA
IN0007799,FL0007146,AC00379,2026-02-26 02:44:00,Hydraulic Leak,Medium,Open,DEL
IN0007800,FL0002961,AC00428,2026-02-02 00:31:00,Turbulence,Medium,Closed,DFW
IN0007801,FL0002757,AC00736,2026-06-19 05:43:00,Navigation Error,Medium,Closed,SEA
IN0007802,FL0004786,AC00747,2026-02-11 05:17:00,Bird Strike,Medium,Open,DEN
IN0007803,FL0007409,AC01107,2026-05-12 05:15:00,Brake Issue,Low,Open,DXB
IN0007804,FL0000315,AC00339,2026-01-14 02:56:00,Brake Issue,Low,Open,SIN
IN0007805,FL0001610,AC00348,2026-05-30 14:42:00,Weather Alert,Low,Investigating,LHR
IN0007806,FL0011362,AC00139,2026-02-06 21:05:00,Brake Issue,Medium,Investigating,SEA
IN0007807,FL0012370,AC00367,2026-04-25 02:15:00,Hydraulic Leak,Medium,Resolved,DFW
IN0007808,FL0006289,AC00382,2026-04-02 23:24:00,Weather Alert,Medium,Open,ORD
IN0007809,FL0008684,AC00515,2026-06-28 11:24:00,Brake Issue,Medium,Investigating,DXB
IN0007810,FL0013258,AC00465,2026-06-27 21:15:00,Engine Alert,Medium,Closed,DFW
IN0007811,FL0009932,AC01138,2026-06-12 06:54:00,Engine Alert,Low,Closed,DEN
IN0007812,FL0007425,AC00163,2026-05-06 01:59:00,Engine Alert,Medium,Investigating,LHR
IN0007813,FL0008191,AC00583,2026-01-09 05:12:00,Brake Issue,Medium,Closed,JFK
IN0007814,FL0001462,AC00564,2026-04-05 04:49:00,Turbulence,Medium,Investigating,MIA
IN0007815,FL0010106,AC01029,2026-02-28 19:13:00,Engine Alert,High,Resolved,DFW
IN0007816,FL0008945,AC00770,2026-01-02 13:29:00,Weather Alert,Medium,Closed,SIN
IN0007817,FL0005962,AC00696,2026-05-12 18:24:00,Turbulence,Low,Closed,MIA
IN0007818,FL0010544,AC00502,2026-05-10 18:43:00,Brake Issue,High,Investigating,MIA
IN0007819,FL0009594,AC00077,2026-06-10 03:27:00,Engine Alert,Medium,Closed,DEN
IN0007820,FL0002600,AC00944,2026-03-28 12:01:00,Turbulence,Medium,Resolved,SEA
IN0007821,FL0003381,AC01155,2026-04-06 03:55:00,Hydraulic Leak,Low,Closed,BOS
IN0007822,FL0004494,AC00088,2026-05-24 12:13:00,Hydraulic Leak,Low,Investigating,BOS
IN0007823,FL0003934,AC00066,2026-02-27 07:21:00,Brake Issue,Low,Open,DFW
IN0007824,FL0014934,AC00963,2026-02-11 01:12:00,Brake Issue,Medium,Closed,ATL
IN0007825,FL0001564,AC00154,2026-02-20 21:36:00,Bird Strike,Low,Open,SFO
IN0007826,FL0013264,AC00756,2026-02-21 04:54:00,Navigation Error,High,Open,DEN
IN0007827,FL0014273,AC00992,2026-06-09 21:49:00,Navigation Error,Medium,Investigating,DXB
IN0007828,FL0000260,AC00698,2026-03-18 23:57:00,Navigation Error,Low,Open,DFW
IN0007829,FL0010645,AC00822,2026-05-18 13:28:00,Bird Strike,Low,Open,ATL
IN0007830,FL0002992,AC01006,2026-05-10 07:29:00,Hydraulic Leak,Low,Investigating,DXB
IN0007831,FL0003479,AC00105,2026-02-21 15:39:00,Engine Alert,Critical,Open,DEN
IN0007832,FL0007115,AC00339,2026-01-30 09:41:00,Weather Alert,High,Closed,LAX
IN0007833,FL0006256,AC00396,2026-05-07 17:24:00,Bird Strike,Low,Investigating,SIN
IN0007834,FL0000647,AC01127,2026-02-26 02:10:00,Bird Strike,Medium,Resolved,BOS
IN0007835,FL0001438,AC00161,2026-05-21 08:25:00,Weather Alert,Low,Closed,LHR
IN0007836,FL0011051,AC00805,2026-02-28 00:39:00,Engine Alert,Medium,Closed,BOS
IN0007837,FL0004840,AC00076,2026-04-28 02:05:00,Bird Strike,Low,Closed,ATL
IN0007838,FL0014269,AC00537,2026-05-10 21:00:00,Navigation Error,Low,Resolved,DXB
IN0007839,FL0009143,AC00324,2026-04-27 21:02:00,Hydraulic Leak,High,Investigating,LHR
IN0007840,FL0008548,AC00398,2026-01-07 02:56:00,Hydraulic Leak,Medium,Investigating,SIN
IN0007841,FL0008972,AC00842,2026-01-25 19:44:00,Hydraulic Leak,Medium,Open,DEL
IN0007842,FL0003680,AC00141,2026-06-21 14:04:00,Turbulence,Medium,Open,DXB
IN0007843,FL0002394,AC00548,2026-01-01 06:15:00,Hydraulic Leak,Low,Closed,SFO
IN0007844,FL0003417,AC00179,2026-06-08 05:05:00,Turbulence,Low,Open,DEN
IN0007845,FL0005326,AC00612,2026-04-22 04:19:00,Navigation Error,Medium,Closed,SEA
IN0007846,FL0000324,AC00034,2026-01-21 06:13:00,Engine Alert,Medium,Open,ATL
IN0007847,FL0005628,AC00910,2026-05-31 18:10:00,Bird Strike,Low,Resolved,DEL
IN0007848,FL0003759,AC00508,2026-05-17 04:42:00,Bird Strike,High,Open,LHR
IN0007849,FL0009364,AC00485,2026-01-19 08:57:00,Turbulence,Low,Investigating,ORD
IN0007850,FL0005462,AC00643,2026-05-27 11:15:00,Bird Strike,High,Closed,DXB
IN0007851,FL0006648,AC00254,2026-02-06 02:46:00,Bird Strike,High,Investigating,ORD
IN0007852,FL0011879,AC01014,2026-05-14 15:27:00,Engine Alert,Low,Investigating,BLR
IN0007853,FL0013158,AC00042,2026-06-18 00:04:00,Hydraulic Leak,Low,Open,LHR
IN0007854,FL0007858,AC00819,2026-04-27 10:04:00,Turbulence,High,Resolved,SIN
IN0007855,FL0004949,AC00551,2026-01-22 06:59:00,Bird Strike,Medium,Resolved,LHR
IN0007856,FL0009798,AC00454,2026-02-11 11:49:00,Brake Issue,Medium,Resolved,JFK
IN0007857,FL0003710,AC00635,2026-04-22 08:29:00,Brake Issue,Medium,Resolved,DFW
IN0007858,FL0007011,AC00754,2026-01-21 14:27:00,Brake Issue,Low,Resolved,BOS
IN0007859,FL0011774,AC00621,2026-02-27 09:01:00,Hydraulic Leak,Low,Investigating,LAX
IN0007860,FL0000067,AC00550,2026-06-26 18:20:00,Turbulence,High,Resolved,ORD
IN0007861,FL0002390,AC00919,2026-04-20 04:54:00,Engine Alert,Low,Resolved,DEL
IN0007862,FL0008761,AC00123,2026-04-28 22:07:00,Engine Alert,Medium,Resolved,ATL
IN0007863,FL0009926,AC00816,2026-05-16 04:03:00,Hydraulic Leak,Low,Resolved,LAX
IN0007864,FL0008620,AC01195,2026-05-20 22:42:00,Hydraulic Leak,Medium,Investigating,ORD
IN0007865,FL0012845,AC00343,2026-03-08 02:30:00,Engine Alert,Medium,Resolved,DXB
IN0007866,FL0008819,AC00554,2026-06-30 18:04:00,Turbulence,Critical,Open,SFO
IN0007867,FL0012433,AC00562,2026-02-04 09:18:00,Navigation Error,Medium,Investigating,ATL
IN0007868,FL0002848,AC00495,2026-04-21 09:43:00,Brake Issue,Critical,Closed,DFW
IN0007869,FL0001893,AC00915,2026-07-01 22:03:00,Turbulence,Low,Investigating,DEN
IN0007870,FL0010052,AC00584,2026-04-22 14:59:00,Brake Issue,Low,Resolved,DXB
IN0007871,FL0012132,AC00113,2026-06-22 03:07:00,Navigation Error,Low,Resolved,DEN
IN0007872,FL0009374,AC01146,2026-03-16 05:16:00,Turbulence,Medium,Open,JFK
IN0007873,FL0006295,AC01120,2026-06-22 02:16:00,Brake Issue,Low,Open,SEA
IN0007874,FL0011413,AC00360,2026-02-05 10:20:00,Turbulence,Low,Investigating,DFW
IN0007875,FL0005345,AC00081,2026-06-30 20:18:00,Navigation Error,Medium,Closed,BLR
IN0007876,FL0006365,AC00175,2026-06-01 21:13:00,Weather Alert,Medium,Resolved,SEA
IN0007877,FL0011644,AC00722,2026-05-22 20:56:00,Hydraulic Leak,Low,Open,ORD
IN0007878,FL0001142,AC00126,2026-02-23 03:53:00,Hydraulic Leak,High,Closed,ATL
IN0007879,FL0012015,AC01192,2026-05-01 11:04:00,Hydraulic Leak,Medium,Closed,JFK
IN0007880,FL0000539,AC00551,2026-06-26 04:33:00,Weather Alert,High,Open,SFO
IN0007881,FL0004699,AC01104,2026-02-02 13:43:00,Weather Alert,Low,Open,DFW
IN0007882,FL0007048,AC00678,2026-04-09 03:50:00,Brake Issue,Low,Closed,MIA
IN0007883,FL0013151,AC00529,2026-05-07 14:30:00,Bird Strike,High,Resolved,ORD
IN0007884,FL0012319,AC00812,2026-04-10 01:43:00,Engine Alert,High,Resolved,ORD
IN0007885,FL0003754,AC00241,2026-05-15 02:03:00,Engine Alert,Medium,Investigating,DEN
IN0007886,FL0001127,AC00070,2026-04-24 14:40:00,Bird Strike,Medium,Resolved,SIN
IN0007887,FL0009154,AC00988,2026-01-07 19:44:00,Navigation Error,Medium,Open,DEL
IN0007888,FL0002256,AC00862,2026-02-18 15:57:00,Brake Issue,High,Resolved,DEL
IN0007889,FL0005121,AC00489,2026-06-11 19:03:00,Turbulence,Medium,Closed,DFW
IN0007890,FL0000339,AC00825,2026-06-29 05:39:00,Turbulence,Medium,Closed,LAX
IN0007891,FL0010766,AC00799,2026-03-17 02:07:00,Navigation Error,Medium,Resolved,ORD
IN0007892,FL0010501,AC00913,2026-05-20 13:45:00,Hydraulic Leak,High,Investigating,DEN
IN0007893,FL0003516,AC00055,2026-04-01 04:31:00,Turbulence,Low,Investigating,DXB
IN0007894,FL0003292,AC00541,2026-01-24 14:34:00,Engine Alert,Low,Resolved,BOS
IN0007895,FL0007364,AC00477,2026-02-22 20:11:00,Engine Alert,Medium,Investigating,SIN
IN0007896,FL0004293,AC00631,2026-02-14 06:32:00,Brake Issue,Low,Investigating,JFK
IN0007897,FL0001936,AC00378,2026-04-15 19:59:00,Turbulence,Low,Open,MIA
IN0007898,FL0005611,AC00414,2026-03-16 16:22:00,Engine Alert,Medium,Closed,LHR
IN0007899,FL0007703,AC00815,2026-03-03 03:55:00,Engine Alert,Low,Investigating,DEL
IN0007900,FL0009313,AC00166,2026-05-12 23:00:00,Turbulence,Low,Closed,LHR
IN0007901,FL0005092,AC00882,2026-05-19 00:14:00,Navigation Error,Low,Investigating,MIA
IN0007902,FL0014796,AC00972,2026-02-04 02:30:00,Hydraulic Leak,Low,Open,BOS
IN0007903,FL0000072,AC00996,2026-02-11 15:18:00,Turbulence,Low,Open,BOS
IN0007904,FL0013178,AC00524,2026-05-12 12:28:00,Brake Issue,Medium,Closed,MIA
IN0007905,FL0007679,AC00434,2026-02-05 08:06:00,Engine Alert,Low,Investigating,LAX
IN0007906,FL0002619,AC00452,2026-03-03 09:04:00,Engine Alert,Medium,Closed,DXB
IN0007907,FL0004540,AC01074,2026-05-18 10:30:00,Navigation Error,Medium,Resolved,BLR
IN0007908,FL0012501,AC00296,2026-01-04 22:54:00,Brake Issue,Low,Resolved,LHR
IN0007909,FL0006155,AC00544,2026-02-17 12:09:00,Brake Issue,Low,Resolved,ORD
IN0007910,FL0012875,AC01027,2026-02-18 18:55:00,Weather Alert,Medium,Open,SIN
IN0007911,FL0001624,AC01094,2026-02-17 21:29:00,Navigation Error,Critical,Open,ORD
IN0007912,FL0012087,AC00426,2026-02-26 16:23:00,Weather Alert,High,Resolved,DFW
IN0007913,FL0006975,AC00781,2026-05-30 01:41:00,Bird Strike,Low,Investigating,DXB
IN0007914,FL0010994,AC00485,2026-04-06 22:44:00,Navigation Error,Low,Resolved,LHR
IN0007915,FL0006391,AC01025,2026-02-14 03:47:00,Weather Alert,Low,Closed,DXB
IN0007916,FL0002208,AC01003,2026-03-24 06:02:00,Engine Alert,High,Open,ORD
IN0007917,FL0007795,AC01046,2026-06-17 07:34:00,Engine Alert,Low,Open,SFO
IN0007918,FL0009035,AC00578,2026-05-02 00:53:00,Engine Alert,Low,Open,MIA
IN0007919,FL0011091,AC00988,2026-06-17 10:58:00,Brake Issue,Low,Investigating,BLR
IN0007920,FL0014275,AC00245,2026-05-30 20:47:00,Weather Alert,Medium,Investigating,DEN
IN0007921,FL0004927,AC00866,2026-04-12 15:33:00,Brake Issue,Medium,Resolved,DXB
IN0007922,FL0012400,AC00360,2026-04-11 19:55:00,Engine Alert,Low,Resolved,DEL
IN0007923,FL0014369,AC01064,2026-07-02 01:17:00,Bird Strike,High,Closed,DXB
IN0007924,FL0011531,AC00376,2026-01-03 23:53:00,Bird Strike,Medium,Investigating,LAX
IN0007925,FL0000496,AC01138,2026-06-04 01:43:00,Hydraulic Leak,Medium,Resolved,ATL
IN0007926,FL0002534,AC00148,2026-03-17 21:45:00,Navigation Error,Low,Resolved,JFK
IN0007927,FL0009175,AC01071,2026-02-06 05:54:00,Navigation Error,Medium,Resolved,DXB
IN0007928,FL0003539,AC00048,2026-02-12 19:07:00,Turbulence,Critical,Resolved,ATL
IN0007929,FL0012849,AC00859,2026-01-04 20:21:00,Weather Alert,Medium,Investigating,JFK
IN0007930,FL0013902,AC01087,2026-01-18 03:21:00,Hydraulic Leak,High,Open,MIA
IN0007931,FL0009622,AC00266,2026-02-23 05:09:00,Bird Strike,Low,Open,ATL
IN0007932,FL0008916,AC01092,2026-02-18 17:34:00,Engine Alert,High,Closed,BOS
IN0007933,FL0009429,AC01090,2026-04-22 09:13:00,Engine Alert,High,Investigating,ATL
IN0007934,FL0006432,AC01136,2026-05-08 01:34:00,Brake Issue,Low,Investigating,MIA
IN0007935,FL0014568,AC00465,2026-04-15 18:41:00,Engine Alert,High,Open,SEA
IN0007936,FL0014422,AC00172,2026-02-18 11:34:00,Bird Strike,Low,Investigating,DEN
IN0007937,FL0008350,AC01156,2026-02-04 23:14:00,Hydraulic Leak,Critical,Closed,SEA
IN0007938,FL0002526,AC01132,2026-03-10 00:13:00,Navigation Error,Medium,Closed,SEA
IN0007939,FL0014631,AC00762,2026-01-18 18:15:00,Weather Alert,Low,Closed,DXB
IN0007940,FL0001789,AC00581,2026-06-10 12:54:00,Turbulence,Medium,Investigating,SEA
IN0007941,FL0005330,AC00887,2026-03-16 16:11:00,Bird Strike,Low,Resolved,SEA
IN0007942,FL0012945,AC01118,2026-01-06 22:07:00,Turbulence,Medium,Closed,MIA
IN0007943,FL0009351,AC00915,2026-03-14 14:10:00,Navigation Error,Medium,Resolved,LHR
IN0007944,FL0002488,AC01071,2026-06-17 07:22:00,Hydraulic Leak,Medium,Closed,JFK
IN0007945,FL0009436,AC00071,2026-05-15 12:52:00,Brake Issue,Low,Open,MIA
IN0007946,FL0003877,AC00893,2026-03-27 06:21:00,Hydraulic Leak,Low,Open,DFW
IN0007947,FL0006577,AC00020,2026-03-21 03:27:00,Bird Strike,Medium,Closed,ATL
IN0007948,FL0013793,AC00107,2026-07-01 19:37:00,Hydraulic Leak,Medium,Closed,ATL
IN0007949,FL0010907,AC00569,2026-02-16 21:07:00,Turbulence,Low,Resolved,BOS
IN0007950,FL0010197,AC00273,2026-03-23 01:00:00,Weather Alert,High,Investigating,JFK
IN0007951,FL0000913,AC00848,2026-05-15 14:45:00,Weather Alert,Medium,Closed,DXB
IN0007952,FL0007534,AC00907,2026-06-19 01:51:00,Turbulence,Medium,Investigating,SEA
IN0007953,FL0013380,AC00725,2026-02-03 23:33:00,Turbulence,Medium,Investigating,DEN
IN0007954,FL0001995,AC00740,2026-03-07 10:28:00,Hydraulic Leak,Medium,Open,MIA
IN0007955,FL0003351,AC00284,2026-01-01 23:00:00,Weather Alert,Low,Open,ATL
IN0007956,FL0009947,AC00404,2026-02-25 18:09:00,Bird Strike,High,Closed,DXB
IN0007957,FL0007942,AC00297,2026-04-24 19:16:00,Weather Alert,Critical,Open,ATL
IN0007958,FL0000488,AC00610,2026-01-15 12:11:00,Brake Issue,High,Open,DXB
IN0007959,FL0006858,AC00796,2026-07-02 03:03:00,Navigation Error,Medium,Resolved,BLR
IN0007960,FL0007646,AC00117,2026-03-31 10:36:00,Turbulence,Medium,Investigating,DEL
IN0007961,FL0002731,AC00721,2026-02-28 08:20:00,Navigation Error,Low,Investigating,LHR
IN0007962,FL0000627,AC00157,2026-05-06 04:18:00,Navigation Error,Low,Investigating,LAX
IN0007963,FL0001541,AC00773,2026-05-11 14:16:00,Hydraulic Leak,Low,Investigating,SFO
IN0007964,FL0012698,AC01111,2026-01-12 19:32:00,Weather Alert,Low,Investigating,DFW
IN0007965,FL0011276,AC00065,2026-01-03 03:40:00,Brake Issue,Critical,Open,LAX
IN0007966,FL0006396,AC00584,2026-06-30 18:35:00,Bird Strike,Low,Closed,BOS
IN0007967,FL0001739,AC00775,2026-06-23 16:03:00,Turbulence,Low,Investigating,ORD
IN0007968,FL0009754,AC00484,2026-06-21 15:18:00,Bird Strike,Low,Open,SFO
IN0007969,FL0006477,AC00938,2026-02-23 16:22:00,Bird Strike,High,Resolved,ATL
IN0007970,FL0012297,AC00244,2026-06-23 02:07:00,Turbulence,Medium,Investigating,DEL
IN0007971,FL0006593,AC01069,2026-01-27 08:40:00,Hydraulic Leak,Medium,Resolved,DXB
IN0007972,FL0006069,AC00138,2026-04-30 14:32:00,Engine Alert,Medium,Investigating,BOS
IN0007973,FL0007208,AC00284,2026-06-20 04:47:00,Weather Alert,Low,Investigating,DXB
IN0007974,FL0002717,AC01189,2026-05-17 22:05:00,Navigation Error,High,Closed,MIA
IN0007975,FL0003051,AC01155,2026-05-27 22:40:00,Weather Alert,Low,Open,BOS
IN0007976,FL0009799,AC00273,2026-05-08 13:07:00,Turbulence,High,Open,SIN
IN0007977,FL0009321,AC00603,2026-01-23 06:30:00,Hydraulic Leak,Medium,Closed,JFK
IN0007978,FL0003311,AC01056,2026-04-12 04:31:00,Hydraulic Leak,Medium,Closed,ORD
IN0007979,FL0013862,AC00844,2026-05-17 07:07:00,Engine Alert,Low,Open,MIA
IN0007980,FL0002917,AC00045,2026-04-23 19:18:00,Bird Strike,Low,Open,JFK
IN0007981,FL0010587,AC00354,2026-03-12 19:06:00,Brake Issue,Low,Closed,SFO
IN0007982,FL0012138,AC00001,2026-03-17 11:15:00,Bird Strike,Medium,Investigating,ORD
IN0007983,FL0009095,AC01086,2026-05-29 23:10:00,Bird Strike,Medium,Investigating,DEL
IN0007984,FL0009920,AC00436,2026-04-05 09:33:00,Turbulence,Low,Closed,ATL
IN0007985,FL0012556,AC00269,2026-04-14 19:22:00,Bird Strike,High,Resolved,SIN
IN0007986,FL0009501,AC00435,2026-02-11 13:09:00,Weather Alert,High,Closed,DEL
IN0007987,FL0000303,AC00338,2026-02-06 03:14:00,Turbulence,Low,Closed,JFK
IN0007988,FL0004694,AC00450,2026-03-10 12:21:00,Bird Strike,Medium,Resolved,LHR
IN0007989,FL0002725,AC01156,2026-01-27 17:31:00,Hydraulic Leak,Low,Investigating,DEL
IN0007990,FL0014189,AC00244,2026-04-05 12:23:00,Navigation Error,Medium,Investigating,SEA
IN0007991,FL0010834,AC01113,2026-06-10 18:24:00,Turbulence,Low,Closed,LHR
IN0007992,FL0008309,AC00351,2026-05-13 09:33:00,Navigation Error,Medium,Resolved,LHR
IN0007993,FL0005763,AC00719,2026-01-31 11:02:00,Brake Issue,Medium,Closed,DXB
IN0007994,FL0013666,AC01088,2026-06-19 01:44:00,Turbulence,Medium,Closed,JFK
IN0007995,FL0004246,AC00982,2026-01-10 01:03:00,Bird Strike,Low,Closed,SFO
IN0007996,FL0007658,AC00521,2026-04-04 11:49:00,Brake Issue,Low,Resolved,DXB
IN0007997,FL0010884,AC00608,2026-03-26 07:33:00,Engine Alert,Low,Investigating,DEN
IN0007998,FL0001157,AC00897,2026-03-30 20:03:00,Navigation Error,Low,Open,DEL
IN0007999,FL0011185,AC00602,2026-06-21 09:20:00,Bird Strike,Medium,Investigating,LAX
IN0008000,FL0011366,AC00614,2026-05-02 19:54:00,Bird Strike,High,Resolved,DEL
IN0008001,FL0008345,AC00515,2026-06-28 05:57:00,Bird Strike,High,Closed,ORD
IN0008002,FL0014227,AC00908,2026-05-21 15:29:00,Turbulence,Medium,Resolved,SFO
IN0008003,FL0007606,AC00275,2026-06-09 05:35:00,Engine Alert,Low,Resolved,DXB
IN0008004,FL0004492,AC00498,2026-03-18 16:39:00,Bird Strike,Low,Resolved,JFK
IN0008005,FL0004812,AC00604,2026-02-08 19:46:00,Navigation Error,Low,Investigating,LAX
IN0008006,FL0009932,AC00557,2026-02-09 23:37:00,Navigation Error,Critical,Resolved,ATL
IN0008007,FL0014368,AC01037,2026-04-01 04:59:00,Weather Alert,Medium,Resolved,LHR
IN0008008,FL0002691,AC00986,2026-06-30 22:59:00,Navigation Error,Low,Investigating,ATL
IN0008009,FL0007387,AC00770,2026-03-24 22:41:00,Weather Alert,Medium,Investigating,ATL
IN0008010,FL0002348,AC01087,2026-03-07 16:27:00,Bird Strike,Medium,Investigating,SEA
IN0008011,FL0002153,AC00318,2026-01-13 19:03:00,Turbulence,Low,Closed,ORD
IN0008012,FL0009791,AC00516,2026-04-18 06:50:00,Navigation Error,Medium,Investigating,ORD
IN0008013,FL0005747,AC01105,2026-06-08 03:36:00,Hydraulic Leak,Low,Open,DXB
IN0008014,FL0012165,AC00375,2026-03-01 14:35:00,Navigation Error,Low,Open,LHR
IN0008015,FL0012952,AC00617,2026-04-18 18:17:00,Hydraulic Leak,Medium,Investigating,DFW
IN0008016,FL0000023,AC00763,2026-07-02 03:53:00,Brake Issue,Low,Resolved,BOS
IN0008017,FL0001424,AC00806,2026-04-10 08:07:00,Turbulence,Medium,Resolved,ORD
IN0008018,FL0004349,AC00584,2026-06-25 13:46:00,Engine Alert,Low,Open,SEA
IN0008019,FL0003769,AC00983,2026-03-06 00:50:00,Hydraulic Leak,Low,Closed,ORD
IN0008020,FL0004857,AC01025,2026-04-09 06:21:00,Engine Alert,High,Resolved,BLR
IN0008021,FL0004396,AC01199,2026-06-13 15:45:00,Bird Strike,Medium,Investigating,ORD
IN0008022,FL0008904,AC00632,2026-03-31 21:17:00,Brake Issue,Low,Investigating,MIA
IN0008023,FL0014060,AC00656,2026-05-21 23:01:00,Bird Strike,Low,Closed,BOS
IN0008024,FL0000552,AC00678,2026-01-08 09:30:00,Hydraulic Leak,Low,Investigating,BLR
IN0008025,FL0000763,AC00069,2026-05-20 05:23:00,Weather Alert,Medium,Resolved,DFW
IN0008026,FL0014010,AC00164,2026-01-30 11:42:00,Brake Issue,Low,Investigating,BOS
IN0008027,FL0014190,AC00732,2026-05-02 08:57:00,Hydraulic Leak,High,Open,DEN
IN0008028,FL0010264,AC00891,2026-03-17 11:24:00,Turbulence,Low,Resolved,DXB
IN0008029,FL0007430,AC00910,2026-04-13 07:39:00,Bird Strike,Low,Investigating,DXB
IN0008030,FL0008106,AC00056,2026-05-19 19:21:00,Weather Alert,Medium,Investigating,DEN
IN0008031,FL0010572,AC00854,2026-02-03 11:58:00,Brake Issue,Low,Closed,ATL
IN0008032,FL0010220,AC00157,2026-04-27 07:41:00,Engine Alert,Low,Investigating,JFK
IN0008033,FL0004446,AC01101,2026-03-06 13:01:00,Engine Alert,Low,Closed,BLR
IN0008034,FL0014018,AC00054,2026-01-19 18:23:00,Navigation Error,Low,Open,ORD
IN0008035,FL0006603,AC00131,2026-06-27 08:57:00,Bird Strike,Medium,Closed,BLR
IN0008036,FL0010206,AC00951,2026-03-02 03:14:00,Hydraulic Leak,High,Resolved,BLR
IN0008037,FL0008693,AC00042,2026-02-15 01:47:00,Bird Strike,Low,Open,SFO
IN0008038,FL0000655,AC00226,2026-04-02 09:00:00,Navigation Error,Critical,Investigating,SEA
IN0008039,FL0011394,AC00556,2026-05-13 07:54:00,Turbulence,Low,Closed,ORD
IN0008040,FL0009499,AC01018,2026-05-01 16:25:00,Navigation Error,Low,Open,BOS
IN0008041,FL0008987,AC00117,2026-06-08 13:57:00,Bird Strike,Low,Open,LHR
IN0008042,FL0000873,AC00810,2026-05-08 03:06:00,Engine Alert,Low,Resolved,ORD
IN0008043,FL0002916,AC00007,2026-02-12 09:07:00,Engine Alert,High,Open,DEN
IN0008044,FL0005018,AC00826,2026-03-09 00:51:00,Hydraulic Leak,Low,Investigating,SFO
IN0008045,FL0014470,AC00998,2026-06-16 19:55:00,Hydraulic Leak,Low,Closed,DFW
IN0008046,FL0002056,AC00042,2026-03-13 23:33:00,Turbulence,Medium,Investigating,MIA
IN0008047,FL0002800,AC00506,2026-06-13 10:32:00,Navigation Error,Medium,Resolved,SIN
IN0008048,FL0005590,AC01119,2026-06-26 06:40:00,Hydraulic Leak,High,Investigating,BOS
IN0008049,FL0012478,AC00538,2026-03-04 14:20:00,Navigation Error,Low,Investigating,ORD
IN0008050,FL0013587,AC00042,2026-06-07 01:39:00,Hydraulic Leak,Medium,Closed,BLR
IN0008051,FL0006199,AC01024,2026-04-27 01:50:00,Turbulence,High,Investigating,DEN
IN0008052,FL0006963,AC00105,2026-02-04 12:00:00,Weather Alert,Medium,Closed,BLR
IN0008053,FL0012052,AC00544,2026-03-13 14:59:00,Hydraulic Leak,Medium,Investigating,DXB
IN0008054,FL0010444,AC00428,2026-02-14 07:17:00,Hydraulic Leak,Low,Investigating,DXB
IN0008055,FL0013256,AC00288,2026-06-28 22:58:00,Hydraulic Leak,High,Investigating,ATL
IN0008056,FL0014615,AC00548,2026-02-14 12:21:00,Hydraulic Leak,Low,Resolved,DFW
IN0008057,FL0007235,AC01151,2026-06-05 19:33:00,Weather Alert,Medium,Closed,DXB
IN0008058,FL0000416,AC01126,2026-05-09 14:30:00,Engine Alert,Low,Open,LAX
IN0008059,FL0001933,AC00198,2026-06-07 00:33:00,Navigation Error,High,Closed,SIN
IN0008060,FL0014593,AC00770,2026-03-23 12:52:00,Bird Strike,High,Closed,BLR
IN0008061,FL0007101,AC00396,2026-01-11 03:37:00,Weather Alert,Low,Resolved,SIN
IN0008062,FL0009192,AC00236,2026-03-27 17:25:00,Weather Alert,Medium,Investigating,LAX
IN0008063,FL0007063,AC00423,2026-03-02 08:13:00,Brake Issue,Low,Resolved,LAX
IN0008064,FL0004326,AC00572,2026-01-09 10:09:00,Engine Alert,Low,Closed,DFW
IN0008065,FL0008792,AC01023,2026-01-02 00:55:00,Turbulence,High,Open,LAX
IN0008066,FL0010082,AC00881,2026-04-01 16:12:00,Hydraulic Leak,Critical,Open,DXB
IN0008067,FL0006722,AC01021,2026-01-23 01:24:00,Navigation Error,Medium,Open,ORD
IN0008068,FL0001663,AC00883,2026-04-15 16:12:00,Bird Strike,Low,Closed,MIA
IN0008069,FL0005403,AC00181,2026-05-30 23:41:00,Turbulence,Medium,Resolved,DEN
IN0008070,FL0001565,AC00435,2026-04-29 22:36:00,Turbulence,Low,Resolved,BOS
IN0008071,FL0002224,AC00487,2026-05-12 05:37:00,Navigation Error,Low,Open,LHR
IN0008072,FL0009145,AC00165,2026-02-24 11:14:00,Brake Issue,High,Investigating,BLR
IN0008073,FL0012541,AC00706,2026-01-22 04:20:00,Turbulence,Low,Investigating,ORD
IN0008074,FL0007821,AC01115,2026-05-24 13:48:00,Navigation Error,Low,Investigating,MIA
IN0008075,FL0003590,AC00741,2026-01-01 20:07:00,Weather Alert,Medium,Investigating,LHR
IN0008076,FL0004605,AC01185,2026-01-18 10:40:00,Hydraulic Leak,Low,Investigating,MIA
IN0008077,FL0006914,AC00376,2026-03-27 21:03:00,Engine Alert,Medium,Investigating,SEA
IN0008078,FL0010288,AC00185,2026-06-17 17:16:00,Navigation Error,Low,Resolved,JFK
IN0008079,FL0005293,AC01144,2026-02-23 14:18:00,Brake Issue,Medium,Investigating,JFK
IN0008080,FL0010658,AC00492,2026-01-29 00:14:00,Weather Alert,High,Closed,SEA
IN0008081,FL0000279,AC00870,2026-04-26 04:11:00,Brake Issue,Critical,Closed,DEL
IN0008082,FL0011719,AC00534,2026-01-04 17:06:00,Engine Alert,Low,Open,ORD
IN0008083,FL0008249,AC00620,2026-04-04 12:25:00,Bird Strike,Medium,Closed,LHR
IN0008084,FL0001217,AC00831,2026-03-27 18:45:00,Turbulence,High,Open,DEN
IN0008085,FL0006520,AC00937,2026-01-11 15:33:00,Brake Issue,Low,Investigating,SFO
IN0008086,FL0002072,AC00441,2026-06-19 23:39:00,Weather Alert,High,Open,SEA
IN0008087,FL0002703,AC00355,2026-01-28 10:56:00,Weather Alert,Low,Open,SEA
IN0008088,FL0009887,AC00063,2026-04-05 06:17:00,Engine Alert,Low,Open,SIN
IN0008089,FL0001372,AC00212,2026-03-06 13:56:00,Engine Alert,High,Open,DXB
IN0008090,FL0009541,AC00216,2026-03-20 06:24:00,Navigation Error,Low,Closed,DXB
IN0008091,FL0008516,AC01025,2026-03-23 19:47:00,Hydraulic Leak,Low,Resolved,JFK
IN0008092,FL0012912,AC00419,2026-04-09 01:52:00,Bird Strike,Low,Investigating,DFW
IN0008093,FL0007376,AC00897,2026-03-03 05:42:00,Hydraulic Leak,Medium,Open,SIN
IN0008094,FL0012598,AC00651,2026-02-26 18:44:00,Engine Alert,Medium,Investigating,BLR
IN0008095,FL0014422,AC00096,2026-01-07 20:44:00,Brake Issue,Low,Closed,DEN
IN0008096,FL0014604,AC00347,2026-04-15 07:23:00,Hydraulic Leak,Medium,Open,LHR
IN0008097,FL0003468,AC00596,2026-06-08 03:04:00,Brake Issue,Low,Investigating,DEN
IN0008098,FL0004166,AC00625,2026-03-26 14:20:00,Navigation Error,Low,Open,DEL
IN0008099,FL0005366,AC00604,2026-03-21 12:08:00,Brake Issue,Low,Resolved,DEN
IN0008100,FL0011810,AC00483,2026-05-06 11:35:00,Navigation Error,Low,Investigating,MIA
IN0008101,FL0007682,AC00201,2026-06-07 07:07:00,Weather Alert,Low,Open,ATL
IN0008102,FL0014064,AC00110,2026-06-05 05:22:00,Navigation Error,Low,Resolved,SEA
IN0008103,FL0001544,AC00099,2026-06-22 18:04:00,Weather Alert,Low,Resolved,BOS
IN0008104,FL0010812,AC00398,2026-05-08 22:19:00,Brake Issue,Low,Open,LHR
IN0008105,FL0002833,AC00118,2026-02-03 20:16:00,Hydraulic Leak,Low,Resolved,BOS
IN0008106,FL0002887,AC01126,2026-03-09 18:49:00,Hydraulic Leak,Low,Resolved,SIN
IN0008107,FL0007867,AC00921,2026-03-30 13:54:00,Navigation Error,High,Closed,BOS
IN0008108,FL0009881,AC00964,2026-04-15 07:16:00,Navigation Error,Low,Investigating,MIA
IN0008109,FL0006909,AC00805,2026-04-15 16:59:00,Brake Issue,Low,Open,DEN
IN0008110,FL0003948,AC01137,2026-01-10 05:18:00,Bird Strike,Low,Closed,DFW
IN0008111,FL0009219,AC00598,2026-04-05 18:43:00,Turbulence,Low,Open,BOS
IN0008112,FL0013365,AC00997,2026-06-27 07:49:00,Engine Alert,Medium,Resolved,SIN
IN0008113,FL0008203,AC00558,2026-05-22 15:24:00,Bird Strike,Low,Investigating,DFW
IN0008114,FL0007633,AC00363,2026-01-18 15:10:00,Turbulence,Low,Closed,JFK
IN0008115,FL0009571,AC00068,2026-05-05 00:09:00,Hydraulic Leak,High,Closed,MIA
IN0008116,FL0009026,AC00781,2026-02-24 22:39:00,Brake Issue,Low,Closed,MIA
IN0008117,FL0002690,AC00720,2026-05-14 16:53:00,Brake Issue,Low,Closed,LHR
IN0008118,FL0005430,AC00290,2026-03-23 06:27:00,Brake Issue,Medium,Closed,BLR
IN0008119,FL0013528,AC00200,2026-01-20 12:20:00,Navigation Error,Low,Investigating,ATL
IN0008120,FL0002623,AC01157,2026-01-05 13:44:00,Hydraulic Leak,Low,Resolved,DEN
IN0008121,FL0002616,AC00520,2026-01-09 01:14:00,Engine Alert,Medium,Open,BOS
IN0008122,FL0010194,AC00761,2026-06-10 15:11:00,Turbulence,Medium,Resolved,BLR
IN0008123,FL0002843,AC00500,2026-02-05 12:29:00,Navigation Error,Low,Resolved,SIN
IN0008124,FL0012125,AC00864,2026-06-11 03:29:00,Engine Alert,Medium,Open,DXB
IN0008125,FL0012083,AC00853,2026-03-23 01:33:00,Navigation Error,Medium,Investigating,BLR
IN0008126,FL0004203,AC00465,2026-06-30 14:17:00,Brake Issue,Low,Open,BLR
IN0008127,FL0012991,AC00786,2026-05-04 02:18:00,Hydraulic Leak,High,Open,SFO
IN0008128,FL0004912,AC00687,2026-06-19 11:00:00,Navigation Error,Medium,Resolved,BLR
IN0008129,FL0004913,AC00790,2026-04-29 12:51:00,Brake Issue,Low,Investigating,JFK
IN0008130,FL0006337,AC00278,2026-03-02 06:43:00,Turbulence,Medium,Closed,SEA
IN0008131,FL0004258,AC01156,2026-02-11 01:18:00,Turbulence,Low,Investigating,SEA
IN0008132,FL0006134,AC00166,2026-05-02 09:39:00,Weather Alert,High,Open,LAX
IN0008133,FL0013078,AC00033,2026-02-06 21:12:00,Turbulence,Low,Open,BOS
IN0008134,FL0007562,AC01090,2026-02-26 14:05:00,Brake Issue,Critical,Resolved,ATL
IN0008135,FL0006522,AC01097,2026-03-29 06:10:00,Brake Issue,Medium,Closed,BOS
IN0008136,FL0008569,AC00806,2026-06-07 08:52:00,Weather Alert,Low,Investigating,BOS
IN0008137,FL0005030,AC00842,2026-06-09 18:09:00,Weather Alert,Medium,Open,SIN
IN0008138,FL0008082,AC01130,2026-01-29 11:06:00,Brake Issue,Low,Open,LHR
IN0008139,FL0008782,AC00019,2026-03-14 18:11:00,Weather Alert,Low,Investigating,LAX
IN0008140,FL0014470,AC00286,2026-05-01 01:08:00,Navigation Error,Low,Investigating,MIA
IN0008141,FL0013115,AC00164,2026-03-31 23:46:00,Bird Strike,Low,Resolved,BLR
IN0008142,FL0003002,AC00194,2026-05-13 02:09:00,Bird Strike,Medium,Closed,ORD
IN0008143,FL0011615,AC01095,2026-01-03 08:38:00,Navigation Error,Low,Closed,SIN
IN0008144,FL0014080,AC00184,2026-05-03 04:18:00,Hydraulic Leak,Low,Resolved,DEN
IN0008145,FL0009619,AC00928,2026-01-14 15:20:00,Turbulence,Low,Resolved,SFO
IN0008146,FL0013111,AC00841,2026-05-10 18:09:00,Brake Issue,Low,Open,BLR
IN0008147,FL0014200,AC00272,2026-04-02 23:22:00,Weather Alert,Medium,Investigating,LHR
IN0008148,FL0010951,AC00751,2026-04-30 23:37:00,Weather Alert,High,Closed,JFK
IN0008149,FL0005682,AC00150,2026-03-30 16:04:00,Navigation Error,Low,Open,BOS
IN0008150,FL0010319,AC00302,2026-06-20 22:01:00,Turbulence,Medium,Resolved,DXB
IN0008151,FL0010658,AC00042,2026-03-17 21:03:00,Turbulence,Medium,Closed,DEL
IN0008152,FL0009868,AC01180,2026-03-03 18:46:00,Brake Issue,High,Closed,ATL
IN0008153,FL0013140,AC00833,2026-06-05 08:14:00,Hydraulic Leak,Medium,Investigating,SIN
IN0008154,FL0008516,AC01171,2026-04-25 02:16:00,Brake Issue,Low,Resolved,BLR
IN0008155,FL0014421,AC00987,2026-05-27 01:16:00,Turbulence,Low,Investigating,DFW
IN0008156,FL0008989,AC00078,2026-04-06 02:27:00,Brake Issue,High,Resolved,DEL
IN0008157,FL0005321,AC00350,2026-04-04 18:49:00,Engine Alert,Low,Investigating,ORD
IN0008158,FL0011681,AC01053,2026-05-28 09:14:00,Engine Alert,Critical,Investigating,ORD
IN0008159,FL0000026,AC00494,2026-03-22 19:48:00,Engine Alert,Low,Investigating,DFW
IN0008160,FL0008810,AC00839,2026-03-23 02:22:00,Hydraulic Leak,High,Closed,ORD
IN0008161,FL0005706,AC00260,2026-05-17 07:18:00,Engine Alert,Medium,Resolved,MIA
IN0008162,FL0004051,AC00917,2026-06-08 06:09:00,Engine Alert,High,Resolved,DEL
IN0008163,FL0002456,AC00816,2026-05-01 00:48:00,Turbulence,Low,Open,LAX
IN0008164,FL0004873,AC00874,2026-06-06 09:21:00,Turbulence,Low,Open,LHR
IN0008165,FL0002647,AC00325,2026-05-03 03:47:00,Bird Strike,Low,Investigating,DXB
IN0008166,FL0002335,AC00069,2026-01-24 20:22:00,Hydraulic Leak,Low,Open,SFO
IN0008167,FL0003593,AC00573,2026-06-02 10:24:00,Navigation Error,Medium,Closed,DEL
IN0008168,FL0002681,AC00462,2026-01-10 06:01:00,Bird Strike,High,Open,BLR
IN0008169,FL0004975,AC01048,2026-02-21 03:55:00,Engine Alert,Low,Investigating,MIA
IN0008170,FL0000254,AC00831,2026-01-10 23:42:00,Bird Strike,Low,Resolved,LHR
IN0008171,FL0007520,AC00760,2026-05-13 06:58:00,Turbulence,High,Closed,BOS
IN0008172,FL0000908,AC00393,2026-03-17 01:07:00,Brake Issue,Critical,Open,DEN
IN0008173,FL0007269,AC00430,2026-03-12 20:28:00,Navigation Error,High,Resolved,SEA
IN0008174,FL0009609,AC00184,2026-01-29 21:08:00,Hydraulic Leak,Low,Resolved,LAX
IN0008175,FL0013043,AC00660,2026-06-28 23:05:00,Turbulence,Low,Investigating,SIN
IN0008176,FL0005074,AC00789,2026-01-17 12:51:00,Turbulence,Medium,Open,MIA
IN0008177,FL0000092,AC01089,2026-06-18 17:47:00,Navigation Error,Medium,Closed,ATL
IN0008178,FL0003899,AC00084,2026-03-17 09:36:00,Engine Alert,Medium,Open,ORD
IN0008179,FL0000681,AC01164,2026-04-03 10:09:00,Engine Alert,Low,Resolved,MIA
IN0008180,FL0002152,AC00826,2026-05-03 03:13:00,Engine Alert,Medium,Resolved,BOS
IN0008181,FL0011595,AC01135,2026-04-17 02:44:00,Hydraulic Leak,Medium,Resolved,SEA
IN0008182,FL0011329,AC01024,2026-05-24 00:11:00,Bird Strike,High,Investigating,DFW
IN0008183,FL0008308,AC00512,2026-06-23 08:28:00,Navigation Error,High,Investigating,LHR
IN0008184,FL0011056,AC00474,2026-02-02 07:27:00,Engine Alert,Low,Investigating,DFW
IN0008185,FL0007547,AC00528,2026-03-20 12:46:00,Turbulence,Low,Resolved,BLR
IN0008186,FL0007638,AC00737,2026-05-28 14:40:00,Turbulence,Medium,Resolved,DEN
IN0008187,FL0012061,AC00637,2026-01-08 12:29:00,Navigation Error,Medium,Open,JFK
IN0008188,FL0005689,AC00421,2026-06-18 08:03:00,Hydraulic Leak,Low,Closed,DEL
IN0008189,FL0011899,AC01106,2026-05-08 17:31:00,Hydraulic Leak,Low,Closed,DEL
IN0008190,FL0011743,AC00439,2026-05-24 12:47:00,Turbulence,High,Investigating,ORD
IN0008191,FL0003842,AC00867,2026-05-01 01:44:00,Weather Alert,High,Open,ATL
IN0008192,FL0010755,AC00377,2026-03-20 18:21:00,Hydraulic Leak,Medium,Open,LAX
IN0008193,FL0004025,AC00222,2026-01-16 19:02:00,Weather Alert,Medium,Open,JFK
IN0008194,FL0009426,AC01162,2026-04-18 20:33:00,Weather Alert,Medium,Open,BOS
IN0008195,FL0012897,AC00152,2026-05-02 07:23:00,Brake Issue,Medium,Resolved,DXB
IN0008196,FL0008728,AC00568,2026-06-14 09:02:00,Brake Issue,Low,Investigating,BOS
IN0008197,FL0010470,AC00520,2026-06-02 23:13:00,Navigation Error,Low,Closed,JFK
IN0008198,FL0006812,AC00711,2026-06-29 02:07:00,Brake Issue,Low,Investigating,SFO
IN0008199,FL0011084,AC01107,2026-01-06 14:51:00,Bird Strike,Low,Investigating,MIA
IN0008200,FL0009170,AC00328,2026-06-09 16:17:00,Navigation Error,Medium,Closed,SEA
IN0008201,FL0004194,AC00102,2026-05-18 02:22:00,Engine Alert,Low,Investigating,DEN
IN0008202,FL0012260,AC00270,2026-01-23 17:39:00,Navigation Error,High,Investigating,BOS
IN0008203,FL0009420,AC00624,2026-06-09 09:44:00,Bird Strike,Medium,Open,DXB
IN0008204,FL0013688,AC00937,2026-06-17 13:27:00,Hydraulic Leak,Medium,Closed,ATL
IN0008205,FL0012829,AC00523,2026-04-19 01:59:00,Bird Strike,Low,Closed,DFW
IN0008206,FL0004317,AC00542,2026-06-11 11:44:00,Navigation Error,Medium,Investigating,DFW
IN0008207,FL0009288,AC00494,2026-01-26 18:00:00,Brake Issue,Medium,Closed,LHR
IN0008208,FL0001770,AC00693,2026-07-01 09:34:00,Engine Alert,Low,Closed,DFW
IN0008209,FL0002152,AC00508,2026-05-31 05:28:00,Brake Issue,High,Resolved,LAX
IN0008210,FL0014056,AC00637,2026-01-28 05:13:00,Hydraulic Leak,High,Open,BLR
IN0008211,FL0014662,AC00316,2026-05-20 02:33:00,Hydraulic Leak,Low,Investigating,MIA
IN0008212,FL0000947,AC01091,2026-04-08 06:09:00,Brake Issue,Low,Resolved,JFK
IN0008213,FL0010410,AC00357,2026-04-24 13:45:00,Weather Alert,High,Investigating,LHR
IN0008214,FL0010128,AC00674,2026-04-18 17:30:00,Engine Alert,Medium,Resolved,SIN
IN0008215,FL0005205,AC00128,2026-02-05 19:27:00,Bird Strike,High,Closed,SFO
IN0008216,FL0000445,AC00439,2026-05-30 06:47:00,Turbulence,Medium,Open,DFW
IN0008217,FL0008551,AC00648,2026-03-09 21:55:00,Weather Alert,Low,Closed,SIN
IN0008218,FL0001661,AC00496,2026-04-28 01:30:00,Bird Strike,Low,Resolved,DFW
IN0008219,FL0008235,AC00035,2026-03-02 13:36:00,Navigation Error,Medium,Open,BOS
IN0008220,FL0013755,AC00352,2026-04-20 04:46:00,Turbulence,Low,Open,SFO
IN0008221,FL0013849,AC00625,2026-02-05 11:05:00,Brake Issue,Low,Resolved,SIN
IN0008222,FL0009500,AC00475,2026-02-22 13:42:00,Brake Issue,Low,Resolved,SIN
IN0008223,FL0008934,AC00725,2026-06-09 09:28:00,Hydraulic Leak,Low,Resolved,DFW
IN0008224,FL0002312,AC00754,2026-05-18 21:02:00,Navigation Error,Low,Open,DEN
IN0008225,FL0014575,AC01039,2026-01-21 23:43:00,Weather Alert,Low,Investigating,BLR
IN0008226,FL0004281,AC00201,2026-04-01 09:32:00,Turbulence,Low,Resolved,LAX
IN0008227,FL0005300,AC00784,2026-04-09 07:36:00,Weather Alert,Low,Open,DFW
IN0008228,FL0007959,AC00276,2026-06-04 14:29:00,Brake Issue,Low,Open,MIA
IN0008229,FL0008717,AC01027,2026-06-14 23:13:00,Navigation Error,Low,Investigating,MIA
IN0008230,FL0008315,AC00308,2026-05-19 11:08:00,Hydraulic Leak,Medium,Closed,DFW
IN0008231,FL0003291,AC01025,2026-03-20 01:58:00,Engine Alert,Low,Investigating,DXB
IN0008232,FL0003950,AC00180,2026-02-25 08:13:00,Brake Issue,Low,Investigating,BOS
IN0008233,FL0014420,AC01087,2026-02-12 07:00:00,Hydraulic Leak,Medium,Resolved,LAX
IN0008234,FL0011416,AC00100,2026-03-11 19:52:00,Hydraulic Leak,Low,Closed,LAX
IN0008235,FL0014276,AC01187,2026-04-03 08:40:00,Brake Issue,Low,Closed,MIA
IN0008236,FL0011671,AC00898,2026-05-24 00:29:00,Engine Alert,Low,Closed,SIN
IN0008237,FL0014139,AC01101,2026-02-16 08:52:00,Brake Issue,Medium,Investigating,JFK
IN0008238,FL0004490,AC00675,2026-01-12 00:39:00,Navigation Error,Low,Open,LHR
IN0008239,FL0014609,AC00911,2026-04-29 11:14:00,Bird Strike,Low,Investigating,SFO
IN0008240,FL0011739,AC01197,2026-06-09 20:46:00,Brake Issue,High,Open,JFK
IN0008241,FL0004552,AC00959,2026-05-24 03:20:00,Engine Alert,Low,Investigating,ORD
IN0008242,FL0013819,AC01047,2026-04-14 21:57:00,Bird Strike,Low,Resolved,JFK
IN0008243,FL0008351,AC00269,2026-01-07 05:24:00,Bird Strike,Medium,Open,ATL
IN0008244,FL0003704,AC01112,2026-02-13 05:48:00,Navigation Error,Medium,Investigating,JFK
IN0008245,FL0001022,AC01121,2026-04-25 20:09:00,Turbulence,Low,Closed,JFK
IN0008246,FL0011743,AC00436,2026-01-05 02:38:00,Hydraulic Leak,Medium,Open,SFO
IN0008247,FL0008576,AC00753,2026-02-13 19:32:00,Turbulence,Low,Closed,DXB
IN0008248,FL0005456,AC00321,2026-01-23 21:13:00,Navigation Error,Medium,Investigating,MIA
IN0008249,FL0006779,AC00059,2026-04-07 15:26:00,Hydraulic Leak,High,Investigating,BOS
IN0008250,FL0004358,AC00381,2026-05-27 09:48:00,Brake Issue,Medium,Resolved,DEL
IN0008251,FL0014481,AC00059,2026-05-19 12:38:00,Navigation Error,Medium,Resolved,BOS
IN0008252,FL0012243,AC00997,2026-01-25 19:59:00,Navigation Error,Medium,Resolved,ATL
IN0008253,FL0007927,AC00233,2026-05-02 21:42:00,Navigation Error,Medium,Investigating,JFK
IN0008254,FL0009275,AC00675,2026-02-06 14:51:00,Navigation Error,Medium,Resolved,SIN
IN0008255,FL0003450,AC00187,2026-02-20 05:42:00,Engine Alert,Medium,Investigating,LAX
IN0008256,FL0013933,AC00192,2026-05-11 04:55:00,Bird Strike,Low,Resolved,DFW
IN0008257,FL0011119,AC00445,2026-05-11 05:16:00,Turbulence,Low,Resolved,MIA
IN0008258,FL0005140,AC00772,2026-03-04 08:38:00,Weather Alert,Low,Resolved,SIN
IN0008259,FL0007643,AC00933,2026-02-17 18:25:00,Weather Alert,Low,Investigating,LHR
IN0008260,FL0007733,AC00023,2026-01-06 23:36:00,Engine Alert,High,Closed,JFK
IN0008261,FL0010306,AC00151,2026-05-25 02:42:00,Turbulence,Medium,Open,SIN
IN0008262,FL0002804,AC00932,2026-05-26 20:39:00,Brake Issue,Low,Open,DXB
IN0008263,FL0011259,AC00513,2026-06-30 16:50:00,Engine Alert,Low,Closed,SFO
IN0008264,FL0001057,AC00696,2026-04-15 14:58:00,Turbulence,Low,Investigating,DEN
IN0008265,FL0013463,AC00365,2026-04-17 11:55:00,Engine Alert,Medium,Closed,ORD
IN0008266,FL0000803,AC00973,2026-02-16 14:02:00,Navigation Error,Low,Investigating,MIA
IN0008267,FL0009056,AC00728,2026-03-31 18:55:00,Bird Strike,Medium,Resolved,SIN
IN0008268,FL0007260,AC00398,2026-03-05 01:15:00,Bird Strike,Medium,Open,BLR
IN0008269,FL0010704,AC00818,2026-04-25 01:24:00,Turbulence,Critical,Investigating,JFK
IN0008270,FL0002747,AC01133,2026-02-12 15:23:00,Turbulence,Low,Investigating,DEL
IN0008271,FL0014196,AC00035,2026-04-18 19:34:00,Turbulence,Low,Open,DEL
IN0008272,FL0014894,AC00561,2026-04-22 18:48:00,Navigation Error,Low,Open,SIN
IN0008273,FL0009765,AC00242,2026-01-14 13:28:00,Weather Alert,Low,Investigating,DEN
IN0008274,FL0008681,AC00884,2026-02-19 14:11:00,Engine Alert,Medium,Resolved,DEN
IN0008275,FL0004715,AC00494,2026-02-23 16:51:00,Bird Strike,Low,Closed,BOS
IN0008276,FL0013050,AC00308,2026-06-17 18:41:00,Brake Issue,Medium,Investigating,BOS
IN0008277,FL0000007,AC00266,2026-03-30 12:27:00,Brake Issue,Medium,Open,ORD
IN0008278,FL0006759,AC00109,2026-01-05 18:35:00,Weather Alert,Medium,Closed,JFK
IN0008279,FL0011605,AC00748,2026-03-09 00:00:00,Hydraulic Leak,Low,Open,MIA
IN0008280,FL0013797,AC00871,2026-06-10 00:51:00,Engine Alert,Low,Closed,ORD
IN0008281,FL0014738,AC00786,2026-05-19 13:56:00,Turbulence,Low,Investigating,DFW
IN0008282,FL0012972,AC00276,2026-03-11 01:10:00,Bird Strike,Medium,Investigating,LAX
IN0008283,FL0010809,AC01052,2026-03-12 09:05:00,Navigation Error,Low,Open,LHR
IN0008284,FL0006779,AC00207,2026-02-08 20:00:00,Engine Alert,Medium,Open,SEA
IN0008285,FL0004446,AC00139,2026-05-07 00:57:00,Turbulence,Medium,Open,DFW
IN0008286,FL0011391,AC01182,2026-05-01 15:30:00,Brake Issue,Medium,Closed,LAX
IN0008287,FL0011927,AC00191,2026-02-05 14:17:00,Navigation Error,High,Investigating,JFK
IN0008288,FL0007863,AC00480,2026-01-17 12:29:00,Turbulence,Low,Open,JFK
IN0008289,FL0010544,AC00231,2026-03-13 23:36:00,Hydraulic Leak,Low,Closed,SEA
IN0008290,FL0008015,AC01189,2026-05-10 07:38:00,Navigation Error,Low,Open,BOS
IN0008291,FL0008863,AC00789,2026-06-20 09:22:00,Navigation Error,Medium,Investigating,JFK
IN0008292,FL0001116,AC00299,2026-06-24 10:15:00,Brake Issue,Low,Open,DXB
IN0008293,FL0001272,AC01160,2026-03-15 08:13:00,Bird Strike,High,Closed,BLR
IN0008294,FL0009927,AC00306,2026-05-23 16:55:00,Hydraulic Leak,Low,Open,SFO
IN0008295,FL0002872,AC01072,2026-01-18 14:01:00,Bird Strike,Medium,Closed,SIN
IN0008296,FL0002564,AC01182,2026-03-11 08:11:00,Hydraulic Leak,Medium,Closed,SIN
IN0008297,FL0014625,AC01159,2026-05-25 09:05:00,Navigation Error,Medium,Investigating,SEA
IN0008298,FL0006279,AC00155,2026-02-07 01:29:00,Hydraulic Leak,Medium,Investigating,DXB
IN0008299,FL0014057,AC00882,2026-05-22 12:50:00,Brake Issue,Medium,Closed,SIN
IN0008300,FL0003934,AC00910,2026-03-08 07:30:00,Navigation Error,High,Open,SEA
IN0008301,FL0013928,AC00608,2026-01-14 09:16:00,Turbulence,Medium,Open,SIN
IN0008302,FL0007214,AC00886,2026-02-10 06:26:00,Brake Issue,Low,Resolved,BLR
IN0008303,FL0002454,AC00842,2026-01-25 18:19:00,Bird Strike,Low,Resolved,SFO
IN0008304,FL0002393,AC01055,2026-05-03 01:41:00,Bird Strike,Medium,Closed,SEA
IN0008305,FL0012595,AC00483,2026-05-10 21:42:00,Turbulence,Low,Open,BOS
IN0008306,FL0010471,AC01028,2026-01-13 01:09:00,Engine Alert,Medium,Investigating,DXB
IN0008307,FL0009871,AC00467,2026-05-29 10:56:00,Hydraulic Leak,Medium,Resolved,ORD
IN0008308,FL0013787,AC00493,2026-01-15 14:41:00,Weather Alert,High,Resolved,DXB
IN0008309,FL0013019,AC00398,2026-01-21 04:16:00,Turbulence,High,Resolved,ATL
IN0008310,FL0013982,AC00127,2026-06-14 00:07:00,Brake Issue,Low,Open,DEN
IN0008311,FL0003037,AC00746,2026-05-29 13:09:00,Engine Alert,Low,Resolved,JFK
IN0008312,FL0005728,AC00664,2026-04-14 11:20:00,Engine Alert,Medium,Investigating,SEA
IN0008313,FL0014169,AC01104,2026-01-05 10:52:00,Bird Strike,High,Closed,DEN
IN0008314,FL0005370,AC00499,2026-06-16 19:32:00,Engine Alert,High,Investigating,LHR
IN0008315,FL0011228,AC00522,2026-03-17 14:31:00,Navigation Error,High,Closed,SFO
IN0008316,FL0011535,AC00208,2026-01-11 03:17:00,Navigation Error,Medium,Resolved,DEN
IN0008317,FL0014316,AC00891,2026-06-13 10:56:00,Engine Alert,High,Open,LAX
IN0008318,FL0011302,AC00967,2026-03-20 01:40:00,Navigation Error,Medium,Closed,BOS
IN0008319,FL0007890,AC00345,2026-02-01 19:17:00,Hydraulic Leak,Low,Resolved,BLR
IN0008320,FL0010334,AC00331,2026-02-05 06:47:00,Navigation Error,Low,Investigating,DEL
IN0008321,FL0001603,AC00241,2026-02-27 23:28:00,Bird Strike,Low,Open,DXB
IN0008322,FL0012164,AC00031,2026-01-26 06:39:00,Brake Issue,Medium,Closed,ORD
IN0008323,FL0006919,AC00673,2026-03-19 04:05:00,Brake Issue,Medium,Open,BOS
IN0008324,FL0010980,AC00696,2026-03-05 07:11:00,Turbulence,Medium,Closed,BLR
IN0008325,FL0003035,AC00652,2026-02-10 04:54:00,Turbulence,Medium,Resolved,LAX
IN0008326,FL0011819,AC01040,2026-05-09 21:48:00,Brake Issue,Low,Closed,DFW
IN0008327,FL0008580,AC00746,2026-06-27 18:35:00,Turbulence,Low,Open,SEA
IN0008328,FL0011877,AC01108,2026-04-27 12:17:00,Turbulence,Low,Open,MIA
IN0008329,FL0002875,AC00917,2026-03-17 16:15:00,Hydraulic Leak,Low,Resolved,SEA
IN0008330,FL0011011,AC00043,2026-02-26 15:17:00,Turbulence,Medium,Closed,BOS
IN0008331,FL0009119,AC00533,2026-02-20 05:37:00,Turbulence,Low,Closed,LHR
IN0008332,FL0004483,AC01062,2026-02-06 19:18:00,Turbulence,Critical,Closed,LHR
IN0008333,FL0007537,AC00275,2026-06-19 20:43:00,Bird Strike,Low,Closed,ORD
IN0008334,FL0002935,AC00653,2026-06-26 09:58:00,Hydraulic Leak,Medium,Investigating,LAX
IN0008335,FL0014440,AC00503,2026-06-14 11:02:00,Engine Alert,Medium,Resolved,MIA
IN0008336,FL0011143,AC00635,2026-05-25 08:05:00,Navigation Error,Low,Resolved,SIN
IN0008337,FL0014864,AC00790,2026-01-19 19:29:00,Weather Alert,Low,Resolved,DXB
IN0008338,FL0001644,AC00543,2026-02-16 04:34:00,Navigation Error,Medium,Resolved,MIA
IN0008339,FL0001576,AC01189,2026-05-31 23:05:00,Weather Alert,Low,Open,LAX
IN0008340,FL0008943,AC00270,2026-06-16 22:20:00,Turbulence,Low,Resolved,BOS
IN0008341,FL0002048,AC00975,2026-01-03 23:20:00,Navigation Error,Medium,Resolved,BOS
IN0008342,FL0014715,AC00139,2026-04-03 01:10:00,Bird Strike,High,Investigating,LHR
IN0008343,FL0001621,AC00281,2026-01-17 04:25:00,Turbulence,Medium,Closed,MIA
IN0008344,FL0013687,AC00986,2026-06-29 22:26:00,Bird Strike,Low,Open,DEL
IN0008345,FL0006122,AC00951,2026-01-14 18:24:00,Engine Alert,Low,Resolved,DEN
IN0008346,FL0012522,AC01056,2026-02-07 11:42:00,Hydraulic Leak,Low,Resolved,JFK
IN0008347,FL0005746,AC00076,2026-01-15 03:20:00,Brake Issue,Medium,Investigating,BOS
IN0008348,FL0006272,AC00886,2026-06-17 15:53:00,Turbulence,Low,Resolved,BOS
IN0008349,FL0003540,AC00723,2026-05-10 13:01:00,Hydraulic Leak,High,Open,SIN
IN0008350,FL0007091,AC00208,2026-06-27 09:45:00,Turbulence,High,Open,SFO
IN0008351,FL0001782,AC00980,2026-05-25 04:12:00,Navigation Error,High,Open,DEN
IN0008352,FL0001618,AC00847,2026-01-21 22:49:00,Brake Issue,Low,Resolved,SEA
IN0008353,FL0013387,AC00777,2026-05-11 02:23:00,Weather Alert,Low,Resolved,SIN
IN0008354,FL0013733,AC00438,2026-05-10 04:06:00,Bird Strike,Low,Open,DFW
IN0008355,FL0014037,AC00406,2026-06-02 12:26:00,Turbulence,Low,Open,DFW
IN0008356,FL0000397,AC00549,2026-06-05 04:21:00,Bird Strike,Low,Open,ORD
IN0008357,FL0013290,AC00476,2026-01-29 22:47:00,Bird Strike,Low,Investigating,DXB
IN0008358,FL0008804,AC00770,2026-06-02 11:35:00,Bird Strike,Medium,Open,SEA
IN0008359,FL0007556,AC00643,2026-01-23 19:33:00,Brake Issue,High,Investigating,DXB
IN0008360,FL0006081,AC00719,2026-03-14 14:53:00,Weather Alert,Low,Closed,DFW
IN0008361,FL0007583,AC01074,2026-02-06 04:32:00,Navigation Error,Medium,Resolved,DXB
IN0008362,FL0003833,AC00265,2026-02-02 04:40:00,Hydraulic Leak,High,Closed,SEA
IN0008363,FL0013135,AC00276,2026-01-23 01:40:00,Weather Alert,High,Resolved,DEN
IN0008364,FL0013696,AC00905,2026-06-05 21:44:00,Weather Alert,Medium,Investigating,DEL
IN0008365,FL0003188,AC00559,2026-06-02 19:22:00,Turbulence,Medium,Resolved,SIN
IN0008366,FL0000985,AC01104,2026-06-04 09:06:00,Engine Alert,Low,Open,BLR
IN0008367,FL0007961,AC00246,2026-05-20 11:13:00,Navigation Error,Low,Closed,LAX
IN0008368,FL0007947,AC00333,2026-03-12 15:17:00,Brake Issue,Low,Closed,SFO
IN0008369,FL0008063,AC00215,2026-06-06 19:05:00,Engine Alert,Medium,Investigating,DEN
IN0008370,FL0009156,AC00429,2026-03-03 17:35:00,Navigation Error,Medium,Closed,SEA
IN0008371,FL0009496,AC00162,2026-05-25 00:17:00,Bird Strike,Medium,Investigating,ATL
IN0008372,FL0013067,AC00662,2026-06-09 11:47:00,Turbulence,Medium,Closed,BOS
IN0008373,FL0000523,AC00580,2026-01-30 16:14:00,Bird Strike,Low,Closed,DXB
IN0008374,FL0005300,AC00400,2026-02-02 18:21:00,Navigation Error,Low,Investigating,SIN
IN0008375,FL0003357,AC00255,2026-06-15 20:12:00,Engine Alert,Low,Resolved,ATL
IN0008376,FL0001073,AC00450,2026-05-21 15:57:00,Turbulence,Low,Open,ATL
IN0008377,FL0011436,AC00636,2026-03-18 06:01:00,Weather Alert,Critical,Investigating,ORD
IN0008378,FL0001307,AC01071,2026-02-02 08:45:00,Navigation Error,Low,Resolved,DEL
IN0008379,FL0005386,AC00938,2026-03-25 10:06:00,Turbulence,Low,Closed,DEN
IN0008380,FL0006436,AC00608,2026-06-19 12:20:00,Navigation Error,High,Open,ORD
IN0008381,FL0014268,AC01028,2026-05-17 22:12:00,Hydraulic Leak,Medium,Investigating,LHR
IN0008382,FL0008889,AC00498,2026-03-12 04:52:00,Brake Issue,Medium,Investigating,JFK
IN0008383,FL0005241,AC00057,2026-05-12 00:44:00,Turbulence,Medium,Open,ATL
IN0008384,FL0013590,AC00493,2026-05-22 08:33:00,Navigation Error,High,Investigating,DFW
IN0008385,FL0002594,AC00801,2026-03-19 00:55:00,Weather Alert,Low,Resolved,SEA
IN0008386,FL0009384,AC00104,2026-06-10 05:49:00,Hydraulic Leak,Low,Closed,LHR
IN0008387,FL0005198,AC00302,2026-01-12 00:13:00,Hydraulic Leak,High,Closed,LAX
IN0008388,FL0012040,AC00491,2026-06-05 02:01:00,Weather Alert,Low,Closed,SIN
IN0008389,FL0006832,AC00030,2026-04-17 13:39:00,Brake Issue,Critical,Open,DFW
IN0008390,FL0012558,AC00707,2026-03-09 11:06:00,Navigation Error,Medium,Investigating,JFK
IN0008391,FL0008317,AC00775,2026-05-27 08:08:00,Weather Alert,Low,Investigating,DXB
IN0008392,FL0011967,AC01003,2026-06-01 16:53:00,Hydraulic Leak,Medium,Investigating,SIN
IN0008393,FL0004005,AC00382,2026-05-20 19:43:00,Hydraulic Leak,Low,Closed,DXB
IN0008394,FL0006165,AC00247,2026-05-20 12:53:00,Bird Strike,Medium,Open,DEL
IN0008395,FL0007108,AC00387,2026-02-11 06:37:00,Engine Alert,Low,Investigating,LHR
IN0008396,FL0000565,AC00383,2026-04-15 14:52:00,Engine Alert,Low,Open,LAX
IN0008397,FL0013576,AC01005,2026-02-21 16:42:00,Bird Strike,Low,Open,ATL
IN0008398,FL0000637,AC00766,2026-04-20 23:43:00,Engine Alert,Low,Investigating,JFK
IN0008399,FL0006948,AC00667,2026-03-15 21:22:00,Brake Issue,Low,Closed,BLR
IN0008400,FL0000900,AC01124,2026-04-29 08:17:00,Turbulence,Medium,Closed,SEA
IN0008401,FL0012518,AC00680,2026-01-16 14:29:00,Brake Issue,Low,Open,DEL
IN0008402,FL0006531,AC00645,2026-03-03 04:42:00,Navigation Error,Low,Open,SIN
IN0008403,FL0002892,AC00159,2026-02-10 18:40:00,Weather Alert,Medium,Closed,ORD
IN0008404,FL0000778,AC00354,2026-03-14 11:46:00,Bird Strike,Low,Investigating,DFW
IN0008405,FL0002371,AC01140,2026-03-22 10:34:00,Bird Strike,Medium,Investigating,LHR
IN0008406,FL0008587,AC00237,2026-03-12 21:49:00,Brake Issue,Low,Investigating,MIA
IN0008407,FL0002976,AC00144,2026-04-15 07:43:00,Turbulence,High,Investigating,JFK
IN0008408,FL0000545,AC00990,2026-05-29 11:32:00,Engine Alert,Low,Open,DEL
IN0008409,FL0001003,AC00763,2026-05-26 17:41:00,Brake Issue,High,Open,DXB
IN0008410,FL0006092,AC00692,2026-01-05 05:06:00,Weather Alert,Critical,Open,ORD
IN0008411,FL0011831,AC00883,2026-04-20 08:33:00,Brake Issue,Medium,Closed,LHR
IN0008412,FL0012277,AC00783,2026-03-04 21:47:00,Bird Strike,High,Closed,DEL
IN0008413,FL0014958,AC00643,2026-01-17 16:35:00,Weather Alert,Low,Investigating,SFO
IN0008414,FL0014233,AC00981,2026-06-17 11:06:00,Navigation Error,Low,Closed,MIA
IN0008415,FL0006601,AC00924,2026-04-21 09:03:00,Turbulence,Medium,Open,DEN
IN0008416,FL0006893,AC00281,2026-03-05 14:19:00,Bird Strike,Low,Closed,JFK
IN0008417,FL0007403,AC01108,2026-01-25 11:32:00,Weather Alert,Medium,Resolved,MIA
IN0008418,FL0012155,AC00079,2026-06-19 05:42:00,Bird Strike,Medium,Investigating,MIA
IN0008419,FL0009343,AC00404,2026-06-02 08:54:00,Engine Alert,Low,Closed,DXB
IN0008420,FL0011874,AC00035,2026-02-18 17:21:00,Hydraulic Leak,Low,Closed,DEL
IN0008421,FL0007774,AC00501,2026-06-20 14:47:00,Turbulence,High,Open,BLR
IN0008422,FL0005795,AC00481,2026-01-26 15:55:00,Navigation Error,Medium,Investigating,BOS
IN0008423,FL0011978,AC00872,2026-01-08 11:01:00,Weather Alert,Medium,Open,SEA
IN0008424,FL0006339,AC00170,2026-05-28 08:46:00,Brake Issue,Low,Open,DFW
IN0008425,FL0004208,AC00547,2026-05-05 15:00:00,Brake Issue,Medium,Resolved,LHR
IN0008426,FL0004782,AC00085,2026-06-24 12:27:00,Weather Alert,Low,Investigating,ORD
IN0008427,FL0000840,AC00643,2026-06-27 07:53:00,Navigation Error,Low,Closed,SFO
IN0008428,FL0001542,AC00596,2026-02-01 14:44:00,Turbulence,Low,Investigating,BOS
IN0008429,FL0002432,AC00939,2026-04-18 01:04:00,Navigation Error,Low,Investigating,SFO
IN0008430,FL0014274,AC00632,2026-04-16 05:10:00,Weather Alert,Medium,Open,BOS
IN0008431,FL0008952,AC00596,2026-03-22 17:33:00,Engine Alert,Low,Open,SFO
IN0008432,FL0010252,AC00469,2026-03-26 23:08:00,Weather Alert,Medium,Resolved,MIA
IN0008433,FL0001228,AC00564,2026-01-13 04:23:00,Navigation Error,Medium,Resolved,ATL
IN0008434,FL0001188,AC01164,2026-02-18 01:34:00,Weather Alert,Low,Closed,SEA
IN0008435,FL0001014,AC00563,2026-02-20 21:49:00,Turbulence,Critical,Resolved,BOS
IN0008436,FL0004121,AC01131,2026-06-24 15:14:00,Hydraulic Leak,Low,Investigating,ATL
IN0008437,FL0010667,AC00327,2026-02-15 00:51:00,Brake Issue,Low,Investigating,BOS
IN0008438,FL0009497,AC00246,2026-03-30 19:45:00,Hydraulic Leak,High,Investigating,ATL
IN0008439,FL0009297,AC01176,2026-06-09 19:17:00,Turbulence,Medium,Investigating,JFK
IN0008440,FL0007887,AC00564,2026-01-23 13:43:00,Hydraulic Leak,Low,Resolved,SFO
IN0008441,FL0011646,AC00824,2026-06-02 08:32:00,Navigation Error,Low,Resolved,BLR
IN0008442,FL0003410,AC00870,2026-04-09 00:36:00,Turbulence,Medium,Closed,DEL
IN0008443,FL0010963,AC00506,2026-05-08 05:11:00,Weather Alert,Medium,Resolved,JFK
IN0008444,FL0001993,AC00727,2026-05-28 07:43:00,Weather Alert,Medium,Open,DXB
IN0008445,FL0006019,AC00809,2026-03-11 03:59:00,Weather Alert,Low,Closed,SEA
IN0008446,FL0007678,AC00535,2026-02-23 10:35:00,Bird Strike,Low,Open,DEL
IN0008447,FL0011362,AC00447,2026-02-24 14:36:00,Turbulence,Critical,Open,BLR
IN0008448,FL0011211,AC00179,2026-04-08 01:42:00,Engine Alert,Medium,Open,LAX
IN0008449,FL0002470,AC00367,2026-05-25 09:13:00,Brake Issue,Low,Open,DEN
IN0008450,FL0004708,AC00019,2026-01-11 09:28:00,Hydraulic Leak,Low,Resolved,SIN
IN0008451,FL0011815,AC00543,2026-04-21 01:18:00,Navigation Error,Low,Closed,ORD
IN0008452,FL0008181,AC00472,2026-06-04 23:53:00,Hydraulic Leak,Low,Resolved,BOS
IN0008453,FL0014289,AC00473,2026-05-22 16:55:00,Engine Alert,Low,Resolved,ORD
IN0008454,FL0007556,AC00467,2026-04-27 18:39:00,Brake Issue,Low,Closed,JFK
IN0008455,FL0010142,AC00749,2026-04-22 02:16:00,Hydraulic Leak,Medium,Closed,DEN
IN0008456,FL0014561,AC00848,2026-04-18 15:25:00,Hydraulic Leak,Low,Investigating,BOS
IN0008457,FL0004189,AC00661,2026-04-01 19:10:00,Turbulence,Low,Investigating,DFW
IN0008458,FL0000218,AC00246,2026-03-29 21:44:00,Bird Strike,Low,Resolved,DXB
IN0008459,FL0002987,AC00073,2026-05-13 05:45:00,Turbulence,Low,Closed,JFK
IN0008460,FL0009565,AC00151,2026-06-20 23:20:00,Engine Alert,Low,Investigating,SFO
IN0008461,FL0003555,AC01109,2026-06-14 09:54:00,Hydraulic Leak,Low,Resolved,SIN
IN0008462,FL0000012,AC00559,2026-04-07 23:30:00,Engine Alert,Low,Closed,SEA
IN0008463,FL0003278,AC00094,2026-04-13 08:30:00,Brake Issue,Low,Open,SIN
IN0008464,FL0004760,AC00921,2026-04-04 08:52:00,Engine Alert,Low,Closed,ATL
IN0008465,FL0013911,AC00378,2026-04-22 17:22:00,Turbulence,Medium,Investigating,DEN
IN0008466,FL0013528,AC01014,2026-06-14 10:56:00,Navigation Error,Low,Investigating,ORD
IN0008467,FL0007684,AC00570,2026-04-21 10:30:00,Turbulence,Low,Investigating,SEA
IN0008468,FL0010049,AC00673,2026-06-23 18:10:00,Turbulence,Low,Open,ORD
IN0008469,FL0014443,AC00877,2026-04-01 15:46:00,Turbulence,Medium,Investigating,DFW
IN0008470,FL0011900,AC00343,2026-06-26 11:13:00,Turbulence,Low,Investigating,JFK
IN0008471,FL0001504,AC01010,2026-02-14 23:57:00,Engine Alert,High,Open,SIN
IN0008472,FL0001109,AC00608,2026-04-22 18:54:00,Bird Strike,Medium,Investigating,BLR
IN0008473,FL0002794,AC00557,2026-02-09 21:34:00,Bird Strike,Medium,Open,SIN
IN0008474,FL0001757,AC00046,2026-03-26 07:30:00,Weather Alert,Critical,Closed,DXB
IN0008475,FL0009756,AC00659,2026-05-04 11:56:00,Navigation Error,Medium,Open,LHR
IN0008476,FL0004394,AC01007,2026-02-12 00:37:00,Navigation Error,Medium,Investigating,BOS
IN0008477,FL0012230,AC00429,2026-06-25 09:04:00,Hydraulic Leak,Medium,Closed,LAX
IN0008478,FL0009037,AC00217,2026-01-31 02:23:00,Hydraulic Leak,Low,Closed,ORD
IN0008479,FL0006692,AC00995,2026-03-11 18:36:00,Weather Alert,Critical,Investigating,DFW
IN0008480,FL0007450,AC01102,2026-06-05 20:13:00,Turbulence,Critical,Investigating,BLR
IN0008481,FL0006655,AC00060,2026-01-05 23:06:00,Turbulence,Medium,Open,DEL
IN0008482,FL0004141,AC00163,2026-01-04 20:39:00,Hydraulic Leak,Medium,Open,ORD
IN0008483,FL0001394,AC01199,2026-05-27 10:33:00,Hydraulic Leak,Medium,Open,LAX
IN0008484,FL0004882,AC00287,2026-04-02 19:09:00,Engine Alert,Medium,Resolved,LAX
IN0008485,FL0004184,AC00209,2026-03-20 13:03:00,Navigation Error,Low,Investigating,SEA
IN0008486,FL0003580,AC00155,2026-04-11 22:54:00,Engine Alert,Low,Open,SFO
IN0008487,FL0010343,AC00577,2026-05-11 09:07:00,Weather Alert,Medium,Investigating,LHR
IN0008488,FL0012630,AC00828,2026-06-26 14:15:00,Bird Strike,Low,Open,BLR
IN0008489,FL0004300,AC00671,2026-02-03 17:33:00,Weather Alert,Medium,Resolved,ORD
IN0008490,FL0006073,AC00967,2026-01-16 23:12:00,Engine Alert,Low,Investigating,DEN
IN0008491,FL0013404,AC00600,2026-06-07 16:04:00,Navigation Error,High,Open,BLR
IN0008492,FL0006801,AC00001,2026-06-12 13:05:00,Weather Alert,Low,Resolved,DXB
IN0008493,FL0011508,AC00424,2026-04-21 02:45:00,Weather Alert,Low,Closed,SFO
IN0008494,FL0011114,AC00110,2026-04-22 04:36:00,Navigation Error,Medium,Investigating,DFW
IN0008495,FL0009471,AC00609,2026-01-15 11:52:00,Hydraulic Leak,Low,Investigating,DEN
IN0008496,FL0000223,AC00142,2026-03-08 17:22:00,Hydraulic Leak,Medium,Resolved,SFO
IN0008497,FL0006248,AC00359,2026-03-12 03:02:00,Turbulence,Low,Closed,MIA
IN0008498,FL0010201,AC00434,2026-03-15 16:12:00,Navigation Error,Medium,Investigating,JFK
IN0008499,FL0002813,AC00312,2026-01-23 23:56:00,Bird Strike,Low,Investigating,SEA
IN0008500,FL0012333,AC00619,2026-01-19 23:06:00,Engine Alert,High,Closed,DEL
IN0008501,FL0013841,AC00973,2026-01-19 03:54:00,Navigation Error,High,Open,MIA
IN0008502,FL0004690,AC00519,2026-06-11 20:35:00,Brake Issue,Low,Investigating,ORD
IN0008503,FL0001200,AC00497,2026-06-06 03:45:00,Navigation Error,Low,Closed,DEN
IN0008504,FL0013645,AC00592,2026-06-18 04:20:00,Turbulence,Low,Open,LHR
IN0008505,FL0001631,AC00918,2026-02-17 11:31:00,Bird Strike,Low,Investigating,MIA
IN0008506,FL0012935,AC00145,2026-03-17 19:34:00,Engine Alert,Low,Resolved,BLR
IN0008507,FL0012739,AC00582,2026-06-28 11:24:00,Brake Issue,Medium,Investigating,LAX
IN0008508,FL0002094,AC00742,2026-05-10 20:00:00,Hydraulic Leak,Low,Closed,MIA
IN0008509,FL0013084,AC00677,2026-01-11 15:52:00,Turbulence,Critical,Closed,ORD
IN0008510,FL0013838,AC00045,2026-05-10 05:36:00,Brake Issue,Low,Resolved,SIN
IN0008511,FL0009462,AC00014,2026-05-03 15:08:00,Weather Alert,Medium,Investigating,JFK
IN0008512,FL0002694,AC01067,2026-04-01 07:25:00,Engine Alert,Low,Resolved,BLR
IN0008513,FL0011241,AC01045,2026-06-23 00:02:00,Turbulence,High,Open,DEL
IN0008514,FL0003031,AC00942,2026-05-27 16:36:00,Brake Issue,Medium,Investigating,SEA
IN0008515,FL0008314,AC00810,2026-05-14 19:31:00,Engine Alert,High,Resolved,ATL
IN0008516,FL0002395,AC01126,2026-06-10 18:14:00,Hydraulic Leak,Medium,Closed,JFK
IN0008517,FL0002256,AC01115,2026-01-03 15:06:00,Engine Alert,Low,Resolved,BOS
IN0008518,FL0004750,AC00995,2026-03-24 02:13:00,Turbulence,Low,Open,LHR
IN0008519,FL0001430,AC00071,2026-01-18 14:27:00,Turbulence,Low,Open,DFW
IN0008520,FL0002115,AC00998,2026-04-05 12:49:00,Navigation Error,Low,Closed,BLR
IN0008521,FL0002695,AC00967,2026-02-02 03:38:00,Engine Alert,Low,Resolved,DEN
IN0008522,FL0012057,AC01075,2026-04-05 23:26:00,Hydraulic Leak,Low,Closed,ORD
IN0008523,FL0005759,AC00115,2026-05-22 04:34:00,Engine Alert,Medium,Investigating,JFK
IN0008524,FL0003421,AC00532,2026-01-13 03:38:00,Brake Issue,Low,Investigating,DFW
IN0008525,FL0010130,AC00220,2026-04-22 03:20:00,Bird Strike,Low,Investigating,SEA
IN0008526,FL0003108,AC01188,2026-05-18 07:48:00,Bird Strike,Low,Investigating,ATL
IN0008527,FL0002227,AC00697,2026-02-21 03:40:00,Engine Alert,Medium,Resolved,SEA
IN0008528,FL0002930,AC00320,2026-03-25 03:52:00,Bird Strike,Low,Resolved,MIA
IN0008529,FL0005423,AC00340,2026-06-16 09:58:00,Bird Strike,Medium,Resolved,JFK
IN0008530,FL0012557,AC00275,2026-03-20 15:07:00,Bird Strike,Low,Resolved,MIA
IN0008531,FL0000273,AC00247,2026-06-04 06:08:00,Turbulence,Critical,Open,DXB
IN0008532,FL0006524,AC00980,2026-02-15 17:28:00,Bird Strike,High,Open,BLR
IN0008533,FL0011183,AC00269,2026-03-06 10:26:00,Bird Strike,Low,Closed,SFO
IN0008534,FL0006366,AC00963,2026-05-07 20:54:00,Hydraulic Leak,Low,Closed,DFW
IN0008535,FL0005298,AC00144,2026-04-16 06:50:00,Weather Alert,Medium,Closed,ORD
IN0008536,FL0001984,AC00251,2026-04-24 09:32:00,Navigation Error,High,Resolved,SEA
IN0008537,FL0000277,AC00243,2026-02-19 05:14:00,Brake Issue,Low,Closed,SFO
IN0008538,FL0007826,AC00921,2026-02-01 00:45:00,Bird Strike,Low,Investigating,LAX
IN0008539,FL0012278,AC00876,2026-05-18 12:48:00,Brake Issue,Low,Closed,DEN
IN0008540,FL0009903,AC00186,2026-06-12 21:15:00,Weather Alert,Low,Resolved,ORD
IN0008541,FL0003543,AC00616,2026-04-15 12:18:00,Engine Alert,High,Open,LHR
IN0008542,FL0003283,AC00876,2026-03-16 02:05:00,Navigation Error,Low,Closed,DFW
IN0008543,FL0002032,AC00984,2026-02-22 10:13:00,Engine Alert,Low,Closed,SFO
IN0008544,FL0013300,AC00247,2026-04-20 21:44:00,Engine Alert,Low,Resolved,JFK
IN0008545,FL0005963,AC00645,2026-02-08 01:18:00,Bird Strike,High,Resolved,ORD
IN0008546,FL0014455,AC00583,2026-03-12 09:52:00,Brake Issue,Medium,Resolved,DXB
IN0008547,FL0004000,AC00104,2026-04-23 16:08:00,Hydraulic Leak,Medium,Resolved,DEL
IN0008548,FL0004508,AC00707,2026-04-09 06:36:00,Turbulence,High,Open,JFK
IN0008549,FL0006292,AC00041,2026-01-05 12:41:00,Bird Strike,Medium,Resolved,LHR
IN0008550,FL0005557,AC00076,2026-01-27 23:42:00,Navigation Error,Low,Open,MIA
IN0008551,FL0011777,AC00408,2026-04-29 01:31:00,Engine Alert,Medium,Closed,ORD
IN0008552,FL0008354,AC00309,2026-04-14 13:36:00,Navigation Error,Medium,Closed,ATL
IN0008553,FL0010286,AC01069,2026-04-22 21:17:00,Turbulence,High,Closed,DXB
IN0008554,FL0007471,AC00489,2026-05-18 03:44:00,Turbulence,Low,Resolved,SEA
IN0008555,FL0011282,AC00954,2026-05-04 12:36:00,Bird Strike,Medium,Resolved,ORD
IN0008556,FL0007005,AC00494,2026-04-09 23:24:00,Weather Alert,Low,Resolved,LAX
IN0008557,FL0005096,AC01152,2026-05-10 02:37:00,Weather Alert,Low,Open,SFO
IN0008558,FL0000558,AC01062,2026-04-01 03:40:00,Hydraulic Leak,Medium,Closed,SEA
IN0008559,FL0006374,AC00303,2026-01-15 21:49:00,Brake Issue,High,Open,SFO
IN0008560,FL0009105,AC00894,2026-05-09 23:32:00,Navigation Error,Medium,Investigating,JFK
IN0008561,FL0014379,AC01103,2026-04-03 04:39:00,Hydraulic Leak,Low,Investigating,DXB
IN0008562,FL0014906,AC00903,2026-05-03 01:10:00,Hydraulic Leak,Low,Resolved,BOS
IN0008563,FL0009343,AC00667,2026-05-04 00:09:00,Navigation Error,Medium,Investigating,LHR
IN0008564,FL0007070,AC01032,2026-06-11 16:20:00,Bird Strike,Medium,Open,ATL
IN0008565,FL0003792,AC00416,2026-01-10 02:33:00,Brake Issue,Low,Investigating,DEL
IN0008566,FL0001970,AC01117,2026-02-06 18:38:00,Brake Issue,Low,Resolved,SIN
IN0008567,FL0001659,AC00933,2026-03-29 13:36:00,Bird Strike,Low,Investigating,DXB
IN0008568,FL0003100,AC00661,2026-01-31 07:26:00,Weather Alert,Low,Resolved,LHR
IN0008569,FL0000363,AC00547,2026-06-18 23:14:00,Bird Strike,Medium,Closed,DFW
IN0008570,FL0005742,AC00749,2026-01-23 12:58:00,Hydraulic Leak,High,Closed,MIA
IN0008571,FL0001069,AC00262,2026-04-30 17:36:00,Bird Strike,Medium,Closed,SIN
IN0008572,FL0002632,AC00208,2026-06-14 17:17:00,Weather Alert,Medium,Resolved,MIA
IN0008573,FL0001382,AC00662,2026-03-10 19:47:00,Navigation Error,Medium,Resolved,DEN
IN0008574,FL0009060,AC00523,2026-06-25 09:12:00,Turbulence,Low,Closed,ORD
IN0008575,FL0012541,AC00513,2026-04-26 08:03:00,Hydraulic Leak,Low,Resolved,ORD
IN0008576,FL0006479,AC00160,2026-06-16 22:21:00,Bird Strike,Critical,Resolved,MIA
IN0008577,FL0007504,AC00144,2026-06-27 19:56:00,Bird Strike,Low,Open,ATL
IN0008578,FL0013034,AC00264,2026-05-09 07:51:00,Turbulence,Medium,Resolved,BLR
IN0008579,FL0013181,AC01155,2026-01-20 19:12:00,Bird Strike,Low,Resolved,BOS
IN0008580,FL0000712,AC00129,2026-03-27 11:56:00,Navigation Error,Low,Open,BLR
IN0008581,FL0005098,AC00569,2026-06-07 19:49:00,Brake Issue,High,Resolved,BLR
IN0008582,FL0007892,AC00785,2026-03-27 07:57:00,Weather Alert,Low,Investigating,BLR
IN0008583,FL0000073,AC00357,2026-01-01 01:00:00,Turbulence,High,Closed,JFK
IN0008584,FL0011509,AC01137,2026-05-28 21:19:00,Turbulence,High,Closed,ATL
IN0008585,FL0000638,AC00617,2026-06-17 04:55:00,Turbulence,Medium,Investigating,DEN
IN0008586,FL0001888,AC00125,2026-03-31 12:59:00,Weather Alert,Medium,Resolved,LAX
IN0008587,FL0000478,AC01148,2026-05-07 14:18:00,Weather Alert,Low,Resolved,JFK
IN0008588,FL0010839,AC00110,2026-05-21 14:10:00,Hydraulic Leak,Medium,Investigating,DEN
IN0008589,FL0007249,AC00977,2026-06-12 19:34:00,Navigation Error,High,Closed,ORD
IN0008590,FL0005242,AC01010,2026-04-01 08:31:00,Hydraulic Leak,Low,Resolved,MIA
IN0008591,FL0000982,AC00337,2026-01-01 14:21:00,Navigation Error,Medium,Resolved,SIN
IN0008592,FL0003366,AC00385,2026-06-14 20:36:00,Hydraulic Leak,High,Resolved,MIA
IN0008593,FL0005798,AC00293,2026-04-03 06:25:00,Bird Strike,Low,Open,BLR
IN0008594,FL0008167,AC00799,2026-04-17 02:36:00,Bird Strike,Medium,Resolved,SIN
IN0008595,FL0007266,AC00982,2026-04-05 21:56:00,Navigation Error,Medium,Closed,BOS
IN0008596,FL0011243,AC00823,2026-05-26 08:50:00,Hydraulic Leak,Low,Resolved,DEL
IN0008597,FL0003714,AC01156,2026-06-26 13:25:00,Bird Strike,Medium,Open,ORD
IN0008598,FL0014744,AC00320,2026-03-30 11:10:00,Brake Issue,Low,Closed,DEL
IN0008599,FL0005637,AC00645,2026-03-29 04:28:00,Brake Issue,Low,Resolved,SEA
IN0008600,FL0001368,AC00214,2026-03-04 16:02:00,Engine Alert,Medium,Open,DFW
IN0008601,FL0012412,AC01148,2026-05-24 07:08:00,Engine Alert,Low,Investigating,DEL
IN0008602,FL0012314,AC00168,2026-01-25 09:30:00,Weather Alert,Low,Open,LAX
IN0008603,FL0008642,AC01180,2026-06-30 17:40:00,Brake Issue,Low,Resolved,SIN
IN0008604,FL0003906,AC01098,2026-04-24 21:34:00,Brake Issue,Low,Closed,JFK
IN0008605,FL0008305,AC00847,2026-05-29 17:15:00,Hydraulic Leak,Low,Closed,MIA
IN0008606,FL0013228,AC00302,2026-04-26 15:30:00,Turbulence,Low,Investigating,MIA
IN0008607,FL0002043,AC00109,2026-05-24 02:45:00,Turbulence,Low,Closed,DEL
IN0008608,FL0010798,AC01175,2026-04-14 22:41:00,Engine Alert,Low,Open,DXB
IN0008609,FL0014102,AC00435,2026-02-17 19:51:00,Turbulence,Low,Open,DEN
IN0008610,FL0004882,AC00675,2026-05-03 10:35:00,Engine Alert,Medium,Open,MIA
IN0008611,FL0013099,AC00445,2026-05-21 03:07:00,Bird Strike,Medium,Closed,LHR
IN0008612,FL0008626,AC00114,2026-04-24 03:12:00,Bird Strike,Low,Open,DEN
IN0008613,FL0011178,AC00760,2026-05-13 23:46:00,Turbulence,Low,Investigating,ATL
IN0008614,FL0012985,AC00882,2026-03-24 04:06:00,Navigation Error,Medium,Resolved,DFW
IN0008615,FL0009746,AC01045,2026-01-24 20:12:00,Hydraulic Leak,High,Open,DFW
IN0008616,FL0014693,AC00640,2026-05-24 04:01:00,Navigation Error,Low,Investigating,DEN
IN0008617,FL0001141,AC00282,2026-02-18 03:46:00,Brake Issue,Medium,Resolved,SIN
IN0008618,FL0012734,AC00081,2026-03-09 08:03:00,Turbulence,Low,Resolved,SFO
IN0008619,FL0014011,AC00854,2026-01-04 09:46:00,Bird Strike,High,Closed,SIN
IN0008620,FL0006284,AC00213,2026-05-19 06:09:00,Weather Alert,Low,Resolved,LAX
IN0008621,FL0007395,AC00729,2026-05-02 23:24:00,Bird Strike,Low,Open,ORD
IN0008622,FL0014561,AC00939,2026-01-05 08:16:00,Weather Alert,Low,Closed,ATL
IN0008623,FL0007371,AC00428,2026-05-11 01:53:00,Navigation Error,Medium,Investigating,BLR
IN0008624,FL0010137,AC00330,2026-05-12 21:16:00,Brake Issue,High,Open,ORD
IN0008625,FL0001522,AC00486,2026-03-15 21:50:00,Hydraulic Leak,Medium,Closed,LHR
IN0008626,FL0001469,AC01135,2026-01-21 02:14:00,Hydraulic Leak,Low,Resolved,DEN
IN0008627,FL0000690,AC01179,2026-01-17 04:03:00,Hydraulic Leak,High,Open,ATL
IN0008628,FL0006207,AC01175,2026-03-29 23:36:00,Hydraulic Leak,Medium,Resolved,SFO
IN0008629,FL0000851,AC01112,2026-02-20 17:55:00,Hydraulic Leak,Low,Closed,MIA
IN0008630,FL0004114,AC00062,2026-03-16 16:06:00,Brake Issue,Medium,Resolved,MIA
IN0008631,FL0003972,AC00849,2026-01-04 20:28:00,Brake Issue,High,Closed,ORD
IN0008632,FL0009788,AC00254,2026-03-01 08:01:00,Turbulence,Critical,Closed,ATL
IN0008633,FL0003712,AC00435,2026-02-09 10:25:00,Bird Strike,High,Open,MIA
IN0008634,FL0014951,AC00552,2026-03-06 14:44:00,Weather Alert,Low,Closed,JFK
IN0008635,FL0003777,AC00837,2026-05-05 16:45:00,Bird Strike,Low,Closed,DFW
IN0008636,FL0000940,AC00895,2026-06-08 21:40:00,Engine Alert,Medium,Closed,BOS
IN0008637,FL0008534,AC00807,2026-03-26 23:38:00,Weather Alert,Medium,Investigating,BOS
IN0008638,FL0005385,AC00523,2026-03-01 13:03:00,Weather Alert,Medium,Investigating,SIN
IN0008639,FL0000640,AC00432,2026-06-07 18:23:00,Weather Alert,Medium,Resolved,ATL
IN0008640,FL0011354,AC00558,2026-05-01 05:01:00,Turbulence,High,Investigating,SIN
IN0008641,FL0005092,AC00923,2026-05-27 20:48:00,Brake Issue,Medium,Open,BOS
IN0008642,FL0014715,AC00898,2026-04-02 16:09:00,Weather Alert,Medium,Investigating,JFK
IN0008643,FL0004976,AC00613,2026-04-03 13:40:00,Bird Strike,Low,Resolved,SEA
IN0008644,FL0010635,AC00324,2026-06-27 08:12:00,Turbulence,Low,Open,LHR
IN0008645,FL0007632,AC00246,2026-04-25 09:41:00,Turbulence,High,Open,SEA
IN0008646,FL0002706,AC00875,2026-03-06 03:59:00,Weather Alert,Low,Closed,DXB
IN0008647,FL0005847,AC00260,2026-02-23 01:49:00,Bird Strike,Medium,Resolved,SIN
IN0008648,FL0003581,AC00344,2026-06-17 18:19:00,Hydraulic Leak,Medium,Open,SIN
IN0008649,FL0004528,AC00333,2026-06-10 03:12:00,Navigation Error,High,Closed,JFK
IN0008650,FL0006908,AC00627,2026-01-28 02:27:00,Hydraulic Leak,Low,Closed,SFO
IN0008651,FL0003918,AC00080,2026-03-08 15:58:00,Turbulence,Low,Open,ATL
IN0008652,FL0011014,AC00111,2026-03-28 00:36:00,Weather Alert,Medium,Resolved,LAX
IN0008653,FL0002488,AC00972,2026-01-05 20:29:00,Weather Alert,High,Investigating,SFO
IN0008654,FL0012064,AC00413,2026-01-30 07:42:00,Bird Strike,High,Investigating,ORD
IN0008655,FL0002528,AC01007,2026-06-08 14:44:00,Brake Issue,High,Resolved,SIN
IN0008656,FL0008146,AC01002,2026-04-14 20:45:00,Brake Issue,Medium,Resolved,DXB
IN0008657,FL0005157,AC00208,2026-06-25 21:50:00,Weather Alert,Medium,Closed,BLR
IN0008658,FL0002473,AC00044,2026-06-25 09:31:00,Brake Issue,Low,Resolved,ORD
IN0008659,FL0014356,AC01150,2026-02-04 12:52:00,Turbulence,High,Investigating,BOS
IN0008660,FL0012199,AC00495,2026-01-13 07:27:00,Weather Alert,Medium,Open,DXB
IN0008661,FL0002074,AC01136,2026-06-13 07:39:00,Engine Alert,Low,Open,ATL
IN0008662,FL0012302,AC00414,2026-02-08 06:22:00,Weather Alert,Low,Resolved,BOS
IN0008663,FL0013789,AC00345,2026-05-15 22:23:00,Hydraulic Leak,Medium,Resolved,ORD
IN0008664,FL0010812,AC00116,2026-05-15 10:04:00,Engine Alert,Medium,Resolved,SFO
IN0008665,FL0012372,AC00455,2026-06-03 02:37:00,Navigation Error,Medium,Investigating,DXB
IN0008666,FL0004290,AC00026,2026-04-04 16:43:00,Turbulence,Medium,Resolved,MIA
IN0008667,FL0002589,AC00409,2026-05-09 01:59:00,Engine Alert,Medium,Resolved,LAX
IN0008668,FL0014816,AC00599,2026-05-25 09:30:00,Turbulence,Medium,Resolved,BLR
IN0008669,FL0003901,AC01048,2026-02-10 13:49:00,Engine Alert,Medium,Resolved,DXB
IN0008670,FL0014176,AC00372,2026-02-25 11:41:00,Navigation Error,Medium,Open,DXB
IN0008671,FL0006551,AC01179,2026-02-19 12:22:00,Hydraulic Leak,Low,Closed,MIA
IN0008672,FL0010089,AC00910,2026-03-22 06:29:00,Bird Strike,Low,Resolved,MIA
IN0008673,FL0003638,AC00645,2026-05-20 14:19:00,Navigation Error,Medium,Open,DFW
IN0008674,FL0014882,AC00425,2026-05-16 03:31:00,Engine Alert,Medium,Open,SFO
IN0008675,FL0013824,AC00700,2026-06-13 04:56:00,Weather Alert,Low,Resolved,LAX
IN0008676,FL0012736,AC00243,2026-04-06 19:24:00,Turbulence,High,Open,BOS
IN0008677,FL0006578,AC00800,2026-01-01 08:03:00,Weather Alert,High,Resolved,DEL
IN0008678,FL0013673,AC00166,2026-06-03 09:29:00,Hydraulic Leak,Low,Resolved,DEN
IN0008679,FL0002741,AC01111,2026-05-09 22:29:00,Engine Alert,Low,Investigating,LAX
IN0008680,FL0011695,AC00422,2026-04-21 03:59:00,Engine Alert,High,Open,LHR
IN0008681,FL0008894,AC01062,2026-03-13 21:43:00,Navigation Error,High,Investigating,ORD
IN0008682,FL0009685,AC01027,2026-02-15 02:04:00,Hydraulic Leak,Low,Investigating,SFO
IN0008683,FL0005331,AC00653,2026-04-28 09:07:00,Turbulence,Low,Closed,JFK
IN0008684,FL0008290,AC00053,2026-06-11 15:42:00,Navigation Error,Medium,Investigating,ORD
IN0008685,FL0001577,AC01090,2026-01-17 16:12:00,Hydraulic Leak,Medium,Closed,DFW
IN0008686,FL0014953,AC00444,2026-05-15 16:47:00,Bird Strike,Medium,Closed,JFK
IN0008687,FL0012978,AC00387,2026-01-27 20:57:00,Weather Alert,Low,Resolved,DEL
IN0008688,FL0004248,AC00428,2026-02-17 22:55:00,Bird Strike,Medium,Investigating,LAX
IN0008689,FL0010612,AC00060,2026-01-26 11:03:00,Brake Issue,Medium,Closed,BLR
IN0008690,FL0005204,AC00039,2026-05-02 08:02:00,Hydraulic Leak,Low,Open,BOS
IN0008691,FL0010898,AC01065,2026-03-10 13:57:00,Turbulence,High,Closed,BOS
IN0008692,FL0013688,AC00580,2026-04-25 01:03:00,Hydraulic Leak,Medium,Closed,DEN
IN0008693,FL0008539,AC01146,2026-02-14 18:34:00,Turbulence,Medium,Open,LHR
IN0008694,FL0002522,AC00746,2026-04-16 03:53:00,Brake Issue,Critical,Investigating,MIA
IN0008695,FL0004834,AC00531,2026-06-26 15:49:00,Brake Issue,Medium,Resolved,DEL
IN0008696,FL0014224,AC00606,2026-03-12 21:01:00,Navigation Error,Low,Open,DFW
IN0008697,FL0003481,AC00553,2026-02-17 14:56:00,Hydraulic Leak,Low,Investigating,SEA
IN0008698,FL0003817,AC00921,2026-04-02 01:37:00,Engine Alert,Low,Investigating,MIA
IN0008699,FL0005706,AC00435,2026-01-20 11:54:00,Weather Alert,Low,Resolved,JFK
IN0008700,FL0002689,AC00587,2026-04-30 12:07:00,Turbulence,Low,Open,ORD
IN0008701,FL0003563,AC00869,2026-06-18 21:48:00,Brake Issue,Low,Open,SFO
IN0008702,FL0002667,AC00713,2026-04-24 04:28:00,Turbulence,Low,Investigating,DXB
IN0008703,FL0014584,AC01186,2026-01-23 15:56:00,Engine Alert,Medium,Open,DXB
IN0008704,FL0014213,AC01067,2026-05-18 07:56:00,Engine Alert,Medium,Closed,DFW
IN0008705,FL0000915,AC00275,2026-05-01 13:52:00,Navigation Error,Medium,Resolved,ATL
IN0008706,FL0011921,AC00401,2026-02-14 00:09:00,Engine Alert,Low,Closed,MIA
IN0008707,FL0002945,AC00517,2026-01-22 20:27:00,Brake Issue,High,Resolved,BOS
IN0008708,FL0009247,AC01102,2026-04-17 18:49:00,Hydraulic Leak,Medium,Closed,SEA
IN0008709,FL0012558,AC00153,2026-02-10 08:33:00,Engine Alert,Medium,Closed,ATL
IN0008710,FL0010281,AC00180,2026-06-21 21:20:00,Weather Alert,Medium,Investigating,MIA
IN0008711,FL0011956,AC00462,2026-05-06 20:25:00,Bird Strike,High,Resolved,BOS
IN0008712,FL0014873,AC00544,2026-04-09 00:43:00,Turbulence,High,Open,SEA
IN0008713,FL0006522,AC00224,2026-03-20 19:24:00,Turbulence,Medium,Resolved,SFO
IN0008714,FL0008352,AC01073,2026-06-10 23:49:00,Hydraulic Leak,Medium,Open,JFK
IN0008715,FL0010439,AC01041,2026-04-17 00:12:00,Turbulence,Medium,Open,DEL
IN0008716,FL0004368,AC00717,2026-02-20 21:08:00,Engine Alert,Medium,Open,ATL
IN0008717,FL0009247,AC00647,2026-02-28 21:20:00,Hydraulic Leak,Medium,Investigating,DFW
IN0008718,FL0007614,AC00741,2026-06-05 09:31:00,Brake Issue,Low,Resolved,BLR
IN0008719,FL0009710,AC00702,2026-05-11 00:43:00,Weather Alert,Low,Resolved,ATL
IN0008720,FL0008272,AC00901,2026-04-11 13:45:00,Engine Alert,High,Resolved,DXB
IN0008721,FL0007352,AC00807,2026-04-01 12:58:00,Bird Strike,Medium,Open,BOS
IN0008722,FL0005679,AC01132,2026-06-18 21:38:00,Weather Alert,High,Resolved,LHR
IN0008723,FL0014899,AC00423,2026-03-19 21:21:00,Bird Strike,Low,Resolved,SIN
IN0008724,FL0012035,AC00932,2026-03-25 00:15:00,Hydraulic Leak,Low,Investigating,BOS
IN0008725,FL0014962,AC00763,2026-06-03 23:44:00,Engine Alert,High,Resolved,BOS
IN0008726,FL0002708,AC00817,2026-01-18 03:23:00,Turbulence,Medium,Resolved,SEA
IN0008727,FL0009130,AC00257,2026-03-30 22:47:00,Bird Strike,High,Investigating,MIA
IN0008728,FL0010196,AC00775,2026-05-11 21:52:00,Brake Issue,Low,Investigating,MIA
IN0008729,FL0005102,AC00958,2026-06-21 03:54:00,Turbulence,Medium,Open,SFO
IN0008730,FL0007728,AC00304,2026-04-06 15:53:00,Bird Strike,Low,Open,ORD
IN0008731,FL0002412,AC00800,2026-03-14 07:49:00,Turbulence,Medium,Resolved,DEL
IN0008732,FL0008268,AC00559,2026-04-23 17:52:00,Hydraulic Leak,Medium,Resolved,DEN
IN0008733,FL0001385,AC00373,2026-05-23 09:04:00,Brake Issue,Low,Closed,DEL
IN0008734,FL0001291,AC00216,2026-01-06 07:29:00,Weather Alert,Critical,Investigating,DFW
IN0008735,FL0001322,AC01115,2026-02-11 00:08:00,Bird Strike,Medium,Resolved,JFK
IN0008736,FL0007662,AC00864,2026-04-12 02:57:00,Brake Issue,Medium,Closed,SIN
IN0008737,FL0003270,AC00691,2026-04-24 11:13:00,Weather Alert,High,Closed,SFO
IN0008738,FL0006593,AC01013,2026-04-22 17:48:00,Navigation Error,High,Open,DXB
IN0008739,FL0001573,AC00699,2026-06-25 11:44:00,Navigation Error,Medium,Closed,ORD
IN0008740,FL0010875,AC00196,2026-04-05 17:03:00,Navigation Error,Low,Resolved,LAX
IN0008741,FL0008031,AC01112,2026-03-22 08:33:00,Weather Alert,Low,Open,SIN
IN0008742,FL0010927,AC00760,2026-05-12 15:39:00,Navigation Error,Medium,Resolved,DEN
IN0008743,FL0014687,AC00208,2026-05-23 16:35:00,Brake Issue,Low,Closed,SIN
IN0008744,FL0004231,AC01193,2026-01-01 03:33:00,Engine Alert,Low,Resolved,BLR
IN0008745,FL0008453,AC00340,2026-04-03 10:19:00,Weather Alert,Medium,Resolved,LHR
IN0008746,FL0014787,AC00441,2026-05-16 18:22:00,Brake Issue,Medium,Closed,LAX
IN0008747,FL0006975,AC00910,2026-05-18 23:10:00,Navigation Error,Medium,Closed,SFO
IN0008748,FL0005251,AC00236,2026-03-15 08:11:00,Turbulence,Medium,Open,LHR
IN0008749,FL0010579,AC01172,2026-05-10 17:24:00,Turbulence,Medium,Resolved,SEA
IN0008750,FL0001930,AC00252,2026-02-16 07:28:00,Navigation Error,Low,Open,ATL
IN0008751,FL0004385,AC01099,2026-03-26 19:55:00,Bird Strike,Medium,Closed,SIN
IN0008752,FL0014493,AC00465,2026-06-18 16:05:00,Brake Issue,Low,Resolved,SEA
IN0008753,FL0010102,AC00549,2026-06-24 13:43:00,Weather Alert,Medium,Resolved,SEA
IN0008754,FL0011542,AC00718,2026-01-16 02:04:00,Turbulence,Low,Resolved,MIA
IN0008755,FL0012784,AC01177,2026-01-24 14:54:00,Turbulence,Critical,Resolved,DFW
IN0008756,FL0004481,AC00462,2026-05-21 11:34:00,Brake Issue,High,Open,SIN
IN0008757,FL0014844,AC01045,2026-01-25 10:05:00,Bird Strike,High,Closed,SEA
IN0008758,FL0012904,AC01045,2026-05-25 07:50:00,Engine Alert,Low,Open,LHR
IN0008759,FL0005317,AC00677,2026-02-08 13:14:00,Brake Issue,Low,Closed,DXB
IN0008760,FL0013068,AC00972,2026-04-14 02:25:00,Turbulence,Low,Resolved,SEA
IN0008761,FL0010443,AC00691,2026-05-13 09:19:00,Hydraulic Leak,Low,Open,SEA
IN0008762,FL0004781,AC00635,2026-01-08 12:52:00,Bird Strike,Medium,Investigating,SFO
IN0008763,FL0013741,AC00233,2026-01-07 06:10:00,Turbulence,Medium,Open,BLR
IN0008764,FL0005494,AC01129,2026-06-03 04:58:00,Bird Strike,Low,Closed,BLR
IN0008765,FL0003645,AC00019,2026-01-22 18:56:00,Bird Strike,Medium,Resolved,ORD
IN0008766,FL0003839,AC00129,2026-02-18 03:57:00,Navigation Error,Low,Resolved,DEN
IN0008767,FL0010710,AC00782,2026-06-01 20:20:00,Navigation Error,Low,Open,MIA
IN0008768,FL0002207,AC00108,2026-02-01 00:19:00,Weather Alert,Low,Investigating,ATL
IN0008769,FL0007338,AC00457,2026-01-06 12:34:00,Engine Alert,Low,Closed,SEA
IN0008770,FL0004551,AC00838,2026-04-03 21:09:00,Navigation Error,Low,Investigating,BLR
IN0008771,FL0006673,AC00981,2026-06-30 16:31:00,Bird Strike,Low,Investigating,BOS
IN0008772,FL0012174,AC00752,2026-04-01 03:05:00,Navigation Error,Medium,Resolved,MIA
IN0008773,FL0014910,AC00622,2026-06-11 12:01:00,Brake Issue,Medium,Open,DFW
IN0008774,FL0013667,AC00995,2026-06-18 20:26:00,Brake Issue,Low,Resolved,DEN
IN0008775,FL0004784,AC01023,2026-03-05 01:17:00,Brake Issue,Low,Closed,DFW
IN0008776,FL0013062,AC01143,2026-05-24 22:46:00,Engine Alert,Low,Closed,DFW
IN0008777,FL0009857,AC00205,2026-01-26 22:40:00,Turbulence,High,Resolved,BLR
IN0008778,FL0005428,AC00737,2026-03-25 18:55:00,Weather Alert,Low,Investigating,LHR
IN0008779,FL0008124,AC01015,2026-05-20 22:23:00,Weather Alert,Medium,Open,DFW
IN0008780,FL0008653,AC00228,2026-01-18 15:05:00,Turbulence,Low,Resolved,JFK
IN0008781,FL0013450,AC01165,2026-03-26 14:24:00,Hydraulic Leak,Low,Investigating,DXB
IN0008782,FL0001648,AC00705,2026-01-20 22:55:00,Brake Issue,Medium,Investigating,MIA
IN0008783,FL0009770,AC00381,2026-05-28 20:05:00,Weather Alert,Low,Closed,ATL
IN0008784,FL0004226,AC00060,2026-03-16 21:55:00,Hydraulic Leak,Low,Resolved,DEN
IN0008785,FL0006242,AC00501,2026-03-19 09:03:00,Engine Alert,Low,Closed,DEL
IN0008786,FL0003237,AC00457,2026-06-21 09:48:00,Brake Issue,Medium,Resolved,SEA
IN0008787,FL0012840,AC00831,2026-05-03 20:10:00,Hydraulic Leak,Medium,Resolved,DEL
IN0008788,FL0011853,AC00006,2026-05-11 23:07:00,Turbulence,Medium,Closed,ORD
IN0008789,FL0009125,AC00968,2026-05-28 16:48:00,Turbulence,Low,Resolved,LAX
IN0008790,FL0008529,AC00949,2026-06-19 20:22:00,Turbulence,High,Closed,BOS
IN0008791,FL0005296,AC00903,2026-06-02 10:48:00,Navigation Error,Low,Closed,DFW
IN0008792,FL0012642,AC00428,2026-05-09 18:58:00,Hydraulic Leak,Medium,Open,MIA
IN0008793,FL0001537,AC00007,2026-03-02 04:34:00,Navigation Error,Medium,Closed,DFW
IN0008794,FL0001817,AC00399,2026-04-07 06:10:00,Weather Alert,Low,Closed,ATL
IN0008795,FL0005937,AC00166,2026-05-10 03:15:00,Brake Issue,Medium,Open,SFO
IN0008796,FL0006123,AC00952,2026-01-26 05:10:00,Navigation Error,Low,Investigating,JFK
IN0008797,FL0014071,AC00605,2026-04-09 07:54:00,Bird Strike,Medium,Closed,DXB
IN0008798,FL0003203,AC00225,2026-03-26 21:57:00,Weather Alert,Critical,Investigating,DXB
IN0008799,FL0011511,AC00594,2026-05-16 05:34:00,Brake Issue,Medium,Resolved,DEL
IN0008800,FL0012753,AC00869,2026-06-17 12:16:00,Brake Issue,Medium,Open,DFW
IN0008801,FL0010746,AC01061,2026-05-10 20:42:00,Hydraulic Leak,Medium,Closed,DEL
IN0008802,FL0008169,AC00292,2026-02-16 12:28:00,Brake Issue,Low,Resolved,MIA
IN0008803,FL0006201,AC00364,2026-03-16 16:39:00,Bird Strike,Low,Closed,LAX
IN0008804,FL0006921,AC01087,2026-02-05 11:37:00,Navigation Error,Low,Open,DXB
IN0008805,FL0008533,AC00412,2026-01-08 04:27:00,Bird Strike,Low,Open,BLR
IN0008806,FL0001188,AC00867,2026-04-20 12:29:00,Brake Issue,Low,Closed,ORD
IN0008807,FL0011056,AC00906,2026-04-12 07:26:00,Weather Alert,Medium,Open,SIN
IN0008808,FL0014620,AC00721,2026-04-12 07:38:00,Bird Strike,Medium,Resolved,ATL
IN0008809,FL0002838,AC01048,2026-03-15 03:00:00,Turbulence,Medium,Resolved,SIN
IN0008810,FL0012413,AC00571,2026-03-01 04:10:00,Engine Alert,Low,Open,SEA
IN0008811,FL0013167,AC00840,2026-03-07 10:31:00,Bird Strike,High,Closed,LAX
IN0008812,FL0008293,AC00397,2026-04-24 22:03:00,Bird Strike,Medium,Open,LAX
IN0008813,FL0002887,AC01082,2026-06-20 21:48:00,Engine Alert,Medium,Open,DEL
IN0008814,FL0009881,AC00962,2026-02-26 07:14:00,Weather Alert,Medium,Resolved,JFK
IN0008815,FL0001413,AC00705,2026-06-10 07:09:00,Brake Issue,Medium,Open,ORD
IN0008816,FL0004529,AC00857,2026-06-24 18:19:00,Bird Strike,Low,Open,SEA
IN0008817,FL0014116,AC00780,2026-05-26 05:10:00,Brake Issue,Low,Resolved,DEL
IN0008818,FL0013307,AC01155,2026-07-01 09:47:00,Brake Issue,Medium,Resolved,LHR
IN0008819,FL0008426,AC00516,2026-05-31 01:44:00,Weather Alert,Medium,Open,LHR
IN0008820,FL0010755,AC00598,2026-03-10 05:51:00,Navigation Error,Critical,Investigating,LHR
IN0008821,FL0013577,AC00955,2026-02-12 22:34:00,Bird Strike,Low,Investigating,BOS
IN0008822,FL0003409,AC00029,2026-04-25 19:52:00,Turbulence,Low,Closed,DEN
IN0008823,FL0013495,AC01070,2026-04-30 10:07:00,Brake Issue,High,Resolved,DXB
IN0008824,FL0007027,AC00027,2026-03-02 14:05:00,Hydraulic Leak,Low,Resolved,BOS
IN0008825,FL0010010,AC01175,2026-06-17 18:28:00,Navigation Error,Low,Closed,DFW
IN0008826,FL0005714,AC00841,2026-05-31 14:03:00,Brake Issue,Medium,Investigating,LHR
IN0008827,FL0006223,AC01170,2026-01-29 08:18:00,Hydraulic Leak,Low,Investigating,ATL
IN0008828,FL0008683,AC00846,2026-02-18 09:44:00,Navigation Error,Low,Closed,LAX
IN0008829,FL0007867,AC00219,2026-02-26 15:53:00,Brake Issue,Medium,Resolved,ATL
IN0008830,FL0013985,AC00876,2026-04-30 14:20:00,Navigation Error,Medium,Resolved,JFK
IN0008831,FL0014058,AC01108,2026-06-01 11:48:00,Turbulence,Low,Open,SFO
IN0008832,FL0008427,AC00865,2026-04-18 02:50:00,Engine Alert,Medium,Investigating,DXB
IN0008833,FL0007167,AC00168,2026-03-29 06:45:00,Bird Strike,Low,Investigating,SEA
IN0008834,FL0004954,AC01100,2026-04-29 10:02:00,Weather Alert,Low,Closed,SFO
IN0008835,FL0014759,AC00014,2026-05-13 08:22:00,Bird Strike,High,Open,MIA
IN0008836,FL0004845,AC00210,2026-04-19 15:30:00,Hydraulic Leak,High,Resolved,LAX
IN0008837,FL0000792,AC00248,2026-04-06 14:35:00,Weather Alert,Medium,Resolved,DXB
IN0008838,FL0011250,AC00004,2026-04-04 19:42:00,Navigation Error,High,Closed,ORD
IN0008839,FL0011638,AC00225,2026-02-17 22:03:00,Engine Alert,Medium,Resolved,DFW
IN0008840,FL0007877,AC00257,2026-03-18 10:48:00,Navigation Error,Low,Open,DFW
IN0008841,FL0001439,AC00222,2026-04-28 07:12:00,Bird Strike,Low,Closed,DEN
IN0008842,FL0002179,AC01125,2026-04-28 07:16:00,Hydraulic Leak,Medium,Resolved,DEL
IN0008843,FL0010947,AC00189,2026-02-08 10:38:00,Turbulence,Medium,Resolved,DFW
IN0008844,FL0014721,AC00993,2026-05-10 14:41:00,Engine Alert,Low,Open,DFW
IN0008845,FL0014576,AC00790,2026-03-16 06:29:00,Engine Alert,Low,Open,BOS
IN0008846,FL0009302,AC00755,2026-01-01 09:42:00,Bird Strike,Low,Investigating,ORD
IN0008847,FL0005274,AC00217,2026-05-01 10:15:00,Bird Strike,Medium,Open,DXB
IN0008848,FL0005147,AC00484,2026-06-11 09:48:00,Bird Strike,Medium,Closed,DEL
IN0008849,FL0008369,AC01014,2026-02-18 12:24:00,Bird Strike,Low,Open,BLR
IN0008850,FL0011477,AC00575,2026-05-27 16:50:00,Weather Alert,Low,Open,LHR
IN0008851,FL0013445,AC00045,2026-02-13 09:38:00,Bird Strike,Low,Open,DEN
IN0008852,FL0012947,AC00826,2026-04-29 17:45:00,Navigation Error,Low,Open,DXB
IN0008853,FL0011175,AC00197,2026-05-17 11:40:00,Bird Strike,Medium,Open,DXB
IN0008854,FL0003029,AC01113,2026-05-12 17:45:00,Engine Alert,Medium,Open,JFK
IN0008855,FL0006862,AC00573,2026-02-10 11:52:00,Hydraulic Leak,Medium,Resolved,ATL
IN0008856,FL0007980,AC01036,2026-06-25 21:56:00,Brake Issue,Low,Closed,ATL
IN0008857,FL0009226,AC00519,2026-06-17 20:44:00,Bird Strike,Low,Resolved,BOS
IN0008858,FL0006284,AC00258,2026-01-01 23:57:00,Turbulence,Medium,Closed,DFW
IN0008859,FL0010207,AC00007,2026-04-14 00:37:00,Bird Strike,Low,Resolved,DFW
IN0008860,FL0012440,AC00317,2026-02-10 20:33:00,Brake Issue,Low,Resolved,DEL
IN0008861,FL0004153,AC01193,2026-06-23 07:23:00,Turbulence,High,Investigating,MIA
IN0008862,FL0000058,AC01084,2026-05-24 08:30:00,Hydraulic Leak,High,Investigating,SFO
IN0008863,FL0013126,AC00696,2026-01-13 22:03:00,Turbulence,Low,Investigating,JFK
IN0008864,FL0013396,AC01025,2026-05-20 07:22:00,Weather Alert,Medium,Resolved,SFO
IN0008865,FL0009884,AC00681,2026-02-05 03:58:00,Turbulence,Medium,Resolved,BLR
IN0008866,FL0012493,AC00582,2026-05-21 17:47:00,Hydraulic Leak,Low,Resolved,SIN
IN0008867,FL0009050,AC00332,2026-01-10 05:50:00,Navigation Error,High,Resolved,DEN
IN0008868,FL0004185,AC00675,2026-02-28 07:56:00,Brake Issue,Low,Investigating,LHR
IN0008869,FL0000251,AC00891,2026-03-25 22:58:00,Bird Strike,Medium,Investigating,BOS
IN0008870,FL0012831,AC01047,2026-05-20 08:43:00,Weather Alert,Medium,Resolved,LAX
IN0008871,FL0005500,AC00528,2026-01-02 15:48:00,Weather Alert,Medium,Resolved,BLR
IN0008872,FL0011790,AC01086,2026-02-03 16:38:00,Brake Issue,Medium,Resolved,SFO
IN0008873,FL0014421,AC00700,2026-06-17 13:22:00,Bird Strike,Medium,Investigating,ORD
IN0008874,FL0001972,AC01113,2026-01-06 13:00:00,Engine Alert,Low,Closed,LAX
IN0008875,FL0005980,AC00535,2026-06-03 10:39:00,Bird Strike,Low,Resolved,SFO
IN0008876,FL0001652,AC01031,2026-04-17 12:28:00,Engine Alert,Medium,Closed,BOS
IN0008877,FL0012685,AC00197,2026-01-08 09:54:00,Navigation Error,Low,Resolved,DEL
IN0008878,FL0014899,AC01038,2026-03-15 18:30:00,Hydraulic Leak,Medium,Resolved,LHR
IN0008879,FL0014627,AC00811,2026-06-01 06:42:00,Brake Issue,Medium,Open,SFO
IN0008880,FL0009259,AC01184,2026-02-22 21:46:00,Turbulence,Low,Closed,SIN
IN0008881,FL0000569,AC01178,2026-06-01 00:37:00,Engine Alert,Low,Open,BOS
IN0008882,FL0013122,AC00189,2026-01-19 22:14:00,Brake Issue,High,Investigating,DXB
IN0008883,FL0010106,AC00477,2026-02-27 20:01:00,Hydraulic Leak,High,Investigating,SIN
IN0008884,FL0010781,AC00653,2026-01-22 18:07:00,Navigation Error,Medium,Closed,SIN
IN0008885,FL0013218,AC00147,2026-04-11 22:29:00,Turbulence,Medium,Resolved,DXB
IN0008886,FL0007075,AC00333,2026-04-24 22:36:00,Turbulence,Critical,Closed,JFK
IN0008887,FL0006207,AC00669,2026-06-11 21:43:00,Bird Strike,Low,Open,DFW
IN0008888,FL0014827,AC00761,2026-05-01 18:14:00,Weather Alert,High,Closed,SIN
IN0008889,FL0014968,AC00059,2026-05-18 01:17:00,Brake Issue,Low,Resolved,ATL
IN0008890,FL0004005,AC00954,2026-05-06 10:21:00,Turbulence,Critical,Open,DFW
IN0008891,FL0013515,AC01033,2026-05-08 18:11:00,Weather Alert,Low,Open,DFW
IN0008892,FL0005722,AC00443,2026-05-16 14:26:00,Bird Strike,Low,Closed,MIA
IN0008893,FL0009254,AC00019,2026-03-22 23:17:00,Weather Alert,High,Closed,DFW
IN0008894,FL0010337,AC00902,2026-03-01 17:47:00,Weather Alert,Low,Investigating,SEA
IN0008895,FL0006657,AC00885,2026-05-19 15:48:00,Turbulence,Medium,Open,SFO
IN0008896,FL0005100,AC00890,2026-01-25 15:37:00,Weather Alert,Medium,Open,BOS
IN0008897,FL0003525,AC01039,2026-03-21 05:54:00,Navigation Error,Low,Resolved,LAX
IN0008898,FL0007438,AC00691,2026-06-29 03:18:00,Weather Alert,Medium,Resolved,DXB
IN0008899,FL0005206,AC00613,2026-05-07 21:31:00,Weather Alert,Low,Open,LAX
IN0008900,FL0012066,AC00412,2026-01-01 03:22:00,Navigation Error,Low,Open,DFW
IN0008901,FL0004595,AC00503,2026-01-13 00:47:00,Turbulence,Low,Open,MIA
IN0008902,FL0001186,AC01025,2026-06-07 13:57:00,Navigation Error,Low,Investigating,MIA
IN0008903,FL0009993,AC00277,2026-04-07 01:39:00,Hydraulic Leak,Low,Closed,SFO
IN0008904,FL0013555,AC01128,2026-06-27 08:03:00,Bird Strike,Low,Open,LAX
IN0008905,FL0010671,AC00303,2026-06-28 21:22:00,Weather Alert,Medium,Resolved,LHR
IN0008906,FL0008153,AC00747,2026-02-19 07:32:00,Navigation Error,Low,Closed,SIN
IN0008907,FL0004154,AC00353,2026-05-13 05:14:00,Engine Alert,Low,Resolved,DEN
IN0008908,FL0006053,AC01159,2026-06-12 23:07:00,Weather Alert,Medium,Open,SIN
IN0008909,FL0008658,AC00712,2026-01-10 14:17:00,Brake Issue,Medium,Investigating,DFW
IN0008910,FL0006071,AC00953,2026-04-08 00:35:00,Engine Alert,High,Resolved,ATL
IN0008911,FL0010758,AC00386,2026-04-22 15:23:00,Brake Issue,Low,Investigating,SIN
IN0008912,FL0010971,AC01109,2026-05-17 17:47:00,Weather Alert,High,Open,MIA
IN0008913,FL0012099,AC00799,2026-04-22 00:31:00,Engine Alert,Low,Investigating,DXB
IN0008914,FL0008972,AC00632,2026-06-07 08:02:00,Bird Strike,Low,Resolved,LAX
IN0008915,FL0009887,AC00233,2026-01-03 07:21:00,Hydraulic Leak,High,Open,LAX
IN0008916,FL0012184,AC00956,2026-01-27 11:58:00,Turbulence,High,Open,ATL
IN0008917,FL0007819,AC00050,2026-01-26 19:07:00,Brake Issue,Low,Investigating,MIA
IN0008918,FL0012182,AC00805,2026-02-24 06:35:00,Brake Issue,High,Open,LHR
IN0008919,FL0013639,AC01088,2026-06-07 17:04:00,Bird Strike,Medium,Open,ORD
IN0008920,FL0011600,AC00238,2026-04-11 03:01:00,Bird Strike,Low,Investigating,BLR
IN0008921,FL0006505,AC00989,2026-04-23 11:18:00,Hydraulic Leak,Low,Open,ORD
IN0008922,FL0013994,AC00597,2026-04-06 10:59:00,Navigation Error,Low,Investigating,ORD
IN0008923,FL0007546,AC00285,2026-01-22 05:59:00,Engine Alert,Low,Open,LAX
IN0008924,FL0000010,AC00129,2026-05-04 23:31:00,Brake Issue,Low,Open,JFK
IN0008925,FL0006864,AC00067,2026-05-04 08:33:00,Engine Alert,Medium,Open,JFK
IN0008926,FL0012199,AC00369,2026-04-22 13:10:00,Weather Alert,Medium,Closed,ORD
IN0008927,FL0002189,AC00142,2026-01-23 07:04:00,Turbulence,Low,Investigating,LAX
IN0008928,FL0002067,AC00120,2026-02-19 14:34:00,Brake Issue,Low,Closed,BOS
IN0008929,FL0010160,AC00004,2026-04-13 10:17:00,Navigation Error,Low,Investigating,LAX
IN0008930,FL0010438,AC00617,2026-06-03 00:26:00,Navigation Error,Low,Investigating,BOS
IN0008931,FL0011288,AC01175,2026-06-18 03:01:00,Turbulence,Low,Open,BLR
IN0008932,FL0008200,AC00862,2026-06-06 23:00:00,Turbulence,Medium,Investigating,ORD
IN0008933,FL0013226,AC00517,2026-04-07 13:47:00,Hydraulic Leak,Low,Closed,LAX
IN0008934,FL0001676,AC00425,2026-03-26 22:03:00,Bird Strike,Low,Resolved,ATL
IN0008935,FL0010756,AC00696,2026-02-22 04:55:00,Bird Strike,Medium,Investigating,ATL
IN0008936,FL0014452,AC00530,2026-06-08 21:27:00,Bird Strike,High,Resolved,ATL
IN0008937,FL0001433,AC00588,2026-02-21 17:16:00,Hydraulic Leak,Medium,Resolved,DXB
IN0008938,FL0010513,AC00426,2026-03-12 04:14:00,Turbulence,Low,Closed,BOS
IN0008939,FL0010018,AC00525,2026-03-21 17:28:00,Weather Alert,Medium,Closed,DEN
IN0008940,FL0004416,AC00527,2026-04-17 11:03:00,Bird Strike,Medium,Closed,ATL
IN0008941,FL0007424,AC00435,2026-06-06 21:52:00,Turbulence,Low,Resolved,ATL
IN0008942,FL0014547,AC01124,2026-06-12 10:04:00,Weather Alert,Medium,Open,ATL
IN0008943,FL0005549,AC00145,2026-06-07 07:51:00,Brake Issue,Low,Closed,SIN
IN0008944,FL0003540,AC00121,2026-01-28 01:42:00,Hydraulic Leak,Low,Resolved,SIN
IN0008945,FL0011110,AC00570,2026-03-21 16:45:00,Brake Issue,Medium,Resolved,MIA
IN0008946,FL0001876,AC00002,2026-05-02 05:27:00,Weather Alert,Low,Investigating,LHR
IN0008947,FL0004230,AC00836,2026-05-14 12:37:00,Navigation Error,Low,Open,DEN
IN0008948,FL0013226,AC00694,2026-02-13 18:56:00,Engine Alert,High,Open,ORD
IN0008949,FL0005405,AC00904,2026-02-12 15:23:00,Hydraulic Leak,Low,Investigating,DFW
IN0008950,FL0010973,AC00756,2026-03-31 09:38:00,Engine Alert,Low,Open,SEA
IN0008951,FL0004533,AC00036,2026-05-01 03:06:00,Weather Alert,Low,Open,SIN
IN0008952,FL0000541,AC00905,2026-06-06 18:58:00,Hydraulic Leak,High,Open,DEL
IN0008953,FL0014328,AC00371,2026-06-21 22:29:00,Turbulence,Low,Resolved,DEL
IN0008954,FL0003456,AC00810,2026-05-29 12:18:00,Engine Alert,Low,Closed,SIN
IN0008955,FL0003150,AC00957,2026-01-23 08:32:00,Engine Alert,High,Open,LAX
IN0008956,FL0007398,AC00400,2026-04-15 08:33:00,Navigation Error,Low,Open,LHR
IN0008957,FL0012959,AC00346,2026-03-20 03:26:00,Bird Strike,Critical,Closed,SIN
IN0008958,FL0004605,AC00948,2026-04-15 02:15:00,Bird Strike,Low,Closed,SEA
IN0008959,FL0006962,AC00217,2026-06-20 05:24:00,Navigation Error,High,Investigating,BLR
IN0008960,FL0013204,AC00876,2026-05-08 04:44:00,Brake Issue,Medium,Investigating,ORD
IN0008961,FL0000842,AC00887,2026-03-26 17:33:00,Turbulence,Low,Investigating,ATL
IN0008962,FL0012644,AC00274,2026-04-07 10:43:00,Engine Alert,High,Closed,BLR
IN0008963,FL0009590,AC00775,2026-07-02 09:56:00,Turbulence,High,Resolved,LHR
IN0008964,FL0007972,AC00009,2026-05-25 15:03:00,Hydraulic Leak,Low,Resolved,LHR
IN0008965,FL0003956,AC00508,2026-06-02 10:03:00,Hydraulic Leak,Low,Investigating,ATL
IN0008966,FL0001564,AC01038,2026-06-04 23:13:00,Turbulence,High,Closed,MIA
IN0008967,FL0003533,AC01172,2026-06-06 04:27:00,Brake Issue,Low,Open,ORD
IN0008968,FL0013817,AC00906,2026-02-22 23:02:00,Engine Alert,High,Resolved,LHR
IN0008969,FL0006510,AC00683,2026-03-25 22:39:00,Weather Alert,High,Resolved,ORD
IN0008970,FL0006480,AC00816,2026-02-10 09:20:00,Navigation Error,Low,Resolved,MIA
IN0008971,FL0010338,AC00673,2026-05-21 17:11:00,Hydraulic Leak,High,Investigating,BOS
IN0008972,FL0006734,AC00037,2026-03-30 02:23:00,Weather Alert,Low,Open,SFO
IN0008973,FL0009819,AC00832,2026-01-27 08:18:00,Hydraulic Leak,Low,Investigating,LHR
IN0008974,FL0002065,AC00276,2026-05-10 03:05:00,Hydraulic Leak,Low,Resolved,ORD
IN0008975,FL0006248,AC00305,2026-06-22 12:16:00,Weather Alert,Medium,Investigating,BLR
IN0008976,FL0009853,AC00544,2026-04-27 06:37:00,Brake Issue,Medium,Closed,SEA
IN0008977,FL0003281,AC00319,2026-04-02 14:20:00,Weather Alert,Low,Open,MIA
IN0008978,FL0007639,AC00006,2026-01-28 18:04:00,Weather Alert,High,Closed,ORD
IN0008979,FL0000856,AC00751,2026-01-14 07:37:00,Hydraulic Leak,High,Open,SFO
IN0008980,FL0002047,AC00635,2026-01-03 02:47:00,Engine Alert,Medium,Resolved,SFO
IN0008981,FL0014792,AC00249,2026-02-13 19:12:00,Engine Alert,Low,Resolved,DEL
IN0008982,FL0006907,AC01149,2026-02-08 16:16:00,Weather Alert,Low,Closed,MIA
IN0008983,FL0011887,AC00954,2026-03-29 15:03:00,Engine Alert,Medium,Open,DEL
IN0008984,FL0008938,AC00714,2026-04-14 06:30:00,Engine Alert,Low,Resolved,BOS
IN0008985,FL0007830,AC00903,2026-03-05 04:48:00,Engine Alert,High,Open,DXB
IN0008986,FL0003107,AC01087,2026-03-14 13:29:00,Brake Issue,Low,Closed,LAX
IN0008987,FL0013769,AC00740,2026-04-25 21:43:00,Brake Issue,Low,Investigating,LAX
IN0008988,FL0010014,AC00696,2026-03-13 17:26:00,Navigation Error,Low,Investigating,ATL
IN0008989,FL0006554,AC00236,2026-03-12 00:40:00,Hydraulic Leak,Low,Investigating,JFK
IN0008990,FL0011491,AC01161,2026-05-20 17:05:00,Navigation Error,Critical,Investigating,LAX
IN0008991,FL0002718,AC00160,2026-02-15 17:19:00,Brake Issue,Low,Closed,SEA
IN0008992,FL0000831,AC00516,2026-05-09 11:55:00,Turbulence,Medium,Investigating,MIA
IN0008993,FL0006250,AC00934,2026-04-24 09:12:00,Hydraulic Leak,Critical,Investigating,BLR
IN0008994,FL0010014,AC00086,2026-05-30 17:34:00,Turbulence,High,Closed,DXB
IN0008995,FL0011630,AC00113,2026-01-07 08:18:00,Engine Alert,Low,Investigating,DEN
IN0008996,FL0007629,AC00752,2026-05-05 15:47:00,Weather Alert,Low,Closed,BOS
IN0008997,FL0011285,AC01094,2026-03-08 03:04:00,Weather Alert,Medium,Closed,BOS
IN0008998,FL0014215,AC00955,2026-03-01 00:12:00,Engine Alert,Low,Closed,BLR
IN0008999,FL0009339,AC01131,2026-02-21 03:20:00,Hydraulic Leak,Critical,Closed,BLR
IN0009000,FL0011523,AC01111,2026-02-06 15:00:00,Hydraulic Leak,Medium,Closed,SFO
IN0009001,FL0008835,AC00206,2026-03-31 18:04:00,Weather Alert,Low,Closed,DEL
IN0009002,FL0014595,AC00956,2026-01-05 18:58:00,Hydraulic Leak,Low,Investigating,DFW
IN0009003,FL0008765,AC00855,2026-04-14 04:18:00,Weather Alert,Low,Closed,DEN
IN0009004,FL0006064,AC00877,2026-02-18 06:41:00,Engine Alert,Low,Investigating,SEA
IN0009005,FL0005167,AC00791,2026-04-02 21:44:00,Engine Alert,Low,Investigating,DFW
IN0009006,FL0011332,AC00023,2026-04-29 03:21:00,Bird Strike,Low,Open,SFO
IN0009007,FL0007978,AC00549,2026-04-01 15:39:00,Hydraulic Leak,Low,Open,BLR
IN0009008,FL0004930,AC00180,2026-02-22 20:58:00,Turbulence,Low,Resolved,ATL
IN0009009,FL0006559,AC00854,2026-02-17 10:03:00,Turbulence,High,Investigating,SEA
IN0009010,FL0006346,AC00497,2026-05-11 22:31:00,Weather Alert,Low,Resolved,DEN
IN0009011,FL0003771,AC00193,2026-01-20 00:00:00,Engine Alert,Medium,Resolved,DEN
IN0009012,FL0006049,AC00234,2026-06-17 19:50:00,Brake Issue,Low,Closed,JFK
IN0009013,FL0010139,AC00725,2026-02-13 22:12:00,Brake Issue,Medium,Closed,ATL
IN0009014,FL0014314,AC00993,2026-05-27 06:50:00,Hydraulic Leak,Medium,Resolved,JFK
IN0009015,FL0005857,AC00291,2026-01-23 00:33:00,Bird Strike,High,Investigating,JFK
IN0009016,FL0012188,AC00918,2026-01-04 21:31:00,Hydraulic Leak,Low,Investigating,SFO
IN0009017,FL0014219,AC00524,2026-06-24 08:52:00,Navigation Error,Low,Closed,DXB
IN0009018,FL0006347,AC00763,2026-04-26 13:04:00,Turbulence,High,Investigating,LHR
IN0009019,FL0014660,AC00023,2026-06-05 08:16:00,Turbulence,Medium,Open,JFK
IN0009020,FL0004660,AC00573,2026-04-27 02:00:00,Engine Alert,Low,Resolved,SFO
IN0009021,FL0007695,AC00412,2026-04-11 15:58:00,Engine Alert,High,Open,BLR
IN0009022,FL0009373,AC00989,2026-04-11 04:07:00,Engine Alert,High,Closed,DFW
IN0009023,FL0001284,AC01187,2026-03-23 14:34:00,Hydraulic Leak,Low,Open,SFO
IN0009024,FL0007679,AC01176,2026-04-19 03:25:00,Weather Alert,Critical,Open,DEN
IN0009025,FL0009817,AC01165,2026-01-03 17:47:00,Engine Alert,Low,Open,DEN
IN0009026,FL0002319,AC00724,2026-06-04 22:06:00,Hydraulic Leak,High,Open,SFO
IN0009027,FL0010647,AC00301,2026-04-03 04:13:00,Bird Strike,High,Investigating,SEA
IN0009028,FL0005787,AC00917,2026-05-31 04:10:00,Brake Issue,High,Investigating,BLR
IN0009029,FL0014466,AC00915,2026-02-06 00:35:00,Brake Issue,Medium,Open,DEN
IN0009030,FL0011416,AC00230,2026-02-19 14:45:00,Engine Alert,Low,Investigating,JFK
IN0009031,FL0007030,AC00237,2026-03-29 21:55:00,Engine Alert,Low,Closed,ORD
IN0009032,FL0013252,AC00018,2026-04-29 21:15:00,Hydraulic Leak,Medium,Open,LHR
IN0009033,FL0009241,AC00636,2026-05-12 15:20:00,Navigation Error,Low,Closed,ORD
IN0009034,FL0007501,AC00316,2026-05-19 15:49:00,Turbulence,High,Open,BLR
IN0009035,FL0014729,AC00929,2026-02-23 15:28:00,Brake Issue,Medium,Open,DEN
IN0009036,FL0009657,AC01038,2026-01-15 15:45:00,Weather Alert,Critical,Open,DXB
IN0009037,FL0011943,AC00717,2026-02-26 00:44:00,Brake Issue,Low,Closed,MIA
IN0009038,FL0007413,AC00208,2026-04-02 09:03:00,Hydraulic Leak,Low,Resolved,DFW
IN0009039,FL0014853,AC00147,2026-02-19 22:00:00,Engine Alert,High,Open,BOS
IN0009040,FL0010519,AC00090,2026-01-20 04:26:00,Bird Strike,High,Investigating,DXB
IN0009041,FL0010019,AC00057,2026-05-30 02:46:00,Turbulence,High,Open,MIA
IN0009042,FL0014863,AC00405,2026-06-16 19:23:00,Engine Alert,Low,Investigating,SFO
IN0009043,FL0006372,AC01037,2026-02-14 22:31:00,Weather Alert,Low,Closed,DFW
IN0009044,FL0007216,AC01011,2026-04-11 16:10:00,Engine Alert,Low,Closed,ORD
IN0009045,FL0004426,AC00158,2026-04-22 06:25:00,Turbulence,Low,Investigating,DEN
IN0009046,FL0012721,AC01198,2026-06-18 12:23:00,Brake Issue,Medium,Resolved,DEL
IN0009047,FL0010462,AC00719,2026-02-25 14:13:00,Turbulence,Low,Open,LAX
IN0009048,FL0008200,AC00384,2026-03-30 22:02:00,Turbulence,Medium,Open,SFO
IN0009049,FL0013423,AC00192,2026-01-04 18:36:00,Turbulence,Medium,Closed,LAX
IN0009050,FL0006643,AC00723,2026-04-01 23:33:00,Navigation Error,Medium,Investigating,SEA
IN0009051,FL0014046,AC01137,2026-01-05 09:18:00,Turbulence,Low,Closed,SIN
IN0009052,FL0004627,AC00430,2026-05-08 11:00:00,Navigation Error,Low,Open,SFO
IN0009053,FL0002894,AC00721,2026-02-08 00:54:00,Turbulence,Low,Closed,SIN
IN0009054,FL0009938,AC00900,2026-01-08 17:09:00,Turbulence,High,Resolved,ATL
IN0009055,FL0009083,AC00668,2026-06-14 21:45:00,Engine Alert,Low,Resolved,BOS
IN0009056,FL0002522,AC00235,2026-02-13 07:51:00,Turbulence,Medium,Open,DEL
IN0009057,FL0007682,AC00788,2026-04-14 00:59:00,Engine Alert,Low,Resolved,SEA
IN0009058,FL0010716,AC00557,2026-02-09 09:23:00,Engine Alert,Medium,Closed,SEA
IN0009059,FL0000233,AC00763,2026-03-07 08:21:00,Brake Issue,Low,Resolved,BOS
IN0009060,FL0000385,AC00188,2026-05-02 07:10:00,Brake Issue,Medium,Closed,LAX
IN0009061,FL0000117,AC00331,2026-05-09 09:30:00,Weather Alert,Low,Resolved,ORD
IN0009062,FL0003159,AC00713,2026-01-01 05:39:00,Engine Alert,Low,Closed,DXB
IN0009063,FL0012023,AC00374,2026-04-06 05:19:00,Brake Issue,High,Investigating,LAX
IN0009064,FL0003793,AC00229,2026-05-15 11:48:00,Weather Alert,High,Closed,LHR
IN0009065,FL0003225,AC00067,2026-03-03 03:24:00,Hydraulic Leak,Critical,Closed,BOS
IN0009066,FL0012666,AC00689,2026-01-22 00:34:00,Hydraulic Leak,High,Investigating,LAX
IN0009067,FL0002916,AC00489,2026-05-13 02:25:00,Turbulence,Low,Open,DEN
IN0009068,FL0002095,AC00697,2026-01-15 22:12:00,Hydraulic Leak,Low,Closed,DXB
IN0009069,FL0013013,AC00259,2026-03-23 06:31:00,Brake Issue,Low,Investigating,JFK
IN0009070,FL0001403,AC00053,2026-04-11 20:17:00,Bird Strike,Medium,Open,DXB
IN0009071,FL0005284,AC00441,2026-06-09 13:31:00,Brake Issue,Low,Resolved,BLR
IN0009072,FL0005197,AC01155,2026-04-11 03:24:00,Brake Issue,Critical,Investigating,BOS
IN0009073,FL0006526,AC00728,2026-05-31 12:44:00,Weather Alert,Medium,Open,SEA
IN0009074,FL0014520,AC00502,2026-02-23 16:15:00,Brake Issue,Low,Closed,MIA
IN0009075,FL0012343,AC01141,2026-03-28 23:16:00,Bird Strike,Low,Closed,SIN
IN0009076,FL0009905,AC00921,2026-03-11 15:53:00,Navigation Error,Low,Investigating,ATL
IN0009077,FL0006196,AC00866,2026-06-30 08:16:00,Brake Issue,Low,Closed,SEA
IN0009078,FL0009226,AC00080,2026-01-05 17:58:00,Hydraulic Leak,High,Open,DXB
IN0009079,FL0012362,AC00888,2026-05-17 13:35:00,Hydraulic Leak,Low,Open,SEA
IN0009080,FL0012537,AC00655,2026-04-15 13:31:00,Brake Issue,Low,Investigating,JFK
IN0009081,FL0000640,AC00957,2026-03-03 16:49:00,Brake Issue,Low,Investigating,BLR
IN0009082,FL0004810,AC00136,2026-06-27 02:17:00,Navigation Error,Critical,Investigating,SIN
IN0009083,FL0007945,AC00162,2026-04-22 09:25:00,Engine Alert,Low,Closed,ATL
IN0009084,FL0008174,AC01073,2026-01-01 10:05:00,Brake Issue,Medium,Closed,LHR
IN0009085,FL0007097,AC00663,2026-05-13 04:21:00,Turbulence,Medium,Investigating,SIN
IN0009086,FL0012416,AC00370,2026-06-16 23:29:00,Engine Alert,Low,Resolved,LAX
IN0009087,FL0012280,AC00515,2026-05-16 14:33:00,Hydraulic Leak,Low,Closed,DFW
IN0009088,FL0011763,AC01141,2026-04-18 07:03:00,Navigation Error,Low,Investigating,ATL
IN0009089,FL0005707,AC00163,2026-03-28 04:35:00,Turbulence,Low,Resolved,SIN
IN0009090,FL0012000,AC01056,2026-02-24 23:16:00,Brake Issue,High,Open,SEA
IN0009091,FL0012635,AC00318,2026-03-08 20:17:00,Bird Strike,High,Investigating,SEA
IN0009092,FL0014101,AC00041,2026-02-09 21:11:00,Turbulence,Low,Resolved,DXB
IN0009093,FL0010271,AC00532,2026-05-02 17:48:00,Turbulence,Medium,Open,DFW
IN0009094,FL0005813,AC00771,2026-04-21 23:28:00,Turbulence,Low,Investigating,MIA
IN0009095,FL0006493,AC00345,2026-05-02 07:06:00,Engine Alert,Low,Open,DEN
IN0009096,FL0002163,AC00198,2026-01-06 16:03:00,Bird Strike,Low,Open,SFO
IN0009097,FL0007512,AC00961,2026-04-04 00:24:00,Engine Alert,Medium,Open,ORD
IN0009098,FL0012076,AC00200,2026-04-16 15:43:00,Weather Alert,Medium,Investigating,LAX
IN0009099,FL0008429,AC01079,2026-03-04 08:30:00,Turbulence,Low,Open,JFK
IN0009100,FL0006311,AC00291,2026-01-13 12:51:00,Weather Alert,High,Closed,LAX
IN0009101,FL0003960,AC00649,2026-02-24 23:07:00,Brake Issue,Low,Resolved,BLR
IN0009102,FL0004029,AC01128,2026-04-25 07:35:00,Bird Strike,Low,Resolved,ORD
IN0009103,FL0000790,AC00924,2026-02-23 09:03:00,Turbulence,Low,Resolved,MIA
IN0009104,FL0010644,AC00739,2026-01-14 09:29:00,Bird Strike,Low,Resolved,DFW
IN0009105,FL0003707,AC00284,2026-03-11 12:47:00,Engine Alert,Low,Resolved,ATL
IN0009106,FL0005284,AC00337,2026-04-07 21:30:00,Bird Strike,Medium,Investigating,LHR
IN0009107,FL0007320,AC00598,2026-01-13 22:18:00,Hydraulic Leak,Medium,Resolved,DEL
IN0009108,FL0003411,AC00961,2026-06-03 12:48:00,Turbulence,Medium,Resolved,ORD
IN0009109,FL0008202,AC01146,2026-06-29 12:25:00,Navigation Error,Low,Open,LAX
IN0009110,FL0001406,AC00990,2026-06-13 16:10:00,Weather Alert,Medium,Investigating,LHR
IN0009111,FL0002880,AC00127,2026-02-01 22:11:00,Bird Strike,Low,Closed,DEL
IN0009112,FL0002355,AC01048,2026-02-03 21:26:00,Engine Alert,Critical,Investigating,BLR
IN0009113,FL0007677,AC00121,2026-01-30 17:41:00,Engine Alert,Medium,Open,BOS
IN0009114,FL0010722,AC00019,2026-03-11 09:51:00,Navigation Error,Low,Open,MIA
IN0009115,FL0006216,AC00984,2026-03-10 21:09:00,Navigation Error,Medium,Investigating,ORD
IN0009116,FL0002796,AC00443,2026-02-23 20:56:00,Hydraulic Leak,Low,Investigating,ORD
IN0009117,FL0005090,AC01010,2026-01-21 01:26:00,Navigation Error,Low,Investigating,JFK
IN0009118,FL0010082,AC00341,2026-05-13 11:26:00,Brake Issue,Medium,Resolved,SIN
IN0009119,FL0008814,AC00957,2026-02-27 04:51:00,Engine Alert,Low,Resolved,MIA
IN0009120,FL0006162,AC00666,2026-04-14 10:20:00,Hydraulic Leak,Low,Resolved,DEN
IN0009121,FL0014246,AC00921,2026-03-31 10:23:00,Navigation Error,Low,Open,ORD
IN0009122,FL0004451,AC00115,2026-03-20 11:42:00,Turbulence,Low,Investigating,DEN
IN0009123,FL0013014,AC00227,2026-02-08 07:44:00,Engine Alert,Low,Investigating,BOS
IN0009124,FL0004029,AC00001,2026-03-29 07:02:00,Engine Alert,Medium,Resolved,SEA
IN0009125,FL0011316,AC01138,2026-03-18 12:06:00,Turbulence,High,Resolved,BLR
IN0009126,FL0005221,AC01183,2026-02-22 12:08:00,Weather Alert,Medium,Investigating,BOS
IN0009127,FL0004924,AC00988,2026-06-24 09:20:00,Hydraulic Leak,Low,Investigating,LAX
IN0009128,FL0008666,AC00157,2026-01-11 19:28:00,Hydraulic Leak,Critical,Closed,LHR
IN0009129,FL0010260,AC00805,2026-02-28 14:01:00,Engine Alert,Low,Closed,LAX
IN0009130,FL0007622,AC01098,2026-03-15 18:17:00,Bird Strike,Low,Resolved,SIN
IN0009131,FL0014746,AC00810,2026-05-10 06:47:00,Bird Strike,Medium,Resolved,DXB
IN0009132,FL0013139,AC00817,2026-01-29 10:51:00,Hydraulic Leak,Low,Investigating,SIN
IN0009133,FL0005318,AC00132,2026-06-05 08:52:00,Turbulence,Low,Open,ATL
IN0009134,FL0007277,AC00273,2026-05-13 13:35:00,Hydraulic Leak,Low,Closed,DXB
IN0009135,FL0007762,AC01055,2026-06-06 09:15:00,Navigation Error,Low,Investigating,SEA
IN0009136,FL0003573,AC00518,2026-02-18 14:53:00,Engine Alert,High,Open,LAX
IN0009137,FL0003251,AC00871,2026-05-01 20:28:00,Weather Alert,Medium,Investigating,DFW
IN0009138,FL0003002,AC00065,2026-04-08 17:34:00,Weather Alert,Low,Resolved,ATL
IN0009139,FL0006292,AC00229,2026-05-19 12:52:00,Brake Issue,Medium,Open,JFK
IN0009140,FL0002569,AC00050,2026-06-23 06:51:00,Navigation Error,Low,Closed,MIA
IN0009141,FL0004235,AC01157,2026-05-22 22:56:00,Navigation Error,High,Investigating,BLR
IN0009142,FL0001421,AC01090,2026-03-08 13:12:00,Weather Alert,Medium,Closed,JFK
IN0009143,FL0005965,AC00340,2026-02-09 01:40:00,Bird Strike,Low,Resolved,DFW
IN0009144,FL0010900,AC00494,2026-06-13 10:18:00,Engine Alert,Medium,Open,SFO
IN0009145,FL0004647,AC00736,2026-01-27 00:48:00,Bird Strike,Low,Investigating,DFW
IN0009146,FL0009265,AC00051,2026-04-25 12:25:00,Turbulence,High,Closed,JFK
IN0009147,FL0005130,AC00507,2026-03-26 04:44:00,Hydraulic Leak,Low,Resolved,BLR
IN0009148,FL0012047,AC00024,2026-06-14 06:13:00,Bird Strike,Low,Closed,LHR
IN0009149,FL0011098,AC01043,2026-02-11 13:06:00,Weather Alert,Medium,Investigating,JFK
IN0009150,FL0012389,AC00888,2026-06-20 00:43:00,Engine Alert,Low,Open,SIN
IN0009151,FL0005978,AC00361,2026-01-15 01:52:00,Bird Strike,High,Open,MIA
IN0009152,FL0010399,AC00055,2026-03-17 11:15:00,Bird Strike,Medium,Closed,MIA
IN0009153,FL0002391,AC00627,2026-01-30 10:06:00,Navigation Error,High,Investigating,MIA
IN0009154,FL0006196,AC00806,2026-06-02 02:45:00,Brake Issue,Medium,Open,SIN
IN0009155,FL0005295,AC01188,2026-06-06 05:56:00,Engine Alert,Medium,Open,ATL
IN0009156,FL0008334,AC00437,2026-02-12 17:00:00,Brake Issue,Low,Investigating,BOS
IN0009157,FL0005122,AC01094,2026-02-25 05:41:00,Bird Strike,Low,Closed,ORD
IN0009158,FL0006495,AC00388,2026-05-22 20:01:00,Hydraulic Leak,Medium,Closed,ORD
IN0009159,FL0014723,AC00515,2026-05-07 20:23:00,Engine Alert,Low,Investigating,DEL
IN0009160,FL0013803,AC00060,2026-01-09 17:45:00,Hydraulic Leak,Low,Investigating,ATL
IN0009161,FL0009705,AC00150,2026-03-15 11:15:00,Bird Strike,Medium,Resolved,DEL
IN0009162,FL0010009,AC00120,2026-04-26 19:03:00,Engine Alert,Low,Investigating,DFW
IN0009163,FL0012150,AC00294,2026-02-20 17:08:00,Bird Strike,High,Resolved,ORD
IN0009164,FL0001609,AC00327,2026-06-15 07:41:00,Hydraulic Leak,Low,Investigating,BLR
IN0009165,FL0001695,AC00302,2026-05-21 20:20:00,Engine Alert,High,Investigating,JFK
IN0009166,FL0014466,AC00263,2026-05-02 22:13:00,Hydraulic Leak,Medium,Investigating,DFW
IN0009167,FL0001623,AC00811,2026-02-08 17:33:00,Brake Issue,Low,Resolved,DEL
IN0009168,FL0001694,AC00868,2026-04-15 13:46:00,Turbulence,Low,Open,LAX
IN0009169,FL0002551,AC00319,2026-04-02 04:31:00,Brake Issue,Low,Resolved,DEL
IN0009170,FL0005679,AC00540,2026-03-24 05:43:00,Navigation Error,Medium,Open,ORD
IN0009171,FL0000430,AC00712,2026-03-06 04:14:00,Bird Strike,Low,Open,SIN
IN0009172,FL0004166,AC00173,2026-01-28 00:47:00,Navigation Error,High,Investigating,LHR
IN0009173,FL0003158,AC01156,2026-01-13 18:45:00,Engine Alert,Medium,Resolved,DFW
IN0009174,FL0005112,AC00194,2026-06-15 11:49:00,Brake Issue,Medium,Investigating,LAX
IN0009175,FL0001708,AC01181,2026-03-12 00:21:00,Weather Alert,Low,Open,DEL
IN0009176,FL0005218,AC00148,2026-02-08 02:18:00,Hydraulic Leak,Low,Open,LAX
IN0009177,FL0010867,AC01005,2026-06-09 12:30:00,Turbulence,Medium,Open,BOS
IN0009178,FL0006984,AC00209,2026-03-19 16:31:00,Engine Alert,Low,Open,SFO
IN0009179,FL0000146,AC00579,2026-05-29 02:24:00,Turbulence,Low,Investigating,BLR
IN0009180,FL0001749,AC00519,2026-06-02 11:08:00,Weather Alert,Low,Closed,SIN
IN0009181,FL0014587,AC00704,2026-03-25 20:42:00,Weather Alert,Medium,Resolved,LAX
IN0009182,FL0010956,AC01038,2026-05-28 17:02:00,Weather Alert,Medium,Closed,ORD
IN0009183,FL0003729,AC00811,2026-06-03 09:29:00,Bird Strike,Low,Closed,LAX
IN0009184,FL0007693,AC00490,2026-05-25 13:41:00,Navigation Error,Medium,Closed,SFO
IN0009185,FL0004528,AC00691,2026-06-24 20:15:00,Turbulence,Medium,Resolved,BLR
IN0009186,FL0004277,AC00740,2026-05-05 05:53:00,Weather Alert,Low,Resolved,SIN
IN0009187,FL0007511,AC00401,2026-03-29 13:06:00,Bird Strike,Low,Open,BLR
IN0009188,FL0003817,AC00377,2026-04-11 01:13:00,Weather Alert,Low,Investigating,SFO
IN0009189,FL0002261,AC00242,2026-01-12 17:31:00,Weather Alert,Medium,Resolved,ATL
IN0009190,FL0004589,AC00601,2026-04-14 08:06:00,Turbulence,Low,Investigating,JFK
IN0009191,FL0010586,AC00309,2026-03-22 17:37:00,Hydraulic Leak,Low,Open,ATL
IN0009192,FL0014400,AC00071,2026-02-09 16:52:00,Engine Alert,Low,Open,DEN
IN0009193,FL0001737,AC00335,2026-05-11 15:47:00,Engine Alert,High,Investigating,BOS
IN0009194,FL0013721,AC01163,2026-03-24 00:26:00,Weather Alert,Low,Resolved,BLR
IN0009195,FL0001858,AC01014,2026-03-20 14:55:00,Weather Alert,Low,Resolved,SEA
IN0009196,FL0005474,AC00715,2026-02-20 09:57:00,Engine Alert,Medium,Closed,DEN
IN0009197,FL0006938,AC01194,2026-01-01 12:08:00,Navigation Error,Medium,Open,DEL
IN0009198,FL0012427,AC00512,2026-05-28 15:56:00,Engine Alert,Low,Investigating,ATL
IN0009199,FL0009332,AC00776,2026-05-17 21:51:00,Engine Alert,Low,Closed,DXB
IN0009200,FL0014662,AC00377,2026-04-16 23:52:00,Bird Strike,Low,Open,DEN
IN0009201,FL0005494,AC00950,2026-04-22 15:07:00,Turbulence,High,Closed,LAX
IN0009202,FL0013707,AC00575,2026-03-14 11:27:00,Bird Strike,Medium,Closed,JFK
IN0009203,FL0014628,AC00233,2026-01-15 13:11:00,Bird Strike,High,Closed,SEA
IN0009204,FL0010185,AC01061,2026-05-25 02:14:00,Weather Alert,Low,Investigating,ORD
IN0009205,FL0013806,AC01058,2026-07-02 01:49:00,Navigation Error,Low,Investigating,SFO
IN0009206,FL0003286,AC00200,2026-03-09 07:22:00,Navigation Error,High,Investigating,ORD
IN0009207,FL0001177,AC00963,2026-05-07 20:07:00,Brake Issue,High,Open,LAX
IN0009208,FL0009051,AC01093,2026-06-22 05:35:00,Navigation Error,Low,Closed,ATL
IN0009209,FL0012397,AC00742,2026-04-23 20:43:00,Navigation Error,Medium,Open,MIA
IN0009210,FL0005285,AC00630,2026-06-30 21:13:00,Navigation Error,High,Closed,SFO
IN0009211,FL0005523,AC01047,2026-06-13 05:48:00,Engine Alert,Low,Resolved,DXB
IN0009212,FL0009427,AC00380,2026-05-03 01:25:00,Weather Alert,High,Investigating,ORD
IN0009213,FL0014417,AC00676,2026-07-01 08:02:00,Navigation Error,Low,Investigating,DEL
IN0009214,FL0006697,AC00715,2026-01-07 06:44:00,Hydraulic Leak,Medium,Open,DEN
IN0009215,FL0007790,AC00664,2026-02-16 09:46:00,Engine Alert,Medium,Investigating,BOS
IN0009216,FL0005584,AC01035,2026-04-22 08:21:00,Bird Strike,Low,Open,DXB
IN0009217,FL0009476,AC00924,2026-02-02 01:15:00,Weather Alert,High,Resolved,DFW
IN0009218,FL0012024,AC00286,2026-05-12 07:10:00,Engine Alert,High,Resolved,SIN
IN0009219,FL0002282,AC00755,2026-05-18 20:21:00,Weather Alert,Medium,Resolved,DEL
IN0009220,FL0004534,AC00164,2026-05-03 15:07:00,Engine Alert,Low,Resolved,DXB
IN0009221,FL0004458,AC00554,2026-06-16 21:36:00,Turbulence,Low,Open,MIA
IN0009222,FL0010743,AC00862,2026-06-27 23:54:00,Bird Strike,Low,Open,DFW
IN0009223,FL0004325,AC00905,2026-02-17 22:18:00,Turbulence,Low,Resolved,ORD
IN0009224,FL0013255,AC01060,2026-01-23 21:45:00,Navigation Error,Low,Investigating,BLR
IN0009225,FL0009220,AC00271,2026-02-09 20:37:00,Bird Strike,Medium,Resolved,JFK
IN0009226,FL0000741,AC01006,2026-05-20 19:45:00,Brake Issue,Medium,Closed,ORD
IN0009227,FL0014924,AC00779,2026-03-22 23:23:00,Bird Strike,Low,Resolved,SIN
IN0009228,FL0008022,AC00600,2026-06-06 20:31:00,Brake Issue,Medium,Open,DEN
IN0009229,FL0001177,AC01155,2026-03-25 04:23:00,Engine Alert,Medium,Closed,DFW
IN0009230,FL0012753,AC00457,2026-04-15 20:53:00,Engine Alert,Low,Investigating,DEN
IN0009231,FL0011115,AC00528,2026-02-04 19:49:00,Hydraulic Leak,Medium,Closed,ATL
IN0009232,FL0003668,AC01048,2026-01-04 04:41:00,Turbulence,Low,Open,DXB
IN0009233,FL0010357,AC00281,2026-03-16 08:24:00,Navigation Error,Low,Resolved,LAX
IN0009234,FL0005885,AC00067,2026-03-12 16:38:00,Engine Alert,High,Investigating,DEL
IN0009235,FL0012843,AC00130,2026-01-14 14:32:00,Bird Strike,Medium,Resolved,DEN
IN0009236,FL0014846,AC00523,2026-06-04 15:02:00,Turbulence,Low,Resolved,LAX
IN0009237,FL0005718,AC01039,2026-01-18 23:32:00,Brake Issue,Medium,Resolved,DFW
IN0009238,FL0000506,AC00492,2026-03-26 23:58:00,Hydraulic Leak,Medium,Investigating,BLR
IN0009239,FL0008090,AC00649,2026-03-05 15:59:00,Weather Alert,Low,Investigating,LAX
IN0009240,FL0002506,AC01126,2026-05-14 06:45:00,Navigation Error,Low,Resolved,ORD
IN0009241,FL0014072,AC01096,2026-01-17 17:52:00,Engine Alert,Medium,Closed,SIN
IN0009242,FL0006763,AC00580,2026-04-20 04:22:00,Bird Strike,Low,Investigating,ATL
IN0009243,FL0004370,AC01010,2026-03-22 17:06:00,Turbulence,Medium,Resolved,BOS
IN0009244,FL0003228,AC00839,2026-04-26 10:14:00,Engine Alert,Medium,Open,ATL
IN0009245,FL0002999,AC00437,2026-01-12 20:52:00,Bird Strike,High,Resolved,MIA
IN0009246,FL0007397,AC00454,2026-02-20 05:53:00,Bird Strike,Low,Open,ATL
IN0009247,FL0011578,AC00483,2026-06-17 10:36:00,Navigation Error,Medium,Open,ATL
IN0009248,FL0005059,AC00590,2026-03-24 08:06:00,Engine Alert,Low,Closed,JFK
IN0009249,FL0009165,AC00494,2026-02-09 12:19:00,Bird Strike,Medium,Resolved,DEL
IN0009250,FL0001823,AC00593,2026-06-17 17:45:00,Turbulence,Low,Resolved,SEA
IN0009251,FL0009377,AC00857,2026-02-27 09:11:00,Brake Issue,Medium,Open,ATL
IN0009252,FL0005865,AC00239,2026-01-26 06:34:00,Brake Issue,Low,Investigating,JFK
IN0009253,FL0008703,AC01016,2026-02-13 13:26:00,Hydraulic Leak,Low,Investigating,MIA
IN0009254,FL0004699,AC00300,2026-01-05 03:15:00,Navigation Error,Low,Open,SEA
IN0009255,FL0004227,AC01171,2026-03-01 19:22:00,Bird Strike,High,Resolved,JFK
IN0009256,FL0012595,AC00924,2026-04-04 12:39:00,Turbulence,Low,Investigating,SFO
IN0009257,FL0001907,AC00978,2026-02-27 01:01:00,Hydraulic Leak,Low,Closed,DEN
IN0009258,FL0011704,AC00558,2026-03-29 05:42:00,Weather Alert,Low,Closed,SEA
IN0009259,FL0009010,AC01097,2026-03-01 22:24:00,Weather Alert,Medium,Resolved,BOS
IN0009260,FL0000655,AC00410,2026-06-06 02:21:00,Weather Alert,Medium,Investigating,DEN
IN0009261,FL0007179,AC00023,2026-02-28 12:09:00,Hydraulic Leak,Medium,Closed,ORD
IN0009262,FL0013928,AC00943,2026-03-10 03:38:00,Turbulence,Low,Closed,ATL
IN0009263,FL0010781,AC00019,2026-01-15 23:03:00,Turbulence,Low,Investigating,BLR
IN0009264,FL0012605,AC00059,2026-02-13 16:28:00,Bird Strike,High,Open,BOS
IN0009265,FL0007019,AC00627,2026-04-03 09:53:00,Weather Alert,Medium,Open,BLR
IN0009266,FL0002409,AC00149,2026-06-03 16:53:00,Brake Issue,Low,Resolved,DEL
IN0009267,FL0007466,AC01092,2026-03-14 07:07:00,Weather Alert,Low,Resolved,ORD
IN0009268,FL0004238,AC00183,2026-04-19 17:12:00,Turbulence,Low,Resolved,SFO
IN0009269,FL0014543,AC00365,2026-05-13 00:32:00,Navigation Error,Low,Resolved,MIA
IN0009270,FL0005800,AC00697,2026-01-04 12:18:00,Bird Strike,Medium,Resolved,LAX
IN0009271,FL0011542,AC00804,2026-04-03 10:16:00,Navigation Error,Low,Investigating,ATL
IN0009272,FL0004928,AC00230,2026-02-19 20:20:00,Bird Strike,Low,Resolved,DEN
IN0009273,FL0000899,AC00910,2026-06-15 21:04:00,Engine Alert,Medium,Resolved,SFO
IN0009274,FL0010150,AC00854,2026-04-09 12:24:00,Hydraulic Leak,Low,Resolved,DEN
IN0009275,FL0008020,AC01042,2026-03-31 03:05:00,Bird Strike,Low,Open,MIA
IN0009276,FL0001552,AC01044,2026-06-07 21:52:00,Engine Alert,Low,Open,ATL
IN0009277,FL0011784,AC00370,2026-03-08 21:23:00,Turbulence,Low,Investigating,LAX
IN0009278,FL0006032,AC00334,2026-05-07 16:02:00,Bird Strike,Low,Investigating,LAX
IN0009279,FL0010788,AC00548,2026-01-17 17:08:00,Weather Alert,Medium,Investigating,JFK
IN0009280,FL0008902,AC01044,2026-03-31 16:59:00,Brake Issue,Low,Open,JFK
IN0009281,FL0007482,AC00365,2026-05-12 11:20:00,Engine Alert,Medium,Investigating,ORD
IN0009282,FL0008587,AC00505,2026-05-02 04:20:00,Engine Alert,High,Closed,SFO
IN0009283,FL0004194,AC00678,2026-06-28 07:12:00,Engine Alert,Medium,Closed,DEN
IN0009284,FL0005430,AC00361,2026-04-26 03:51:00,Weather Alert,Medium,Open,BLR
IN0009285,FL0013363,AC01031,2026-03-01 17:17:00,Brake Issue,Low,Open,ORD
IN0009286,FL0007946,AC00362,2026-05-05 15:02:00,Brake Issue,Low,Open,DFW
IN0009287,FL0014534,AC00797,2026-05-20 12:18:00,Brake Issue,Low,Resolved,DEN
IN0009288,FL0006326,AC00099,2026-02-26 16:50:00,Bird Strike,Low,Resolved,DEL
IN0009289,FL0001277,AC00701,2026-06-23 04:31:00,Turbulence,Critical,Resolved,SEA
IN0009290,FL0008111,AC01066,2026-02-28 10:10:00,Weather Alert,Medium,Resolved,DEL
IN0009291,FL0003450,AC00519,2026-01-26 12:51:00,Hydraulic Leak,Low,Resolved,DFW
IN0009292,FL0001536,AC00638,2026-06-14 19:57:00,Weather Alert,Low,Investigating,BLR
IN0009293,FL0010915,AC00511,2026-06-18 16:36:00,Bird Strike,High,Open,JFK
IN0009294,FL0000835,AC00227,2026-04-18 21:11:00,Bird Strike,Medium,Resolved,SEA
IN0009295,FL0000713,AC01120,2026-03-14 05:25:00,Turbulence,Low,Resolved,LHR
IN0009296,FL0006237,AC00903,2026-06-23 23:23:00,Hydraulic Leak,Low,Resolved,ATL
IN0009297,FL0007142,AC00539,2026-04-26 19:24:00,Navigation Error,Low,Investigating,SEA
IN0009298,FL0000552,AC01022,2026-04-14 21:44:00,Weather Alert,Low,Resolved,LAX
IN0009299,FL0014696,AC00196,2026-03-14 20:30:00,Bird Strike,Low,Closed,DFW
IN0009300,FL0013804,AC00965,2026-02-03 05:56:00,Turbulence,Medium,Resolved,DXB
IN0009301,FL0008965,AC00149,2026-01-29 00:32:00,Hydraulic Leak,Low,Open,MIA
IN0009302,FL0010888,AC00139,2026-03-16 03:33:00,Navigation Error,High,Investigating,DEN
IN0009303,FL0010775,AC00261,2026-04-20 06:40:00,Weather Alert,Low,Resolved,LAX
IN0009304,FL0002011,AC00626,2026-06-24 21:33:00,Hydraulic Leak,Low,Resolved,JFK
IN0009305,FL0000071,AC01057,2026-02-02 15:37:00,Hydraulic Leak,High,Open,SEA
IN0009306,FL0012026,AC00764,2026-03-20 22:08:00,Weather Alert,Medium,Resolved,MIA
IN0009307,FL0014449,AC01088,2026-01-01 23:11:00,Engine Alert,Medium,Resolved,BOS
IN0009308,FL0001399,AC00624,2026-02-17 22:53:00,Brake Issue,Low,Closed,SIN
IN0009309,FL0012139,AC00517,2026-03-01 23:56:00,Turbulence,Medium,Resolved,SFO
IN0009310,FL0014706,AC01060,2026-04-05 10:49:00,Navigation Error,Critical,Open,SIN
IN0009311,FL0000028,AC00400,2026-06-30 09:08:00,Weather Alert,Low,Closed,JFK
IN0009312,FL0005104,AC00654,2026-02-26 00:36:00,Hydraulic Leak,Low,Closed,DXB
IN0009313,FL0001567,AC00320,2026-01-30 01:49:00,Brake Issue,High,Investigating,DEL
IN0009314,FL0005944,AC00741,2026-04-30 10:26:00,Brake Issue,Medium,Investigating,LAX
IN0009315,FL0009899,AC01034,2026-06-21 11:44:00,Turbulence,Low,Closed,LAX
IN0009316,FL0006396,AC00103,2026-01-18 21:18:00,Turbulence,Low,Resolved,ATL
IN0009317,FL0008549,AC00101,2026-05-25 12:50:00,Hydraulic Leak,Low,Resolved,LAX
IN0009318,FL0007706,AC00069,2026-03-06 17:30:00,Weather Alert,Low,Closed,ATL
IN0009319,FL0002321,AC00525,2026-04-09 14:12:00,Navigation Error,High,Resolved,LAX
IN0009320,FL0014363,AC00609,2026-04-08 12:40:00,Weather Alert,Medium,Open,BLR
IN0009321,FL0013649,AC00163,2026-01-02 13:20:00,Turbulence,Low,Closed,LAX
IN0009322,FL0000572,AC00431,2026-04-27 18:19:00,Bird Strike,Low,Closed,ORD
IN0009323,FL0003365,AC00873,2026-04-11 05:12:00,Bird Strike,Low,Resolved,DEN
IN0009324,FL0007466,AC00800,2026-06-23 02:44:00,Navigation Error,Low,Closed,ORD
IN0009325,FL0003162,AC00316,2026-04-18 18:46:00,Navigation Error,Low,Investigating,SIN
IN0009326,FL0010562,AC00352,2026-03-05 08:52:00,Hydraulic Leak,Medium,Resolved,ORD
IN0009327,FL0012418,AC00185,2026-05-05 07:01:00,Turbulence,Medium,Open,DFW
IN0009328,FL0004349,AC00860,2026-01-01 08:30:00,Bird Strike,Low,Resolved,ORD
IN0009329,FL0007510,AC00412,2026-05-14 22:31:00,Weather Alert,Low,Open,MIA
IN0009330,FL0004679,AC00377,2026-01-08 20:21:00,Weather Alert,Medium,Resolved,DFW
IN0009331,FL0005481,AC00673,2026-04-28 08:53:00,Bird Strike,Medium,Open,ORD
IN0009332,FL0012468,AC00565,2026-05-04 12:11:00,Brake Issue,Medium,Open,ATL
IN0009333,FL0001243,AC00878,2026-01-16 04:00:00,Navigation Error,Medium,Investigating,BOS
IN0009334,FL0004967,AC00987,2026-06-14 06:04:00,Hydraulic Leak,Critical,Resolved,JFK
IN0009335,FL0010766,AC00505,2026-05-24 04:20:00,Weather Alert,Medium,Open,JFK
IN0009336,FL0002376,AC00830,2026-04-04 06:47:00,Turbulence,Low,Investigating,DXB
IN0009337,FL0011389,AC00699,2026-03-20 15:06:00,Turbulence,Low,Closed,DEL
IN0009338,FL0013908,AC00353,2026-03-07 14:20:00,Engine Alert,High,Investigating,MIA
IN0009339,FL0004045,AC00633,2026-01-09 19:40:00,Engine Alert,Medium,Closed,SEA
IN0009340,FL0003994,AC00675,2026-01-19 22:07:00,Turbulence,Low,Resolved,DFW
IN0009341,FL0003675,AC00306,2026-06-23 14:02:00,Hydraulic Leak,Low,Closed,LAX
IN0009342,FL0009633,AC00694,2026-03-25 15:44:00,Engine Alert,Medium,Closed,DEN
IN0009343,FL0013468,AC01157,2026-01-14 01:26:00,Turbulence,Low,Resolved,DEL
IN0009344,FL0008579,AC00514,2026-03-26 11:25:00,Weather Alert,Low,Open,DXB
IN0009345,FL0013214,AC00702,2026-02-15 23:31:00,Bird Strike,High,Investigating,DEN
IN0009346,FL0013110,AC00247,2026-01-29 22:39:00,Navigation Error,Low,Resolved,ORD
IN0009347,FL0006232,AC00778,2026-03-20 21:17:00,Brake Issue,High,Investigating,LHR
IN0009348,FL0002502,AC00274,2026-06-15 09:09:00,Brake Issue,Low,Resolved,DEN
IN0009349,FL0000875,AC00443,2026-06-21 14:16:00,Brake Issue,High,Open,ORD
IN0009350,FL0012509,AC00351,2026-02-15 02:40:00,Brake Issue,Low,Resolved,MIA
IN0009351,FL0002459,AC00589,2026-04-23 23:57:00,Weather Alert,Low,Resolved,DEN
IN0009352,FL0009220,AC00719,2026-04-10 04:28:00,Engine Alert,Low,Investigating,DEL
IN0009353,FL0008425,AC00371,2026-02-02 10:57:00,Weather Alert,Low,Resolved,DXB
IN0009354,FL0011569,AC00034,2026-05-22 21:09:00,Hydraulic Leak,Medium,Resolved,BLR
IN0009355,FL0000173,AC00258,2026-05-26 16:29:00,Navigation Error,Medium,Open,DFW
IN0009356,FL0007574,AC01069,2026-04-06 02:19:00,Bird Strike,Medium,Investigating,DXB
IN0009357,FL0009081,AC01199,2026-05-22 08:19:00,Turbulence,Medium,Investigating,ORD
IN0009358,FL0010013,AC01018,2026-01-13 13:39:00,Brake Issue,Low,Investigating,MIA
IN0009359,FL0012350,AC00330,2026-03-10 07:43:00,Weather Alert,High,Open,SFO
IN0009360,FL0008548,AC00863,2026-04-05 18:26:00,Turbulence,Low,Closed,SIN
IN0009361,FL0014713,AC00914,2026-01-26 02:45:00,Brake Issue,Medium,Resolved,ATL
IN0009362,FL0014669,AC00712,2026-06-12 22:40:00,Hydraulic Leak,Low,Resolved,LHR
IN0009363,FL0006162,AC00126,2026-02-16 14:52:00,Navigation Error,Low,Open,LHR
IN0009364,FL0008748,AC01188,2026-04-28 01:32:00,Engine Alert,Low,Resolved,DXB
IN0009365,FL0007010,AC00715,2026-06-25 15:53:00,Weather Alert,Low,Resolved,MIA
IN0009366,FL0014881,AC00590,2026-05-06 22:08:00,Turbulence,Low,Investigating,DEL
IN0009367,FL0007752,AC00999,2026-01-01 12:27:00,Engine Alert,Low,Resolved,DEN
IN0009368,FL0007778,AC00293,2026-06-18 05:50:00,Weather Alert,Low,Closed,DEN
IN0009369,FL0012894,AC00928,2026-01-22 20:00:00,Bird Strike,Low,Open,DFW
IN0009370,FL0014741,AC00838,2026-01-04 06:16:00,Weather Alert,Low,Resolved,BLR
IN0009371,FL0011804,AC00536,2026-02-06 06:18:00,Brake Issue,High,Resolved,LAX
IN0009372,FL0011597,AC00473,2026-06-11 10:16:00,Engine Alert,Medium,Closed,DEL
IN0009373,FL0014312,AC00686,2026-02-01 10:09:00,Turbulence,Low,Closed,LHR
IN0009374,FL0013128,AC00026,2026-04-11 08:04:00,Navigation Error,Low,Investigating,DXB
IN0009375,FL0010529,AC01094,2026-04-01 05:42:00,Navigation Error,High,Closed,SEA
IN0009376,FL0001549,AC01053,2026-05-22 23:07:00,Bird Strike,Low,Resolved,LAX
IN0009377,FL0005517,AC00282,2026-01-31 13:08:00,Hydraulic Leak,Medium,Resolved,SIN
IN0009378,FL0009546,AC01117,2026-04-29 19:02:00,Turbulence,Low,Resolved,BLR
IN0009379,FL0008069,AC00451,2026-06-27 11:49:00,Brake Issue,Medium,Open,DFW
IN0009380,FL0007463,AC00536,2026-03-25 21:35:00,Navigation Error,Medium,Open,BLR
IN0009381,FL0005707,AC00797,2026-01-17 15:17:00,Weather Alert,High,Resolved,DEN
IN0009382,FL0001803,AC00883,2026-02-03 06:47:00,Engine Alert,High,Investigating,DXB
IN0009383,FL0003467,AC01112,2026-02-15 17:02:00,Bird Strike,Low,Investigating,DEL
IN0009384,FL0010994,AC00391,2026-06-28 08:44:00,Engine Alert,Low,Open,SIN
IN0009385,FL0004062,AC00767,2026-05-28 07:21:00,Weather Alert,Medium,Open,BLR
IN0009386,FL0012934,AC01119,2026-01-08 21:55:00,Hydraulic Leak,Medium,Resolved,SIN
IN0009387,FL0011681,AC00515,2026-03-17 09:44:00,Brake Issue,Low,Open,ATL
IN0009388,FL0005103,AC00555,2026-05-26 14:33:00,Engine Alert,Medium,Closed,BOS
IN0009389,FL0011700,AC00523,2026-01-10 10:13:00,Brake Issue,High,Resolved,MIA
IN0009390,FL0012819,AC00099,2026-06-14 23:22:00,Engine Alert,Low,Investigating,ATL
IN0009391,FL0012387,AC00651,2026-03-22 00:30:00,Bird Strike,Medium,Investigating,MIA
IN0009392,FL0010447,AC00959,2026-01-11 00:05:00,Bird Strike,Low,Investigating,SEA
IN0009393,FL0006462,AC00951,2026-04-09 03:21:00,Engine Alert,Low,Investigating,BLR
IN0009394,FL0008198,AC00380,2026-02-18 08:31:00,Turbulence,High,Closed,DEN
IN0009395,FL0004051,AC00098,2026-01-23 14:31:00,Brake Issue,Low,Open,BOS
IN0009396,FL0006874,AC00881,2026-06-13 22:19:00,Brake Issue,Medium,Investigating,MIA
IN0009397,FL0001723,AC00489,2026-03-19 00:00:00,Bird Strike,Low,Open,SEA
IN0009398,FL0013401,AC00766,2026-04-30 00:14:00,Engine Alert,Low,Closed,BOS
IN0009399,FL0011634,AC00834,2026-02-01 13:34:00,Bird Strike,Medium,Investigating,SFO
IN0009400,FL0004318,AC01129,2026-02-11 23:12:00,Hydraulic Leak,Low,Resolved,MIA
IN0009401,FL0014071,AC00600,2026-03-31 00:35:00,Bird Strike,Medium,Resolved,JFK
IN0009402,FL0003286,AC00575,2026-05-18 01:42:00,Navigation Error,Low,Open,ORD
IN0009403,FL0010014,AC00497,2026-05-16 00:29:00,Brake Issue,Low,Investigating,LHR
IN0009404,FL0006906,AC00215,2026-05-27 21:50:00,Weather Alert,Medium,Investigating,SFO
IN0009405,FL0009858,AC01091,2026-04-06 03:26:00,Brake Issue,Low,Open,BOS
IN0009406,FL0000542,AC00652,2026-06-27 07:21:00,Engine Alert,Low,Investigating,DXB
IN0009407,FL0003612,AC00927,2026-01-09 10:50:00,Hydraulic Leak,Low,Open,LAX
IN0009408,FL0004723,AC00591,2026-04-14 10:08:00,Engine Alert,Medium,Open,SIN
IN0009409,FL0003915,AC00793,2026-01-07 08:25:00,Navigation Error,Medium,Open,DXB
IN0009410,FL0009665,AC00053,2026-02-14 04:36:00,Turbulence,Low,Closed,SIN
IN0009411,FL0000208,AC00851,2026-03-28 10:27:00,Weather Alert,Low,Closed,DEN
IN0009412,FL0011538,AC00024,2026-02-21 19:55:00,Engine Alert,Low,Open,ATL
IN0009413,FL0012900,AC00583,2026-03-10 10:54:00,Weather Alert,Low,Open,SIN
IN0009414,FL0003956,AC00107,2026-05-04 03:08:00,Turbulence,High,Open,JFK
IN0009415,FL0000696,AC00818,2026-01-27 10:18:00,Turbulence,Low,Closed,SEA
IN0009416,FL0014516,AC01142,2026-01-31 01:15:00,Brake Issue,Medium,Open,JFK
IN0009417,FL0008809,AC00152,2026-01-20 09:26:00,Engine Alert,Low,Resolved,SEA
IN0009418,FL0008480,AC00208,2026-03-07 13:49:00,Hydraulic Leak,Low,Closed,LAX
IN0009419,FL0008144,AC01112,2026-01-23 01:17:00,Hydraulic Leak,Low,Open,DFW
IN0009420,FL0009107,AC01146,2026-01-27 14:03:00,Engine Alert,Medium,Resolved,DEL
IN0009421,FL0006461,AC00735,2026-04-01 11:33:00,Weather Alert,Low,Open,BOS
IN0009422,FL0008376,AC00750,2026-06-18 01:31:00,Bird Strike,Low,Open,ATL
IN0009423,FL0002551,AC00068,2026-03-28 21:16:00,Bird Strike,Low,Open,SFO
IN0009424,FL0012233,AC00824,2026-01-21 23:23:00,Engine Alert,Low,Investigating,MIA
IN0009425,FL0008088,AC00853,2026-01-25 23:09:00,Hydraulic Leak,Medium,Resolved,DXB
IN0009426,FL0006000,AC00256,2026-05-07 12:45:00,Hydraulic Leak,Medium,Closed,SIN
IN0009427,FL0008699,AC00062,2026-06-17 20:25:00,Engine Alert,Medium,Closed,SEA
IN0009428,FL0007846,AC01086,2026-01-28 22:41:00,Hydraulic Leak,Medium,Closed,DXB
IN0009429,FL0003833,AC00743,2026-06-26 19:28:00,Brake Issue,Medium,Open,ATL
IN0009430,FL0000107,AC00495,2026-06-14 15:29:00,Navigation Error,Medium,Open,DFW
IN0009431,FL0008497,AC00742,2026-06-18 08:16:00,Bird Strike,Low,Open,ATL
IN0009432,FL0014424,AC00402,2026-03-01 10:12:00,Turbulence,High,Investigating,MIA
IN0009433,FL0006152,AC00825,2026-04-02 06:46:00,Hydraulic Leak,Medium,Closed,DXB
IN0009434,FL0002666,AC00891,2026-04-30 15:32:00,Bird Strike,Low,Open,DXB
IN0009435,FL0011467,AC00099,2026-04-24 05:58:00,Brake Issue,Low,Resolved,ORD
IN0009436,FL0003687,AC00235,2026-06-06 20:36:00,Navigation Error,Low,Open,SEA
IN0009437,FL0013298,AC00201,2026-05-05 18:20:00,Turbulence,Low,Investigating,DEL
IN0009438,FL0002840,AC00592,2026-03-08 02:53:00,Brake Issue,High,Investigating,JFK
IN0009439,FL0012747,AC00658,2026-06-05 06:26:00,Engine Alert,Low,Investigating,SEA
IN0009440,FL0008649,AC00614,2026-03-29 16:06:00,Hydraulic Leak,Low,Open,JFK
IN0009441,FL0001303,AC00989,2026-05-17 20:58:00,Turbulence,Low,Closed,BLR
IN0009442,FL0005158,AC00917,2026-05-26 03:17:00,Brake Issue,Low,Resolved,DEL
IN0009443,FL0009036,AC00625,2026-05-12 18:45:00,Brake Issue,Low,Closed,DXB
IN0009444,FL0002433,AC00112,2026-03-05 10:29:00,Weather Alert,Medium,Closed,JFK
IN0009445,FL0000474,AC00887,2026-04-26 13:59:00,Brake Issue,Low,Closed,LHR
IN0009446,FL0010124,AC00762,2026-06-09 07:20:00,Turbulence,Low,Resolved,JFK
IN0009447,FL0007871,AC00588,2026-02-07 13:38:00,Hydraulic Leak,Low,Closed,DXB
IN0009448,FL0011297,AC00683,2026-02-03 11:40:00,Brake Issue,Low,Investigating,LHR
IN0009449,FL0009166,AC00974,2026-04-22 19:28:00,Turbulence,Medium,Investigating,ATL
IN0009450,FL0000936,AC00066,2026-04-17 12:31:00,Weather Alert,Low,Closed,MIA
IN0009451,FL0003399,AC00252,2026-06-18 10:11:00,Bird Strike,Low,Investigating,SIN
IN0009452,FL0001364,AC01005,2026-04-06 12:37:00,Bird Strike,Medium,Investigating,DXB
IN0009453,FL0012748,AC00711,2026-05-02 06:17:00,Weather Alert,Low,Open,MIA
IN0009454,FL0002214,AC00249,2026-06-12 15:25:00,Engine Alert,Low,Closed,SIN
IN0009455,FL0004668,AC00233,2026-05-22 05:42:00,Navigation Error,Medium,Open,DEN
IN0009456,FL0004689,AC01155,2026-04-07 14:41:00,Navigation Error,High,Investigating,DFW
IN0009457,FL0009357,AC00104,2026-04-16 05:10:00,Navigation Error,Low,Resolved,DFW
IN0009458,FL0013416,AC00328,2026-06-19 14:01:00,Engine Alert,High,Closed,DFW
IN0009459,FL0008173,AC00618,2026-03-05 11:04:00,Hydraulic Leak,High,Resolved,DFW
IN0009460,FL0002604,AC00283,2026-04-10 17:11:00,Brake Issue,Low,Investigating,BOS
IN0009461,FL0008016,AC00995,2026-01-10 02:53:00,Navigation Error,Medium,Resolved,BOS
IN0009462,FL0003316,AC00022,2026-03-26 09:52:00,Engine Alert,Medium,Investigating,DFW
IN0009463,FL0000921,AC00135,2026-01-30 21:31:00,Brake Issue,Low,Investigating,DFW
IN0009464,FL0003942,AC00401,2026-01-16 09:22:00,Weather Alert,Low,Open,DFW
IN0009465,FL0010072,AC00965,2026-05-23 03:40:00,Turbulence,Low,Investigating,DXB
IN0009466,FL0014419,AC00135,2026-05-20 22:06:00,Brake Issue,High,Resolved,SFO
IN0009467,FL0012990,AC00339,2026-01-22 17:36:00,Navigation Error,Medium,Closed,LAX
IN0009468,FL0001957,AC00997,2026-06-22 11:06:00,Navigation Error,High,Investigating,DFW
IN0009469,FL0005559,AC00667,2026-05-22 15:32:00,Bird Strike,Low,Closed,SIN
IN0009470,FL0003862,AC00642,2026-05-15 06:52:00,Brake Issue,Low,Investigating,MIA
IN0009471,FL0004809,AC00475,2026-05-13 01:30:00,Weather Alert,Low,Open,JFK
IN0009472,FL0013715,AC00912,2026-01-29 04:02:00,Engine Alert,Low,Investigating,LHR
IN0009473,FL0001654,AC00102,2026-06-17 01:49:00,Turbulence,Critical,Investigating,DEL
IN0009474,FL0011150,AC00065,2026-01-24 05:14:00,Brake Issue,Low,Closed,BLR
IN0009475,FL0009303,AC00919,2026-01-29 07:54:00,Turbulence,Medium,Investigating,ORD
IN0009476,FL0010850,AC00077,2026-02-16 07:34:00,Hydraulic Leak,High,Resolved,ATL
IN0009477,FL0001167,AC00277,2026-03-18 00:48:00,Engine Alert,Low,Investigating,SIN
IN0009478,FL0003556,AC00947,2026-02-10 18:16:00,Brake Issue,High,Investigating,ATL
IN0009479,FL0003262,AC00185,2026-03-16 19:00:00,Turbulence,Low,Investigating,DFW
IN0009480,FL0003907,AC00323,2026-01-12 08:30:00,Hydraulic Leak,Low,Open,SIN
IN0009481,FL0010914,AC00547,2026-01-19 16:16:00,Turbulence,Low,Resolved,JFK
IN0009482,FL0007548,AC00035,2026-02-02 05:10:00,Hydraulic Leak,Medium,Open,MIA
IN0009483,FL0002205,AC00891,2026-04-01 04:54:00,Bird Strike,Low,Closed,SIN
IN0009484,FL0006098,AC00044,2026-03-31 23:40:00,Engine Alert,Low,Resolved,LHR
IN0009485,FL0014626,AC00307,2026-05-15 14:06:00,Brake Issue,High,Closed,MIA
IN0009486,FL0013522,AC00739,2026-02-22 02:03:00,Weather Alert,High,Closed,DEN
IN0009487,FL0014995,AC01087,2026-03-20 18:24:00,Engine Alert,Low,Resolved,SFO
IN0009488,FL0003322,AC01003,2026-04-24 10:30:00,Engine Alert,Critical,Investigating,DEN
IN0009489,FL0001722,AC00146,2026-02-09 15:14:00,Hydraulic Leak,Low,Closed,MIA
IN0009490,FL0014301,AC00057,2026-04-07 08:56:00,Hydraulic Leak,Low,Closed,SFO
IN0009491,FL0004711,AC00747,2026-03-16 17:54:00,Weather Alert,Low,Closed,MIA
IN0009492,FL0011803,AC00873,2026-03-01 08:23:00,Weather Alert,Low,Resolved,DFW
IN0009493,FL0006048,AC00190,2026-02-08 03:29:00,Engine Alert,Medium,Resolved,SFO
IN0009494,FL0012617,AC00966,2026-02-19 02:47:00,Brake Issue,Medium,Investigating,DEN
IN0009495,FL0001391,AC00149,2026-04-12 08:27:00,Navigation Error,Medium,Open,DEL
IN0009496,FL0009917,AC00637,2026-05-23 15:30:00,Engine Alert,Low,Open,SEA
IN0009497,FL0009044,AC00220,2026-04-29 20:04:00,Weather Alert,Low,Open,SEA
IN0009498,FL0009084,AC00272,2026-04-09 20:43:00,Engine Alert,Low,Resolved,BOS
IN0009499,FL0002492,AC00419,2026-02-20 15:23:00,Engine Alert,High,Closed,LHR
IN0009500,FL0002617,AC00780,2026-06-24 23:55:00,Weather Alert,Medium,Closed,BLR
IN0009501,FL0013650,AC00805,2026-06-22 08:33:00,Turbulence,Low,Open,SIN
IN0009502,FL0005413,AC01084,2026-04-17 21:09:00,Bird Strike,Low,Resolved,DFW
IN0009503,FL0007526,AC00771,2026-04-24 18:59:00,Turbulence,Medium,Open,ATL
IN0009504,FL0001637,AC00215,2026-01-08 16:27:00,Weather Alert,Critical,Closed,DEN
IN0009505,FL0009102,AC01060,2026-03-07 13:10:00,Engine Alert,Low,Open,JFK
IN0009506,FL0013176,AC00601,2026-05-23 23:32:00,Engine Alert,Low,Open,SIN
IN0009507,FL0002525,AC00154,2026-06-04 10:06:00,Weather Alert,Medium,Open,BLR
IN0009508,FL0002383,AC00380,2026-05-14 23:54:00,Navigation Error,Low,Investigating,ORD
IN0009509,FL0013997,AC01105,2026-05-13 00:04:00,Navigation Error,Low,Closed,LHR
IN0009510,FL0001843,AC00361,2026-01-04 22:32:00,Weather Alert,Low,Open,DFW
IN0009511,FL0006447,AC01154,2026-01-01 19:37:00,Brake Issue,Low,Investigating,DEN
IN0009512,FL0011809,AC00488,2026-06-23 12:19:00,Brake Issue,Medium,Closed,LAX
IN0009513,FL0014479,AC00352,2026-06-20 07:05:00,Navigation Error,Medium,Resolved,DFW
IN0009514,FL0008413,AC00790,2026-03-31 14:24:00,Engine Alert,Low,Open,DEL
IN0009515,FL0002188,AC00207,2026-05-29 18:41:00,Navigation Error,Medium,Investigating,LHR
IN0009516,FL0008734,AC00557,2026-05-21 12:03:00,Bird Strike,Medium,Closed,JFK
IN0009517,FL0000682,AC00592,2026-02-13 10:04:00,Turbulence,Medium,Investigating,LHR
IN0009518,FL0006348,AC00193,2026-04-14 12:35:00,Navigation Error,Low,Closed,MIA
IN0009519,FL0014935,AC00856,2026-03-14 21:14:00,Bird Strike,Low,Investigating,SIN
IN0009520,FL0012764,AC01110,2026-06-06 16:47:00,Weather Alert,Low,Closed,LAX
IN0009521,FL0008354,AC01193,2026-01-20 17:57:00,Navigation Error,Low,Open,SFO
IN0009522,FL0008607,AC00367,2026-03-28 22:45:00,Engine Alert,Medium,Open,DEN
IN0009523,FL0009931,AC01171,2026-07-01 12:35:00,Brake Issue,Medium,Closed,BLR
IN0009524,FL0005779,AC00789,2026-01-11 12:16:00,Weather Alert,Low,Investigating,MIA
IN0009525,FL0010643,AC00864,2026-01-16 19:39:00,Engine Alert,High,Open,MIA
IN0009526,FL0009520,AC00706,2026-02-18 13:39:00,Hydraulic Leak,Low,Investigating,BOS
IN0009527,FL0006953,AC00133,2026-06-28 21:20:00,Turbulence,Low,Resolved,SFO
IN0009528,FL0011828,AC00664,2026-05-17 03:38:00,Weather Alert,High,Investigating,DFW
IN0009529,FL0009895,AC00017,2026-03-17 17:33:00,Hydraulic Leak,Low,Open,LHR
IN0009530,FL0010821,AC01053,2026-06-11 22:32:00,Engine Alert,Low,Open,LHR
IN0009531,FL0005399,AC00621,2026-01-17 22:39:00,Weather Alert,Low,Open,DEL
IN0009532,FL0006999,AC00215,2026-02-06 15:15:00,Brake Issue,Low,Investigating,SEA
IN0009533,FL0002103,AC00233,2026-04-30 01:15:00,Brake Issue,Medium,Resolved,LHR
IN0009534,FL0000415,AC00120,2026-04-18 10:56:00,Bird Strike,Low,Resolved,DFW
IN0009535,FL0006802,AC01059,2026-01-04 01:04:00,Weather Alert,Low,Resolved,LAX
IN0009536,FL0009500,AC01105,2026-01-08 09:39:00,Brake Issue,Medium,Resolved,JFK
IN0009537,FL0004548,AC00628,2026-05-23 23:26:00,Navigation Error,Medium,Closed,DFW
IN0009538,FL0000917,AC00153,2026-02-18 03:53:00,Engine Alert,Low,Open,BLR
IN0009539,FL0000594,AC00898,2026-01-05 00:38:00,Navigation Error,Medium,Open,SIN
IN0009540,FL0000094,AC00169,2026-03-26 22:13:00,Turbulence,Medium,Closed,DXB
IN0009541,FL0000349,AC00995,2026-03-26 21:19:00,Hydraulic Leak,High,Resolved,MIA
IN0009542,FL0013667,AC00900,2026-03-02 05:32:00,Hydraulic Leak,High,Resolved,SEA
IN0009543,FL0005617,AC00246,2026-04-28 03:12:00,Brake Issue,Low,Closed,LHR
IN0009544,FL0009381,AC00930,2026-03-20 13:13:00,Navigation Error,Low,Investigating,DFW
IN0009545,FL0006790,AC00533,2026-01-03 08:50:00,Bird Strike,Low,Investigating,LAX
IN0009546,FL0014238,AC00890,2026-03-09 09:44:00,Weather Alert,Medium,Closed,SEA
IN0009547,FL0000915,AC00201,2026-06-06 05:19:00,Bird Strike,Low,Resolved,ORD
IN0009548,FL0003712,AC00870,2026-05-12 14:09:00,Navigation Error,Low,Investigating,MIA
IN0009549,FL0006333,AC00776,2026-05-08 14:46:00,Engine Alert,Low,Investigating,DFW
IN0009550,FL0001102,AC00956,2026-06-09 10:32:00,Turbulence,Low,Resolved,LHR
IN0009551,FL0007767,AC00150,2026-06-19 13:02:00,Brake Issue,Critical,Resolved,BOS
IN0009552,FL0004543,AC00831,2026-03-27 00:03:00,Weather Alert,Medium,Resolved,ORD
IN0009553,FL0009767,AC00719,2026-03-15 18:53:00,Brake Issue,Low,Investigating,JFK
IN0009554,FL0002410,AC00452,2026-04-14 21:29:00,Turbulence,Medium,Resolved,SFO
IN0009555,FL0000794,AC00116,2026-06-14 15:12:00,Bird Strike,Low,Investigating,SFO
IN0009556,FL0006898,AC00309,2026-02-15 21:44:00,Turbulence,Low,Open,SIN
IN0009557,FL0001355,AC00881,2026-01-20 14:10:00,Engine Alert,High,Resolved,DEL
IN0009558,FL0013978,AC00176,2026-01-30 22:53:00,Navigation Error,Medium,Resolved,MIA
IN0009559,FL0010813,AC00484,2026-04-17 06:27:00,Hydraulic Leak,Low,Open,LHR
IN0009560,FL0002005,AC01148,2026-04-05 02:00:00,Navigation Error,Low,Open,BOS
IN0009561,FL0008134,AC00690,2026-02-05 14:39:00,Weather Alert,Low,Closed,LAX
IN0009562,FL0002532,AC00609,2026-02-13 16:36:00,Navigation Error,High,Resolved,LAX
IN0009563,FL0005878,AC00955,2026-01-15 21:26:00,Navigation Error,Low,Closed,ORD
IN0009564,FL0013933,AC00456,2026-03-14 17:19:00,Brake Issue,Medium,Resolved,DFW
IN0009565,FL0008633,AC00943,2026-05-12 10:40:00,Turbulence,Medium,Closed,LAX
IN0009566,FL0007952,AC00460,2026-01-22 22:56:00,Weather Alert,Medium,Open,BLR
IN0009567,FL0006852,AC01155,2026-04-04 10:51:00,Navigation Error,High,Open,BLR
IN0009568,FL0000597,AC00230,2026-02-02 00:02:00,Turbulence,Low,Investigating,DFW
IN0009569,FL0014221,AC00916,2026-01-05 02:04:00,Engine Alert,Low,Resolved,JFK
IN0009570,FL0002982,AC00712,2026-05-03 22:27:00,Turbulence,Low,Closed,MIA
IN0009571,FL0006244,AC00025,2026-03-22 18:48:00,Bird Strike,Medium,Investigating,LHR
IN0009572,FL0011889,AC00879,2026-06-29 21:12:00,Brake Issue,Medium,Open,ATL
IN0009573,FL0012302,AC00120,2026-05-20 19:14:00,Bird Strike,Medium,Investigating,JFK
IN0009574,FL0014630,AC00466,2026-04-05 12:52:00,Turbulence,Medium,Closed,SFO
IN0009575,FL0003362,AC00620,2026-07-01 12:34:00,Weather Alert,Low,Closed,SFO
IN0009576,FL0009967,AC00934,2026-01-18 12:27:00,Bird Strike,Medium,Investigating,LHR
IN0009577,FL0009553,AC00638,2026-03-16 17:49:00,Navigation Error,Critical,Investigating,ATL
IN0009578,FL0005000,AC00728,2026-02-16 04:21:00,Navigation Error,Low,Resolved,SFO
IN0009579,FL0003562,AC00203,2026-02-12 10:51:00,Turbulence,Low,Closed,SFO
IN0009580,FL0008497,AC01131,2026-04-20 06:48:00,Navigation Error,High,Open,DXB
IN0009581,FL0008656,AC00684,2026-03-03 08:38:00,Navigation Error,Medium,Closed,SIN
IN0009582,FL0009029,AC00113,2026-01-15 16:02:00,Bird Strike,Low,Investigating,SIN
IN0009583,FL0000198,AC00105,2026-06-03 01:56:00,Engine Alert,Medium,Closed,DEL
IN0009584,FL0007306,AC00706,2026-01-02 05:38:00,Weather Alert,Low,Closed,ORD
IN0009585,FL0000580,AC00513,2026-04-07 23:25:00,Hydraulic Leak,Medium,Closed,BLR
IN0009586,FL0010488,AC00959,2026-01-13 02:27:00,Brake Issue,Low,Investigating,JFK
IN0009587,FL0009634,AC00611,2026-07-01 09:08:00,Hydraulic Leak,Low,Resolved,LAX
IN0009588,FL0010348,AC00351,2026-02-22 06:02:00,Turbulence,Medium,Investigating,LAX
IN0009589,FL0004484,AC00799,2026-05-02 09:07:00,Bird Strike,Medium,Closed,JFK
IN0009590,FL0004162,AC00214,2026-01-28 11:54:00,Turbulence,Low,Closed,SIN
IN0009591,FL0000405,AC00658,2026-04-10 22:06:00,Navigation Error,Low,Closed,SFO
IN0009592,FL0014023,AC00928,2026-05-14 07:22:00,Brake Issue,Medium,Closed,DEN
IN0009593,FL0009350,AC00574,2026-05-12 18:57:00,Navigation Error,Medium,Open,BLR
IN0009594,FL0003449,AC00536,2026-02-22 18:49:00,Bird Strike,Low,Closed,SFO
IN0009595,FL0011361,AC00060,2026-06-29 01:10:00,Hydraulic Leak,Medium,Investigating,ATL
IN0009596,FL0000952,AC00655,2026-01-28 13:38:00,Weather Alert,Low,Closed,MIA
IN0009597,FL0001261,AC00748,2026-05-31 07:05:00,Weather Alert,Medium,Investigating,SFO
IN0009598,FL0001248,AC00899,2026-05-07 14:39:00,Hydraulic Leak,Medium,Resolved,DEN
IN0009599,FL0007886,AC00509,2026-06-19 19:39:00,Bird Strike,High,Investigating,LAX
IN0009600,FL0006152,AC00610,2026-04-25 15:08:00,Turbulence,Medium,Resolved,ORD
IN0009601,FL0002953,AC00049,2026-01-16 10:51:00,Navigation Error,Medium,Resolved,SEA
IN0009602,FL0007508,AC00541,2026-02-21 05:26:00,Engine Alert,Medium,Open,SIN
IN0009603,FL0010753,AC01171,2026-02-03 11:39:00,Engine Alert,Low,Open,DXB
IN0009604,FL0006268,AC00568,2026-03-10 20:03:00,Hydraulic Leak,Low,Closed,LAX
IN0009605,FL0011248,AC00079,2026-01-31 07:09:00,Turbulence,Medium,Investigating,DFW
IN0009606,FL0006787,AC00288,2026-02-18 16:31:00,Turbulence,Medium,Open,JFK
IN0009607,FL0003037,AC00990,2026-02-02 22:11:00,Weather Alert,Low,Investigating,MIA
IN0009608,FL0014663,AC00341,2026-05-11 09:31:00,Weather Alert,Low,Open,LHR
IN0009609,FL0001815,AC00381,2026-01-31 18:01:00,Bird Strike,Medium,Resolved,LAX
IN0009610,FL0011945,AC00375,2026-01-25 17:51:00,Navigation Error,High,Open,BOS
IN0009611,FL0010806,AC00197,2026-02-25 02:38:00,Brake Issue,Medium,Resolved,DXB
IN0009612,FL0010551,AC00574,2026-05-22 18:57:00,Bird Strike,Medium,Resolved,ORD
IN0009613,FL0001051,AC00447,2026-02-20 03:19:00,Engine Alert,Medium,Investigating,SFO
IN0009614,FL0004428,AC00215,2026-05-25 10:57:00,Engine Alert,Critical,Open,ATL
IN0009615,FL0012939,AC01106,2026-05-01 16:54:00,Navigation Error,Low,Resolved,SIN
IN0009616,FL0013279,AC00077,2026-03-27 13:36:00,Navigation Error,Low,Investigating,SIN
IN0009617,FL0005076,AC00622,2026-02-07 15:19:00,Weather Alert,High,Closed,DEN
IN0009618,FL0004289,AC00684,2026-01-28 02:37:00,Turbulence,High,Closed,LAX
IN0009619,FL0014057,AC01120,2026-06-17 07:32:00,Engine Alert,High,Resolved,SEA
IN0009620,FL0004214,AC00732,2026-05-02 15:18:00,Hydraulic Leak,Medium,Closed,BLR
IN0009621,FL0012779,AC00861,2026-01-15 00:57:00,Hydraulic Leak,Critical,Investigating,LHR
IN0009622,FL0000247,AC00509,2026-01-04 14:13:00,Navigation Error,Medium,Closed,DEN
IN0009623,FL0009526,AC00746,2026-05-15 23:11:00,Engine Alert,Low,Open,LHR
IN0009624,FL0002045,AC00990,2026-03-13 20:01:00,Bird Strike,Low,Investigating,ATL
IN0009625,FL0004899,AC00798,2026-04-19 17:11:00,Engine Alert,Low,Closed,SFO
IN0009626,FL0001550,AC01083,2026-02-07 09:01:00,Turbulence,Low,Closed,BLR
IN0009627,FL0001241,AC00013,2026-04-11 17:03:00,Hydraulic Leak,Low,Investigating,BOS
IN0009628,FL0000206,AC01047,2026-01-26 12:19:00,Engine Alert,Low,Open,SFO
IN0009629,FL0003988,AC01182,2026-06-28 22:09:00,Bird Strike,Low,Open,MIA
IN0009630,FL0011271,AC01017,2026-06-06 21:43:00,Engine Alert,Medium,Closed,MIA
IN0009631,FL0009384,AC00584,2026-01-11 14:12:00,Hydraulic Leak,Low,Open,BOS
IN0009632,FL0012552,AC00526,2026-04-08 07:46:00,Navigation Error,Low,Investigating,ATL
IN0009633,FL0001349,AC00161,2026-03-23 01:25:00,Bird Strike,Medium,Closed,DEL
IN0009634,FL0004988,AC00900,2026-05-10 11:27:00,Brake Issue,Low,Open,SIN
IN0009635,FL0006226,AC00327,2026-03-09 04:34:00,Bird Strike,Medium,Resolved,ORD
IN0009636,FL0014331,AC00239,2026-03-24 04:59:00,Weather Alert,Medium,Closed,BOS
IN0009637,FL0008614,AC00185,2026-02-18 10:37:00,Engine Alert,Low,Closed,SIN
IN0009638,FL0011243,AC00372,2026-05-01 18:41:00,Turbulence,Critical,Investigating,DXB
IN0009639,FL0003910,AC01013,2026-05-31 00:29:00,Brake Issue,High,Investigating,ORD
IN0009640,FL0002716,AC00689,2026-01-04 22:43:00,Navigation Error,Medium,Open,SFO
IN0009641,FL0001208,AC01060,2026-03-04 12:28:00,Hydraulic Leak,Medium,Closed,BLR
IN0009642,FL0012125,AC01128,2026-05-19 22:43:00,Bird Strike,Medium,Closed,MIA
IN0009643,FL0011957,AC00519,2026-03-16 21:26:00,Brake Issue,Medium,Open,SEA
IN0009644,FL0004988,AC00001,2026-04-06 17:10:00,Bird Strike,Low,Open,ORD
IN0009645,FL0009250,AC00965,2026-01-15 06:51:00,Turbulence,Medium,Closed,ORD
IN0009646,FL0013356,AC00725,2026-06-15 01:20:00,Bird Strike,Medium,Closed,SFO
IN0009647,FL0004726,AC00912,2026-05-21 00:25:00,Engine Alert,High,Investigating,DFW
IN0009648,FL0007893,AC00548,2026-03-14 18:58:00,Bird Strike,Medium,Closed,BOS
IN0009649,FL0003706,AC00005,2026-05-17 03:00:00,Bird Strike,Medium,Open,SEA
IN0009650,FL0003371,AC00712,2026-03-12 12:34:00,Navigation Error,Low,Resolved,LAX
IN0009651,FL0003528,AC00612,2026-01-13 04:31:00,Turbulence,Medium,Closed,SIN
IN0009652,FL0006824,AC00996,2026-06-06 08:19:00,Engine Alert,Medium,Resolved,DEN
IN0009653,FL0005919,AC00852,2026-01-07 01:13:00,Navigation Error,Low,Resolved,BOS
IN0009654,FL0005374,AC00555,2026-04-24 05:28:00,Engine Alert,Low,Resolved,BLR
IN0009655,FL0009939,AC00147,2026-06-18 12:37:00,Hydraulic Leak,Low,Investigating,LHR
IN0009656,FL0012729,AC00787,2026-06-11 08:18:00,Turbulence,Low,Closed,LHR
IN0009657,FL0014151,AC00926,2026-02-25 14:16:00,Weather Alert,Medium,Resolved,DEL
IN0009658,FL0013987,AC00086,2026-03-13 06:00:00,Weather Alert,Low,Closed,SFO
IN0009659,FL0012882,AC00770,2026-01-26 03:48:00,Turbulence,High,Open,BOS
IN0009660,FL0001540,AC01052,2026-03-28 12:34:00,Brake Issue,Low,Closed,ORD
IN0009661,FL0002219,AC00508,2026-05-19 11:15:00,Brake Issue,Low,Investigating,MIA
IN0009662,FL0014058,AC00814,2026-04-06 01:48:00,Navigation Error,Medium,Resolved,DEN
IN0009663,FL0013420,AC00674,2026-03-14 01:27:00,Bird Strike,Low,Open,DEN
IN0009664,FL0007399,AC00308,2026-02-03 21:28:00,Brake Issue,Low,Investigating,BLR
IN0009665,FL0008995,AC00250,2026-01-25 11:46:00,Hydraulic Leak,High,Investigating,DEN
IN0009666,FL0010206,AC00330,2026-03-11 10:46:00,Bird Strike,Low,Resolved,LAX
IN0009667,FL0011887,AC00836,2026-02-07 14:25:00,Hydraulic Leak,Low,Closed,DFW
IN0009668,FL0012020,AC00140,2026-05-14 01:07:00,Bird Strike,Low,Open,DFW
IN0009669,FL0012692,AC00207,2026-04-06 13:23:00,Bird Strike,Low,Investigating,DFW
IN0009670,FL0006107,AC00331,2026-05-30 01:06:00,Weather Alert,Low,Resolved,JFK
IN0009671,FL0002517,AC00610,2026-07-01 09:25:00,Hydraulic Leak,Medium,Open,DFW
IN0009672,FL0011402,AC01197,2026-03-11 08:26:00,Brake Issue,Low,Investigating,SIN
IN0009673,FL0001725,AC00233,2026-06-09 16:05:00,Engine Alert,High,Resolved,ATL
IN0009674,FL0004735,AC01167,2026-04-05 02:17:00,Navigation Error,Critical,Resolved,BLR
IN0009675,FL0006983,AC00405,2026-05-21 19:36:00,Turbulence,Low,Open,MIA
IN0009676,FL0010031,AC00800,2026-06-21 19:58:00,Engine Alert,Low,Investigating,BOS
IN0009677,FL0000412,AC00778,2026-03-31 11:00:00,Brake Issue,Low,Investigating,SIN
IN0009678,FL0004298,AC00151,2026-02-06 15:43:00,Turbulence,Low,Open,LHR
IN0009679,FL0014748,AC00642,2026-02-07 00:02:00,Turbulence,Medium,Closed,DXB
IN0009680,FL0001980,AC00113,2026-05-11 20:25:00,Weather Alert,Low,Resolved,DXB
IN0009681,FL0012510,AC00952,2026-02-21 11:16:00,Engine Alert,Low,Closed,ATL
IN0009682,FL0003047,AC00137,2026-07-01 16:00:00,Turbulence,Critical,Investigating,SEA
IN0009683,FL0009886,AC00533,2026-03-10 15:03:00,Hydraulic Leak,High,Resolved,SEA
IN0009684,FL0011479,AC00238,2026-03-23 01:58:00,Bird Strike,Low,Investigating,BLR
IN0009685,FL0012216,AC00913,2026-02-02 07:35:00,Weather Alert,Low,Closed,BOS
IN0009686,FL0006973,AC00214,2026-02-15 06:10:00,Weather Alert,Low,Closed,ORD
IN0009687,FL0004161,AC00210,2026-03-21 04:58:00,Bird Strike,High,Resolved,BOS
IN0009688,FL0011908,AC00666,2026-03-15 00:42:00,Weather Alert,Low,Closed,SIN
IN0009689,FL0001307,AC00606,2026-04-16 19:30:00,Navigation Error,High,Open,DEL
IN0009690,FL0005331,AC00026,2026-01-17 06:36:00,Hydraulic Leak,High,Investigating,SIN
IN0009691,FL0012645,AC00934,2026-03-13 18:28:00,Brake Issue,Medium,Resolved,MIA
IN0009692,FL0001568,AC00036,2026-04-13 00:57:00,Turbulence,Medium,Open,MIA
IN0009693,FL0004565,AC00229,2026-06-13 06:16:00,Weather Alert,Low,Investigating,BOS
IN0009694,FL0009692,AC01004,2026-01-31 18:38:00,Bird Strike,Low,Closed,LAX
IN0009695,FL0011683,AC00771,2026-05-04 00:16:00,Navigation Error,Low,Resolved,ATL
IN0009696,FL0012735,AC00363,2026-03-15 05:00:00,Bird Strike,Low,Open,MIA
IN0009697,FL0009656,AC00379,2026-06-10 02:28:00,Bird Strike,Low,Resolved,SIN
IN0009698,FL0002440,AC01062,2026-01-03 23:14:00,Turbulence,Medium,Resolved,LAX
IN0009699,FL0002229,AC01033,2026-05-14 05:18:00,Engine Alert,Critical,Resolved,LHR
IN0009700,FL0009822,AC00084,2026-01-26 12:46:00,Navigation Error,Low,Investigating,LHR
IN0009701,FL0014843,AC01018,2026-06-16 20:55:00,Hydraulic Leak,Low,Closed,ATL
IN0009702,FL0003216,AC00039,2026-02-03 12:58:00,Bird Strike,Medium,Closed,DEN
IN0009703,FL0013041,AC00345,2026-03-28 00:07:00,Brake Issue,Medium,Closed,SIN
IN0009704,FL0008990,AC01168,2026-04-12 14:49:00,Bird Strike,Low,Investigating,SEA
IN0009705,FL0013742,AC00994,2026-02-09 05:46:00,Bird Strike,Low,Open,DEN
IN0009706,FL0003655,AC00602,2026-03-06 13:32:00,Weather Alert,Low,Investigating,BLR
IN0009707,FL0013826,AC00028,2026-03-22 20:23:00,Brake Issue,Critical,Investigating,DEN
IN0009708,FL0009199,AC00818,2026-03-04 15:17:00,Bird Strike,Medium,Closed,ATL
IN0009709,FL0006715,AC01113,2026-05-17 11:28:00,Hydraulic Leak,Medium,Closed,LAX
IN0009710,FL0005976,AC00711,2026-06-02 23:01:00,Weather Alert,High,Resolved,DFW
IN0009711,FL0005012,AC00970,2026-01-26 06:46:00,Navigation Error,Critical,Resolved,SFO
IN0009712,FL0002841,AC00498,2026-06-27 00:23:00,Engine Alert,Low,Investigating,BLR
IN0009713,FL0002972,AC00179,2026-05-13 18:47:00,Engine Alert,Low,Resolved,DXB
IN0009714,FL0007616,AC00101,2026-06-13 09:21:00,Bird Strike,High,Resolved,JFK
IN0009715,FL0012000,AC00995,2026-06-25 07:49:00,Engine Alert,Low,Open,SIN
IN0009716,FL0002705,AC00500,2026-02-25 08:54:00,Turbulence,Low,Closed,DXB
IN0009717,FL0004815,AC00239,2026-03-05 18:33:00,Turbulence,Medium,Resolved,BLR
IN0009718,FL0007355,AC00866,2026-02-23 17:09:00,Navigation Error,Low,Resolved,LHR
IN0009719,FL0012978,AC00201,2026-03-20 07:45:00,Brake Issue,Medium,Closed,MIA
IN0009720,FL0007473,AC00373,2026-05-01 03:34:00,Engine Alert,Low,Investigating,SFO
IN0009721,FL0001928,AC00071,2026-01-28 05:07:00,Hydraulic Leak,Low,Investigating,MIA
IN0009722,FL0002213,AC00463,2026-06-03 23:13:00,Bird Strike,Medium,Investigating,BLR
IN0009723,FL0006026,AC00251,2026-05-31 21:10:00,Engine Alert,High,Investigating,SEA
IN0009724,FL0003380,AC00292,2026-05-08 14:39:00,Hydraulic Leak,Medium,Closed,DEL
IN0009725,FL0006731,AC00312,2026-04-01 22:57:00,Turbulence,Medium,Closed,DEL
IN0009726,FL0010155,AC00340,2026-05-28 17:31:00,Engine Alert,Low,Resolved,DEL
IN0009727,FL0013510,AC00375,2026-04-27 14:38:00,Weather Alert,Low,Closed,SIN
IN0009728,FL0000649,AC00366,2026-01-12 13:24:00,Brake Issue,Low,Investigating,SEA
IN0009729,FL0004732,AC00010,2026-03-26 00:21:00,Hydraulic Leak,Low,Closed,ATL
IN0009730,FL0000524,AC00116,2026-06-19 06:59:00,Brake Issue,High,Resolved,SIN
IN0009731,FL0011988,AC00553,2026-01-02 06:04:00,Bird Strike,Medium,Open,DFW
IN0009732,FL0013763,AC00311,2026-01-05 21:16:00,Brake Issue,Low,Resolved,ORD
IN0009733,FL0010938,AC00446,2026-06-05 23:19:00,Engine Alert,Low,Resolved,DEN
IN0009734,FL0006523,AC00077,2026-03-03 09:10:00,Engine Alert,Low,Investigating,BLR
IN0009735,FL0004029,AC00691,2026-03-06 15:48:00,Engine Alert,Low,Closed,SFO
IN0009736,FL0002004,AC00422,2026-04-28 03:25:00,Navigation Error,Low,Closed,BLR
IN0009737,FL0014745,AC00040,2026-02-26 09:05:00,Weather Alert,Low,Closed,MIA
IN0009738,FL0004570,AC00315,2026-04-04 17:45:00,Engine Alert,High,Open,SFO
IN0009739,FL0010307,AC00736,2026-03-10 16:55:00,Hydraulic Leak,Low,Closed,MIA
IN0009740,FL0008587,AC00646,2026-03-11 05:37:00,Brake Issue,Low,Closed,MIA
IN0009741,FL0010226,AC00224,2026-06-14 03:09:00,Brake Issue,High,Open,SIN
IN0009742,FL0013519,AC00660,2026-03-18 00:34:00,Hydraulic Leak,Low,Closed,DXB
IN0009743,FL0013706,AC00980,2026-02-15 23:50:00,Turbulence,Critical,Resolved,MIA
IN0009744,FL0006097,AC00736,2026-04-02 06:06:00,Weather Alert,Low,Open,DFW
IN0009745,FL0003749,AC00628,2026-01-13 12:26:00,Brake Issue,Low,Open,LAX
IN0009746,FL0006421,AC01022,2026-04-01 19:00:00,Weather Alert,High,Resolved,BLR
IN0009747,FL0004880,AC00163,2026-04-28 22:02:00,Hydraulic Leak,Medium,Open,SFO
IN0009748,FL0001689,AC00360,2026-05-26 06:01:00,Brake Issue,Low,Open,DEL
IN0009749,FL0013093,AC01084,2026-04-19 14:18:00,Hydraulic Leak,Low,Resolved,JFK
IN0009750,FL0006049,AC01124,2026-03-03 12:08:00,Weather Alert,Medium,Resolved,BLR
IN0009751,FL0005349,AC00958,2026-05-30 02:24:00,Hydraulic Leak,Medium,Open,LHR
IN0009752,FL0013773,AC00837,2026-04-06 06:17:00,Turbulence,High,Investigating,ATL
IN0009753,FL0001164,AC00989,2026-05-02 07:59:00,Navigation Error,Critical,Investigating,ATL
IN0009754,FL0004013,AC00315,2026-05-13 05:26:00,Brake Issue,Low,Investigating,BLR
IN0009755,FL0003094,AC00745,2026-05-20 11:14:00,Brake Issue,High,Open,LHR
IN0009756,FL0009790,AC00322,2026-05-02 00:36:00,Brake Issue,Low,Closed,SEA
IN0009757,FL0004943,AC00186,2026-02-23 12:08:00,Brake Issue,Low,Open,BOS
IN0009758,FL0011051,AC00456,2026-04-23 05:45:00,Hydraulic Leak,Low,Resolved,SIN
IN0009759,FL0008297,AC00593,2026-02-04 00:10:00,Weather Alert,Low,Investigating,MIA
IN0009760,FL0006318,AC00096,2026-03-15 17:32:00,Hydraulic Leak,Medium,Resolved,DXB
IN0009761,FL0003194,AC01103,2026-06-19 17:10:00,Brake Issue,High,Investigating,SFO
IN0009762,FL0001642,AC01199,2026-03-20 06:54:00,Engine Alert,Low,Investigating,JFK
IN0009763,FL0001233,AC00704,2026-05-07 01:13:00,Engine Alert,Low,Resolved,DEL
IN0009764,FL0000102,AC00472,2026-01-19 16:49:00,Weather Alert,Low,Resolved,SIN
IN0009765,FL0004694,AC00514,2026-06-04 19:09:00,Turbulence,Medium,Open,BLR
IN0009766,FL0006908,AC00974,2026-01-06 04:27:00,Hydraulic Leak,High,Open,LHR
IN0009767,FL0013438,AC00712,2026-04-16 18:55:00,Navigation Error,Low,Resolved,DXB
IN0009768,FL0001778,AC00147,2026-06-11 07:23:00,Hydraulic Leak,Medium,Open,DFW
IN0009769,FL0004097,AC00268,2026-04-02 17:09:00,Weather Alert,High,Investigating,BOS
IN0009770,FL0010665,AC00932,2026-05-20 13:47:00,Engine Alert,High,Investigating,SFO
IN0009771,FL0009767,AC00739,2026-03-15 16:22:00,Bird Strike,Medium,Closed,BLR
IN0009772,FL0011861,AC00319,2026-03-23 22:27:00,Bird Strike,Low,Open,LHR
IN0009773,FL0002781,AC01003,2026-01-08 14:31:00,Weather Alert,Medium,Investigating,DFW
IN0009774,FL0004282,AC00339,2026-02-11 04:46:00,Brake Issue,Low,Closed,ATL
IN0009775,FL0005671,AC00092,2026-01-19 05:22:00,Engine Alert,High,Investigating,BLR
IN0009776,FL0013611,AC00124,2026-05-05 15:40:00,Engine Alert,Medium,Closed,SIN
IN0009777,FL0002650,AC00997,2026-06-28 23:22:00,Turbulence,Low,Open,BOS
IN0009778,FL0001809,AC00667,2026-05-31 16:05:00,Engine Alert,Medium,Closed,SEA
IN0009779,FL0000638,AC00709,2026-03-23 14:19:00,Weather Alert,Medium,Open,MIA
IN0009780,FL0001895,AC00697,2026-05-14 10:19:00,Turbulence,Low,Open,LHR
IN0009781,FL0003519,AC00325,2026-01-26 15:53:00,Turbulence,Low,Investigating,DEL
IN0009782,FL0010007,AC00884,2026-03-12 09:56:00,Turbulence,Low,Open,ATL
IN0009783,FL0012391,AC00763,2026-04-16 05:30:00,Weather Alert,Medium,Closed,ATL
IN0009784,FL0012098,AC01193,2026-03-15 04:19:00,Brake Issue,Low,Closed,LAX
IN0009785,FL0003038,AC00306,2026-01-24 07:21:00,Hydraulic Leak,Low,Closed,SIN
IN0009786,FL0007238,AC00425,2026-04-07 20:00:00,Brake Issue,Low,Resolved,LHR
IN0009787,FL0014894,AC00480,2026-05-10 21:36:00,Weather Alert,Medium,Resolved,DEN
IN0009788,FL0003569,AC00623,2026-03-25 06:32:00,Engine Alert,High,Open,MIA
IN0009789,FL0002053,AC00294,2026-01-01 08:05:00,Weather Alert,Low,Resolved,JFK
IN0009790,FL0006816,AC00063,2026-04-17 09:15:00,Bird Strike,Low,Resolved,JFK
IN0009791,FL0004062,AC00100,2026-06-08 02:51:00,Bird Strike,Low,Investigating,ORD
IN0009792,FL0008729,AC00228,2026-05-18 12:06:00,Turbulence,Low,Resolved,SFO
IN0009793,FL0003653,AC00669,2026-05-28 09:32:00,Turbulence,Medium,Resolved,LAX
IN0009794,FL0012544,AC00772,2026-02-05 03:58:00,Weather Alert,Low,Investigating,BOS
IN0009795,FL0007025,AC00439,2026-04-10 08:42:00,Brake Issue,High,Open,DFW
IN0009796,FL0006153,AC00041,2026-05-26 16:38:00,Bird Strike,Critical,Closed,SEA
IN0009797,FL0012883,AC00648,2026-01-24 01:53:00,Bird Strike,Low,Resolved,JFK
IN0009798,FL0004797,AC01094,2026-01-20 01:11:00,Brake Issue,Medium,Investigating,BLR
IN0009799,FL0006923,AC01010,2026-01-22 09:20:00,Brake Issue,Low,Open,DFW
IN0009800,FL0010453,AC00496,2026-01-20 04:27:00,Turbulence,Medium,Resolved,BLR
IN0009801,FL0012077,AC00032,2026-04-21 02:26:00,Navigation Error,Medium,Resolved,JFK
IN0009802,FL0000451,AC00143,2026-05-26 01:15:00,Engine Alert,Low,Resolved,SIN
IN0009803,FL0012477,AC01071,2026-04-03 22:49:00,Turbulence,Low,Resolved,DEN
IN0009804,FL0001477,AC00162,2026-04-11 00:30:00,Engine Alert,Medium,Closed,ORD
IN0009805,FL0013355,AC00115,2026-04-27 12:22:00,Turbulence,Medium,Investigating,LHR
IN0009806,FL0014511,AC00760,2026-05-13 15:58:00,Turbulence,Medium,Open,ORD
IN0009807,FL0010809,AC00126,2026-03-14 21:17:00,Brake Issue,Medium,Resolved,DFW
IN0009808,FL0006897,AC01115,2026-04-04 05:39:00,Weather Alert,Critical,Open,BLR
IN0009809,FL0014544,AC01104,2026-03-01 05:26:00,Weather Alert,High,Open,LAX
IN0009810,FL0008096,AC00621,2026-02-11 23:07:00,Brake Issue,Low,Open,DFW
IN0009811,FL0001023,AC00586,2026-05-30 22:19:00,Turbulence,Medium,Open,ORD
IN0009812,FL0000295,AC00227,2026-02-17 11:58:00,Hydraulic Leak,Medium,Investigating,LHR
IN0009813,FL0007492,AC00066,2026-06-09 18:27:00,Navigation Error,Medium,Resolved,DFW
IN0009814,FL0012822,AC00234,2026-01-26 06:06:00,Navigation Error,Medium,Open,DFW
IN0009815,FL0014551,AC00819,2026-04-10 20:38:00,Bird Strike,Low,Open,LAX
IN0009816,FL0003964,AC00138,2026-04-25 12:52:00,Turbulence,Low,Investigating,DXB
IN0009817,FL0004307,AC00514,2026-06-09 09:47:00,Navigation Error,Medium,Closed,JFK
IN0009818,FL0010635,AC00358,2026-06-21 10:08:00,Navigation Error,High,Resolved,BOS
IN0009819,FL0002706,AC00786,2026-02-28 02:02:00,Hydraulic Leak,Low,Closed,BLR
IN0009820,FL0002496,AC01122,2026-04-20 10:33:00,Bird Strike,Low,Resolved,DXB
IN0009821,FL0004774,AC00602,2026-05-24 09:16:00,Navigation Error,Medium,Open,DEN
IN0009822,FL0001060,AC01144,2026-06-11 10:24:00,Brake Issue,Low,Open,SEA
IN0009823,FL0012528,AC00494,2026-03-12 10:55:00,Hydraulic Leak,Critical,Investigating,DFW
IN0009824,FL0002069,AC00294,2026-03-05 00:03:00,Bird Strike,High,Closed,SFO
IN0009825,FL0005436,AC00030,2026-04-08 10:39:00,Turbulence,Low,Investigating,DFW
IN0009826,FL0002142,AC00123,2026-07-01 18:26:00,Engine Alert,Medium,Closed,SFO
IN0009827,FL0013741,AC00278,2026-06-27 11:26:00,Navigation Error,Medium,Closed,DFW
IN0009828,FL0009947,AC00649,2026-06-22 07:51:00,Engine Alert,Low,Closed,BOS
IN0009829,FL0009513,AC00066,2026-06-14 01:23:00,Engine Alert,Medium,Closed,DFW
IN0009830,FL0014680,AC00122,2026-04-15 01:39:00,Brake Issue,Low,Closed,DFW
IN0009831,FL0002297,AC00443,2026-02-17 14:43:00,Turbulence,Low,Open,BOS
IN0009832,FL0002824,AC00777,2026-02-02 09:41:00,Bird Strike,Low,Open,ATL
IN0009833,FL0000336,AC00614,2026-05-15 06:41:00,Engine Alert,High,Investigating,LHR
IN0009834,FL0014114,AC00859,2026-04-02 15:51:00,Weather Alert,Low,Investigating,ATL
IN0009835,FL0003133,AC01199,2026-02-11 09:31:00,Bird Strike,Low,Closed,BLR
IN0009836,FL0009399,AC00911,2026-04-07 11:57:00,Turbulence,Low,Open,SFO
IN0009837,FL0010562,AC00973,2026-04-30 14:26:00,Turbulence,Medium,Investigating,DFW
IN0009838,FL0000682,AC01067,2026-04-30 18:29:00,Brake Issue,Low,Closed,JFK
IN0009839,FL0013119,AC00975,2026-04-18 16:24:00,Engine Alert,Low,Resolved,LAX
IN0009840,FL0001002,AC00922,2026-04-08 21:06:00,Weather Alert,High,Investigating,DEN
IN0009841,FL0009089,AC00468,2026-06-03 05:41:00,Hydraulic Leak,Low,Closed,DFW
IN0009842,FL0005765,AC00829,2026-05-06 09:52:00,Engine Alert,Low,Open,LAX
IN0009843,FL0013284,AC00791,2026-05-21 09:16:00,Hydraulic Leak,Low,Open,BOS
IN0009844,FL0005344,AC00517,2026-05-05 07:36:00,Engine Alert,Low,Resolved,LAX
IN0009845,FL0001609,AC01157,2026-04-13 05:27:00,Hydraulic Leak,Low,Resolved,DEL
IN0009846,FL0011495,AC00552,2026-06-18 21:01:00,Weather Alert,Low,Investigating,SEA
IN0009847,FL0013623,AC00942,2026-01-08 10:57:00,Hydraulic Leak,Low,Closed,BOS
IN0009848,FL0003162,AC00048,2026-06-13 15:46:00,Hydraulic Leak,Low,Closed,SIN
IN0009849,FL0009183,AC00239,2026-01-27 03:53:00,Brake Issue,High,Open,DEL
IN0009850,FL0006747,AC00557,2026-03-21 11:50:00,Bird Strike,Medium,Resolved,ATL
IN0009851,FL0002068,AC00360,2026-06-10 17:57:00,Navigation Error,Medium,Resolved,ORD
IN0009852,FL0012801,AC00012,2026-06-27 07:48:00,Engine Alert,Low,Resolved,LHR
IN0009853,FL0011455,AC00402,2026-06-13 16:04:00,Engine Alert,Low,Investigating,BOS
IN0009854,FL0005840,AC00334,2026-05-06 02:07:00,Weather Alert,Low,Closed,LHR
IN0009855,FL0008088,AC00834,2026-05-08 17:14:00,Weather Alert,High,Investigating,ATL
IN0009856,FL0012436,AC01115,2026-04-26 23:29:00,Hydraulic Leak,Low,Investigating,DFW
IN0009857,FL0011490,AC00664,2026-01-21 12:21:00,Navigation Error,Medium,Open,SIN
IN0009858,FL0009850,AC00522,2026-02-14 17:17:00,Brake Issue,Medium,Investigating,LHR
IN0009859,FL0008811,AC00615,2026-01-23 09:12:00,Weather Alert,Medium,Open,ORD
IN0009860,FL0005613,AC00351,2026-06-04 05:39:00,Hydraulic Leak,Low,Open,SEA
IN0009861,FL0006120,AC00758,2026-05-13 10:45:00,Weather Alert,Medium,Closed,SFO
IN0009862,FL0002202,AC00754,2026-04-24 13:24:00,Engine Alert,Low,Resolved,SEA
IN0009863,FL0013181,AC00468,2026-03-22 04:22:00,Navigation Error,Medium,Open,MIA
IN0009864,FL0007155,AC00475,2026-01-24 02:48:00,Turbulence,Low,Investigating,JFK
IN0009865,FL0009044,AC01018,2026-02-02 09:11:00,Hydraulic Leak,Low,Resolved,DFW
IN0009866,FL0002598,AC00689,2026-04-03 22:37:00,Turbulence,Medium,Investigating,DEN
IN0009867,FL0002524,AC01078,2026-06-14 10:56:00,Hydraulic Leak,Low,Resolved,LAX
IN0009868,FL0001603,AC00962,2026-02-24 04:59:00,Bird Strike,Medium,Investigating,ATL
IN0009869,FL0011997,AC00101,2026-05-04 09:05:00,Turbulence,Low,Closed,LAX
IN0009870,FL0005996,AC00983,2026-01-02 08:47:00,Bird Strike,Low,Closed,ORD
IN0009871,FL0010813,AC00419,2026-01-26 22:40:00,Navigation Error,Medium,Closed,MIA
IN0009872,FL0010670,AC00912,2026-03-09 09:41:00,Bird Strike,Low,Investigating,DFW
IN0009873,FL0004723,AC00353,2026-04-07 14:13:00,Hydraulic Leak,Low,Resolved,SIN
IN0009874,FL0006567,AC00717,2026-07-01 21:26:00,Bird Strike,Medium,Closed,MIA
IN0009875,FL0001992,AC00215,2026-06-05 22:08:00,Weather Alert,Medium,Open,DXB
IN0009876,FL0001706,AC01149,2026-04-20 02:43:00,Bird Strike,Low,Resolved,SEA
IN0009877,FL0008281,AC00582,2026-06-29 02:57:00,Hydraulic Leak,Low,Investigating,SIN
IN0009878,FL0010279,AC00930,2026-02-26 02:56:00,Bird Strike,Low,Open,SEA
IN0009879,FL0009900,AC00967,2026-05-04 08:39:00,Engine Alert,Low,Open,DFW
IN0009880,FL0011268,AC00473,2026-03-19 21:15:00,Weather Alert,Medium,Investigating,MIA
IN0009881,FL0011003,AC00387,2026-04-22 13:17:00,Turbulence,Low,Resolved,DXB
IN0009882,FL0004870,AC01125,2026-02-22 20:16:00,Engine Alert,Medium,Open,BLR
IN0009883,FL0002836,AC00864,2026-03-15 04:12:00,Hydraulic Leak,Medium,Open,SFO
IN0009884,FL0011094,AC00449,2026-03-24 12:25:00,Brake Issue,Medium,Resolved,DFW
IN0009885,FL0011181,AC00807,2026-02-12 13:10:00,Weather Alert,Low,Open,DXB
IN0009886,FL0000509,AC00936,2026-05-22 12:10:00,Navigation Error,Low,Open,SEA
IN0009887,FL0007273,AC01170,2026-01-03 00:48:00,Brake Issue,Medium,Closed,SEA
IN0009888,FL0010072,AC00154,2026-04-03 20:09:00,Weather Alert,Low,Resolved,DEL
IN0009889,FL0000789,AC00726,2026-04-18 10:35:00,Navigation Error,Low,Open,DEN
IN0009890,FL0002193,AC00493,2026-01-26 12:29:00,Bird Strike,High,Investigating,ATL
IN0009891,FL0009231,AC00731,2026-02-22 10:33:00,Brake Issue,Low,Investigating,MIA
IN0009892,FL0012622,AC00265,2026-03-25 14:07:00,Navigation Error,Low,Resolved,MIA
IN0009893,FL0010481,AC00839,2026-04-15 16:18:00,Weather Alert,Medium,Closed,JFK
IN0009894,FL0000897,AC00039,2026-02-10 06:50:00,Engine Alert,Low,Resolved,DEL
IN0009895,FL0011701,AC00478,2026-04-27 06:55:00,Navigation Error,Low,Investigating,SEA
IN0009896,FL0010447,AC00994,2026-04-30 14:33:00,Turbulence,Medium,Open,MIA
IN0009897,FL0005117,AC01174,2026-06-26 20:40:00,Hydraulic Leak,Medium,Open,ATL
IN0009898,FL0003812,AC01103,2026-04-10 06:20:00,Bird Strike,Low,Investigating,DFW
IN0009899,FL0013219,AC00228,2026-06-26 07:33:00,Weather Alert,Low,Closed,MIA
IN0009900,FL0002437,AC01034,2026-02-18 12:53:00,Turbulence,Low,Investigating,ORD
IN0009901,FL0009361,AC00789,2026-03-23 20:33:00,Engine Alert,Low,Investigating,MIA
IN0009902,FL0004506,AC00370,2026-01-22 07:10:00,Engine Alert,Medium,Resolved,DEL
IN0009903,FL0013666,AC01043,2026-03-26 22:40:00,Bird Strike,Medium,Investigating,ORD
IN0009904,FL0009738,AC00284,2026-06-28 11:34:00,Turbulence,Medium,Closed,DFW
IN0009905,FL0001992,AC01158,2026-01-06 06:07:00,Navigation Error,Low,Investigating,ORD
IN0009906,FL0010313,AC00483,2026-04-05 01:35:00,Bird Strike,Low,Open,LHR
IN0009907,FL0007693,AC00687,2026-02-05 20:31:00,Bird Strike,Low,Resolved,SIN
IN0009908,FL0002882,AC00030,2026-03-06 00:05:00,Navigation Error,Low,Investigating,LHR
IN0009909,FL0003200,AC00829,2026-03-04 08:07:00,Brake Issue,Medium,Closed,SFO
IN0009910,FL0003813,AC00855,2026-01-27 06:53:00,Bird Strike,Critical,Open,DFW
IN0009911,FL0011525,AC00382,2026-04-17 18:40:00,Weather Alert,Low,Investigating,DXB
IN0009912,FL0005386,AC00906,2026-04-26 14:51:00,Navigation Error,Low,Resolved,SEA
IN0009913,FL0011398,AC00128,2026-05-28 06:36:00,Brake Issue,Medium,Resolved,DEN
IN0009914,FL0002981,AC01159,2026-05-18 15:03:00,Navigation Error,Medium,Resolved,MIA
IN0009915,FL0013346,AC00337,2026-01-09 04:07:00,Navigation Error,Low,Closed,ORD
IN0009916,FL0005666,AC01013,2026-04-26 21:27:00,Engine Alert,Low,Closed,MIA
IN0009917,FL0002491,AC00300,2026-06-30 18:52:00,Weather Alert,High,Closed,MIA
IN0009918,FL0005734,AC00537,2026-01-30 11:25:00,Turbulence,Low,Investigating,JFK
IN0009919,FL0004047,AC01118,2026-01-13 22:35:00,Hydraulic Leak,Low,Closed,BLR
IN0009920,FL0008871,AC00352,2026-02-12 02:24:00,Bird Strike,High,Open,DXB
IN0009921,FL0009821,AC00790,2026-05-19 00:34:00,Hydraulic Leak,High,Resolved,SFO
IN0009922,FL0001094,AC00499,2026-05-11 10:45:00,Navigation Error,Medium,Investigating,BLR
IN0009923,FL0008172,AC00168,2026-06-20 16:17:00,Turbulence,Medium,Closed,DFW
IN0009924,FL0014837,AC01003,2026-06-01 21:30:00,Weather Alert,Medium,Closed,LHR
IN0009925,FL0000568,AC00601,2026-03-06 09:23:00,Engine Alert,Critical,Open,MIA
IN0009926,FL0001272,AC00222,2026-04-25 22:35:00,Weather Alert,Medium,Open,DEN
IN0009927,FL0012650,AC00394,2026-03-17 14:43:00,Brake Issue,High,Closed,LHR
IN0009928,FL0009815,AC00621,2026-04-22 06:43:00,Weather Alert,Low,Resolved,MIA
IN0009929,FL0000763,AC00816,2026-05-12 01:12:00,Brake Issue,Low,Investigating,DEN
IN0009930,FL0013430,AC00409,2026-04-22 06:03:00,Turbulence,Low,Open,JFK
IN0009931,FL0012061,AC00566,2026-06-27 14:09:00,Brake Issue,Low,Closed,BLR
IN0009932,FL0012445,AC00361,2026-03-07 18:56:00,Turbulence,Low,Closed,LHR
IN0009933,FL0013353,AC00380,2026-04-25 14:28:00,Turbulence,Low,Closed,MIA
IN0009934,FL0007255,AC00626,2026-05-29 20:58:00,Turbulence,Low,Open,LHR
IN0009935,FL0014261,AC00368,2026-02-06 05:38:00,Engine Alert,Low,Resolved,DFW
IN0009936,FL0002643,AC00028,2026-02-18 16:25:00,Turbulence,Medium,Resolved,SEA
IN0009937,FL0004617,AC00622,2026-04-30 07:53:00,Weather Alert,Medium,Investigating,SFO
IN0009938,FL0000067,AC01166,2026-05-01 14:53:00,Turbulence,Low,Closed,ATL
IN0009939,FL0004233,AC00604,2026-06-01 16:20:00,Brake Issue,Low,Resolved,JFK
IN0009940,FL0006094,AC00524,2026-05-19 00:17:00,Brake Issue,Medium,Resolved,DFW
IN0009941,FL0000393,AC00399,2026-04-23 09:16:00,Turbulence,Low,Closed,DFW
IN0009942,FL0008390,AC01137,2026-04-02 05:47:00,Engine Alert,Critical,Closed,ORD
IN0009943,FL0003256,AC00035,2026-06-22 03:45:00,Turbulence,Low,Open,ATL
IN0009944,FL0001187,AC00017,2026-03-31 05:22:00,Turbulence,Medium,Resolved,LAX
IN0009945,FL0003444,AC00142,2026-04-20 20:36:00,Engine Alert,Medium,Resolved,LAX
IN0009946,FL0010297,AC00331,2026-01-20 19:32:00,Navigation Error,Low,Closed,MIA
IN0009947,FL0012238,AC00455,2026-05-01 17:26:00,Bird Strike,High,Investigating,SIN
IN0009948,FL0003113,AC00465,2026-05-01 07:24:00,Weather Alert,Low,Open,LHR
IN0009949,FL0014952,AC00627,2026-06-29 08:31:00,Brake Issue,Medium,Resolved,ORD
IN0009950,FL0013592,AC01147,2026-02-21 06:07:00,Navigation Error,Low,Open,SFO
IN0009951,FL0003311,AC00095,2026-07-01 22:05:00,Turbulence,High,Open,DXB
IN0009952,FL0003715,AC00390,2026-05-18 21:20:00,Bird Strike,Medium,Open,LHR
IN0009953,FL0009652,AC00517,2026-04-30 22:22:00,Engine Alert,Medium,Open,LHR
IN0009954,FL0013741,AC00007,2026-05-17 01:26:00,Weather Alert,Medium,Investigating,ATL
IN0009955,FL0010034,AC00871,2026-06-28 00:51:00,Weather Alert,Medium,Open,MIA
IN0009956,FL0008593,AC00488,2026-02-25 05:45:00,Navigation Error,Low,Closed,DEL
IN0009957,FL0000807,AC00687,2026-05-24 10:20:00,Turbulence,Medium,Open,DEN
IN0009958,FL0011332,AC00570,2026-06-24 05:12:00,Bird Strike,Medium,Resolved,ATL
IN0009959,FL0000760,AC00324,2026-04-14 03:27:00,Bird Strike,High,Open,SEA
IN0009960,FL0002509,AC00885,2026-03-17 15:29:00,Bird Strike,Medium,Investigating,BOS
IN0009961,FL0006780,AC00140,2026-02-04 01:38:00,Navigation Error,Medium,Investigating,SIN
IN0009962,FL0013718,AC01094,2026-06-16 22:11:00,Bird Strike,Low,Open,LHR
IN0009963,FL0003921,AC00257,2026-06-20 21:16:00,Engine Alert,Low,Resolved,LHR
IN0009964,FL0014195,AC00344,2026-03-25 12:14:00,Bird Strike,Medium,Open,SIN
IN0009965,FL0009309,AC00297,2026-06-29 18:26:00,Bird Strike,Low,Closed,DEL
IN0009966,FL0008497,AC00756,2026-01-28 18:46:00,Engine Alert,Low,Resolved,LAX
IN0009967,FL0004664,AC01162,2026-06-01 15:38:00,Turbulence,Low,Resolved,ORD
IN0009968,FL0010368,AC00134,2026-03-10 21:45:00,Weather Alert,Low,Open,ORD
IN0009969,FL0005481,AC00183,2026-06-13 15:03:00,Brake Issue,Low,Closed,SEA
IN0009970,FL0001925,AC00165,2026-04-11 20:20:00,Engine Alert,High,Open,BLR
IN0009971,FL0003298,AC00713,2026-05-28 18:44:00,Navigation Error,Medium,Resolved,DFW
IN0009972,FL0008413,AC00981,2026-01-29 00:31:00,Brake Issue,Low,Investigating,DXB
IN0009973,FL0014366,AC00415,2026-03-08 08:42:00,Engine Alert,High,Open,DEL
IN0009974,FL0000512,AC00079,2026-05-19 06:49:00,Turbulence,Medium,Resolved,DFW
IN0009975,FL0002794,AC00965,2026-06-07 11:22:00,Engine Alert,Low,Resolved,SIN
IN0009976,FL0013743,AC01029,2026-02-03 23:23:00,Brake Issue,Critical,Closed,BOS
IN0009977,FL0003424,AC00626,2026-02-22 10:03:00,Hydraulic Leak,Medium,Closed,DEL
IN0009978,FL0003929,AC00206,2026-01-20 09:41:00,Brake Issue,Critical,Resolved,SEA
IN0009979,FL0013968,AC00486,2026-02-10 08:59:00,Engine Alert,High,Resolved,SIN
IN0009980,FL0005710,AC00367,2026-03-12 03:55:00,Turbulence,Medium,Investigating,LHR
IN0009981,FL0012597,AC01087,2026-02-28 11:23:00,Hydraulic Leak,Low,Closed,ATL
IN0009982,FL0007498,AC00205,2026-01-08 15:00:00,Navigation Error,High,Resolved,DFW
IN0009983,FL0009478,AC00091,2026-02-09 05:14:00,Hydraulic Leak,Medium,Open,DEN
IN0009984,FL0006298,AC00399,2026-03-27 18:02:00,Navigation Error,Medium,Investigating,BLR
IN0009985,FL0006201,AC00116,2026-02-02 23:02:00,Brake Issue,Low,Investigating,BOS
IN0009986,FL0012670,AC01124,2026-04-14 22:00:00,Navigation Error,Medium,Closed,SFO
IN0009987,FL0014794,AC00428,2026-06-05 16:11:00,Navigation Error,Medium,Open,DXB
IN0009988,FL0002824,AC00536,2026-01-29 18:58:00,Hydraulic Leak,Low,Closed,SFO
IN0009989,FL0013210,AC00574,2026-05-02 03:31:00,Turbulence,High,Investigating,ATL
IN0009990,FL0002822,AC00478,2026-01-03 05:13:00,Engine Alert,Low,Closed,SFO
IN0009991,FL0000675,AC00200,2026-03-31 14:52:00,Turbulence,High,Investigating,DXB
IN0009992,FL0000646,AC00315,2026-01-19 14:28:00,Engine Alert,Critical,Resolved,DEL
IN0009993,FL0004816,AC01056,2026-05-29 23:58:00,Weather Alert,Low,Open,DXB
IN0009994,FL0010998,AC00982,2026-01-28 01:51:00,Hydraulic Leak,Medium,Investigating,DFW
IN0009995,FL0004441,AC00508,2026-03-27 07:57:00,Navigation Error,Medium,Investigating,SIN
IN0009996,FL0003039,AC00101,2026-01-10 02:26:00,Weather Alert,Medium,Closed,SIN
IN0009997,FL0013281,AC00788,2026-02-08 22:02:00,Bird Strike,Medium,Investigating,DFW
IN0009998,FL0002719,AC00522,2026-05-16 04:46:00,Brake Issue,High,Investigating,SFO
IN0009999,FL0002822,AC00462,2026-05-18 03:34:00,Bird Strike,Low,Closed,JFK
IN0010000,FL0011924,AC00273,2026-06-09 02:44:00,Weather Alert,Low,Closed,DXB
